; HEADER_BLOCK_START
; generated by OrcaSlicer 2.3.1 on 2025-10-22 at 18:25:10
; total layer number: 8
; filament_density: 1.24
; filament_diameter: 1.75
; max_z_height: 1.60
; HEADER_BLOCK_END

; external perimeters extrusion width = 0.42mm
; perimeters extrusion width = 0.45mm
; infill extrusion width = 0.45mm
; solid infill extrusion width = 0.42mm
; top infill extrusion width = 0.42mm
; first layer extrusion width = 0.46mm

; EXECUTABLE_BLOCK_START
M201 X2500 Y2500 Z500 E5000
M203 X250 Y250 Z5 E40
M204 P2500 R500 T2500 ; sets acceleration (P, T) and retract acceleration (R), mm/sec^2
M205 X10.00 Y10.00 Z0.40 E5.00 ; sets the jerk limits, mm/sec
;TYPE:Custom
M220 S100 ;Reset Feedrate 
M221 S100 ;Reset Flowrate 
 
M104 S220 ;Set final nozzle temp 
M190 S55 ;Set and wait for bed temp to stabilize 
G28 ;Home 
G92 E0 ;Reset Extruder 
G1 Z2.0 F3000 ;Move Z Axis up 
G1 X-2.1 Y20 Z0.28 F5000.0 ;Move to start position 
M109 S220 ;Wait for nozzle temp to stabilize 
G1 X-2.1 Y145.0 Z0.28 F1500.0 E15 ;Draw the first line 
G1 X-2.4 Y145.0 Z0.28 F5000.0 ;Move to side a little 
G1 X-2.4 Y20 Z0.28 F1500.0 E30 ;Draw the second line 
G92 E0  ;Reset Extruder 
G1 E-1.0000 F1800 ;Retract a bit 
G1 Z2.0 F3000 ;Move Z Axis up 
G1 E0.0000 F1800
G90
G21
M83 ; use relative distances for extrusion
; Filament gcode
M106 S0
;LAYER_CHANGE
;Z:0.2
;HEIGHT:0.2
;BEFORE_LAYER_CHANGE
;0.2
G92 E0

G1 E-1.2 F2400
;_SET_FAN_SPEED_CHANGING_LAYER
M204 P500
; printing object curtain-holder.stl id:15 copy 0
M204 T500
G1 X104.019 Y108.124 F9000
G1 Z.6
G1 Z.2
G1 E1.2 F1800
;TYPE:Inner wall
;WIDTH:0.459999
G1 X104.092 Y108.042 E.00374
G1 X104.169 Y107.743 E.0105
G1 X104.169 Y104.069 E.12488
G1 X105.923 Y104.069 E.05964
;WIDTH:0.507792
G1 X106.897 Y104.093 E.0369
G1 X113.172 Y104.093 E.23771
;WIDTH:0.507517
G1 X114.076 Y104.069 E.03424
;WIDTH:0.459999
G1 X115.831 Y104.07 E.05965
G1 X115.831 Y107.829 E.12777
G1 X115.955 Y108.116 E.0106
G1 X116.207 Y108.317 E.01097
G1 X116.457 Y108.369 E.00867
G1 X166.86 Y108.369 E1.71302
G1 X167.343 Y108.419 E.01652
G1 X167.663 Y108.552 E.01176
G1 X167.937 Y108.763 E.01176
G1 X168.148 Y109.037 E.01176
G1 X168.281 Y109.357 E.01176
G1 X168.331 Y109.84 E.01652
G1 X168.331 Y114.46 E.157
G1 X168.281 Y114.943 E.01652
G1 X168.148 Y115.263 E.01176
G1 X167.937 Y115.537 E.01176
G1 X167.663 Y115.748 E.01176
G1 X167.343 Y115.881 E.01176
G1 X166.956 Y115.931 E.01326
G1 X53.14 Y115.931 E3.86822
G1 X52.657 Y115.881 E.01652
G1 X52.337 Y115.748 E.01176
G1 X52.063 Y115.537 E.01176
G1 X51.852 Y115.263 E.01176
G1 X51.719 Y114.943 E.01176
G1 X51.669 Y114.556 E.01326
G1 X51.669 Y109.84 E.16028
G1 X51.719 Y109.357 E.01652
G1 X51.852 Y109.037 E.01176
G1 X52.063 Y108.763 E.01176
G1 X52.337 Y108.552 E.01176
G1 X52.657 Y108.419 E.01176
G1 X53.044 Y108.369 E.01326
G1 X103.616 Y108.369 E1.7188
G1 X103.901 Y108.256 E.01042
G1 X103.992 Y108.154 E.00463
G1 X103.693 Y107.854 F9000
;TYPE:Outer wall
G1 F1800
G1 X103.73 Y107.743 E.00399
G1 X103.73 Y103.928 E.12964
G1 X103.822 Y103.718 E.0078
G1 X104.027 Y103.63 E.0076
G1 X116.023 Y103.643 E.4077
G1 X116.181 Y103.724 E.00603
G1 X116.27 Y103.927 E.00754
G1 X116.27 Y107.771 E.13064
G1 X116.35 Y107.896 E.00505
G1 X116.457 Y107.93 E.00382
G1 X166.86 Y107.93 E1.71302
G1 X167.458 Y107.992 E.02043
G1 X167.884 Y108.169 E.01569
G1 X168.25 Y108.45 E.01569
G1 X168.531 Y108.816 E.01569
G1 X168.708 Y109.242 E.01569
G1 X168.77 Y109.84 E.02043
G1 X168.77 Y114.46 E.157
G1 X168.708 Y115.058 E.02043
G1 X168.531 Y115.484 E.01569
G1 X168.25 Y115.85 E.01569
G1 X167.884 Y116.131 E.01569
G1 X167.458 Y116.308 E.01569
G1 X166.985 Y116.37 E.0162
G1 X53.14 Y116.37 E3.8692
G1 X52.542 Y116.308 E.02043
G1 X52.116 Y116.131 E.01569
G1 X51.75 Y115.85 E.01569
G1 X51.469 Y115.484 E.01569
G1 X51.292 Y115.058 E.01569
G1 X51.23 Y114.585 E.0162
G1 X51.23 Y109.84 E.16125
G1 X51.292 Y109.242 E.02043
G1 X51.469 Y108.816 E.01569
G1 X51.75 Y108.45 E.01569
G1 X52.116 Y108.169 E.01569
G1 X52.542 Y107.992 E.01569
G1 X53.015 Y107.93 E.0162
G1 X103.567 Y107.93 E1.71808
G1 X103.659 Y107.875 E.00365
G1 E-.84 F2400
;WIPE_START
G1 F1800
G1 X103.73 Y107.743 E-.05397
G1 X103.73 Y106.893 E-.30603
;WIPE_END
G17
G3 Z.6 I-.265 J1.188 P1  F9000
G1 X113.471 Y109.064 Z.6
G1 Z.2
G1 E1.2 F1800
;TYPE:Inner wall
G1 X113.103 Y109.153 E.01288
G1 X106.897 Y109.153 E.21091
G1 X106.415 Y109.036 E.01686
G1 X106.074 Y108.749 E.01516
G1 X105.912 Y108.469 E.01097
G1 X105.831 Y108.088 E.01326
G1 X105.831 Y105.647 E.08294
G1 X105.92 Y105.238 E.01422
G1 X106.074 Y104.986 E.01004
G1 X106.236 Y104.824 E.0078
;WIDTH:0.472346
G1 X106.514 Y104.656 E.01136
;WIDTH:0.507792
G1 X106.897 Y104.558 E.01499
G1 X113.103 Y104.558 E.23508
;WIDTH:0.507517
G1 X113.488 Y104.649 E.01499
;WIDTH:0.486983
G1 X113.764 Y104.824 E.01182
;WIDTH:0.459999
G1 X113.926 Y104.986 E.0078
G1 X114.088 Y105.265 E.01097
G1 X114.169 Y105.647 E.01326
G1 X114.169 Y108.088 E.08294
G1 X114.088 Y108.469 E.01326
G1 X113.926 Y108.749 E.01097
G1 X113.585 Y109.036 E.01516
G1 X113.51 Y109.054 E.00262
G1 X113.37 Y108.649 F9000
;TYPE:Outer wall
G1 F1800
G1 X113.103 Y108.715 E.00936
G1 X106.897 Y108.715 E.21091
G1 X106.561 Y108.615 E.01191
G1 X106.335 Y108.355 E.0117
G1 X106.27 Y107.997 E.01239
G1 X106.27 Y105.647 E.07985
G1 X106.384 Y105.296 E.01254
G1 X106.63 Y105.085 E.011
G1 X106.897 Y105.02 E.00936
G1 X113.103 Y105.02 E.21091
G1 X113.454 Y105.134 E.01254
G1 X113.665 Y105.38 E.011
G1 X113.73 Y105.647 E.00936
G1 X113.73 Y108.088 E.08294
G1 X113.64 Y108.41 E.01137
G1 X113.4 Y108.623 E.01089
G1 E-.84 F2400
;WIPE_START
G1 F1800
G1 X113.103 Y108.715 E-.11209
G1 X112.414 Y108.715 E-.24791
;WIPE_END
G1 Z.6 F9000
G1 X168.206 Y110.067 Z.6
G1 Z.2
G1 E1.2 F1800
;TYPE:Bottom surface
;WIDTH:0.460871
G1 F4800
G1 X166.821 Y108.681 E.06674
G1 X166.23 Y108.681 E.02013
G1 X168.019 Y110.47 E.08617
G1 X168.019 Y111.061 E.02013
G1 X165.638 Y108.681 E.11465
G1 X165.047 Y108.681 E.02013
G1 X168.019 Y111.652 E.14312
G1 X168.019 Y112.244 E.02013
G1 X164.456 Y108.681 E.17159
G1 X163.865 Y108.681 E.02013
G1 X168.019 Y112.835 E.20007
G1 X168.019 Y113.426 E.02013
G1 X163.274 Y108.681 E.22854
G1 X162.683 Y108.681 E.02013
G1 X168.019 Y114.017 E.25701
G1 X168.01 Y114.599 E.01985
G1 X162.091 Y108.681 E.28508
G1 X161.5 Y108.68 E.02013
G1 X167.889 Y115.07 E.30774
G1 X167.714 Y115.314 E.01025
G1 X167.617 Y115.389 E.00416
G1 X160.909 Y108.68 E.32311
G1 X160.318 Y108.68 E.02013
G1 X167.219 Y115.581 E.33239
G1 X166.936 Y115.619 E.00973
G1 X166.665 Y115.619 E.00921
G1 X159.727 Y108.68 E.33419
G1 X159.135 Y108.68 E.02013
G1 X166.074 Y115.619 E.3342
G1 X165.483 Y115.619 E.02013
G1 X158.544 Y108.68 E.3342
G1 X157.953 Y108.68 E.02013
G1 X164.892 Y115.619 E.33421
G1 X164.301 Y115.619 E.02013
G1 X157.362 Y108.68 E.33421
G1 X156.771 Y108.68 E.02013
G1 X163.71 Y115.619 E.33422
G1 X163.119 Y115.619 E.02013
G1 X156.18 Y108.68 E.33422
G1 X155.588 Y108.679 E.02013
G1 X162.528 Y115.619 E.33423
G1 X161.937 Y115.619 E.02013
G1 X154.997 Y108.679 E.33423
G1 X154.406 Y108.679 E.02013
G1 X161.346 Y115.619 E.33424
G1 X160.754 Y115.619 E.02013
G1 X153.815 Y108.679 E.33424
G1 X153.224 Y108.679 E.02013
G1 X160.163 Y115.619 E.33425
G1 X159.572 Y115.619 E.02013
G1 X152.633 Y108.679 E.33425
G1 X152.041 Y108.679 E.02013
G1 X158.981 Y115.619 E.33426
G1 X158.39 Y115.619 E.02013
G1 X151.45 Y108.679 E.33426
G1 X150.859 Y108.679 E.02013
G1 X157.799 Y115.619 E.33427
G1 X157.208 Y115.619 E.02013
G1 X150.268 Y108.678 E.33427
G1 X149.677 Y108.678 E.02013
G1 X156.617 Y115.619 E.33428
G1 X156.026 Y115.619 E.02013
G1 X149.086 Y108.678 E.33428
G1 X148.494 Y108.678 E.02013
G1 X155.435 Y115.619 E.33429
G1 X154.844 Y115.619 E.02013
G1 X147.903 Y108.678 E.33429
G1 X147.312 Y108.678 E.02013
G1 X154.253 Y115.619 E.3343
G1 X153.662 Y115.619 E.02013
G1 X146.721 Y108.678 E.3343
G1 X146.13 Y108.678 E.02013
G1 X153.071 Y115.619 E.33431
G1 X152.479 Y115.619 E.02013
G1 X145.538 Y108.678 E.33431
G1 X144.947 Y108.678 E.02013
G1 X151.888 Y115.619 E.33432
G1 X151.297 Y115.619 E.02013
G1 X144.356 Y108.677 E.33432
G1 X143.765 Y108.677 E.02013
G1 X150.706 Y115.619 E.33433
G1 X150.115 Y115.619 E.02013
G1 X143.174 Y108.677 E.33433
G1 X142.583 Y108.677 E.02013
G1 X149.524 Y115.619 E.33434
G1 X148.933 Y115.619 E.02013
G1 X141.991 Y108.677 E.33434
G1 X141.4 Y108.677 E.02013
G1 X148.342 Y115.619 E.33434
G1 X147.751 Y115.619 E.02013
G1 X140.809 Y108.677 E.33435
G1 X140.218 Y108.677 E.02013
G1 X147.16 Y115.619 E.33435
G1 X146.569 Y115.619 E.02013
G1 X139.627 Y108.677 E.33436
G1 X139.036 Y108.677 E.02013
G1 X145.978 Y115.619 E.33436
G1 X145.387 Y115.619 E.02013
G1 X138.444 Y108.676 E.33437
G1 X137.853 Y108.676 E.02013
G1 X144.796 Y115.619 E.33437
G1 X144.204 Y115.619 E.02013
G1 X137.262 Y108.676 E.33438
G1 X136.671 Y108.676 E.02013
G1 X143.613 Y115.619 E.33438
G1 X143.022 Y115.619 E.02013
G1 X136.08 Y108.676 E.33439
G1 X135.489 Y108.676 E.02013
G1 X142.431 Y115.619 E.33439
G1 X141.84 Y115.619 E.02013
G1 X134.897 Y108.676 E.3344
G1 X134.306 Y108.676 E.02013
G1 X141.249 Y115.619 E.3344
G1 X140.658 Y115.619 E.02013
G1 X133.715 Y108.676 E.33441
G1 X133.124 Y108.676 E.02013
G1 X140.067 Y115.619 E.33441
G1 X139.476 Y115.619 E.02013
G1 X132.533 Y108.675 E.33442
G1 X131.942 Y108.675 E.02013
G1 X138.885 Y115.619 E.33442
G1 X138.294 Y115.619 E.02013
G1 X131.35 Y108.675 E.33443
G1 X130.759 Y108.675 E.02013
G1 X137.703 Y115.619 E.33443
G1 X137.112 Y115.619 E.02013
G1 X130.168 Y108.675 E.33444
G1 X129.577 Y108.675 E.02013
G1 X136.521 Y115.619 E.33444
G1 X135.929 Y115.619 E.02013
G1 X128.986 Y108.675 E.33445
G1 X128.394 Y108.675 E.02013
G1 X135.338 Y115.619 E.33445
G1 X134.747 Y115.619 E.02013
G1 X127.803 Y108.675 E.33446
G1 X127.212 Y108.675 E.02013
G1 X134.156 Y115.619 E.33446
G1 X133.565 Y115.619 E.02013
G1 X126.621 Y108.674 E.33447
G1 X126.03 Y108.674 E.02013
G1 X132.974 Y115.619 E.33447
G1 X132.383 Y115.619 E.02013
G1 X125.439 Y108.674 E.33448
G1 X124.847 Y108.674 E.02013
G1 X131.792 Y115.619 E.33448
G1 X131.201 Y115.619 E.02013
G1 X124.256 Y108.674 E.33449
G1 X123.665 Y108.674 E.02013
G1 X130.61 Y115.619 E.33449
G1 X130.019 Y115.619 E.02013
G1 X123.074 Y108.674 E.3345
G1 X122.483 Y108.674 E.02013
G1 X129.428 Y115.619 E.3345
G1 X128.837 Y115.619 E.02013
G1 X121.892 Y108.674 E.33451
G1 X121.3 Y108.674 E.02013
G1 X128.246 Y115.619 E.33451
G1 X127.654 Y115.619 E.02013
G1 X120.709 Y108.673 E.33452
G1 X120.118 Y108.673 E.02013
G1 X127.063 Y115.619 E.33452
G1 X126.472 Y115.619 E.02013
G1 X119.527 Y108.673 E.33453
G1 X118.936 Y108.673 E.02013
G1 X125.881 Y115.619 E.33453
G1 X125.29 Y115.619 E.02013
G1 X118.345 Y108.673 E.33454
G1 X117.753 Y108.673 E.02013
G1 X124.699 Y115.619 E.33454
G1 X124.108 Y115.619 E.02013
G1 X116.974 Y108.485 E.34359
G1 E-.84 F2400
;WIPE_START
G1 F4800
G1 X117.682 Y109.192 E-.36
;WIPE_END
G17
G3 Z.6 I1.108 J-.504 P1  F9000
G1 X115.706 Y104.853 Z.6
G1 Z.2
G1 E1.2 F1800
G1 F4800
G1 X115.236 Y104.382 E.02265
G1 X114.645 Y104.382 E.02013
G1 X115.519 Y105.256 E.04209
G1 X115.519 Y105.847 E.02013
G1 X114.055 Y104.384 E.0705
G1 X113.735 Y104.4 E.01091
G1 X113.727 Y104.429 E.00103
G1 X113.978 Y104.595 E.01023
G1 X114.156 Y104.774 E.0086
G1 X114.375 Y105.134 E.01435
G1 X114.436 Y105.356 E.00784
G1 X115.519 Y106.438 E.05214
G1 X115.519 Y107.029 E.02013
G1 X114.48 Y105.991 E.05001
G1 X114.479 Y106.58 E.02007
G1 X115.519 Y107.62 E.0501
G1 X115.533 Y107.909 E.00985
G1 X115.63 Y108.188 E.01006
G1 X115.706 Y108.306 E.00478
G1 X115.916 Y108.511 E.01
G1 X116.084 Y108.605 E.00654
G1 X116.323 Y108.673 E.00846
G1 X116.571 Y108.673 E.00846
G1 X123.517 Y115.619 E.33455
G1 X122.926 Y115.619 E.02013
G1 X114.477 Y107.17 E.40695
G1 X114.475 Y107.759 E.02007
G1 X122.335 Y115.619 E.37857
G1 X121.744 Y115.619 E.02013
G1 X114.447 Y108.322 E.35145
G1 X114.388 Y108.558 E.00829
G1 X114.296 Y108.762 E.00762
G1 X121.153 Y115.619 E.33025
G1 X120.562 Y115.619 E.02013
G1 X114.026 Y109.083 E.31479
G1 X113.851 Y109.245 E.00813
G1 X113.677 Y109.325 E.00651
G1 X119.971 Y115.619 E.30312
G1 X119.379 Y115.619 E.02013
G1 X113.217 Y109.457 E.29679
G1 X112.636 Y109.466 E.01981
G1 X118.788 Y115.619 E.29633
G1 X118.197 Y115.619 E.02013
G1 X112.045 Y109.466 E.29633
G1 X111.454 Y109.466 E.02013
G1 X117.606 Y115.619 E.29633
G1 X117.015 Y115.619 E.02013
G1 X110.863 Y109.466 E.29633
G1 X110.272 Y109.466 E.02013
G1 X116.424 Y115.619 E.29633
G1 X115.833 Y115.619 E.02013
G1 X109.681 Y109.466 E.29633
G1 X109.089 Y109.466 E.02013
G1 X115.242 Y115.619 E.29633
G1 X114.651 Y115.619 E.02013
G1 X108.498 Y109.466 E.29633
G1 X107.907 Y109.466 E.02013
G1 X114.06 Y115.619 E.29633
G1 X113.469 Y115.619 E.02013
G1 X107.129 Y109.279 E.30537
G1 E-.84 F2400
;WIPE_START
G1 F4800
G1 X107.836 Y109.986 E-.36
;WIPE_END
G17
G3 Z.6 I1.158 J-.375 P1  F9000
G1 X106.14 Y104.743 Z.6
G1 Z.2
G1 E1.2 F1800
G1 F4800
G1 X105.784 Y104.388 E.01711
G1 X105.188 Y104.383 E.02032
G1 X105.744 Y104.938 E.02676
G1 X105.625 Y105.133 E.00778
G1 X105.565 Y105.351 E.00769
G1 X104.596 Y104.381 E.04669
G1 X104.481 Y104.381 E.0039
G1 X104.481 Y104.858 E.01623
G1 X105.519 Y105.895 E.04996
G1 X105.519 Y106.486 E.02013
G1 X104.481 Y105.449 E.04996
G1 X104.481 Y106.04 E.02013
G1 X105.519 Y107.078 E.04996
G1 X105.519 Y107.669 E.02013
G1 X104.481 Y106.631 E.04996
G1 X104.481 Y107.222 E.02013
G1 X105.544 Y108.285 E.05119
G1 X105.612 Y108.558 E.00958
G1 X105.733 Y108.826 E.01002
G1 X106.017 Y109.134 E.01427
G1 X106.148 Y109.244 E.00583
G1 X106.286 Y109.322 E.00538
G1 X106.7 Y109.441 E.01468
G1 X112.878 Y115.619 E.29755
G1 X112.287 Y115.619 E.02013
G1 X104.476 Y107.808 E.37619
G1 X104.467 Y107.909 E.00345
G1 X104.37 Y108.188 E.01006
G1 X104.329 Y108.252 E.00259
G1 X111.695 Y115.619 E.35481
G1 X111.104 Y115.619 E.02013
G1 X104.028 Y108.542 E.34084
G1 X103.916 Y108.605 E.00436
G1 X103.677 Y108.673 E.00846
G1 X103.567 Y108.673 E.00375
G1 X110.513 Y115.619 E.33455
G1 X109.922 Y115.619 E.02013
G1 X102.976 Y108.673 E.33455
G1 X102.385 Y108.673 E.02013
G1 X109.331 Y115.619 E.33454
G1 X108.74 Y115.619 E.02013
G1 X101.794 Y108.673 E.33454
G1 X101.204 Y108.673 E.02013
G1 X108.149 Y115.619 E.33453
G1 X107.558 Y115.619 E.02013
G1 X100.613 Y108.673 E.33453
G1 X100.022 Y108.673 E.02013
G1 X106.967 Y115.619 E.33452
G1 X106.376 Y115.619 E.02013
G1 X99.431 Y108.673 E.33452
G1 X98.84 Y108.674 E.02013
G1 X105.785 Y115.619 E.33451
G1 X105.194 Y115.619 E.02013
G1 X98.249 Y108.674 E.33451
G1 X97.658 Y108.674 E.02013
G1 X104.603 Y115.619 E.3345
G1 X104.012 Y115.619 E.02013
G1 X97.067 Y108.674 E.3345
G1 X96.476 Y108.674 E.02013
G1 X103.42 Y115.619 E.33449
G1 X102.829 Y115.619 E.02013
G1 X95.885 Y108.674 E.33449
G1 X95.294 Y108.674 E.02013
G1 X102.238 Y115.619 E.33448
G1 X101.647 Y115.619 E.02013
G1 X94.703 Y108.674 E.33448
G1 X94.112 Y108.674 E.02013
G1 X101.056 Y115.619 E.33447
G1 X100.465 Y115.619 E.02013
G1 X93.521 Y108.674 E.33447
G1 X92.93 Y108.675 E.02013
G1 X99.874 Y115.619 E.33446
G1 X99.283 Y115.619 E.02013
G1 X92.339 Y108.675 E.33446
G1 X91.748 Y108.675 E.02013
G1 X98.692 Y115.619 E.33445
G1 X98.101 Y115.619 E.02013
G1 X91.157 Y108.675 E.33445
G1 X90.566 Y108.675 E.02013
G1 X97.51 Y115.619 E.33444
G1 X96.919 Y115.619 E.02013
G1 X89.975 Y108.675 E.33444
G1 X89.384 Y108.675 E.02013
G1 X96.328 Y115.619 E.33443
G1 X95.737 Y115.619 E.02013
G1 X88.793 Y108.675 E.33443
G1 X88.202 Y108.675 E.02013
G1 X95.145 Y115.619 E.33442
G1 X94.554 Y115.619 E.02013
G1 X87.611 Y108.675 E.33442
G1 X87.02 Y108.676 E.02013
G1 X93.963 Y115.619 E.33441
G1 X93.372 Y115.619 E.02013
G1 X86.429 Y108.676 E.33441
G1 X85.838 Y108.676 E.02013
G1 X92.781 Y115.619 E.3344
G1 X92.19 Y115.619 E.02013
G1 X85.247 Y108.676 E.3344
G1 X84.656 Y108.676 E.02013
G1 X91.599 Y115.619 E.33439
G1 X91.008 Y115.619 E.02013
G1 X84.065 Y108.676 E.33439
G1 X83.474 Y108.676 E.02013
G1 X90.417 Y115.619 E.33439
G1 X89.826 Y115.619 E.02013
G1 X82.883 Y108.676 E.33438
G1 X82.292 Y108.676 E.02013
G1 X89.235 Y115.619 E.33438
G1 X88.644 Y115.619 E.02013
G1 X81.701 Y108.676 E.33437
G1 X81.111 Y108.677 E.02013
G1 X88.053 Y115.619 E.33437
G1 X87.462 Y115.619 E.02013
G1 X80.52 Y108.677 E.33436
G1 X79.929 Y108.677 E.02013
G1 X86.87 Y115.619 E.33436
G1 X86.279 Y115.619 E.02013
G1 X79.338 Y108.677 E.33435
G1 X78.747 Y108.677 E.02013
G1 X85.688 Y115.619 E.33435
G1 X85.097 Y115.619 E.02013
G1 X78.156 Y108.677 E.33434
G1 X77.565 Y108.677 E.02013
G1 X84.506 Y115.619 E.33434
G1 X83.915 Y115.619 E.02013
G1 X76.974 Y108.677 E.33433
G1 X76.383 Y108.677 E.02013
G1 X83.324 Y115.619 E.33433
G1 X82.733 Y115.619 E.02013
G1 X75.792 Y108.677 E.33432
G1 X75.201 Y108.678 E.02013
G1 X82.142 Y115.619 E.33432
G1 X81.551 Y115.619 E.02013
G1 X74.61 Y108.678 E.33431
G1 X74.019 Y108.678 E.02013
G1 X80.96 Y115.619 E.33431
G1 X80.369 Y115.619 E.02013
G1 X73.428 Y108.678 E.3343
G1 X72.837 Y108.678 E.02013
G1 X79.778 Y115.619 E.3343
G1 X79.187 Y115.619 E.02013
G1 X72.246 Y108.678 E.33429
G1 X71.655 Y108.678 E.02013
G1 X78.595 Y115.619 E.33429
G1 X78.004 Y115.619 E.02013
G1 X71.064 Y108.678 E.33428
G1 X70.473 Y108.678 E.02013
G1 X77.413 Y115.619 E.33428
G1 X76.822 Y115.619 E.02013
G1 X69.882 Y108.678 E.33427
G1 X69.291 Y108.679 E.02013
G1 X76.231 Y115.619 E.33427
G1 X75.64 Y115.619 E.02013
G1 X68.7 Y108.679 E.33426
G1 X68.109 Y108.679 E.02013
G1 X75.049 Y115.619 E.33426
G1 X74.458 Y115.619 E.02013
G1 X67.518 Y108.679 E.33425
G1 X66.927 Y108.679 E.02013
G1 X73.867 Y115.619 E.33425
G1 X73.276 Y115.619 E.02013
G1 X66.336 Y108.679 E.33424
G1 X65.745 Y108.679 E.02013
G1 X72.685 Y115.619 E.33424
G1 X72.094 Y115.619 E.02013
G1 X65.154 Y108.679 E.33423
G1 X64.563 Y108.679 E.02013
G1 X71.503 Y115.619 E.33423
G1 X70.912 Y115.619 E.02013
G1 X63.972 Y108.679 E.33422
G1 X63.381 Y108.68 E.02013
G1 X70.32 Y115.619 E.33422
G1 X69.729 Y115.619 E.02013
G1 X62.79 Y108.68 E.33421
G1 X62.199 Y108.68 E.02013
G1 X69.138 Y115.619 E.33421
G1 X68.547 Y115.619 E.02013
G1 X61.608 Y108.68 E.3342
G1 X61.018 Y108.68 E.02013
G1 X67.956 Y115.619 E.3342
G1 X67.365 Y115.619 E.02013
G1 X60.427 Y108.68 E.3342
G1 X59.836 Y108.68 E.02013
G1 X66.774 Y115.619 E.33419
G1 X66.183 Y115.619 E.02013
G1 X59.245 Y108.68 E.33419
G1 X58.654 Y108.68 E.02013
G1 X65.592 Y115.619 E.33418
G1 X65.001 Y115.619 E.02013
G1 X58.063 Y108.68 E.33418
G1 X57.472 Y108.681 E.02013
G1 X64.41 Y115.619 E.33417
G1 X63.819 Y115.619 E.02013
G1 X56.881 Y108.681 E.33417
G1 X56.29 Y108.681 E.02013
G1 X63.228 Y115.619 E.33416
G1 X62.637 Y115.619 E.02013
G1 X55.699 Y108.681 E.33416
G1 X55.108 Y108.681 E.02013
G1 X62.045 Y115.619 E.33415
G1 X61.454 Y115.619 E.02013
G1 X54.517 Y108.681 E.33415
G1 X53.926 Y108.681 E.02013
G1 X60.863 Y115.619 E.33414
G1 X60.272 Y115.619 E.02013
G1 X53.335 Y108.681 E.33414
G1 X53.064 Y108.681 E.00921
G1 X52.781 Y108.719 E.00973
G1 X59.681 Y115.619 E.33234
G1 X59.09 Y115.619 E.02013
G1 X52.383 Y108.911 E.32306
G1 X52.286 Y108.986 E.00416
G1 X52.111 Y109.23 E.01024
G1 X58.499 Y115.619 E.3077
G1 X57.908 Y115.619 E.02013
G1 X51.99 Y109.7 E.28505
G1 X51.981 Y110.283 E.01985
G1 X57.317 Y115.619 E.25699
G1 X56.726 Y115.619 E.02013
G1 X51.981 Y110.874 E.22852
G1 X51.981 Y111.465 E.02013
G1 X56.135 Y115.619 E.20005
G1 X55.544 Y115.619 E.02013
G1 X51.981 Y112.056 E.17158
G1 X51.981 Y112.647 E.02013
G1 X54.953 Y115.619 E.14311
G1 X54.362 Y115.619 E.02013
G1 X51.981 Y113.238 E.11464
G1 X51.981 Y113.83 E.02013
G1 X53.77 Y115.619 E.08617
G1 X53.179 Y115.619 E.02013
G1 X51.794 Y114.233 E.06674
; stop printing object curtain-holder.stl id:15 copy 0
M106 S255
;LAYER_CHANGE
;Z:0.4
;HEIGHT:0.2
;BEFORE_LAYER_CHANGE
;0.4
G92 E0

G1 E-.84 F2400
;WIPE_START
G1 F4800
G1 X52.501 Y114.94 E-.36
;WIPE_END
;_SET_FAN_SPEED_CHANGING_LAYER
M204 P2500
; printing object curtain-holder.stl id:15 copy 0
M204 T2500
G17
G3 Z.8 I.159 J1.207 P1  F9000
G1 X103.91 Y108.181 Z.8
G1 Z.4
G1 E1.2 F1800
M204 P2000
;TYPE:Inner wall
;WIDTH:0.449999
G1 F5400
G1 X104.053 Y108.021 E.00712
G1 X104.124 Y107.743 E.00951
G1 X104.124 Y104.024 E.12338
G1 X105.89 Y104.024 E.05858
;WIDTH:0.498768
G1 X106.393 Y104.049 E.01874
;WIDTH:0.547536
G1 X106.897 Y104.073 E.02074
G1 X113.103 Y104.074 E.25517
;WIDTH:0.546712
G1 X113.563 Y104.05 E.01891
;WIDTH:0.498044
G1 X114.076 Y104.026 E.01904
;WIDTH:0.449999
G1 X115.876 Y104.027 E.05973
G1 X115.876 Y107.823 E.12593
G1 X115.991 Y108.089 E.0096
G1 X116.225 Y108.275 E.00994
G1 X116.457 Y108.324 E.00786
G1 X166.86 Y108.324 E1.67195
G1 X167.355 Y108.376 E.01652
G1 X167.686 Y108.513 E.01187
G1 X167.97 Y108.731 E.01187
G1 X168.187 Y109.014 E.01187
G1 X168.324 Y109.345 E.01187
G1 X168.376 Y109.84 E.01652
G1 X168.376 Y114.46 E.15324
G1 X168.324 Y114.955 E.01652
G1 X168.187 Y115.286 E.01187
G1 X167.97 Y115.57 E.01187
G1 X167.686 Y115.787 E.01187
G1 X167.355 Y115.924 E.01187
G1 X166.959 Y115.976 E.01324
G1 X53.14 Y115.976 E3.77557
G1 X52.645 Y115.924 E.01652
G1 X52.314 Y115.787 E.01187
G1 X52.03 Y115.57 E.01187
G1 X51.813 Y115.286 E.01187
G1 X51.676 Y114.955 E.01187
G1 X51.624 Y114.559 E.01324
G1 X51.624 Y109.84 E.15653
G1 X51.676 Y109.345 E.01652
G1 X51.813 Y109.014 E.01187
G1 X52.03 Y108.731 E.01187
G1 X52.314 Y108.513 E.01187
G1 X52.645 Y108.376 E.01187
G1 X53.041 Y108.324 E.01324
G1 X103.611 Y108.324 E1.67751
G1 X103.876 Y108.219 E.00944
G1 X103.883 Y108.211 E.00037
G1 X103.639 Y107.88 F9000
M204 P1000
;TYPE:Outer wall
;WIDTH:0.419999
G1 F3600
G1 X103.71 Y107.743 E.00474
G1 X103.71 Y103.928 E.11723
G1 X103.811 Y103.699 E.00768
G1 X104.025 Y103.61 E.00711
G1 X115.936 Y103.613 E.366
G1 X116.138 Y103.653 E.00632
G1 X116.253 Y103.776 E.00518
G1 X116.29 Y103.923 E.00468
G1 X116.29 Y107.743 E.11736
G1 X116.323 Y107.842 E.00322
G1 X116.457 Y107.91 E.00462
G1 X166.86 Y107.91 E1.54873
G1 X167.463 Y107.973 E.01863
G1 X167.894 Y108.151 E.01434
G1 X168.264 Y108.436 E.01434
G1 X168.549 Y108.806 E.01434
G1 X168.727 Y109.237 E.01434
G1 X168.79 Y109.84 E.01863
G1 X168.79 Y114.46 E.14194
G1 X168.727 Y115.063 E.01863
G1 X168.549 Y115.494 E.01434
G1 X168.264 Y115.864 E.01434
G1 X167.894 Y116.149 E.01434
G1 X167.463 Y116.327 E.01434
G1 X166.986 Y116.39 E.01477
G1 X53.14 Y116.39 E3.49816
G1 X52.537 Y116.327 E.01863
G1 X52.106 Y116.149 E.01434
G1 X51.736 Y115.864 E.01434
G1 X51.451 Y115.494 E.01434
G1 X51.273 Y115.063 E.01434
G1 X51.21 Y114.586 E.01477
G1 X51.21 Y109.84 E.14583
G1 X51.273 Y109.237 E.01863
G1 X51.451 Y108.806 E.01434
G1 X51.736 Y108.436 E.01434
G1 X52.106 Y108.151 E.01434
G1 X52.537 Y107.973 E.01434
G1 X53.014 Y107.91 E.01477
G1 X103.543 Y107.91 E1.55262
G1 X103.601 Y107.892 E.00186
G1 E-.84 F2400
;WIPE_START
G1 F3600
G1 X103.71 Y107.743 E-.06654
G1 X103.71 Y106.928 E-.29346
;WIPE_END
G17
G3 Z.8 I-.255 J1.19 P1  F9000
G1 X113.461 Y109.021 Z.8
G1 Z.4
G1 E1.2 F1800
M204 P2000
;TYPE:Inner wall
;WIDTH:0.449999
G1 F5400
G1 X113.103 Y109.108 E.01221
G1 X106.897 Y109.108 E.20585
G1 X106.434 Y108.995 E.01582
G1 X106.106 Y108.717 E.01428
G1 X105.956 Y108.458 E.00994
G1 X105.876 Y108.088 E.01255
G1 X105.876 Y105.647 E.08096
G1 X105.958 Y105.263 E.01302
G1 X106.085 Y105.05 E.00825
G1 X106.255 Y104.869 E.00824
;WIDTH:0.491575
G1 X106.495 Y104.738 E.01
;WIDTH:0.533151
G1 X106.735 Y104.606 E.01093
;WIDTH:0.547536
G1 X106.897 Y104.578 E.00677
G1 X113.103 Y104.578 E.25517
;WIDTH:0.56214
G1 X113.269 Y104.592 E.00704
G1 X113.374 Y104.637 E.00484
;WIDTH:0.530092
G1 X113.479 Y104.682 E.00454
;WIDTH:0.498044
G1 X113.894 Y105.018 E.0198
;WIDTH:0.449999
G1 X114.044 Y105.277 E.00994
G1 X114.124 Y105.647 E.01255
G1 X114.124 Y108.088 E.08096
G1 X114.044 Y108.458 E.01255
G1 X113.894 Y108.717 E.00994
G1 X113.566 Y108.995 E.01428
G1 X113.499 Y109.012 E.00228
G1 X113.365 Y108.63 F9000
M204 P1000
;TYPE:Outer wall
;WIDTH:0.419999
G1 F3600
G1 X113.103 Y108.695 E.0083
G1 X106.897 Y108.695 E.19068
G1 X106.56 Y108.587 E.01087
G1 X106.355 Y108.35 E.00963
G1 X106.29 Y107.997 E.01104
G1 X106.29 Y105.647 E.07219
G1 X106.386 Y105.333 E.0101
G1 X106.635 Y105.105 E.01036
G1 X106.897 Y105.04 E.0083
G1 X113.103 Y105.04 E.19068
G1 X113.44 Y105.148 E.01087
G1 X113.645 Y105.385 E.00963
G1 X113.71 Y105.647 E.0083
G1 X113.71 Y108.088 E.07499
G1 X113.602 Y108.425 E.01087
G1 X113.395 Y108.604 E.00841
G1 E-.84 F2400
;WIPE_START
G1 F3600
G1 X113.103 Y108.695 E-.1103
G1 X112.409 Y108.695 E-.2497
;WIPE_END
G1 Z.8 F9000
G1 X114.511 Y107.246 Z.8
G1 Z.4
G1 E1.2 F1800
M204 P2500
;TYPE:Internal solid infill
G1 F9741.91
G1 X115.09 Y106.667 E.02517
G1 X115.162 Y106.622 E.0026
G1 X115.357 Y106.667 E.00615
G1 X115.493 Y106.775 E.00533
G1 X115.485 Y104.419 E.0724
G1 X114.085 Y104.418 E.04303
G1 X113.828 Y104.442 E.0079
G1 X114.199 Y104.776 E.01533
G1 X114.416 Y105.152 E.01335
G1 X114.516 Y105.647 E.01549
G1 X114.511 Y107.206 E.04792
G1 X115.002 Y106.161 F9000
;WIDTH:0.641804
G1 F6133.861
G1 X114.997 Y105.547 E.02994
G1 X114.995 Y105.507 F9000
;WIDTH:0.628451
G1 F6273.745
G1 X115.019 Y105.399 E.00527
;WIDTH:0.578776
G1 F6855.336
G1 X115.044 Y105.292 E.00482
;WIDTH:0.529101
G1 F7555.773
G1 X115.068 Y105.184 E.00438
;WIDTH:0.479426
G1 F8415.632
G1 X115.093 Y105.076 E.00393
;WIDTH:0.408485
G1 F10048.762
G1 X115.117 Y104.968 E.00329
G1 X115.117 Y104.788 E.00537
G1 X114.639 Y104.788 E.01422
;WIDTH:0.429751
G1 F9496.328
G1 X114.707 Y104.925 E.0048
;WIDTH:0.479426
G1 F8415.632
G1 X114.774 Y105.061 E.00542
;WIDTH:0.529101
G1 F7555.773
G1 X114.842 Y105.198 E.00604
;WIDTH:0.578776
G1 F6855.336
G1 X114.91 Y105.335 E.00666
;WIDTH:0.603613
G1 F6551.659
G1 X114.977 Y105.471 E.00696
G1 E-1.14417 F2400
;WIPE_START
G1 F6551.659
G1 X114.91 Y105.335 E-.05583
;WIPE_END
G17
G3 Z.8 I-.186 J-1.203 P1  F9000
G1 X105.484 Y106.789 Z.8
G1 Z.4
G1 E1.2 F1800
;WIDTH:0.419999
G1 F9741.91
G1 X105.484 Y105.647 E.03509
G1 X105.583 Y105.162 E.0152
G1 X105.799 Y104.781 E.01344
G1 X106.007 Y104.569 E.00912
G1 X106.229 Y104.431 E.00804
G1 X104.515 Y104.416 E.05266
G1 X104.506 Y107.119 E.08305
G1 X104.895 Y106.73 E.01689
G1 X105.02 Y106.675 E.00418
G1 X105.178 Y106.746 E.00534
G1 X105.295 Y106.863 E.00509
G1 X105.392 Y106.776 E.00402
G1 X105.445 Y106.783 E.00163
G1 X104.997 Y106.188 F9000
;WIDTH:0.640698
G1 F6145.208
G1 X105.002 Y105.559 E.03064
G1 X105.004 Y105.519 F9000
;WIDTH:0.626513
G1 F6294.574
G1 X105.05 Y105.423 E.00507
;WIDTH:0.577579
G1 F6870.677
G1 X105.096 Y105.326 E.00464
;WIDTH:0.528645
G1 F7562.858
G1 X105.141 Y105.23 E.00422
;WIDTH:0.479711
G1 F8410.131
G1 X105.187 Y105.134 E.00379
;WIDTH:0.408472
G1 F10049.106
G1 X105.367 Y104.786 E.01167
G1 X104.884 Y104.786 E.0144
G1 X104.883 Y105.117 E.00985
;WIDTH:0.430777
G1 F9471.195
G1 X104.905 Y105.19 E.0024
;WIDTH:0.479711
G1 F8410.131
G1 X104.927 Y105.262 E.0027
;WIDTH:0.528645
G1 F7562.858
G1 X104.949 Y105.335 E.00301
;WIDTH:0.577579
G1 F6870.677
G1 X104.971 Y105.408 E.00331
;WIDTH:0.602046
G1 F6570.02
G1 X104.992 Y105.481 E.00346
G1 E-1.17225 F2400
;WIPE_START
G1 F6570.02
G1 X104.971 Y105.408 E-.02775
;WIPE_END
G17
G3 Z.8 I-.197 J1.201 P1  F9000
G1 X166.601 Y115.515 Z.8
G1 Z.4
G1 E1.2 F1800
;WIDTH:0.559589
G1 F7109.916
G1 X167.205 Y115.478 E.02549
G1 X167.48 Y115.363 E.01253
G1 X167.784 Y115.053 E.01831
G1 X167.878 Y114.805 E.01115
G1 X167.915 Y114.201 E.02549
G1 X166.629 Y115.486 E.07655
G1 X168.215 Y113.321 F9000
;WIDTH:0.421
G1 F9716.116
G1 X165.89 Y115.645 E.10129
G1 X165.356 Y115.645 E.01647
G1 X168.045 Y112.956 E.11719
G1 X168.045 Y112.421 E.01647
G1 X164.821 Y115.645 E.14049
G1 X164.286 Y115.645 E.01647
G1 X168.045 Y111.886 E.16378
G1 X168.045 Y111.352 E.01647
G1 X163.752 Y115.645 E.18708
G1 X163.217 Y115.645 E.01647
G1 X168.045 Y110.817 E.21038
G1 X168.045 Y110.282 E.01647
G1 X162.682 Y115.645 E.23367
G1 X162.148 Y115.645 E.01647
G1 X168.044 Y109.749 E.25689
G1 X168.002 Y109.432 E.00988
G1 X167.951 Y109.308 E.00413
G1 X161.613 Y115.645 E.27613
G1 X161.078 Y115.645 E.01647
G1 X167.744 Y108.98 E.29041
G1 X167.519 Y108.802 E.00885
G1 X167.426 Y108.763 E.0031
G1 X160.544 Y115.645 E.29986
G1 X160.009 Y115.645 E.01647
G1 X166.993 Y108.662 E.30428
G1 X166.465 Y108.654 E.01625
G1 X159.474 Y115.645 E.3046
G1 X158.94 Y115.645 E.01647
G1 X165.931 Y108.654 E.3046
G1 X165.396 Y108.654 E.01647
G1 X158.405 Y115.645 E.3046
G1 X157.87 Y115.645 E.01647
G1 X164.861 Y108.654 E.30461
G1 X164.327 Y108.654 E.01647
G1 X157.335 Y115.645 E.30461
G1 X156.801 Y115.645 E.01647
G1 X163.792 Y108.654 E.30462
G1 X163.258 Y108.654 E.01647
G1 X156.266 Y115.645 E.30462
G1 X155.731 Y115.645 E.01647
G1 X162.723 Y108.654 E.30462
G1 X162.188 Y108.654 E.01647
G1 X155.197 Y115.645 E.30463
G1 X154.662 Y115.645 E.01647
G1 X161.654 Y108.654 E.30463
G1 X161.119 Y108.654 E.01647
G1 X154.127 Y115.645 E.30463
G1 X153.593 Y115.645 E.01647
G1 X160.585 Y108.654 E.30464
G1 X160.05 Y108.653 E.01647
G1 X153.058 Y115.645 E.30464
G1 X152.523 Y115.645 E.01647
G1 X159.515 Y108.653 E.30465
G1 X158.981 Y108.653 E.01647
G1 X151.989 Y115.645 E.30465
G1 X151.454 Y115.645 E.01647
G1 X158.446 Y108.653 E.30465
G1 X157.912 Y108.653 E.01647
G1 X150.919 Y115.645 E.30466
G1 X150.385 Y115.645 E.01647
G1 X157.377 Y108.653 E.30466
G1 X156.842 Y108.653 E.01647
G1 X149.85 Y115.645 E.30466
G1 X149.315 Y115.645 E.01647
G1 X156.308 Y108.653 E.30467
G1 X155.773 Y108.653 E.01647
G1 X148.78 Y115.645 E.30467
G1 X148.246 Y115.645 E.01647
G1 X155.239 Y108.653 E.30468
G1 X154.704 Y108.653 E.01647
G1 X147.711 Y115.645 E.30468
G1 X147.176 Y115.645 E.01647
G1 X154.169 Y108.652 E.30468
G1 X153.635 Y108.652 E.01647
G1 X146.642 Y115.645 E.30469
G1 X146.107 Y115.645 E.01647
G1 X153.1 Y108.652 E.30469
G1 X152.566 Y108.652 E.01647
G1 X145.572 Y115.645 E.30469
G1 X145.038 Y115.645 E.01647
G1 X152.031 Y108.652 E.3047
G1 X151.496 Y108.652 E.01647
G1 X144.503 Y115.645 E.3047
G1 X143.968 Y115.645 E.01647
G1 X150.962 Y108.652 E.30471
G1 X150.427 Y108.652 E.01647
G1 X143.434 Y115.645 E.30471
G1 X142.899 Y115.645 E.01647
G1 X149.893 Y108.652 E.30471
G1 X149.358 Y108.652 E.01647
G1 X142.364 Y115.645 E.30472
G1 X141.83 Y115.645 E.01647
G1 X148.823 Y108.652 E.30472
G1 X148.289 Y108.652 E.01647
G1 X141.295 Y115.645 E.30472
G1 X140.76 Y115.645 E.01647
G1 X147.754 Y108.651 E.30473
G1 X147.22 Y108.651 E.01647
G1 X140.225 Y115.645 E.30473
G1 X139.691 Y115.645 E.01647
G1 X146.685 Y108.651 E.30474
G1 X146.15 Y108.651 E.01647
G1 X139.156 Y115.645 E.30474
G1 X138.621 Y115.645 E.01647
G1 X145.616 Y108.651 E.30474
G1 X145.081 Y108.651 E.01647
G1 X138.087 Y115.645 E.30475
G1 X137.552 Y115.645 E.01647
G1 X144.547 Y108.651 E.30475
G1 X144.012 Y108.651 E.01647
G1 X137.017 Y115.645 E.30475
G1 X136.483 Y115.645 E.01647
G1 X143.477 Y108.651 E.30476
G1 X142.943 Y108.651 E.01647
G1 X135.948 Y115.645 E.30476
G1 X135.413 Y115.645 E.01647
G1 X142.408 Y108.651 E.30477
G1 X141.874 Y108.651 E.01647
G1 X134.879 Y115.645 E.30477
G1 X134.344 Y115.645 E.01647
G1 X141.339 Y108.65 E.30477
G1 X140.804 Y108.65 E.01647
G1 X133.809 Y115.645 E.30478
G1 X133.275 Y115.645 E.01647
G1 X140.27 Y108.65 E.30478
G1 X139.735 Y108.65 E.01647
G1 X132.74 Y115.645 E.30478
G1 X132.205 Y115.645 E.01647
G1 X139.201 Y108.65 E.30479
G1 X138.666 Y108.65 E.01647
G1 X131.671 Y115.645 E.30479
G1 X131.136 Y115.645 E.01647
G1 X138.131 Y108.65 E.3048
G1 X137.597 Y108.65 E.01647
G1 X130.601 Y115.645 E.3048
G1 X130.066 Y115.645 E.01647
G1 X137.062 Y108.65 E.3048
G1 X136.528 Y108.65 E.01647
G1 X129.532 Y115.645 E.30481
G1 X128.997 Y115.645 E.01647
G1 X135.993 Y108.65 E.30481
G1 X135.458 Y108.649 E.01647
G1 X128.462 Y115.645 E.30481
G1 X127.928 Y115.645 E.01647
G1 X134.924 Y108.649 E.30482
G1 X134.389 Y108.649 E.01647
G1 X127.393 Y115.645 E.30482
G1 X126.858 Y115.645 E.01647
G1 X133.855 Y108.649 E.30483
G1 X133.32 Y108.649 E.01647
G1 X126.324 Y115.645 E.30483
G1 X125.789 Y115.645 E.01647
G1 X132.785 Y108.649 E.30483
G1 X132.251 Y108.649 E.01647
G1 X125.254 Y115.645 E.30484
G1 X124.72 Y115.645 E.01647
G1 X131.716 Y108.649 E.30484
G1 X131.182 Y108.649 E.01647
G1 X124.185 Y115.645 E.30484
G1 X123.65 Y115.645 E.01647
G1 X130.647 Y108.649 E.30485
G1 X130.112 Y108.649 E.01647
G1 X123.116 Y115.645 E.30485
G1 X122.581 Y115.645 E.01647
G1 X129.578 Y108.649 E.30486
G1 X129.043 Y108.648 E.01647
G1 X122.046 Y115.645 E.30486
G1 X121.511 Y115.645 E.01647
G1 X128.509 Y108.648 E.30486
G1 X127.974 Y108.648 E.01647
G1 X120.977 Y115.645 E.30487
G1 X120.442 Y115.645 E.01647
G1 X127.439 Y108.648 E.30487
G1 X126.905 Y108.648 E.01647
G1 X119.907 Y115.645 E.30487
G1 X119.373 Y115.645 E.01647
G1 X126.37 Y108.648 E.30488
G1 X125.836 Y108.648 E.01647
G1 X118.838 Y115.645 E.30488
G1 X118.303 Y115.645 E.01647
G1 X125.301 Y108.648 E.30489
G1 X124.766 Y108.648 E.01647
G1 X117.769 Y115.645 E.30489
G1 X117.234 Y115.645 E.01647
G1 X124.232 Y108.648 E.30489
G1 X123.697 Y108.648 E.01647
G1 X116.699 Y115.645 E.3049
G1 X116.165 Y115.645 E.01647
G1 X123.163 Y108.648 E.3049
G1 X122.628 Y108.647 E.01647
G1 X115.63 Y115.645 E.3049
G1 X115.095 Y115.645 E.01647
G1 X122.093 Y108.647 E.30491
G1 X121.559 Y108.647 E.01647
G1 X114.561 Y115.645 E.30491
G1 X114.026 Y115.645 E.01647
G1 X121.024 Y108.647 E.30492
G1 X120.49 Y108.647 E.01647
G1 X113.491 Y115.645 E.30492
G1 X112.957 Y115.645 E.01647
G1 X119.955 Y108.647 E.30492
G1 X119.42 Y108.647 E.01647
G1 X112.422 Y115.645 E.30493
G1 X111.887 Y115.645 E.01647
G1 X118.886 Y108.647 E.30493
G1 X118.351 Y108.647 E.01647
G1 X111.352 Y115.645 E.30493
G1 X110.818 Y115.645 E.01647
G1 X117.817 Y108.647 E.30494
G1 X117.282 Y108.647 E.01647
G1 X110.283 Y115.645 E.30494
G1 X109.748 Y115.645 E.01647
G1 X116.747 Y108.646 E.30495
G1 X116.327 Y108.646 E.01297
G1 X116.238 Y108.621 E.00284
G1 X109.214 Y115.645 E.30605
G1 X108.679 Y115.645 E.01647
G1 X115.883 Y108.442 E.31386
G1 X115.728 Y108.291 E.00666
G1 X115.643 Y108.146 E.00516
G1 X108.144 Y115.645 E.32673
G1 X107.61 Y115.645 E.01647
G1 X115.557 Y107.698 E.34625
G1 X115.555 Y107.23 E.01442
G1 X115.515 Y107.206 E.00146
G1 X114.426 Y108.294 E.04742
G1 X114.362 Y108.553 E.00821
G1 X114.247 Y108.808 E.00863
G1 X114.132 Y108.948 E.0056
G1 X113.836 Y109.224 E.01245
G1 X113.569 Y109.346 E.00906
G1 X113.306 Y109.414 E.00836
G1 X107.075 Y115.645 E.27149
G1 X106.54 Y115.645 E.01647
G1 X112.746 Y109.439 E.2704
G1 X112.212 Y109.439 E.01647
G1 X106.006 Y115.645 E.2704
G1 X105.471 Y115.645 E.01647
G1 X111.677 Y109.439 E.2704
G1 X111.142 Y109.439 E.01647
G1 X104.936 Y115.645 E.2704
G1 X104.402 Y115.645 E.01647
G1 X110.608 Y109.439 E.2704
G1 X110.073 Y109.439 E.01647
G1 X103.867 Y115.645 E.2704
G1 X103.332 Y115.645 E.01647
G1 X109.538 Y109.439 E.2704
G1 X109.004 Y109.439 E.01647
G1 X102.797 Y115.645 E.2704
G1 X102.263 Y115.645 E.01647
G1 X108.469 Y109.439 E.2704
G1 X107.934 Y109.439 E.01647
G1 X101.728 Y115.645 E.2704
G1 X101.193 Y115.645 E.01647
G1 X107.399 Y109.439 E.2704
G1 X106.868 Y109.437 E.01639
G1 X100.659 Y115.645 E.27052
G1 X100.124 Y115.645 E.01647
G1 X106.431 Y109.338 E.2748
G1 X106.292 Y109.296 E.00448
G1 X106.084 Y109.151 E.00781
G1 X99.589 Y115.645 E.28297
G1 X99.055 Y115.645 E.01647
G1 X105.819 Y108.881 E.29473
G1 X105.755 Y108.811 E.00292
G1 X105.633 Y108.533 E.00938
G1 X98.52 Y115.645 E.30991
G1 X97.985 Y115.645 E.01647
G1 X105.542 Y108.088 E.32927
G1 X105.528 Y107.568 E.01605
G1 X97.451 Y115.645 E.35195
G1 X96.916 Y115.645 E.01647
G1 X105.566 Y106.995 E.37688
G1 X103.55 Y108.477 F9000
G1 F9716.116
G1 X96.381 Y115.645 E.31234
G1 X95.847 Y115.645 E.01647
G1 X102.845 Y108.647 E.30494
G1 X102.311 Y108.647 E.01648
G1 X95.312 Y115.645 E.30494
G1 X94.777 Y115.645 E.01647
G1 X101.776 Y108.647 E.30494
G1 X101.241 Y108.647 E.01648
G1 X94.243 Y115.645 E.30493
G1 X93.708 Y115.645 E.01647
G1 X100.706 Y108.647 E.30493
G1 X100.172 Y108.647 E.01648
G1 X93.173 Y115.645 E.30492
G1 X92.638 Y115.645 E.01647
G1 X99.637 Y108.647 E.30492
G1 X99.102 Y108.647 E.01648
G1 X92.104 Y115.645 E.30492
G1 X91.569 Y115.645 E.01647
G1 X98.567 Y108.647 E.30491
G1 X98.033 Y108.647 E.01648
G1 X91.034 Y115.645 E.30491
G1 X90.5 Y115.645 E.01647
G1 X97.498 Y108.647 E.30491
G1 X96.963 Y108.647 E.01648
G1 X89.965 Y115.645 E.3049
G1 X89.43 Y115.645 E.01647
G1 X96.428 Y108.648 E.3049
G1 X95.893 Y108.648 E.01648
G1 X88.896 Y115.645 E.30489
G1 X88.361 Y115.645 E.01647
G1 X95.359 Y108.648 E.30489
G1 X94.824 Y108.648 E.01648
G1 X87.826 Y115.645 E.30489
G1 X87.292 Y115.645 E.01647
G1 X94.289 Y108.648 E.30488
G1 X93.754 Y108.648 E.01648
G1 X86.757 Y115.645 E.30488
G1 X86.222 Y115.645 E.01647
G1 X93.22 Y108.648 E.30488
G1 X92.685 Y108.648 E.01648
G1 X85.688 Y115.645 E.30487
G1 X85.153 Y115.645 E.01647
G1 X92.15 Y108.648 E.30487
G1 X91.615 Y108.648 E.01648
G1 X84.618 Y115.645 E.30486
G1 X84.083 Y115.645 E.01647
G1 X91.08 Y108.648 E.30486
G1 X90.546 Y108.649 E.01648
G1 X83.549 Y115.645 E.30486
G1 X83.014 Y115.645 E.01647
G1 X90.011 Y108.649 E.30485
G1 X89.476 Y108.649 E.01648
G1 X82.479 Y115.645 E.30485
G1 X81.945 Y115.645 E.01647
G1 X88.941 Y108.649 E.30485
G1 X88.407 Y108.649 E.01648
G1 X81.41 Y115.645 E.30484
G1 X80.875 Y115.645 E.01647
G1 X87.872 Y108.649 E.30484
G1 X87.337 Y108.649 E.01648
G1 X80.341 Y115.645 E.30483
G1 X79.806 Y115.645 E.01647
G1 X86.802 Y108.649 E.30483
G1 X86.268 Y108.649 E.01648
G1 X79.271 Y115.645 E.30483
G1 X78.737 Y115.645 E.01647
G1 X85.733 Y108.649 E.30482
G1 X85.198 Y108.649 E.01648
G1 X78.202 Y115.645 E.30482
G1 X77.667 Y115.645 E.01647
G1 X84.663 Y108.649 E.30482
G1 X84.128 Y108.65 E.01648
G1 X77.133 Y115.645 E.30481
G1 X76.598 Y115.645 E.01647
G1 X83.594 Y108.65 E.30481
G1 X83.059 Y108.65 E.01648
G1 X76.063 Y115.645 E.3048
G1 X75.528 Y115.645 E.01647
G1 X82.524 Y108.65 E.3048
G1 X81.989 Y108.65 E.01648
G1 X74.994 Y115.645 E.3048
G1 X74.459 Y115.645 E.01647
G1 X81.455 Y108.65 E.30479
G1 X80.92 Y108.65 E.01648
G1 X73.924 Y115.645 E.30479
G1 X73.39 Y115.645 E.01647
G1 X80.385 Y108.65 E.30479
G1 X79.85 Y108.65 E.01648
G1 X72.855 Y115.645 E.30478
G1 X72.32 Y115.645 E.01647
G1 X79.316 Y108.65 E.30478
G1 X78.781 Y108.65 E.01648
G1 X71.786 Y115.645 E.30477
G1 X71.251 Y115.645 E.01647
G1 X78.246 Y108.651 E.30477
G1 X77.711 Y108.651 E.01648
G1 X70.716 Y115.645 E.30477
G1 X70.182 Y115.645 E.01647
G1 X77.176 Y108.651 E.30476
G1 X76.642 Y108.651 E.01648
G1 X69.647 Y115.645 E.30476
G1 X69.112 Y115.645 E.01647
G1 X76.107 Y108.651 E.30476
G1 X75.572 Y108.651 E.01648
G1 X68.578 Y115.645 E.30475
G1 X68.043 Y115.645 E.01647
G1 X75.037 Y108.651 E.30475
G1 X74.503 Y108.651 E.01648
G1 X67.508 Y115.645 E.30474
G1 X66.974 Y115.645 E.01647
G1 X73.968 Y108.651 E.30474
G1 X73.433 Y108.651 E.01648
G1 X66.439 Y115.645 E.30474
G1 X65.904 Y115.645 E.01647
G1 X72.898 Y108.651 E.30473
G1 X72.363 Y108.651 E.01648
G1 X65.369 Y115.645 E.30473
G1 X64.835 Y115.645 E.01647
G1 X71.829 Y108.652 E.30473
G1 X71.294 Y108.652 E.01648
G1 X64.3 Y115.645 E.30472
G1 X63.765 Y115.645 E.01647
G1 X70.759 Y108.652 E.30472
G1 X70.224 Y108.652 E.01648
G1 X63.231 Y115.645 E.30471
G1 X62.696 Y115.645 E.01647
G1 X69.69 Y108.652 E.30471
G1 X69.155 Y108.652 E.01648
G1 X62.161 Y115.645 E.30471
G1 X61.627 Y115.645 E.01647
G1 X68.62 Y108.652 E.3047
G1 X68.085 Y108.652 E.01648
G1 X61.092 Y115.645 E.3047
G1 X60.557 Y115.645 E.01647
G1 X67.551 Y108.652 E.3047
G1 X67.016 Y108.652 E.01648
G1 X60.023 Y115.645 E.30469
G1 X59.488 Y115.645 E.01647
G1 X66.481 Y108.652 E.30469
G1 X65.946 Y108.652 E.01648
G1 X58.953 Y115.645 E.30468
G1 X58.419 Y115.645 E.01647
G1 X65.411 Y108.653 E.30468
G1 X64.877 Y108.653 E.01648
G1 X57.884 Y115.645 E.30468
G1 X57.349 Y115.645 E.01647
G1 X64.342 Y108.653 E.30467
G1 X63.807 Y108.653 E.01648
G1 X56.814 Y115.645 E.30467
G1 X56.28 Y115.645 E.01647
G1 X63.272 Y108.653 E.30467
G1 X62.738 Y108.653 E.01648
G1 X55.745 Y115.645 E.30466
G1 X55.21 Y115.645 E.01647
G1 X62.203 Y108.653 E.30466
G1 X61.668 Y108.653 E.01648
G1 X54.676 Y115.645 E.30465
G1 X54.141 Y115.645 E.01647
G1 X61.133 Y108.653 E.30465
G1 X60.598 Y108.653 E.01648
G1 X53.606 Y115.645 E.30465
G1 X53.072 Y115.645 E.01647
G1 X60.064 Y108.653 E.30464
G1 X59.529 Y108.654 E.01648
G1 X52.625 Y115.558 E.30081
G1 X52.481 Y115.498 E.00478
G1 X52.294 Y115.354 E.00729
G1 X58.994 Y108.654 E.29194
G1 X58.459 Y108.654 E.01648
G1 X52.07 Y115.043 E.27837
G1 X51.998 Y114.868 E.00581
G1 X51.965 Y114.614 E.00791
G1 X57.925 Y108.654 E.25968
G1 X57.39 Y108.654 E.01648
G1 X51.955 Y114.089 E.23682
G1 X51.955 Y113.554 E.01647
G1 X56.855 Y108.654 E.21352
G1 X56.32 Y108.654 E.01648
G1 X51.955 Y113.02 E.19022
G1 X51.955 Y112.485 E.01647
G1 X55.786 Y108.654 E.16692
G1 X55.251 Y108.654 E.01648
G1 X51.955 Y111.95 E.14362
G1 X51.955 Y111.416 E.01647
G1 X54.716 Y108.654 E.12032
G1 X54.181 Y108.654 E.01648
G1 X51.955 Y110.881 E.09702
G1 X51.955 Y110.346 E.01647
G1 X53.646 Y108.654 E.07372
G1 X53.112 Y108.655 E.01648
G1 X51.785 Y109.981 E.05781
; stop printing object curtain-holder.stl id:15 copy 0
;LAYER_CHANGE
;Z:0.6
;HEIGHT:0.2
;BEFORE_LAYER_CHANGE
;0.6
G92 E0

G1 E-.95299 F2400
;WIPE_START
G1 F9716.116
G1 X52.492 Y109.274 E-.24701
;WIPE_END
;_SET_FAN_SPEED_CHANGING_LAYER
; printing object curtain-holder.stl id:15 copy 0
G17
G3 Z1 I.026 J1.217 P1  F9000
G1 X103.91 Y108.181 Z1
G1 Z.6
G1 E1.2 F1800
M204 P2000
;TYPE:Inner wall
;WIDTH:0.449999
G1 F5400
G1 X104.053 Y108.021 E.00712
G1 X104.124 Y107.743 E.00951
G1 X104.124 Y104.024 E.12338
G1 X105.924 Y104.024 E.05972
;WIDTH:0.49864
G1 X106.411 Y104.049 E.0181
;WIDTH:0.547281
G1 X106.897 Y104.073 E.02003
G1 X113.103 Y104.076 E.25505
;WIDTH:0.545908
G1 X113.563 Y104.052 E.01887
;WIDTH:0.497687
G1 X114.075 Y104.028 E.01901
;WIDTH:0.449999
G1 X115.876 Y104.029 E.05975
G1 X115.876 Y107.823 E.12586
G1 X115.991 Y108.089 E.0096
G1 X116.225 Y108.275 E.00994
G1 X116.457 Y108.324 E.00786
G1 X166.86 Y108.324 E1.67195
G1 X167.355 Y108.376 E.01652
G1 X167.686 Y108.513 E.01187
G1 X167.97 Y108.731 E.01187
G1 X168.187 Y109.014 E.01187
G1 X168.324 Y109.345 E.01187
G1 X168.376 Y109.84 E.01652
G1 X168.376 Y114.46 E.15324
G1 X168.324 Y114.955 E.01652
G1 X168.187 Y115.286 E.01187
G1 X167.97 Y115.57 E.01187
G1 X167.686 Y115.787 E.01187
G1 X167.355 Y115.924 E.01187
G1 X166.959 Y115.976 E.01324
G1 X53.14 Y115.976 E3.77557
G1 X52.645 Y115.924 E.01652
G1 X52.314 Y115.787 E.01187
G1 X52.03 Y115.57 E.01187
G1 X51.813 Y115.286 E.01187
G1 X51.676 Y114.955 E.01187
G1 X51.624 Y114.559 E.01324
G1 X51.624 Y109.84 E.15653
G1 X51.676 Y109.345 E.01652
G1 X51.813 Y109.014 E.01187
G1 X52.031 Y108.73 E.01187
G1 X52.314 Y108.513 E.01187
G1 X52.645 Y108.376 E.01187
G1 X53.041 Y108.324 E.01324
G1 X103.611 Y108.324 E1.67751
G1 X103.876 Y108.219 E.00944
G1 X103.883 Y108.21 E.00037
G1 X103.639 Y107.88 F9000
M204 P1000
;TYPE:Outer wall
;WIDTH:0.419999
G1 F3600
G1 X103.71 Y107.743 E.00474
G1 X103.71 Y103.972 E.11587
G1 X103.754 Y103.758 E.00672
G1 X103.858 Y103.654 E.0045
G1 X104.025 Y103.61 E.0053
G1 X114.936 Y103.615 E.33527
G1 X116.071 Y103.632 E.03488
G1 X116.246 Y103.758 E.00662
G1 X116.29 Y103.925 E.0053
G1 X116.29 Y107.743 E.11732
G1 X116.323 Y107.842 E.00322
G1 X116.457 Y107.91 E.00462
G1 X166.86 Y107.91 E1.54873
G1 X167.463 Y107.973 E.01863
G1 X167.894 Y108.151 E.01434
G1 X168.264 Y108.436 E.01434
G1 X168.549 Y108.806 E.01434
G1 X168.727 Y109.237 E.01434
G1 X168.79 Y109.84 E.01863
G1 X168.79 Y114.46 E.14194
G1 X168.727 Y115.063 E.01863
G1 X168.549 Y115.494 E.01434
G1 X168.264 Y115.864 E.01434
G1 X167.894 Y116.149 E.01434
G1 X167.463 Y116.327 E.01434
G1 X166.986 Y116.39 E.01477
G1 X53.14 Y116.39 E3.49816
G1 X52.537 Y116.327 E.01863
G1 X52.106 Y116.149 E.01434
G1 X51.736 Y115.864 E.01434
G1 X51.451 Y115.494 E.01434
G1 X51.273 Y115.063 E.01434
G1 X51.21 Y114.586 E.01477
G1 X51.21 Y109.84 E.14583
G1 X51.273 Y109.237 E.01863
G1 X51.451 Y108.806 E.01434
G1 X51.736 Y108.436 E.01434
G1 X52.106 Y108.151 E.01434
G1 X52.537 Y107.973 E.01434
G1 X53.014 Y107.91 E.01477
G1 X103.543 Y107.91 E1.55262
G1 X103.601 Y107.892 E.00186
G1 E-.84 F2400
;WIPE_START
G1 F3600
G1 X103.71 Y107.743 E-.06654
G1 X103.71 Y106.928 E-.29346
;WIPE_END
G17
G3 Z1 I-.255 J1.19 P1  F9000
G1 X113.461 Y109.021 Z1
G1 Z.6
G1 E1.2 F1800
M204 P2000
;TYPE:Inner wall
;WIDTH:0.449999
G1 F5400
G1 X113.103 Y109.108 E.01221
G1 X106.897 Y109.108 E.20585
G1 X106.434 Y108.995 E.01582
G1 X106.106 Y108.717 E.01428
G1 X105.956 Y108.458 E.00994
G1 X105.876 Y108.088 E.01255
G1 X105.876 Y105.647 E.08096
G1 X105.963 Y105.252 E.01342
G1 X106.106 Y105.018 E.0091
G1 X106.268 Y104.856 E.00761
;WIDTH:0.491455
G1 X106.501 Y104.731 E.00968
;WIDTH:0.53291
G1 X106.735 Y104.606 E.01057
;WIDTH:0.547281
G1 X106.897 Y104.578 E.00676
G1 X113.103 Y104.579 E.25505
;WIDTH:0.561303
G1 X113.268 Y104.593 E.00702
G1 X113.374 Y104.638 E.00483
;WIDTH:0.529495
G1 X113.479 Y104.682 E.00454
;WIDTH:0.497687
G1 X113.894 Y105.018 E.01978
;WIDTH:0.449999
G1 X114.044 Y105.277 E.00994
G1 X114.124 Y105.647 E.01255
G1 X114.124 Y108.088 E.08096
G1 X114.044 Y108.458 E.01255
G1 X113.894 Y108.717 E.00994
G1 X113.566 Y108.995 E.01428
G1 X113.499 Y109.012 E.00228
G1 X113.365 Y108.63 F9000
M204 P1000
;TYPE:Outer wall
;WIDTH:0.419999
G1 F3600
G1 X113.103 Y108.695 E.0083
G1 X106.897 Y108.695 E.19068
G1 X106.56 Y108.587 E.01087
G1 X106.355 Y108.35 E.00963
G1 X106.29 Y107.997 E.01104
G1 X106.29 Y105.647 E.07219
G1 X106.398 Y105.31 E.01087
G1 X106.635 Y105.105 E.00963
G1 X106.897 Y105.04 E.0083
G1 X113.103 Y105.04 E.19068
G1 X113.44 Y105.148 E.01087
G1 X113.645 Y105.385 E.00963
G1 X113.71 Y105.647 E.0083
G1 X113.71 Y108.088 E.07499
G1 X113.602 Y108.425 E.01087
G1 X113.395 Y108.604 E.00841
G1 E-.84 F2400
;WIPE_START
G1 F3600
G1 X113.103 Y108.695 E-.1103
G1 X112.409 Y108.695 E-.2497
;WIPE_END
G1 Z1 F9000
G1 X114.512 Y106.858 Z1
G1 Z.6
G1 E1.2 F1800
M204 P2500
;TYPE:Internal solid infill
G1 F9741.91
G1 X114.97 Y106.762 E.01437
G1 X115.141 Y106.624 E.00675
G1 X115.327 Y106.672 E.00592
G1 X115.493 Y106.837 E.00718
G1 X115.485 Y104.421 E.07425
G1 X114.084 Y104.42 E.04306
G1 X113.83 Y104.444 E.00783
G1 X114.2 Y104.776 E.01527
G1 X114.416 Y105.153 E.01337
G1 X114.516 Y105.647 E.01546
G1 X114.512 Y106.818 E.03598
G1 X115.002 Y106.156 F9000
;WIDTH:0.641774
G1 F6134.174
G1 X114.997 Y105.547 E.02972
G1 X114.995 Y105.507 F9000
;WIDTH:0.628398
G1 F6274.31
G1 X115.019 Y105.4 E.00526
;WIDTH:0.578678
G1 F6856.592
G1 X115.044 Y105.292 E.00481
;WIDTH:0.528957
G1 F7558.003
G1 X115.068 Y105.185 E.00436
;WIDTH:0.479237
G1 F8419.275
G1 X115.093 Y105.078 E.00392
;WIDTH:0.408226
G1 F10055.868
G1 X115.117 Y104.97 E.00328
G1 X115.117 Y104.79 E.00536
G1 X114.64 Y104.79 E.01419
;WIDTH:0.429517
G1 F9502.083
G1 X114.707 Y104.926 E.00479
;WIDTH:0.479237
G1 F8419.275
G1 X114.775 Y105.062 E.00541
;WIDTH:0.528957
G1 F7558.003
G1 X114.842 Y105.199 E.00602
;WIDTH:0.578678
G1 F6856.592
G1 X114.91 Y105.335 E.00664
;WIDTH:0.603538
G1 F6552.54
G1 X114.977 Y105.471 E.00695
G1 E-1.1443 F2400
;WIPE_START
G1 F6552.54
G1 X114.91 Y105.335 E-.0557
;WIPE_END
G17
G3 Z1 I-.272 J-1.186 P1  F9000
G1 X105.484 Y107.494 Z1
G1 Z.6
G1 E1.2 F1800
;WIDTH:0.419999
G1 F9741.91
G1 X105.484 Y105.647 E.05677
G1 X105.596 Y105.13 E.01624
G1 X105.828 Y104.741 E.01393
G1 X106.025 Y104.551 E.00841
G1 X106.222 Y104.43 E.00709
G1 X104.515 Y104.416 E.05246
G1 X104.508 Y106.64 E.06833
G1 X104.652 Y106.661 E.00447
G1 X105.456 Y107.466 E.03495
G1 X104.997 Y106.317 F9000
;WIDTH:0.641089
G1 F6141.198
G1 X105.003 Y105.551 E.03731
G1 X105.005 Y105.511 F9000
;WIDTH:0.627793
G1 F6280.8
G1 X105.051 Y105.415 E.00508
;WIDTH:0.578491
G1 F6858.981
G1 X105.097 Y105.319 E.00465
;WIDTH:0.529189
G1 F7554.405
G1 X105.143 Y105.223 E.00422
;WIDTH:0.479887
G1 F8406.757
G1 X105.189 Y105.127 E.0038
;WIDTH:0.408198
G1 F10056.657
G1 X105.367 Y104.786 E.01143
G1 X104.884 Y104.786 E.01438
G1 X104.883 Y105.079 E.00872
;WIDTH:0.430584
G1 F9475.909
G1 X104.905 Y105.158 E.00258
;WIDTH:0.479887
G1 F8406.757
G1 X104.927 Y105.237 E.00291
;WIDTH:0.529189
G1 F7554.405
G1 X104.95 Y105.315 E.00324
;WIDTH:0.578491
G1 F6858.981
G1 X104.972 Y105.394 E.00357
;WIDTH:0.603142
G1 F6557.17
G1 X104.994 Y105.473 E.00373
G1 E-1.17007 F2400
;WIPE_START
G1 F6557.17
G1 X104.972 Y105.394 E-.02993
;WIPE_END
G17
G3 Z1 I-.067 J1.215 P1  F9000
G1 X166.601 Y108.785 Z1
G1 Z.6
G1 E1.2 F1800
;WIDTH:0.55959
G1 F7109.895
G1 X167.915 Y110.099 E.07823
G1 X167.863 Y109.438 E.02791
G1 X167.763 Y109.22 E.0101
G1 X167.453 Y108.916 E.01831
G1 X167.205 Y108.822 E.01115
G1 X166.641 Y108.788 E.02381
G1 X168.215 Y110.979 F9000
;WIDTH:0.421
G1 F9716.116
G1 X165.89 Y108.654 E.1013
G1 X165.355 Y108.654 E.01648
G1 X168.045 Y111.344 E.1172
G1 X168.045 Y111.879 E.01647
G1 X164.821 Y108.654 E.1405
G1 X164.286 Y108.654 E.01648
G1 X168.045 Y112.414 E.1638
G1 X168.045 Y112.948 E.01647
G1 X163.751 Y108.654 E.1871
G1 X163.216 Y108.654 E.01648
G1 X168.045 Y113.483 E.2104
G1 X168.045 Y114.018 E.01647
G1 X162.682 Y108.654 E.2337
G1 X162.147 Y108.654 E.01648
G1 X168.044 Y114.551 E.25693
G1 X168.002 Y114.868 E.00988
G1 X167.951 Y114.992 E.00413
G1 X161.612 Y108.654 E.27617
G1 X161.077 Y108.654 E.01648
G1 X167.744 Y115.32 E.29046
G1 X167.519 Y115.498 E.00885
G1 X167.426 Y115.537 E.0031
G1 X160.543 Y108.654 E.2999
G1 X160.008 Y108.653 E.01648
G1 X166.993 Y115.638 E.30433
G1 X166.465 Y115.645 E.01625
G1 X159.473 Y108.653 E.30465
G1 X158.938 Y108.653 E.01648
G1 X165.93 Y115.645 E.30465
G1 X165.396 Y115.645 E.01647
G1 X158.403 Y108.653 E.30465
G1 X157.869 Y108.653 E.01648
G1 X164.861 Y115.645 E.30466
G1 X164.326 Y115.645 E.01647
G1 X157.334 Y108.653 E.30466
G1 X156.799 Y108.653 E.01648
G1 X163.792 Y115.645 E.30467
G1 X163.257 Y115.645 E.01647
G1 X156.264 Y108.653 E.30467
G1 X155.73 Y108.653 E.01648
G1 X162.722 Y115.645 E.30467
G1 X162.188 Y115.645 E.01647
G1 X155.195 Y108.653 E.30468
G1 X154.66 Y108.653 E.01648
G1 X161.653 Y115.645 E.30468
G1 X161.118 Y115.645 E.01647
G1 X154.125 Y108.652 E.30468
G1 X153.59 Y108.652 E.01648
G1 X160.584 Y115.645 E.30469
G1 X160.049 Y115.645 E.01647
G1 X153.056 Y108.652 E.30469
G1 X152.521 Y108.652 E.01648
G1 X159.514 Y115.645 E.3047
G1 X158.979 Y115.645 E.01647
G1 X151.986 Y108.652 E.3047
G1 X151.451 Y108.652 E.01648
G1 X158.445 Y115.645 E.3047
G1 X157.91 Y115.645 E.01647
G1 X150.917 Y108.652 E.30471
G1 X150.382 Y108.652 E.01648
G1 X157.375 Y115.645 E.30471
G1 X156.841 Y115.645 E.01647
G1 X149.847 Y108.652 E.30471
G1 X149.312 Y108.652 E.01648
G1 X156.306 Y115.645 E.30472
G1 X155.771 Y115.645 E.01647
G1 X148.778 Y108.652 E.30472
G1 X148.243 Y108.652 E.01648
G1 X155.237 Y115.645 E.30473
G1 X154.702 Y115.645 E.01647
G1 X147.708 Y108.651 E.30473
G1 X147.173 Y108.651 E.01648
G1 X154.167 Y115.645 E.30473
G1 X153.633 Y115.645 E.01647
G1 X146.638 Y108.651 E.30474
G1 X146.104 Y108.651 E.01648
G1 X153.098 Y115.645 E.30474
G1 X152.563 Y115.645 E.01647
G1 X145.569 Y108.651 E.30474
G1 X145.034 Y108.651 E.01648
G1 X152.029 Y115.645 E.30475
G1 X151.494 Y115.645 E.01647
G1 X144.499 Y108.651 E.30475
G1 X143.965 Y108.651 E.01648
G1 X150.959 Y115.645 E.30476
G1 X150.425 Y115.645 E.01647
G1 X143.43 Y108.651 E.30476
G1 X142.895 Y108.651 E.01648
G1 X149.89 Y115.645 E.30476
G1 X149.355 Y115.645 E.01647
G1 X142.36 Y108.651 E.30477
G1 X141.826 Y108.651 E.01648
G1 X148.82 Y115.645 E.30477
G1 X148.286 Y115.645 E.01647
G1 X141.291 Y108.65 E.30477
G1 X140.756 Y108.65 E.01648
G1 X147.751 Y115.645 E.30478
G1 X147.216 Y115.645 E.01647
G1 X140.221 Y108.65 E.30478
G1 X139.686 Y108.65 E.01648
G1 X146.682 Y115.645 E.30479
G1 X146.147 Y115.645 E.01647
G1 X139.152 Y108.65 E.30479
G1 X138.617 Y108.65 E.01648
G1 X145.612 Y115.645 E.30479
G1 X145.078 Y115.645 E.01647
G1 X138.082 Y108.65 E.3048
G1 X137.547 Y108.65 E.01648
G1 X144.543 Y115.645 E.3048
G1 X144.008 Y115.645 E.01647
G1 X137.013 Y108.65 E.3048
G1 X136.478 Y108.65 E.01648
G1 X143.474 Y115.645 E.30481
G1 X142.939 Y115.645 E.01647
G1 X135.943 Y108.65 E.30481
G1 X135.408 Y108.649 E.01648
G1 X142.404 Y115.645 E.30482
G1 X141.87 Y115.645 E.01647
G1 X134.873 Y108.649 E.30482
G1 X134.339 Y108.649 E.01648
G1 X141.335 Y115.645 E.30482
G1 X140.8 Y115.645 E.01647
G1 X133.804 Y108.649 E.30483
G1 X133.269 Y108.649 E.01648
G1 X140.265 Y115.645 E.30483
G1 X139.731 Y115.645 E.01647
G1 X132.734 Y108.649 E.30483
G1 X132.2 Y108.649 E.01648
G1 X139.196 Y115.645 E.30484
G1 X138.661 Y115.645 E.01647
G1 X131.665 Y108.649 E.30484
G1 X131.13 Y108.649 E.01648
G1 X138.127 Y115.645 E.30485
G1 X137.592 Y115.645 E.01647
G1 X130.595 Y108.649 E.30485
G1 X130.061 Y108.649 E.01648
G1 X137.057 Y115.645 E.30485
G1 X136.523 Y115.645 E.01647
G1 X129.526 Y108.649 E.30486
G1 X128.991 Y108.648 E.01648
G1 X135.988 Y115.645 E.30486
G1 X135.453 Y115.645 E.01647
G1 X128.456 Y108.648 E.30486
G1 X127.921 Y108.648 E.01648
G1 X134.919 Y115.645 E.30487
G1 X134.384 Y115.645 E.01647
G1 X127.387 Y108.648 E.30487
G1 X126.852 Y108.648 E.01648
G1 X133.849 Y115.645 E.30488
G1 X133.315 Y115.645 E.01647
G1 X126.317 Y108.648 E.30488
G1 X125.782 Y108.648 E.01648
G1 X132.78 Y115.645 E.30488
G1 X132.245 Y115.645 E.01647
G1 X125.248 Y108.648 E.30489
G1 X124.713 Y108.648 E.01648
G1 X131.71 Y115.645 E.30489
G1 X131.176 Y115.645 E.01647
G1 X124.178 Y108.648 E.30489
G1 X123.643 Y108.648 E.01648
G1 X130.641 Y115.645 E.3049
G1 X130.106 Y115.645 E.01647
G1 X123.108 Y108.648 E.3049
G1 X122.574 Y108.647 E.01648
G1 X129.572 Y115.645 E.30491
G1 X129.037 Y115.645 E.01647
G1 X122.039 Y108.647 E.30491
G1 X121.504 Y108.647 E.01648
G1 X128.502 Y115.645 E.30491
G1 X127.968 Y115.645 E.01647
G1 X120.969 Y108.647 E.30492
G1 X120.435 Y108.647 E.01648
G1 X127.433 Y115.645 E.30492
G1 X126.898 Y115.645 E.01647
G1 X119.9 Y108.647 E.30492
G1 X119.365 Y108.647 E.01648
G1 X126.364 Y115.645 E.30493
G1 X125.829 Y115.645 E.01647
G1 X118.83 Y108.647 E.30493
G1 X118.296 Y108.647 E.01648
G1 X125.294 Y115.645 E.30494
G1 X124.76 Y115.645 E.01647
G1 X117.761 Y108.647 E.30494
G1 X117.226 Y108.647 E.01648
G1 X124.225 Y115.645 E.30494
G1 X123.69 Y115.645 E.01647
G1 X116.522 Y108.477 E.31234
G1 X115.726 Y107.682 F9000
G1 F9716.116
G1 X115.125 Y107.08 E.02619
G1 X114.669 Y107.159 E.01427
G1 X123.156 Y115.645 E.36977
G1 X122.621 Y115.645 E.01647
G1 X114.466 Y107.491 E.35529
G1 X114.448 Y108.007 E.01591
G1 X122.086 Y115.645 E.3328
G1 X121.551 Y115.645 E.01647
G1 X114.381 Y108.475 E.31241
G1 X114.362 Y108.553 E.00246
G1 X114.216 Y108.845 E.01006
G1 X121.017 Y115.645 E.2963
G1 X120.482 Y115.645 E.01647
G1 X113.952 Y109.115 E.28452
G1 X113.836 Y109.224 E.00489
G1 X113.623 Y109.321 E.00721
G1 X119.947 Y115.645 E.27554
G1 X119.413 Y115.645 E.01647
G1 X113.199 Y109.432 E.27074
G1 X112.672 Y109.439 E.01623
G1 X118.878 Y115.645 E.2704
G1 X118.343 Y115.645 E.01647
G1 X112.137 Y109.439 E.2704
G1 X111.603 Y109.439 E.01647
G1 X117.809 Y115.645 E.2704
G1 X117.274 Y115.645 E.01647
G1 X111.068 Y109.439 E.2704
G1 X110.533 Y109.439 E.01647
G1 X116.739 Y115.645 E.2704
G1 X116.205 Y115.645 E.01647
G1 X109.999 Y109.439 E.2704
G1 X109.464 Y109.439 E.01647
G1 X115.67 Y115.645 E.2704
G1 X115.135 Y115.645 E.01647
G1 X108.929 Y109.439 E.2704
G1 X108.395 Y109.439 E.01647
G1 X114.601 Y115.645 E.2704
G1 X114.066 Y115.645 E.01647
G1 X107.86 Y109.439 E.2704
G1 X107.325 Y109.439 E.01647
G1 X113.531 Y115.645 E.2704
G1 X112.996 Y115.645 E.01647
G1 X106.775 Y109.424 E.27105
G1 X106.666 Y109.41 E.0034
G1 X106.292 Y109.296 E.01204
G1 X106.04 Y109.12 E.00948
G1 X105.755 Y108.811 E.01293
G1 X105.639 Y108.554 E.00871
G1 X105.56 Y108.209 E.01088
G1 X104.49 Y107.138 E.04666
G1 X104.444 Y107.627 E.01512
G1 X112.462 Y115.645 E.34936
G1 X111.927 Y115.645 E.01647
G1 X104.375 Y108.093 E.32904
G1 X104.347 Y108.174 E.00264
G1 X104.272 Y108.291 E.00427
G1 X104.154 Y108.407 E.0051
G1 X111.392 Y115.645 E.3154
G1 X110.858 Y115.645 E.01647
G1 X103.818 Y108.605 E.30674
G1 X103.673 Y108.646 E.00462
G1 X103.324 Y108.646 E.01076
G1 X110.323 Y115.645 E.30495
G1 X109.788 Y115.645 E.01647
G1 X102.789 Y108.647 E.30494
G1 X102.255 Y108.647 E.01647
G1 X109.254 Y115.645 E.30494
G1 X108.719 Y115.645 E.01647
G1 X101.72 Y108.647 E.30494
G1 X101.186 Y108.647 E.01647
G1 X108.184 Y115.645 E.30493
G1 X107.65 Y115.645 E.01647
G1 X100.651 Y108.647 E.30493
G1 X100.116 Y108.647 E.01647
G1 X107.115 Y115.645 E.30492
G1 X106.58 Y115.645 E.01647
G1 X99.582 Y108.647 E.30492
G1 X99.047 Y108.647 E.01647
G1 X106.046 Y115.645 E.30492
G1 X105.511 Y115.645 E.01647
G1 X98.513 Y108.647 E.30491
G1 X97.978 Y108.647 E.01647
G1 X104.976 Y115.645 E.30491
G1 X104.442 Y115.645 E.01647
G1 X97.443 Y108.647 E.30491
G1 X96.909 Y108.647 E.01647
G1 X103.907 Y115.645 E.3049
G1 X103.372 Y115.645 E.01647
G1 X96.374 Y108.648 E.3049
G1 X95.84 Y108.648 E.01647
G1 X102.837 Y115.645 E.30489
G1 X102.303 Y115.645 E.01647
G1 X95.305 Y108.648 E.30489
G1 X94.77 Y108.648 E.01647
G1 X101.768 Y115.645 E.30489
G1 X101.233 Y115.645 E.01647
G1 X94.236 Y108.648 E.30488
G1 X93.701 Y108.648 E.01647
G1 X100.699 Y115.645 E.30488
G1 X100.164 Y115.645 E.01647
G1 X93.167 Y108.648 E.30488
G1 X92.632 Y108.648 E.01647
G1 X99.629 Y115.645 E.30487
G1 X99.095 Y115.645 E.01647
G1 X92.097 Y108.648 E.30487
G1 X91.563 Y108.648 E.01647
G1 X98.56 Y115.645 E.30486
G1 X98.025 Y115.645 E.01647
G1 X91.028 Y108.648 E.30486
G1 X90.494 Y108.649 E.01647
G1 X97.491 Y115.645 E.30486
G1 X96.956 Y115.645 E.01647
G1 X89.959 Y108.649 E.30485
G1 X89.424 Y108.649 E.01647
G1 X96.421 Y115.645 E.30485
G1 X95.887 Y115.645 E.01647
G1 X88.89 Y108.649 E.30485
G1 X88.355 Y108.649 E.01647
G1 X95.352 Y115.645 E.30484
G1 X94.817 Y115.645 E.01647
G1 X87.821 Y108.649 E.30484
G1 X87.286 Y108.649 E.01647
G1 X94.282 Y115.645 E.30483
G1 X93.748 Y115.645 E.01647
G1 X86.751 Y108.649 E.30483
G1 X86.217 Y108.649 E.01647
G1 X93.213 Y115.645 E.30483
G1 X92.678 Y115.645 E.01647
G1 X85.682 Y108.649 E.30482
G1 X85.148 Y108.649 E.01647
G1 X92.144 Y115.645 E.30482
G1 X91.609 Y115.645 E.01647
G1 X84.613 Y108.649 E.30482
G1 X84.078 Y108.65 E.01647
G1 X91.074 Y115.645 E.30481
G1 X90.54 Y115.645 E.01647
G1 X83.544 Y108.65 E.30481
G1 X83.009 Y108.65 E.01647
G1 X90.005 Y115.645 E.3048
G1 X89.47 Y115.645 E.01647
G1 X82.475 Y108.65 E.3048
G1 X81.94 Y108.65 E.01647
G1 X88.936 Y115.645 E.3048
G1 X88.401 Y115.645 E.01647
G1 X81.405 Y108.65 E.30479
G1 X80.871 Y108.65 E.01647
G1 X87.866 Y115.645 E.30479
G1 X87.332 Y115.645 E.01647
G1 X80.336 Y108.65 E.30479
G1 X79.802 Y108.65 E.01647
G1 X86.797 Y115.645 E.30478
G1 X86.262 Y115.645 E.01647
G1 X79.267 Y108.65 E.30478
G1 X78.732 Y108.65 E.01647
G1 X85.728 Y115.645 E.30477
G1 X85.193 Y115.645 E.01647
G1 X78.198 Y108.651 E.30477
G1 X77.663 Y108.651 E.01647
G1 X84.658 Y115.645 E.30477
G1 X84.123 Y115.645 E.01647
G1 X77.129 Y108.651 E.30476
G1 X76.594 Y108.651 E.01647
G1 X83.589 Y115.645 E.30476
G1 X83.054 Y115.645 E.01647
G1 X76.059 Y108.651 E.30476
G1 X75.525 Y108.651 E.01647
G1 X82.519 Y115.645 E.30475
G1 X81.985 Y115.645 E.01647
G1 X74.99 Y108.651 E.30475
G1 X74.456 Y108.651 E.01647
G1 X81.45 Y115.645 E.30474
G1 X80.915 Y115.645 E.01647
G1 X73.921 Y108.651 E.30474
G1 X73.386 Y108.651 E.01647
G1 X80.381 Y115.645 E.30474
G1 X79.846 Y115.645 E.01647
G1 X72.852 Y108.651 E.30473
G1 X72.317 Y108.651 E.01647
G1 X79.311 Y115.645 E.30473
G1 X78.777 Y115.645 E.01647
G1 X71.783 Y108.652 E.30473
G1 X71.248 Y108.652 E.01647
G1 X78.242 Y115.645 E.30472
G1 X77.707 Y115.645 E.01647
G1 X70.713 Y108.652 E.30472
G1 X70.179 Y108.652 E.01647
G1 X77.173 Y115.645 E.30471
G1 X76.638 Y115.645 E.01647
G1 X69.644 Y108.652 E.30471
G1 X69.11 Y108.652 E.01647
G1 X76.103 Y115.645 E.30471
G1 X75.568 Y115.645 E.01647
G1 X68.575 Y108.652 E.3047
G1 X68.04 Y108.652 E.01647
G1 X75.034 Y115.645 E.3047
G1 X74.499 Y115.645 E.01647
G1 X67.506 Y108.652 E.3047
G1 X66.971 Y108.652 E.01647
G1 X73.964 Y115.645 E.30469
G1 X73.43 Y115.645 E.01647
G1 X66.437 Y108.652 E.30469
G1 X65.902 Y108.652 E.01647
G1 X72.895 Y115.645 E.30468
G1 X72.36 Y115.645 E.01647
G1 X65.367 Y108.653 E.30468
G1 X64.833 Y108.653 E.01647
G1 X71.826 Y115.645 E.30468
G1 X71.291 Y115.645 E.01647
G1 X64.298 Y108.653 E.30467
G1 X63.764 Y108.653 E.01647
G1 X70.756 Y115.645 E.30467
G1 X70.222 Y115.645 E.01647
G1 X63.229 Y108.653 E.30467
G1 X62.694 Y108.653 E.01647
G1 X69.687 Y115.645 E.30466
G1 X69.152 Y115.645 E.01647
G1 X62.16 Y108.653 E.30466
G1 X61.625 Y108.653 E.01647
G1 X68.618 Y115.645 E.30465
G1 X68.083 Y115.645 E.01647
G1 X61.091 Y108.653 E.30465
G1 X60.556 Y108.653 E.01647
G1 X67.548 Y115.645 E.30465
G1 X67.014 Y115.645 E.01647
G1 X60.021 Y108.653 E.30464
G1 X59.487 Y108.654 E.01647
G1 X66.479 Y115.645 E.30464
G1 X65.944 Y115.645 E.01647
G1 X58.952 Y108.654 E.30464
G1 X58.418 Y108.654 E.01647
G1 X65.409 Y115.645 E.30463
G1 X64.875 Y115.645 E.01647
G1 X57.883 Y108.654 E.30463
G1 X57.349 Y108.654 E.01647
G1 X64.34 Y115.645 E.30462
G1 X63.805 Y115.645 E.01647
G1 X56.814 Y108.654 E.30462
G1 X56.279 Y108.654 E.01647
G1 X63.271 Y115.645 E.30462
G1 X62.736 Y115.645 E.01647
G1 X55.745 Y108.654 E.30461
G1 X55.21 Y108.654 E.01647
G1 X62.201 Y115.645 E.30461
G1 X61.667 Y115.645 E.01647
G1 X54.676 Y108.654 E.30461
G1 X54.141 Y108.654 E.01647
G1 X61.132 Y115.645 E.3046
G1 X60.597 Y115.645 E.01647
G1 X53.606 Y108.654 E.3046
G1 X53.072 Y108.655 E.01647
G1 X60.063 Y115.645 E.30459
G1 X59.528 Y115.645 E.01647
G1 X52.625 Y108.742 E.30077
G1 X52.481 Y108.802 E.00478
G1 X52.294 Y108.946 E.00729
G1 X58.993 Y115.645 E.2919
G1 X58.459 Y115.645 E.01647
G1 X52.07 Y109.257 E.27833
G1 X51.998 Y109.432 E.00581
G1 X51.965 Y109.686 E.00791
G1 X57.924 Y115.645 E.25965
G1 X57.389 Y115.645 E.01647
G1 X51.955 Y110.211 E.23679
G1 X51.955 Y110.746 E.01647
G1 X56.854 Y115.645 E.21349
G1 X56.32 Y115.645 E.01647
G1 X51.955 Y111.28 E.19019
G1 X51.955 Y111.815 E.01647
G1 X55.785 Y115.645 E.1669
G1 X55.25 Y115.645 E.01647
G1 X51.955 Y112.35 E.1436
G1 X51.955 Y112.884 E.01647
G1 X54.716 Y115.645 E.12031
G1 X54.181 Y115.645 E.01647
G1 X51.955 Y113.419 E.09701
G1 X51.955 Y113.954 E.01647
G1 X53.646 Y115.645 E.07371
G1 X53.112 Y115.645 E.01647
G1 X51.785 Y114.319 E.05781
; stop printing object curtain-holder.stl id:15 copy 0
;LAYER_CHANGE
;Z:0.8
;HEIGHT:0.2
;BEFORE_LAYER_CHANGE
;0.8
G92 E0

G1 E-.95299 F2400
;WIPE_START
G1 F9716.116
G1 X52.492 Y115.026 E-.24701
;WIPE_END
;_SET_FAN_SPEED_CHANGING_LAYER
; printing object curtain-holder.stl id:15 copy 0
G17
G3 Z1.2 I.161 J1.206 P1  F9000
G1 X103.91 Y108.181 Z1.2
G1 Z.8
G1 E1.2 F1800
M204 P2000
;TYPE:Inner wall
;WIDTH:0.449999
G1 F5400
G1 X104.053 Y108.021 E.00712
G1 X104.124 Y107.743 E.00951
G1 X104.124 Y104.024 E.12338
G1 X105.924 Y104.025 E.05972
;WIDTH:0.498512
G1 X106.411 Y104.049 E.01809
;WIDTH:0.547025
G1 X106.897 Y104.074 E.02002
G1 X113.103 Y104.077 E.25492
;WIDTH:0.545107
G1 X113.563 Y104.053 E.01883
;WIDTH:0.497329
G1 X114.075 Y104.03 E.01898
;WIDTH:0.449999
G1 X115.876 Y104.031 E.05977
G1 X115.876 Y107.823 E.12579
G1 X115.991 Y108.089 E.0096
G1 X116.225 Y108.275 E.00994
G1 X116.457 Y108.324 E.00786
G1 X166.86 Y108.324 E1.67195
G1 X167.355 Y108.376 E.01652
G1 X167.686 Y108.513 E.01187
G1 X167.97 Y108.731 E.01187
G1 X168.187 Y109.014 E.01187
G1 X168.324 Y109.345 E.01187
G1 X168.376 Y109.84 E.01652
G1 X168.376 Y114.46 E.15324
G1 X168.324 Y114.955 E.01652
G1 X168.187 Y115.286 E.01187
G1 X167.97 Y115.57 E.01187
G1 X167.686 Y115.787 E.01187
G1 X167.355 Y115.924 E.01187
G1 X166.959 Y115.976 E.01324
G1 X53.14 Y115.976 E3.77557
G1 X52.645 Y115.924 E.01652
G1 X52.314 Y115.787 E.01187
G1 X52.031 Y115.57 E.01187
G1 X51.813 Y115.286 E.01187
G1 X51.676 Y114.955 E.01187
G1 X51.624 Y114.559 E.01324
G1 X51.624 Y109.84 E.15653
G1 X51.676 Y109.345 E.01652
G1 X51.813 Y109.014 E.01187
G1 X52.031 Y108.73 E.01187
G1 X52.314 Y108.513 E.01187
G1 X52.645 Y108.376 E.01187
G1 X53.041 Y108.324 E.01324
G1 X103.611 Y108.324 E1.67751
G1 X103.876 Y108.219 E.00944
G1 X103.883 Y108.211 E.00037
G1 X103.639 Y107.88 F9000
M204 P1000
;TYPE:Outer wall
;WIDTH:0.419999
G1 F3600
G1 X103.71 Y107.743 E.00474
G1 X103.71 Y103.972 E.11587
G1 X103.754 Y103.758 E.00672
G1 X103.858 Y103.654 E.0045
G1 X104.025 Y103.61 E.0053
G1 X116.05 Y103.617 E.3695
G1 X116.207 Y103.736 E.00605
G1 X116.29 Y103.921 E.00625
G1 X116.29 Y107.743 E.11743
G1 X116.323 Y107.842 E.00322
G1 X116.457 Y107.91 E.00462
G1 X166.86 Y107.91 E1.54873
G1 X167.463 Y107.973 E.01863
G1 X167.894 Y108.151 E.01434
G1 X168.264 Y108.436 E.01434
G1 X168.549 Y108.806 E.01434
G1 X168.727 Y109.237 E.01434
G1 X168.79 Y109.84 E.01863
G1 X168.79 Y114.46 E.14194
G1 X168.727 Y115.063 E.01863
G1 X168.549 Y115.494 E.01434
G1 X168.264 Y115.864 E.01434
G1 X167.894 Y116.149 E.01434
G1 X167.463 Y116.327 E.01434
G1 X166.986 Y116.39 E.01477
G1 X53.14 Y116.39 E3.49816
G1 X52.537 Y116.327 E.01863
G1 X52.106 Y116.149 E.01434
G1 X51.736 Y115.864 E.01434
G1 X51.451 Y115.494 E.01434
G1 X51.273 Y115.063 E.01434
G1 X51.21 Y114.586 E.01477
G1 X51.21 Y109.84 E.14583
G1 X51.273 Y109.237 E.01863
G1 X51.451 Y108.806 E.01434
G1 X51.736 Y108.436 E.01434
G1 X52.106 Y108.151 E.01434
G1 X52.537 Y107.973 E.01434
G1 X53.014 Y107.91 E.01477
G1 X103.543 Y107.91 E1.55262
G1 X103.601 Y107.892 E.00186
G1 E-.84 F2400
;WIPE_START
G1 F3600
G1 X103.71 Y107.743 E-.06654
G1 X103.71 Y106.928 E-.29346
;WIPE_END
G17
G3 Z1.2 I-.255 J1.19 P1  F9000
G1 X113.461 Y109.021 Z1.2
G1 Z.8
G1 E1.2 F1800
M204 P2000
;TYPE:Inner wall
;WIDTH:0.449999
G1 F5400
G1 X113.103 Y109.108 E.01221
G1 X106.897 Y109.108 E.20585
G1 X106.434 Y108.995 E.01582
G1 X106.106 Y108.717 E.01428
G1 X105.956 Y108.458 E.00994
G1 X105.876 Y108.088 E.01255
G1 X105.876 Y105.647 E.08096
G1 X105.963 Y105.252 E.01342
G1 X106.106 Y105.018 E.0091
G1 X106.268 Y104.856 E.00761
;WIDTH:0.491334
G1 X106.502 Y104.731 E.00968
;WIDTH:0.532669
G1 X106.735 Y104.607 E.01057
;WIDTH:0.547025
G1 X106.897 Y104.578 E.00676
G1 X113.103 Y104.579 E.25492
;WIDTH:0.560469
G1 X113.268 Y104.593 E.00701
G1 X113.374 Y104.638 E.00483
;WIDTH:0.528899
G1 X113.479 Y104.683 E.00453
;WIDTH:0.497329
G1 X113.894 Y105.018 E.01977
;WIDTH:0.449999
G1 X114.044 Y105.277 E.00994
G1 X114.124 Y105.647 E.01255
G1 X114.124 Y108.088 E.08096
G1 X114.044 Y108.458 E.01255
G1 X113.894 Y108.717 E.00994
G1 X113.566 Y108.995 E.01428
G1 X113.499 Y109.012 E.00228
G1 X113.365 Y108.63 F9000
M204 P1000
;TYPE:Outer wall
;WIDTH:0.419999
G1 F3600
G1 X113.103 Y108.695 E.0083
G1 X106.897 Y108.695 E.19068
G1 X106.56 Y108.587 E.01087
G1 X106.355 Y108.35 E.00963
G1 X106.29 Y107.997 E.01104
G1 X106.29 Y105.647 E.07219
G1 X106.398 Y105.31 E.01087
G1 X106.635 Y105.105 E.00963
G1 X106.897 Y105.04 E.0083
G1 X113.103 Y105.04 E.19068
G1 X113.44 Y105.148 E.01087
G1 X113.645 Y105.385 E.00963
G1 X113.71 Y105.647 E.0083
G1 X113.71 Y108.088 E.07499
G1 X113.602 Y108.425 E.01087
G1 X113.395 Y108.604 E.00841
G1 E-.84 F2400
;WIPE_START
G1 F3600
G1 X113.103 Y108.695 E-.1103
G1 X112.409 Y108.695 E-.2497
;WIPE_END
G1 Z1.2 F9000
G1 X114.511 Y107.246 Z1.2
G1 Z.8
G1 E1.2 F1800
M204 P2500
;TYPE:Internal solid infill
G1 F9741.91
G1 X115.09 Y106.667 E.02517
G1 X115.162 Y106.622 E.0026
G1 X115.357 Y106.667 E.00615
G1 X115.493 Y106.775 E.00533
G1 X115.485 Y104.423 E.07228
G1 X114.083 Y104.422 E.04308
G1 X113.832 Y104.445 E.00776
G1 X114.2 Y104.776 E.01521
G1 X114.416 Y105.154 E.01339
G1 X114.516 Y105.647 E.01543
G1 X114.511 Y107.206 E.04792
G1 X115.002 Y106.161 F9000
;WIDTH:0.641799
G1 F6133.914
G1 X114.997 Y105.547 E.02993
G1 X114.995 Y105.507 F9000
;WIDTH:0.628345
G1 F6274.875
G1 X115.019 Y105.4 E.00524
;WIDTH:0.57858
G1 F6857.847
G1 X115.044 Y105.293 E.0048
;WIDTH:0.528814
G1 F7560.236
G1 X115.068 Y105.186 E.00435
;WIDTH:0.479048
G1 F8422.921
G1 X115.093 Y105.079 E.0039
;WIDTH:0.407968
G1 F10062.982
G1 X115.117 Y104.972 E.00327
G1 X115.117 Y104.792 E.00536
G1 X114.641 Y104.791 E.01416
;WIDTH:0.429282
G1 F9507.846
G1 X114.708 Y104.927 E.00478
;WIDTH:0.479048
G1 F8422.921
G1 X114.775 Y105.063 E.00539
;WIDTH:0.528814
G1 F7560.236
G1 X114.843 Y105.199 E.00601
;WIDTH:0.57858
G1 F6857.847
G1 X114.91 Y105.335 E.00662
;WIDTH:0.603463
G1 F6553.422
G1 X114.977 Y105.471 E.00693
G1 E-1.14444 F2400
;WIPE_START
G1 F6553.422
G1 X114.91 Y105.335 E-.05556
;WIPE_END
G17
G3 Z1.2 I-.185 J-1.203 P1  F9000
G1 X105.484 Y106.789 Z1.2
G1 Z.8
G1 E1.2 F1800
;WIDTH:0.419999
G1 F9741.91
G1 X105.484 Y105.647 E.03509
G1 X105.596 Y105.13 E.01624
G1 X105.828 Y104.741 E.01393
G1 X106.026 Y104.551 E.00841
G1 X106.222 Y104.431 E.00707
G1 X104.515 Y104.416 E.05245
G1 X104.506 Y107.119 E.08305
G1 X104.895 Y106.73 E.01689
G1 X105.02 Y106.675 E.00418
G1 X105.178 Y106.746 E.00534
G1 X105.295 Y106.863 E.00509
G1 X105.392 Y106.776 E.00402
G1 X105.445 Y106.783 E.00163
G1 X104.997 Y106.188 F9000
;WIDTH:0.64068
G1 F6145.397
G1 X105.003 Y105.551 E.03101
G1 X105.005 Y105.511 F9000
;WIDTH:0.627787
G1 F6280.872
G1 X105.051 Y105.415 E.00508
;WIDTH:0.578479
G1 F6859.136
G1 X105.097 Y105.319 E.00465
;WIDTH:0.529171
G1 F7554.677
G1 X105.143 Y105.223 E.00422
;WIDTH:0.479864
G1 F8407.197
G1 X105.189 Y105.127 E.00379
;WIDTH:0.408167
G1 F10057.497
G1 X105.367 Y104.786 E.01143
G1 X104.884 Y104.786 E.01438
G1 X104.883 Y105.079 E.00872
;WIDTH:0.430556
G1 F9476.599
G1 X104.905 Y105.158 E.00258
;WIDTH:0.479864
G1 F8407.197
G1 X104.927 Y105.237 E.00291
;WIDTH:0.529171
G1 F7554.677
G1 X104.95 Y105.315 E.00324
;WIDTH:0.578479
G1 F6859.136
G1 X104.972 Y105.394 E.00357
;WIDTH:0.603133
G1 F6557.28
G1 X104.994 Y105.473 E.00373
G1 E-1.17007 F2400
;WIPE_START
G1 F6557.28
G1 X104.972 Y105.394 E-.02993
;WIPE_END
G17
G3 Z1.2 I-.197 J1.201 P1  F9000
G1 X166.601 Y115.515 Z1.2
G1 Z.8
G1 E1.2 F1800
;WIDTH:0.559588
G1 F7109.921
G1 X167.205 Y115.478 E.02549
G1 X167.48 Y115.363 E.01253
G1 X167.784 Y115.053 E.01831
G1 X167.878 Y114.805 E.01115
G1 X167.915 Y114.201 E.02549
G1 X166.629 Y115.486 E.07655
G1 X168.215 Y113.321 F9000
;WIDTH:0.421
G1 F9716.116
G1 X165.89 Y115.645 E.10129
G1 X165.356 Y115.645 E.01647
G1 X168.045 Y112.956 E.11719
G1 X168.045 Y112.421 E.01647
G1 X164.821 Y115.645 E.14049
G1 X164.286 Y115.645 E.01647
G1 X168.045 Y111.886 E.16378
G1 X168.045 Y111.352 E.01647
G1 X163.752 Y115.645 E.18708
G1 X163.217 Y115.645 E.01647
G1 X168.045 Y110.817 E.21038
G1 X168.045 Y110.282 E.01647
G1 X162.682 Y115.645 E.23367
G1 X162.148 Y115.645 E.01647
G1 X168.044 Y109.749 E.25689
G1 X168.002 Y109.432 E.00988
G1 X167.951 Y109.308 E.00413
G1 X161.613 Y115.645 E.27613
G1 X161.078 Y115.645 E.01647
G1 X167.744 Y108.98 E.29041
G1 X167.519 Y108.802 E.00885
G1 X167.426 Y108.763 E.0031
G1 X160.544 Y115.645 E.29986
G1 X160.009 Y115.645 E.01647
G1 X166.993 Y108.662 E.30428
G1 X166.465 Y108.654 E.01625
G1 X159.474 Y115.645 E.3046
G1 X158.94 Y115.645 E.01647
G1 X165.931 Y108.654 E.3046
G1 X165.396 Y108.654 E.01647
G1 X158.405 Y115.645 E.3046
G1 X157.87 Y115.645 E.01647
G1 X164.861 Y108.654 E.30461
G1 X164.327 Y108.654 E.01647
G1 X157.335 Y115.645 E.30461
G1 X156.801 Y115.645 E.01647
G1 X163.792 Y108.654 E.30462
G1 X163.258 Y108.654 E.01647
G1 X156.266 Y115.645 E.30462
G1 X155.731 Y115.645 E.01647
G1 X162.723 Y108.654 E.30462
G1 X162.188 Y108.654 E.01647
G1 X155.197 Y115.645 E.30463
G1 X154.662 Y115.645 E.01647
G1 X161.654 Y108.654 E.30463
G1 X161.119 Y108.654 E.01647
G1 X154.127 Y115.645 E.30463
G1 X153.593 Y115.645 E.01647
G1 X160.585 Y108.654 E.30464
G1 X160.05 Y108.653 E.01647
G1 X153.058 Y115.645 E.30464
G1 X152.523 Y115.645 E.01647
G1 X159.515 Y108.653 E.30465
G1 X158.981 Y108.653 E.01647
G1 X151.989 Y115.645 E.30465
G1 X151.454 Y115.645 E.01647
G1 X158.446 Y108.653 E.30465
G1 X157.912 Y108.653 E.01647
G1 X150.919 Y115.645 E.30466
G1 X150.385 Y115.645 E.01647
G1 X157.377 Y108.653 E.30466
G1 X156.842 Y108.653 E.01647
G1 X149.85 Y115.645 E.30466
G1 X149.315 Y115.645 E.01647
G1 X156.308 Y108.653 E.30467
G1 X155.773 Y108.653 E.01647
G1 X148.78 Y115.645 E.30467
G1 X148.246 Y115.645 E.01647
G1 X155.239 Y108.653 E.30468
G1 X154.704 Y108.653 E.01647
G1 X147.711 Y115.645 E.30468
G1 X147.176 Y115.645 E.01647
G1 X154.169 Y108.652 E.30468
G1 X153.635 Y108.652 E.01647
G1 X146.642 Y115.645 E.30469
G1 X146.107 Y115.645 E.01647
G1 X153.1 Y108.652 E.30469
G1 X152.566 Y108.652 E.01647
G1 X145.572 Y115.645 E.30469
G1 X145.038 Y115.645 E.01647
G1 X152.031 Y108.652 E.3047
G1 X151.496 Y108.652 E.01647
G1 X144.503 Y115.645 E.3047
G1 X143.968 Y115.645 E.01647
G1 X150.962 Y108.652 E.30471
G1 X150.427 Y108.652 E.01647
G1 X143.434 Y115.645 E.30471
G1 X142.899 Y115.645 E.01647
G1 X149.893 Y108.652 E.30471
G1 X149.358 Y108.652 E.01647
G1 X142.364 Y115.645 E.30472
G1 X141.83 Y115.645 E.01647
G1 X148.823 Y108.652 E.30472
G1 X148.289 Y108.652 E.01647
G1 X141.295 Y115.645 E.30472
G1 X140.76 Y115.645 E.01647
G1 X147.754 Y108.651 E.30473
G1 X147.22 Y108.651 E.01647
G1 X140.225 Y115.645 E.30473
G1 X139.691 Y115.645 E.01647
G1 X146.685 Y108.651 E.30474
G1 X146.15 Y108.651 E.01647
G1 X139.156 Y115.645 E.30474
G1 X138.621 Y115.645 E.01647
G1 X145.616 Y108.651 E.30474
G1 X145.081 Y108.651 E.01647
G1 X138.087 Y115.645 E.30475
G1 X137.552 Y115.645 E.01647
G1 X144.547 Y108.651 E.30475
G1 X144.012 Y108.651 E.01647
G1 X137.017 Y115.645 E.30475
G1 X136.483 Y115.645 E.01647
G1 X143.477 Y108.651 E.30476
G1 X142.943 Y108.651 E.01647
G1 X135.948 Y115.645 E.30476
G1 X135.413 Y115.645 E.01647
G1 X142.408 Y108.651 E.30477
G1 X141.874 Y108.651 E.01647
G1 X134.879 Y115.645 E.30477
G1 X134.344 Y115.645 E.01647
G1 X141.339 Y108.65 E.30477
G1 X140.804 Y108.65 E.01647
G1 X133.809 Y115.645 E.30478
G1 X133.275 Y115.645 E.01647
G1 X140.27 Y108.65 E.30478
G1 X139.735 Y108.65 E.01647
G1 X132.74 Y115.645 E.30478
G1 X132.205 Y115.645 E.01647
G1 X139.201 Y108.65 E.30479
G1 X138.666 Y108.65 E.01647
G1 X131.671 Y115.645 E.30479
G1 X131.136 Y115.645 E.01647
G1 X138.131 Y108.65 E.3048
G1 X137.597 Y108.65 E.01647
G1 X130.601 Y115.645 E.3048
G1 X130.066 Y115.645 E.01647
G1 X137.062 Y108.65 E.3048
G1 X136.528 Y108.65 E.01647
G1 X129.532 Y115.645 E.30481
G1 X128.997 Y115.645 E.01647
G1 X135.993 Y108.65 E.30481
G1 X135.458 Y108.649 E.01647
G1 X128.462 Y115.645 E.30481
G1 X127.928 Y115.645 E.01647
G1 X134.924 Y108.649 E.30482
G1 X134.389 Y108.649 E.01647
G1 X127.393 Y115.645 E.30482
G1 X126.858 Y115.645 E.01647
G1 X133.855 Y108.649 E.30483
G1 X133.32 Y108.649 E.01647
G1 X126.324 Y115.645 E.30483
G1 X125.789 Y115.645 E.01647
G1 X132.785 Y108.649 E.30483
G1 X132.251 Y108.649 E.01647
G1 X125.254 Y115.645 E.30484
G1 X124.72 Y115.645 E.01647
G1 X131.716 Y108.649 E.30484
G1 X131.182 Y108.649 E.01647
G1 X124.185 Y115.645 E.30484
G1 X123.65 Y115.645 E.01647
G1 X130.647 Y108.649 E.30485
G1 X130.112 Y108.649 E.01647
G1 X123.116 Y115.645 E.30485
G1 X122.581 Y115.645 E.01647
G1 X129.578 Y108.649 E.30486
G1 X129.043 Y108.648 E.01647
G1 X122.046 Y115.645 E.30486
G1 X121.511 Y115.645 E.01647
G1 X128.509 Y108.648 E.30486
G1 X127.974 Y108.648 E.01647
G1 X120.977 Y115.645 E.30487
G1 X120.442 Y115.645 E.01647
G1 X127.439 Y108.648 E.30487
G1 X126.905 Y108.648 E.01647
G1 X119.907 Y115.645 E.30487
G1 X119.373 Y115.645 E.01647
G1 X126.37 Y108.648 E.30488
G1 X125.836 Y108.648 E.01647
G1 X118.838 Y115.645 E.30488
G1 X118.303 Y115.645 E.01647
G1 X125.301 Y108.648 E.30489
G1 X124.766 Y108.648 E.01647
G1 X117.769 Y115.645 E.30489
G1 X117.234 Y115.645 E.01647
G1 X124.232 Y108.648 E.30489
G1 X123.697 Y108.648 E.01647
G1 X116.699 Y115.645 E.3049
G1 X116.165 Y115.645 E.01647
G1 X123.163 Y108.648 E.3049
G1 X122.628 Y108.647 E.01647
G1 X115.63 Y115.645 E.3049
G1 X115.095 Y115.645 E.01647
G1 X122.093 Y108.647 E.30491
G1 X121.559 Y108.647 E.01647
G1 X114.561 Y115.645 E.30491
G1 X114.026 Y115.645 E.01647
G1 X121.024 Y108.647 E.30492
G1 X120.49 Y108.647 E.01647
G1 X113.491 Y115.645 E.30492
G1 X112.957 Y115.645 E.01647
G1 X119.955 Y108.647 E.30492
G1 X119.42 Y108.647 E.01647
G1 X112.422 Y115.645 E.30493
G1 X111.887 Y115.645 E.01647
G1 X118.886 Y108.647 E.30493
G1 X118.351 Y108.647 E.01647
G1 X111.352 Y115.645 E.30493
G1 X110.818 Y115.645 E.01647
G1 X117.817 Y108.647 E.30494
G1 X117.282 Y108.647 E.01647
G1 X110.283 Y115.645 E.30494
G1 X109.748 Y115.645 E.01647
G1 X116.747 Y108.646 E.30495
G1 X116.327 Y108.646 E.01297
G1 X116.238 Y108.621 E.00284
G1 X109.214 Y115.645 E.30605
G1 X108.679 Y115.645 E.01647
G1 X115.883 Y108.442 E.31386
G1 X115.728 Y108.291 E.00666
G1 X115.643 Y108.146 E.00516
G1 X108.144 Y115.645 E.32673
G1 X107.61 Y115.645 E.01647
G1 X115.557 Y107.698 E.34625
G1 X115.555 Y107.23 E.01442
G1 X115.515 Y107.206 E.00146
G1 X114.426 Y108.294 E.04742
G1 X114.362 Y108.553 E.00821
G1 X114.247 Y108.808 E.00863
G1 X114.132 Y108.948 E.0056
G1 X113.836 Y109.224 E.01245
G1 X113.569 Y109.346 E.00906
G1 X113.306 Y109.414 E.00836
G1 X107.075 Y115.645 E.27149
G1 X106.54 Y115.645 E.01647
G1 X112.746 Y109.439 E.2704
G1 X112.212 Y109.439 E.01647
G1 X106.006 Y115.645 E.2704
G1 X105.471 Y115.645 E.01647
G1 X111.677 Y109.439 E.2704
G1 X111.142 Y109.439 E.01647
G1 X104.936 Y115.645 E.2704
G1 X104.402 Y115.645 E.01647
G1 X110.608 Y109.439 E.2704
G1 X110.073 Y109.439 E.01647
G1 X103.867 Y115.645 E.2704
G1 X103.332 Y115.645 E.01647
G1 X109.538 Y109.439 E.2704
G1 X109.004 Y109.439 E.01647
G1 X102.797 Y115.645 E.2704
G1 X102.263 Y115.645 E.01647
G1 X108.469 Y109.439 E.2704
G1 X107.934 Y109.439 E.01647
G1 X101.728 Y115.645 E.2704
G1 X101.193 Y115.645 E.01647
G1 X107.399 Y109.439 E.2704
G1 X106.868 Y109.437 E.01639
G1 X100.659 Y115.645 E.27052
G1 X100.124 Y115.645 E.01647
G1 X106.431 Y109.338 E.2748
G1 X106.292 Y109.296 E.00448
G1 X106.084 Y109.151 E.00781
G1 X99.589 Y115.645 E.28297
G1 X99.055 Y115.645 E.01647
G1 X105.819 Y108.881 E.29473
G1 X105.755 Y108.811 E.00292
G1 X105.633 Y108.533 E.00938
G1 X98.52 Y115.645 E.30991
G1 X97.985 Y115.645 E.01647
G1 X105.542 Y108.088 E.32927
G1 X105.528 Y107.568 E.01605
G1 X97.451 Y115.645 E.35195
G1 X96.916 Y115.645 E.01647
G1 X105.566 Y106.996 E.37688
G1 X103.55 Y108.477 F9000
G1 F9716.116
G1 X96.381 Y115.645 E.31234
G1 X95.847 Y115.645 E.01647
G1 X102.845 Y108.647 E.30494
G1 X102.311 Y108.647 E.01648
G1 X95.312 Y115.645 E.30494
G1 X94.777 Y115.645 E.01647
G1 X101.776 Y108.647 E.30494
G1 X101.241 Y108.647 E.01648
G1 X94.243 Y115.645 E.30493
G1 X93.708 Y115.645 E.01647
G1 X100.706 Y108.647 E.30493
G1 X100.172 Y108.647 E.01648
G1 X93.173 Y115.645 E.30492
G1 X92.638 Y115.645 E.01647
G1 X99.637 Y108.647 E.30492
G1 X99.102 Y108.647 E.01648
G1 X92.104 Y115.645 E.30492
G1 X91.569 Y115.645 E.01647
G1 X98.567 Y108.647 E.30491
G1 X98.033 Y108.647 E.01648
G1 X91.034 Y115.645 E.30491
G1 X90.5 Y115.645 E.01647
G1 X97.498 Y108.647 E.30491
G1 X96.963 Y108.647 E.01648
G1 X89.965 Y115.645 E.3049
G1 X89.43 Y115.645 E.01647
G1 X96.428 Y108.648 E.3049
G1 X95.893 Y108.648 E.01648
G1 X88.896 Y115.645 E.30489
G1 X88.361 Y115.645 E.01647
G1 X95.359 Y108.648 E.30489
G1 X94.824 Y108.648 E.01648
G1 X87.826 Y115.645 E.30489
G1 X87.292 Y115.645 E.01647
G1 X94.289 Y108.648 E.30488
G1 X93.754 Y108.648 E.01648
G1 X86.757 Y115.645 E.30488
G1 X86.222 Y115.645 E.01647
G1 X93.22 Y108.648 E.30488
G1 X92.685 Y108.648 E.01648
G1 X85.688 Y115.645 E.30487
G1 X85.153 Y115.645 E.01647
G1 X92.15 Y108.648 E.30487
G1 X91.615 Y108.648 E.01648
G1 X84.618 Y115.645 E.30486
G1 X84.083 Y115.645 E.01647
G1 X91.08 Y108.648 E.30486
G1 X90.546 Y108.649 E.01648
G1 X83.549 Y115.645 E.30486
G1 X83.014 Y115.645 E.01647
G1 X90.011 Y108.649 E.30485
G1 X89.476 Y108.649 E.01648
G1 X82.479 Y115.645 E.30485
G1 X81.945 Y115.645 E.01647
G1 X88.941 Y108.649 E.30485
G1 X88.407 Y108.649 E.01648
G1 X81.41 Y115.645 E.30484
G1 X80.875 Y115.645 E.01647
G1 X87.872 Y108.649 E.30484
G1 X87.337 Y108.649 E.01648
G1 X80.341 Y115.645 E.30483
G1 X79.806 Y115.645 E.01647
G1 X86.802 Y108.649 E.30483
G1 X86.268 Y108.649 E.01648
G1 X79.271 Y115.645 E.30483
G1 X78.737 Y115.645 E.01647
G1 X85.733 Y108.649 E.30482
G1 X85.198 Y108.649 E.01648
G1 X78.202 Y115.645 E.30482
G1 X77.667 Y115.645 E.01647
G1 X84.663 Y108.649 E.30482
G1 X84.128 Y108.65 E.01648
G1 X77.133 Y115.645 E.30481
G1 X76.598 Y115.645 E.01647
G1 X83.594 Y108.65 E.30481
G1 X83.059 Y108.65 E.01648
G1 X76.063 Y115.645 E.3048
G1 X75.528 Y115.645 E.01647
G1 X82.524 Y108.65 E.3048
G1 X81.989 Y108.65 E.01648
G1 X74.994 Y115.645 E.3048
G1 X74.459 Y115.645 E.01647
G1 X81.455 Y108.65 E.30479
G1 X80.92 Y108.65 E.01648
G1 X73.924 Y115.645 E.30479
G1 X73.39 Y115.645 E.01647
G1 X80.385 Y108.65 E.30479
G1 X79.85 Y108.65 E.01648
G1 X72.855 Y115.645 E.30478
G1 X72.32 Y115.645 E.01647
G1 X79.316 Y108.65 E.30478
G1 X78.781 Y108.65 E.01648
G1 X71.786 Y115.645 E.30477
G1 X71.251 Y115.645 E.01647
G1 X78.246 Y108.651 E.30477
G1 X77.711 Y108.651 E.01648
G1 X70.716 Y115.645 E.30477
G1 X70.182 Y115.645 E.01647
G1 X77.176 Y108.651 E.30476
G1 X76.642 Y108.651 E.01648
G1 X69.647 Y115.645 E.30476
G1 X69.112 Y115.645 E.01647
G1 X76.107 Y108.651 E.30476
G1 X75.572 Y108.651 E.01648
G1 X68.578 Y115.645 E.30475
G1 X68.043 Y115.645 E.01647
G1 X75.037 Y108.651 E.30475
G1 X74.503 Y108.651 E.01648
G1 X67.508 Y115.645 E.30474
G1 X66.974 Y115.645 E.01647
G1 X73.968 Y108.651 E.30474
G1 X73.433 Y108.651 E.01648
G1 X66.439 Y115.645 E.30474
G1 X65.904 Y115.645 E.01647
G1 X72.898 Y108.651 E.30473
G1 X72.363 Y108.651 E.01648
G1 X65.369 Y115.645 E.30473
G1 X64.835 Y115.645 E.01647
G1 X71.829 Y108.652 E.30473
G1 X71.294 Y108.652 E.01648
G1 X64.3 Y115.645 E.30472
G1 X63.765 Y115.645 E.01647
G1 X70.759 Y108.652 E.30472
G1 X70.224 Y108.652 E.01648
G1 X63.231 Y115.645 E.30471
G1 X62.696 Y115.645 E.01647
G1 X69.69 Y108.652 E.30471
G1 X69.155 Y108.652 E.01648
G1 X62.161 Y115.645 E.30471
G1 X61.627 Y115.645 E.01647
G1 X68.62 Y108.652 E.3047
G1 X68.085 Y108.652 E.01648
G1 X61.092 Y115.645 E.3047
G1 X60.557 Y115.645 E.01647
G1 X67.551 Y108.652 E.3047
G1 X67.016 Y108.652 E.01648
G1 X60.023 Y115.645 E.30469
G1 X59.488 Y115.645 E.01647
G1 X66.481 Y108.652 E.30469
G1 X65.946 Y108.652 E.01648
G1 X58.953 Y115.645 E.30468
G1 X58.419 Y115.645 E.01647
G1 X65.411 Y108.653 E.30468
G1 X64.877 Y108.653 E.01648
G1 X57.884 Y115.645 E.30468
G1 X57.349 Y115.645 E.01647
G1 X64.342 Y108.653 E.30467
G1 X63.807 Y108.653 E.01648
G1 X56.814 Y115.645 E.30467
G1 X56.28 Y115.645 E.01647
G1 X63.272 Y108.653 E.30467
G1 X62.738 Y108.653 E.01648
G1 X55.745 Y115.645 E.30466
G1 X55.21 Y115.645 E.01647
G1 X62.203 Y108.653 E.30466
G1 X61.668 Y108.653 E.01648
G1 X54.676 Y115.645 E.30465
G1 X54.141 Y115.645 E.01647
G1 X61.133 Y108.653 E.30465
G1 X60.598 Y108.653 E.01648
G1 X53.606 Y115.645 E.30465
G1 X53.072 Y115.645 E.01647
G1 X60.064 Y108.653 E.30464
G1 X59.529 Y108.654 E.01648
G1 X52.625 Y115.558 E.30081
G1 X52.481 Y115.498 E.00478
G1 X52.294 Y115.354 E.00729
G1 X58.994 Y108.654 E.29194
G1 X58.459 Y108.654 E.01648
G1 X52.07 Y115.043 E.27837
G1 X51.998 Y114.868 E.00581
G1 X51.965 Y114.614 E.00791
G1 X57.925 Y108.654 E.25968
G1 X57.39 Y108.654 E.01648
G1 X51.955 Y114.089 E.23682
G1 X51.955 Y113.554 E.01647
G1 X56.855 Y108.654 E.21352
G1 X56.32 Y108.654 E.01648
G1 X51.955 Y113.02 E.19022
G1 X51.955 Y112.485 E.01647
G1 X55.786 Y108.654 E.16692
G1 X55.251 Y108.654 E.01648
G1 X51.955 Y111.95 E.14362
G1 X51.955 Y111.416 E.01647
G1 X54.716 Y108.654 E.12032
G1 X54.181 Y108.654 E.01648
G1 X51.955 Y110.881 E.09702
G1 X51.955 Y110.346 E.01647
G1 X53.646 Y108.654 E.07372
G1 X53.112 Y108.655 E.01648
G1 X51.785 Y109.981 E.05781
; stop printing object curtain-holder.stl id:15 copy 0
;LAYER_CHANGE
;Z:1
;HEIGHT:0.2
;BEFORE_LAYER_CHANGE
;1
G92 E0

G1 E-.95299 F2400
;WIPE_START
G1 F9716.116
G1 X52.492 Y109.274 E-.24701
;WIPE_END
;_SET_FAN_SPEED_CHANGING_LAYER
; printing object curtain-holder.stl id:15 copy 0
G17
G3 Z1.4 I.026 J1.217 P1  F9000
G1 X103.91 Y108.181 Z1.4
G1 Z1
G1 E1.2 F1800
M204 P2000
;TYPE:Inner wall
;WIDTH:0.449999
G1 F5400
G1 X104.053 Y108.021 E.00712
G1 X104.124 Y107.743 E.00951
G1 X104.124 Y104.024 E.12338
G1 X105.924 Y104.025 E.05973
;WIDTH:0.498385
G1 X106.411 Y104.05 E.01808
;WIDTH:0.546771
G1 X106.897 Y104.074 E.02
G1 X113.103 Y104.078 E.25479
;WIDTH:0.544308
G1 X113.562 Y104.055 E.01879
;WIDTH:0.496972
G1 X114.074 Y104.032 E.01894
;WIDTH:0.449999
G1 X115.876 Y104.033 E.05979
G1 X115.876 Y107.823 E.12572
G1 X115.991 Y108.089 E.0096
G1 X116.225 Y108.275 E.00994
G1 X116.457 Y108.324 E.00786
G1 X166.86 Y108.324 E1.67195
G1 X167.355 Y108.376 E.01652
G1 X167.686 Y108.513 E.01187
G1 X167.97 Y108.731 E.01187
G1 X168.187 Y109.014 E.01187
G1 X168.324 Y109.345 E.01187
G1 X168.376 Y109.84 E.01652
G1 X168.376 Y114.46 E.15324
G1 X168.324 Y114.955 E.01652
G1 X168.187 Y115.286 E.01187
G1 X167.97 Y115.57 E.01187
G1 X167.686 Y115.787 E.01187
G1 X167.355 Y115.924 E.01187
G1 X166.959 Y115.976 E.01324
G1 X53.14 Y115.976 E3.77557
G1 X52.645 Y115.924 E.01652
G1 X52.314 Y115.787 E.01187
G1 X52.031 Y115.57 E.01187
G1 X51.813 Y115.286 E.01187
G1 X51.676 Y114.955 E.01187
G1 X51.624 Y114.559 E.01324
G1 X51.624 Y109.84 E.15653
G1 X51.676 Y109.345 E.01652
G1 X51.813 Y109.014 E.01187
G1 X52.031 Y108.73 E.01187
G1 X52.314 Y108.513 E.01187
G1 X52.645 Y108.376 E.01187
G1 X53.041 Y108.324 E.01324
G1 X103.611 Y108.324 E1.67751
G1 X103.876 Y108.219 E.00944
G1 X103.883 Y108.211 E.00037
G1 X103.639 Y107.88 F9000
M204 P1000
;TYPE:Outer wall
;WIDTH:0.419999
G1 F3600
G1 X103.71 Y107.743 E.00474
G1 X103.71 Y103.972 E.11587
G1 X103.754 Y103.758 E.00672
G1 X103.858 Y103.654 E.0045
G1 X104.025 Y103.61 E.0053
G1 X115.949 Y103.619 E.36642
G1 X116.204 Y103.705 E.00825
G1 X116.29 Y103.914 E.00694
G1 X116.29 Y107.743 E.11766
G1 X116.323 Y107.842 E.00322
G1 X116.457 Y107.91 E.00462
G1 X166.86 Y107.91 E1.54873
G1 X167.463 Y107.973 E.01863
G1 X167.894 Y108.151 E.01434
G1 X168.264 Y108.436 E.01434
G1 X168.549 Y108.806 E.01434
G1 X168.727 Y109.237 E.01434
G1 X168.79 Y109.84 E.01863
G1 X168.79 Y114.46 E.14194
G1 X168.727 Y115.063 E.01863
G1 X168.549 Y115.494 E.01434
G1 X168.264 Y115.864 E.01434
G1 X167.894 Y116.149 E.01434
G1 X167.463 Y116.327 E.01434
G1 X166.986 Y116.39 E.01477
G1 X53.14 Y116.39 E3.49816
G1 X52.537 Y116.327 E.01863
G1 X52.106 Y116.149 E.01434
G1 X51.736 Y115.864 E.01434
G1 X51.451 Y115.494 E.01434
G1 X51.273 Y115.063 E.01434
G1 X51.21 Y114.586 E.01477
G1 X51.21 Y109.84 E.14583
G1 X51.273 Y109.237 E.01863
G1 X51.451 Y108.806 E.01434
G1 X51.736 Y108.436 E.01434
G1 X52.106 Y108.151 E.01434
G1 X52.537 Y107.973 E.01434
G1 X53.014 Y107.91 E.01477
G1 X103.543 Y107.91 E1.55262
G1 X103.601 Y107.892 E.00186
G1 E-.84 F2400
;WIPE_START
G1 F3600
G1 X103.71 Y107.743 E-.06654
G1 X103.71 Y106.928 E-.29346
;WIPE_END
G17
G3 Z1.4 I-.255 J1.19 P1  F9000
G1 X113.461 Y109.021 Z1.4
G1 Z1
G1 E1.2 F1800
M204 P2000
;TYPE:Inner wall
;WIDTH:0.449999
G1 F5400
G1 X113.103 Y109.108 E.01221
G1 X106.897 Y109.108 E.20585
G1 X106.434 Y108.995 E.01582
G1 X106.106 Y108.717 E.01428
G1 X105.956 Y108.458 E.00994
G1 X105.876 Y108.165 E.01007
G1 X105.876 Y105.647 E.08351
G1 X105.963 Y105.252 E.01341
G1 X106.106 Y105.018 E.0091
G1 X106.268 Y104.856 E.00761
;WIDTH:0.491216
G1 X106.502 Y104.731 E.00967
;WIDTH:0.532433
G1 X106.735 Y104.607 E.01056
;WIDTH:0.546771
G1 X106.897 Y104.578 E.00675
G1 X113.103 Y104.579 E.25479
;WIDTH:0.559633
G1 X113.268 Y104.594 E.00699
G1 X113.374 Y104.638 E.00482
;WIDTH:0.528303
G1 X113.479 Y104.683 E.00452
;WIDTH:0.496972
G1 X113.894 Y105.018 E.01975
;WIDTH:0.449999
G1 X114.044 Y105.277 E.00994
G1 X114.124 Y105.647 E.01255
G1 X114.124 Y108.088 E.08096
G1 X114.044 Y108.458 E.01255
G1 X113.894 Y108.717 E.00994
G1 X113.566 Y108.995 E.01428
G1 X113.499 Y109.012 E.00228
G1 X113.365 Y108.63 F9000
M204 P1000
;TYPE:Outer wall
;WIDTH:0.419999
G1 F3600
G1 X113.103 Y108.695 E.0083
G1 X106.897 Y108.695 E.19068
G1 X106.56 Y108.587 E.01087
G1 X106.355 Y108.35 E.00963
G1 X106.29 Y108.11 E.00764
G1 X106.29 Y105.647 E.07567
G1 X106.398 Y105.31 E.01087
G1 X106.635 Y105.105 E.00963
G1 X106.897 Y105.04 E.0083
G1 X113.103 Y105.04 E.19069
G1 X113.44 Y105.148 E.01087
G1 X113.645 Y105.385 E.00963
G1 X113.71 Y105.647 E.0083
G1 X113.71 Y108.088 E.07499
G1 X113.602 Y108.425 E.01087
G1 X113.395 Y108.604 E.00841
G1 E-.84 F2400
;WIPE_START
G1 F3600
G1 X113.103 Y108.695 E-.1103
G1 X112.409 Y108.695 E-.2497
;WIPE_END
G1 Z1.4 F9000
G1 X114.512 Y106.858 Z1.4
G1 Z1
G1 E1.2 F1800
M204 P2500
;TYPE:Internal solid infill
G1 F9741.91
G1 X114.97 Y106.762 E.01437
G1 X115.141 Y106.624 E.00675
G1 X115.327 Y106.672 E.00592
G1 X115.493 Y106.837 E.00718
G1 X115.485 Y104.425 E.07413
G1 X114.082 Y104.424 E.0431
G1 X113.833 Y104.446 E.00768
G1 X114.2 Y104.776 E.01515
G1 X114.417 Y105.155 E.01342
G1 X114.516 Y105.647 E.01541
G1 X114.512 Y106.818 E.03598
G1 X115.002 Y106.156 F9000
;WIDTH:0.641768
G1 F6134.228
G1 X114.997 Y105.547 E.02971
G1 X114.995 Y105.507 F9000
;WIDTH:0.628293
G1 F6275.437
G1 X115.019 Y105.401 E.00523
;WIDTH:0.578482
G1 F6859.092
G1 X115.044 Y105.294 E.00478
;WIDTH:0.528672
G1 F7562.446
G1 X115.068 Y105.187 E.00434
;WIDTH:0.478861
G1 F8426.53
G1 X115.093 Y105.08 E.00389
;WIDTH:0.407713
G1 F10070.028
G1 X115.118 Y104.973 E.00326
G1 X115.117 Y104.794 E.00535
G1 X114.642 Y104.793 E.01413
;WIDTH:0.429051
G1 F9513.548
G1 X114.709 Y104.929 E.00476
;WIDTH:0.478861
G1 F8426.53
G1 X114.776 Y105.065 E.00538
;WIDTH:0.528672
G1 F7562.446
G1 X114.843 Y105.2 E.00599
;WIDTH:0.578482
G1 F6859.092
G1 X114.91 Y105.336 E.00661
;WIDTH:0.603388
G1 F6554.297
G1 X114.977 Y105.472 E.00691
G1 E-1.14458 F2400
;WIPE_START
G1 F6554.297
G1 X114.91 Y105.336 E-.05542
;WIPE_END
G17
G3 Z1.4 I-.272 J-1.186 P1  F9000
G1 X105.484 Y107.494 Z1.4
G1 Z1
G1 E1.2 F1800
;WIDTH:0.419999
G1 F9741.91
G1 X105.484 Y105.647 E.05677
G1 X105.596 Y105.13 E.01624
G1 X105.828 Y104.741 E.01393
G1 X106.026 Y104.551 E.00841
G1 X106.222 Y104.431 E.00705
G1 X104.515 Y104.416 E.05244
G1 X104.508 Y106.64 E.06832
G1 X104.652 Y106.661 E.00447
G1 X105.456 Y107.466 E.03495
G1 X104.997 Y106.317 F9000
;WIDTH:0.641087
G1 F6141.219
G1 X105.003 Y105.551 E.03731
G1 X105.005 Y105.511 F9000
;WIDTH:0.627784
G1 F6280.902
G1 X105.051 Y105.415 E.00508
;WIDTH:0.578471
G1 F6859.244
G1 X105.097 Y105.319 E.00465
;WIDTH:0.529157
G1 F7554.895
G1 X105.143 Y105.223 E.00422
;WIDTH:0.479844
G1 F8407.574
G1 X105.189 Y105.127 E.00379
;WIDTH:0.40814
G1 F10058.252
G1 X105.367 Y104.787 E.01142
G1 X104.884 Y104.786 E.01437
G1 X104.883 Y105.079 E.00872
;WIDTH:0.430531
G1 F9477.216
G1 X104.905 Y105.158 E.00258
;WIDTH:0.479844
G1 F8407.574
G1 X104.927 Y105.237 E.00291
;WIDTH:0.529157
G1 F7554.895
G1 X104.95 Y105.315 E.00324
;WIDTH:0.578471
G1 F6859.244
G1 X104.972 Y105.394 E.00357
;WIDTH:0.603127
G1 F6557.345
G1 X104.994 Y105.473 E.00373
G1 E-1.17007 F2400
;WIPE_START
G1 F6557.345
G1 X104.972 Y105.394 E-.02993
;WIPE_END
G17
G3 Z1.4 I-.067 J1.215 P1  F9000
G1 X166.601 Y108.785 Z1.4
G1 Z1
G1 E1.2 F1800
;WIDTH:0.55959
G1 F7109.902
G1 X167.915 Y110.099 E.07823
G1 X167.863 Y109.438 E.02791
G1 X167.763 Y109.22 E.0101
G1 X167.453 Y108.916 E.01831
G1 X167.205 Y108.822 E.01115
G1 X166.641 Y108.788 E.02381
G1 X168.215 Y110.979 F9000
;WIDTH:0.421
G1 F9716.116
G1 X165.89 Y108.654 E.1013
G1 X165.355 Y108.654 E.01648
G1 X168.045 Y111.344 E.1172
G1 X168.045 Y111.879 E.01647
G1 X164.821 Y108.654 E.1405
G1 X164.286 Y108.654 E.01648
G1 X168.045 Y112.414 E.1638
G1 X168.045 Y112.948 E.01647
G1 X163.751 Y108.654 E.1871
G1 X163.216 Y108.654 E.01648
G1 X168.045 Y113.483 E.2104
G1 X168.045 Y114.018 E.01647
G1 X162.682 Y108.654 E.2337
G1 X162.147 Y108.654 E.01648
G1 X168.044 Y114.551 E.25693
G1 X168.002 Y114.868 E.00988
G1 X167.951 Y114.992 E.00413
G1 X161.612 Y108.654 E.27617
G1 X161.077 Y108.654 E.01648
G1 X167.744 Y115.32 E.29046
G1 X167.519 Y115.498 E.00885
G1 X167.426 Y115.537 E.0031
G1 X160.543 Y108.654 E.2999
G1 X160.008 Y108.653 E.01648
G1 X166.993 Y115.638 E.30433
G1 X166.465 Y115.645 E.01625
G1 X159.473 Y108.653 E.30465
G1 X158.938 Y108.653 E.01648
G1 X165.93 Y115.645 E.30465
G1 X165.396 Y115.645 E.01647
G1 X158.403 Y108.653 E.30465
G1 X157.869 Y108.653 E.01648
G1 X164.861 Y115.645 E.30466
G1 X164.326 Y115.645 E.01647
G1 X157.334 Y108.653 E.30466
G1 X156.799 Y108.653 E.01648
G1 X163.792 Y115.645 E.30467
G1 X163.257 Y115.645 E.01647
G1 X156.264 Y108.653 E.30467
G1 X155.73 Y108.653 E.01648
G1 X162.722 Y115.645 E.30467
G1 X162.188 Y115.645 E.01647
G1 X155.195 Y108.653 E.30468
G1 X154.66 Y108.653 E.01648
G1 X161.653 Y115.645 E.30468
G1 X161.118 Y115.645 E.01647
G1 X154.125 Y108.652 E.30468
G1 X153.59 Y108.652 E.01648
G1 X160.584 Y115.645 E.30469
G1 X160.049 Y115.645 E.01647
G1 X153.056 Y108.652 E.30469
G1 X152.521 Y108.652 E.01648
G1 X159.514 Y115.645 E.3047
G1 X158.979 Y115.645 E.01647
G1 X151.986 Y108.652 E.3047
G1 X151.451 Y108.652 E.01648
G1 X158.445 Y115.645 E.3047
G1 X157.91 Y115.645 E.01647
G1 X150.917 Y108.652 E.30471
G1 X150.382 Y108.652 E.01648
G1 X157.375 Y115.645 E.30471
G1 X156.841 Y115.645 E.01647
G1 X149.847 Y108.652 E.30471
G1 X149.312 Y108.652 E.01648
G1 X156.306 Y115.645 E.30472
G1 X155.771 Y115.645 E.01647
G1 X148.778 Y108.652 E.30472
G1 X148.243 Y108.652 E.01648
G1 X155.237 Y115.645 E.30473
G1 X154.702 Y115.645 E.01647
G1 X147.708 Y108.651 E.30473
G1 X147.173 Y108.651 E.01648
G1 X154.167 Y115.645 E.30473
G1 X153.633 Y115.645 E.01647
G1 X146.638 Y108.651 E.30474
G1 X146.104 Y108.651 E.01648
G1 X153.098 Y115.645 E.30474
G1 X152.563 Y115.645 E.01647
G1 X145.569 Y108.651 E.30474
G1 X145.034 Y108.651 E.01648
G1 X152.029 Y115.645 E.30475
G1 X151.494 Y115.645 E.01647
G1 X144.499 Y108.651 E.30475
G1 X143.965 Y108.651 E.01648
G1 X150.959 Y115.645 E.30476
G1 X150.425 Y115.645 E.01647
G1 X143.43 Y108.651 E.30476
G1 X142.895 Y108.651 E.01648
G1 X149.89 Y115.645 E.30476
G1 X149.355 Y115.645 E.01647
G1 X142.36 Y108.651 E.30477
G1 X141.826 Y108.651 E.01648
G1 X148.82 Y115.645 E.30477
G1 X148.286 Y115.645 E.01647
G1 X141.291 Y108.65 E.30477
G1 X140.756 Y108.65 E.01648
G1 X147.751 Y115.645 E.30478
G1 X147.216 Y115.645 E.01647
G1 X140.221 Y108.65 E.30478
G1 X139.686 Y108.65 E.01648
G1 X146.682 Y115.645 E.30479
G1 X146.147 Y115.645 E.01647
G1 X139.152 Y108.65 E.30479
G1 X138.617 Y108.65 E.01648
G1 X145.612 Y115.645 E.30479
G1 X145.078 Y115.645 E.01647
G1 X138.082 Y108.65 E.3048
G1 X137.547 Y108.65 E.01648
G1 X144.543 Y115.645 E.3048
G1 X144.008 Y115.645 E.01647
G1 X137.013 Y108.65 E.3048
G1 X136.478 Y108.65 E.01648
G1 X143.474 Y115.645 E.30481
G1 X142.939 Y115.645 E.01647
G1 X135.943 Y108.65 E.30481
G1 X135.408 Y108.649 E.01648
G1 X142.404 Y115.645 E.30482
G1 X141.87 Y115.645 E.01647
G1 X134.873 Y108.649 E.30482
G1 X134.339 Y108.649 E.01648
G1 X141.335 Y115.645 E.30482
G1 X140.8 Y115.645 E.01647
G1 X133.804 Y108.649 E.30483
G1 X133.269 Y108.649 E.01648
G1 X140.265 Y115.645 E.30483
G1 X139.731 Y115.645 E.01647
G1 X132.734 Y108.649 E.30483
G1 X132.2 Y108.649 E.01648
G1 X139.196 Y115.645 E.30484
G1 X138.661 Y115.645 E.01647
G1 X131.665 Y108.649 E.30484
G1 X131.13 Y108.649 E.01648
G1 X138.127 Y115.645 E.30485
G1 X137.592 Y115.645 E.01647
G1 X130.595 Y108.649 E.30485
G1 X130.061 Y108.649 E.01648
G1 X137.057 Y115.645 E.30485
G1 X136.523 Y115.645 E.01647
G1 X129.526 Y108.649 E.30486
G1 X128.991 Y108.648 E.01648
G1 X135.988 Y115.645 E.30486
G1 X135.453 Y115.645 E.01647
G1 X128.456 Y108.648 E.30486
G1 X127.921 Y108.648 E.01648
G1 X134.919 Y115.645 E.30487
G1 X134.384 Y115.645 E.01647
G1 X127.387 Y108.648 E.30487
G1 X126.852 Y108.648 E.01648
G1 X133.849 Y115.645 E.30488
G1 X133.315 Y115.645 E.01647
G1 X126.317 Y108.648 E.30488
G1 X125.782 Y108.648 E.01648
G1 X132.78 Y115.645 E.30488
G1 X132.245 Y115.645 E.01647
G1 X125.248 Y108.648 E.30489
G1 X124.713 Y108.648 E.01648
G1 X131.71 Y115.645 E.30489
G1 X131.176 Y115.645 E.01647
G1 X124.178 Y108.648 E.30489
G1 X123.643 Y108.648 E.01648
G1 X130.641 Y115.645 E.3049
G1 X130.106 Y115.645 E.01647
G1 X123.108 Y108.648 E.3049
G1 X122.574 Y108.647 E.01648
G1 X129.572 Y115.645 E.30491
G1 X129.037 Y115.645 E.01647
G1 X122.039 Y108.647 E.30491
G1 X121.504 Y108.647 E.01648
G1 X128.502 Y115.645 E.30491
G1 X127.968 Y115.645 E.01647
G1 X120.969 Y108.647 E.30492
G1 X120.435 Y108.647 E.01648
G1 X127.433 Y115.645 E.30492
G1 X126.898 Y115.645 E.01647
G1 X119.9 Y108.647 E.30492
G1 X119.365 Y108.647 E.01648
G1 X126.364 Y115.645 E.30493
G1 X125.829 Y115.645 E.01647
G1 X118.83 Y108.647 E.30493
G1 X118.296 Y108.647 E.01648
G1 X125.294 Y115.645 E.30494
G1 X124.76 Y115.645 E.01647
G1 X117.761 Y108.647 E.30494
G1 X117.226 Y108.647 E.01648
G1 X124.225 Y115.645 E.30494
G1 X123.69 Y115.645 E.01647
G1 X116.522 Y108.477 E.31234
G1 X115.726 Y107.682 F9000
G1 F9716.116
G1 X115.125 Y107.08 E.02619
G1 X114.669 Y107.159 E.01427
G1 X123.156 Y115.645 E.36977
G1 X122.621 Y115.645 E.01647
G1 X114.466 Y107.491 E.35529
G1 X114.448 Y108.007 E.01591
G1 X122.086 Y115.645 E.3328
G1 X121.551 Y115.645 E.01647
G1 X114.381 Y108.475 E.31241
G1 X114.362 Y108.553 E.00246
G1 X114.216 Y108.845 E.01006
G1 X121.017 Y115.645 E.2963
G1 X120.482 Y115.645 E.01647
G1 X113.952 Y109.115 E.28452
G1 X113.836 Y109.224 E.00489
G1 X113.623 Y109.321 E.00721
G1 X119.947 Y115.645 E.27554
G1 X119.413 Y115.645 E.01647
G1 X113.199 Y109.432 E.27074
G1 X112.672 Y109.439 E.01623
G1 X118.878 Y115.645 E.2704
G1 X118.343 Y115.645 E.01647
G1 X112.137 Y109.439 E.2704
G1 X111.603 Y109.439 E.01647
G1 X117.809 Y115.645 E.2704
G1 X117.274 Y115.645 E.01647
G1 X111.068 Y109.439 E.2704
G1 X110.533 Y109.439 E.01647
G1 X116.739 Y115.645 E.2704
G1 X116.205 Y115.645 E.01647
G1 X109.999 Y109.439 E.2704
G1 X109.464 Y109.439 E.01647
G1 X115.67 Y115.645 E.2704
G1 X115.135 Y115.645 E.01647
G1 X108.929 Y109.439 E.2704
G1 X108.395 Y109.439 E.01647
G1 X114.601 Y115.645 E.2704
G1 X114.066 Y115.645 E.01647
G1 X107.86 Y109.439 E.2704
G1 X107.325 Y109.439 E.01647
G1 X113.531 Y115.645 E.2704
G1 X112.996 Y115.645 E.01647
G1 X106.775 Y109.424 E.27105
G1 X106.666 Y109.41 E.0034
G1 X106.292 Y109.296 E.01204
G1 X106.04 Y109.12 E.00948
G1 X105.755 Y108.811 E.01293
G1 X105.639 Y108.554 E.00871
G1 X105.56 Y108.209 E.01088
G1 X104.49 Y107.138 E.04666
G1 X104.444 Y107.627 E.01512
G1 X112.462 Y115.645 E.34936
G1 X111.927 Y115.645 E.01647
G1 X104.375 Y108.093 E.32904
G1 X104.347 Y108.174 E.00264
G1 X104.272 Y108.291 E.00427
G1 X104.154 Y108.407 E.0051
G1 X111.392 Y115.645 E.3154
G1 X110.858 Y115.645 E.01647
G1 X103.818 Y108.605 E.30674
G1 X103.673 Y108.646 E.00462
G1 X103.324 Y108.646 E.01076
G1 X110.323 Y115.645 E.30495
G1 X109.788 Y115.645 E.01647
G1 X102.789 Y108.647 E.30494
G1 X102.255 Y108.647 E.01647
G1 X109.254 Y115.645 E.30494
G1 X108.719 Y115.645 E.01647
G1 X101.72 Y108.647 E.30494
G1 X101.186 Y108.647 E.01647
G1 X108.184 Y115.645 E.30493
G1 X107.65 Y115.645 E.01647
G1 X100.651 Y108.647 E.30493
G1 X100.116 Y108.647 E.01647
G1 X107.115 Y115.645 E.30492
G1 X106.58 Y115.645 E.01647
G1 X99.582 Y108.647 E.30492
G1 X99.047 Y108.647 E.01647
G1 X106.046 Y115.645 E.30492
G1 X105.511 Y115.645 E.01647
G1 X98.513 Y108.647 E.30491
G1 X97.978 Y108.647 E.01647
G1 X104.976 Y115.645 E.30491
G1 X104.442 Y115.645 E.01647
G1 X97.443 Y108.647 E.30491
G1 X96.909 Y108.647 E.01647
G1 X103.907 Y115.645 E.3049
G1 X103.372 Y115.645 E.01647
G1 X96.374 Y108.648 E.3049
G1 X95.84 Y108.648 E.01647
G1 X102.837 Y115.645 E.30489
G1 X102.303 Y115.645 E.01647
G1 X95.305 Y108.648 E.30489
G1 X94.77 Y108.648 E.01647
G1 X101.768 Y115.645 E.30489
G1 X101.233 Y115.645 E.01647
G1 X94.236 Y108.648 E.30488
G1 X93.701 Y108.648 E.01647
G1 X100.699 Y115.645 E.30488
G1 X100.164 Y115.645 E.01647
G1 X93.167 Y108.648 E.30488
G1 X92.632 Y108.648 E.01647
G1 X99.629 Y115.645 E.30487
G1 X99.095 Y115.645 E.01647
G1 X92.097 Y108.648 E.30487
G1 X91.563 Y108.648 E.01647
G1 X98.56 Y115.645 E.30486
G1 X98.025 Y115.645 E.01647
G1 X91.028 Y108.648 E.30486
G1 X90.494 Y108.649 E.01647
G1 X97.491 Y115.645 E.30486
G1 X96.956 Y115.645 E.01647
G1 X89.959 Y108.649 E.30485
G1 X89.424 Y108.649 E.01647
G1 X96.421 Y115.645 E.30485
G1 X95.887 Y115.645 E.01647
G1 X88.89 Y108.649 E.30485
G1 X88.355 Y108.649 E.01647
G1 X95.352 Y115.645 E.30484
G1 X94.817 Y115.645 E.01647
G1 X87.821 Y108.649 E.30484
G1 X87.286 Y108.649 E.01647
G1 X94.282 Y115.645 E.30483
G1 X93.748 Y115.645 E.01647
G1 X86.751 Y108.649 E.30483
G1 X86.217 Y108.649 E.01647
G1 X93.213 Y115.645 E.30483
G1 X92.678 Y115.645 E.01647
G1 X85.682 Y108.649 E.30482
G1 X85.148 Y108.649 E.01647
G1 X92.144 Y115.645 E.30482
G1 X91.609 Y115.645 E.01647
G1 X84.613 Y108.649 E.30482
G1 X84.078 Y108.65 E.01647
G1 X91.074 Y115.645 E.30481
G1 X90.54 Y115.645 E.01647
G1 X83.544 Y108.65 E.30481
G1 X83.009 Y108.65 E.01647
G1 X90.005 Y115.645 E.3048
G1 X89.47 Y115.645 E.01647
G1 X82.475 Y108.65 E.3048
G1 X81.94 Y108.65 E.01647
G1 X88.936 Y115.645 E.3048
G1 X88.401 Y115.645 E.01647
G1 X81.405 Y108.65 E.30479
G1 X80.871 Y108.65 E.01647
G1 X87.866 Y115.645 E.30479
G1 X87.332 Y115.645 E.01647
G1 X80.336 Y108.65 E.30479
G1 X79.802 Y108.65 E.01647
G1 X86.797 Y115.645 E.30478
G1 X86.262 Y115.645 E.01647
G1 X79.267 Y108.65 E.30478
G1 X78.732 Y108.65 E.01647
G1 X85.728 Y115.645 E.30477
G1 X85.193 Y115.645 E.01647
G1 X78.198 Y108.651 E.30477
G1 X77.663 Y108.651 E.01647
G1 X84.658 Y115.645 E.30477
G1 X84.123 Y115.645 E.01647
G1 X77.129 Y108.651 E.30476
G1 X76.594 Y108.651 E.01647
G1 X83.589 Y115.645 E.30476
G1 X83.054 Y115.645 E.01647
G1 X76.059 Y108.651 E.30476
G1 X75.525 Y108.651 E.01647
G1 X82.519 Y115.645 E.30475
G1 X81.985 Y115.645 E.01647
G1 X74.99 Y108.651 E.30475
G1 X74.456 Y108.651 E.01647
G1 X81.45 Y115.645 E.30474
G1 X80.915 Y115.645 E.01647
G1 X73.921 Y108.651 E.30474
G1 X73.386 Y108.651 E.01647
G1 X80.381 Y115.645 E.30474
G1 X79.846 Y115.645 E.01647
G1 X72.852 Y108.651 E.30473
G1 X72.317 Y108.651 E.01647
G1 X79.311 Y115.645 E.30473
G1 X78.777 Y115.645 E.01647
G1 X71.783 Y108.652 E.30473
G1 X71.248 Y108.652 E.01647
G1 X78.242 Y115.645 E.30472
G1 X77.707 Y115.645 E.01647
G1 X70.713 Y108.652 E.30472
G1 X70.179 Y108.652 E.01647
G1 X77.173 Y115.645 E.30471
G1 X76.638 Y115.645 E.01647
G1 X69.644 Y108.652 E.30471
G1 X69.11 Y108.652 E.01647
G1 X76.103 Y115.645 E.30471
G1 X75.568 Y115.645 E.01647
G1 X68.575 Y108.652 E.3047
G1 X68.04 Y108.652 E.01647
G1 X75.034 Y115.645 E.3047
G1 X74.499 Y115.645 E.01647
G1 X67.506 Y108.652 E.3047
G1 X66.971 Y108.652 E.01647
G1 X73.964 Y115.645 E.30469
G1 X73.43 Y115.645 E.01647
G1 X66.437 Y108.652 E.30469
G1 X65.902 Y108.652 E.01647
G1 X72.895 Y115.645 E.30468
G1 X72.36 Y115.645 E.01647
G1 X65.367 Y108.653 E.30468
G1 X64.833 Y108.653 E.01647
G1 X71.826 Y115.645 E.30468
G1 X71.291 Y115.645 E.01647
G1 X64.298 Y108.653 E.30467
G1 X63.764 Y108.653 E.01647
G1 X70.756 Y115.645 E.30467
G1 X70.222 Y115.645 E.01647
G1 X63.229 Y108.653 E.30467
G1 X62.694 Y108.653 E.01647
G1 X69.687 Y115.645 E.30466
G1 X69.152 Y115.645 E.01647
G1 X62.16 Y108.653 E.30466
G1 X61.625 Y108.653 E.01647
G1 X68.618 Y115.645 E.30465
G1 X68.083 Y115.645 E.01647
G1 X61.091 Y108.653 E.30465
G1 X60.556 Y108.653 E.01647
G1 X67.548 Y115.645 E.30465
G1 X67.014 Y115.645 E.01647
G1 X60.021 Y108.653 E.30464
G1 X59.487 Y108.654 E.01647
G1 X66.479 Y115.645 E.30464
G1 X65.944 Y115.645 E.01647
G1 X58.952 Y108.654 E.30464
G1 X58.418 Y108.654 E.01647
G1 X65.409 Y115.645 E.30463
G1 X64.875 Y115.645 E.01647
G1 X57.883 Y108.654 E.30463
G1 X57.349 Y108.654 E.01647
G1 X64.34 Y115.645 E.30462
G1 X63.805 Y115.645 E.01647
G1 X56.814 Y108.654 E.30462
G1 X56.279 Y108.654 E.01647
G1 X63.271 Y115.645 E.30462
G1 X62.736 Y115.645 E.01647
G1 X55.745 Y108.654 E.30461
G1 X55.21 Y108.654 E.01647
G1 X62.201 Y115.645 E.30461
G1 X61.667 Y115.645 E.01647
G1 X54.676 Y108.654 E.30461
G1 X54.141 Y108.654 E.01647
G1 X61.132 Y115.645 E.3046
G1 X60.597 Y115.645 E.01647
G1 X53.606 Y108.654 E.3046
G1 X53.072 Y108.655 E.01647
G1 X60.063 Y115.645 E.30459
G1 X59.528 Y115.645 E.01647
G1 X52.625 Y108.742 E.30077
G1 X52.481 Y108.802 E.00478
G1 X52.294 Y108.946 E.00729
G1 X58.993 Y115.645 E.2919
G1 X58.459 Y115.645 E.01647
G1 X52.07 Y109.257 E.27833
G1 X51.998 Y109.432 E.00581
G1 X51.965 Y109.686 E.00791
G1 X57.924 Y115.645 E.25965
G1 X57.389 Y115.645 E.01647
G1 X51.955 Y110.211 E.23679
G1 X51.955 Y110.746 E.01647
G1 X56.854 Y115.645 E.21349
G1 X56.32 Y115.645 E.01647
G1 X51.955 Y111.28 E.19019
G1 X51.955 Y111.815 E.01647
G1 X55.785 Y115.645 E.1669
G1 X55.25 Y115.645 E.01647
G1 X51.955 Y112.35 E.1436
G1 X51.955 Y112.884 E.01647
G1 X54.716 Y115.645 E.12031
G1 X54.181 Y115.645 E.01647
G1 X51.955 Y113.419 E.09701
G1 X51.955 Y113.954 E.01647
G1 X53.646 Y115.645 E.07371
G1 X53.112 Y115.645 E.01647
G1 X51.785 Y114.319 E.05781
; stop printing object curtain-holder.stl id:15 copy 0
;LAYER_CHANGE
;Z:1.2
;HEIGHT:0.2
;BEFORE_LAYER_CHANGE
;1.2
G92 E0

G1 E-.95299 F2400
;WIPE_START
G1 F9716.116
G1 X52.492 Y115.026 E-.24701
;WIPE_END
;_SET_FAN_SPEED_CHANGING_LAYER
; printing object curtain-holder.stl id:15 copy 0
G17
G3 Z1.6 I.161 J1.206 P1  F9000
G1 X103.91 Y108.181 Z1.6
G1 Z1.2
G1 E1.2 F1800
M204 P2000
;TYPE:Inner wall
;WIDTH:0.449999
G1 F5400
G1 X104.053 Y108.021 E.00712
G1 X104.124 Y107.743 E.00951
G1 X104.124 Y104.024 E.12337
G1 X105.924 Y104.025 E.05974
;WIDTH:0.498258
G1 X106.411 Y104.05 E.01807
;WIDTH:0.546517
G1 X106.897 Y104.075 E.01999
G1 X113.103 Y104.079 E.25466
;WIDTH:0.543511
G1 X113.562 Y104.056 E.01876
;WIDTH:0.496616
G1 X114.073 Y104.033 E.01891
;WIDTH:0.449999
G1 X115.876 Y104.035 E.05982
G1 X115.876 Y107.823 E.12565
G1 X115.991 Y108.089 E.0096
G1 X116.225 Y108.275 E.00994
G1 X116.457 Y108.324 E.00786
G1 X166.86 Y108.324 E1.67195
G1 X167.355 Y108.376 E.01652
G1 X167.686 Y108.513 E.01187
G1 X167.97 Y108.731 E.01187
G1 X168.187 Y109.014 E.01187
G1 X168.324 Y109.345 E.01187
G1 X168.376 Y109.84 E.01652
G1 X168.376 Y114.46 E.15324
G1 X168.324 Y114.955 E.01652
G1 X168.187 Y115.286 E.01187
G1 X167.97 Y115.569 E.01187
G1 X167.686 Y115.787 E.01187
G1 X167.355 Y115.924 E.01187
G1 X166.959 Y115.976 E.01324
G1 X53.14 Y115.976 E3.77557
G1 X52.645 Y115.924 E.01652
G1 X52.314 Y115.787 E.01187
G1 X52.03 Y115.57 E.01187
G1 X51.813 Y115.286 E.01187
G1 X51.676 Y114.955 E.01187
G1 X51.624 Y114.559 E.01324
G1 X51.624 Y109.84 E.15653
G1 X51.676 Y109.345 E.01652
G1 X51.813 Y109.014 E.01187
G1 X52.031 Y108.73 E.01187
G1 X52.314 Y108.513 E.01187
G1 X52.645 Y108.376 E.01187
G1 X53.041 Y108.324 E.01324
G1 X103.611 Y108.324 E1.67751
G1 X103.876 Y108.219 E.00944
G1 X103.883 Y108.211 E.00037
G1 X103.639 Y107.88 F9000
M204 P1000
;TYPE:Outer wall
;WIDTH:0.419999
G1 F3600
G1 X103.71 Y107.743 E.00474
G1 X103.71 Y103.925 E.11732
G1 X103.794 Y103.715 E.00694
G1 X104.029 Y103.61 E.00792
G1 X116.042 Y103.622 E.36911
G1 X116.203 Y103.704 E.00556
G1 X116.29 Y103.914 E.00699
G1 X116.29 Y107.743 E.11766
G1 X116.323 Y107.842 E.00322
G1 X116.457 Y107.91 E.00462
G1 X166.86 Y107.91 E1.54873
G1 X167.463 Y107.973 E.01863
G1 X167.894 Y108.151 E.01434
G1 X168.264 Y108.436 E.01434
G1 X168.549 Y108.806 E.01434
G1 X168.727 Y109.237 E.01434
G1 X168.79 Y109.84 E.01863
G1 X168.79 Y114.46 E.14194
G1 X168.727 Y115.063 E.01863
G1 X168.549 Y115.494 E.01434
G1 X168.264 Y115.864 E.01434
G1 X167.894 Y116.149 E.01434
G1 X167.463 Y116.327 E.01434
G1 X166.986 Y116.39 E.01477
G1 X53.14 Y116.39 E3.49816
G1 X52.537 Y116.327 E.01863
G1 X52.106 Y116.149 E.01434
G1 X51.736 Y115.864 E.01434
G1 X51.451 Y115.494 E.01434
G1 X51.273 Y115.063 E.01434
G1 X51.21 Y114.586 E.01477
G1 X51.21 Y109.84 E.14583
G1 X51.273 Y109.237 E.01863
G1 X51.451 Y108.806 E.01434
G1 X51.736 Y108.436 E.01434
G1 X52.106 Y108.151 E.01434
G1 X52.537 Y107.973 E.01434
G1 X53.014 Y107.91 E.01477
G1 X103.543 Y107.91 E1.55262
G1 X103.601 Y107.892 E.00186
G1 E-.84 F2400
;WIPE_START
G1 F3600
G1 X103.71 Y107.743 E-.06654
G1 X103.71 Y106.928 E-.29346
;WIPE_END
G17
G3 Z1.6 I-.255 J1.19 P1  F9000
G1 X113.461 Y109.021 Z1.6
G1 Z1.2
G1 E1.2 F1800
M204 P2000
;TYPE:Inner wall
;WIDTH:0.449999
G1 F5400
G1 X113.103 Y109.108 E.01221
G1 X106.897 Y109.108 E.20585
G1 X106.434 Y108.995 E.01582
G1 X106.106 Y108.717 E.01428
G1 X105.956 Y108.458 E.00994
G1 X105.876 Y108.165 E.01007
G1 X105.876 Y105.647 E.08351
G1 X105.963 Y105.252 E.01341
G1 X106.106 Y105.018 E.0091
G1 X106.268 Y104.856 E.00761
;WIDTH:0.491097
G1 X106.502 Y104.731 E.00967
;WIDTH:0.532195
G1 X106.735 Y104.607 E.01056
;WIDTH:0.546517
G1 X106.897 Y104.578 E.00675
G1 X113.103 Y104.58 E.25466
;WIDTH:0.5588
G1 X113.268 Y104.594 E.00698
G1 X113.374 Y104.638 E.00481
;WIDTH:0.527708
G1 X113.479 Y104.683 E.00452
;WIDTH:0.496616
G1 X113.894 Y105.018 E.01973
;WIDTH:0.449999
G1 X114.044 Y105.277 E.00994
G1 X114.124 Y105.647 E.01255
G1 X114.124 Y108.088 E.08096
G1 X114.044 Y108.458 E.01255
G1 X113.894 Y108.717 E.00994
G1 X113.566 Y108.995 E.01428
G1 X113.499 Y109.012 E.00228
G1 X113.365 Y108.63 F9000
M204 P1000
;TYPE:Outer wall
;WIDTH:0.419999
G1 F3600
G1 X113.103 Y108.695 E.0083
G1 X106.897 Y108.695 E.19068
G1 X106.56 Y108.587 E.01087
G1 X106.355 Y108.35 E.00964
G1 X106.29 Y108.11 E.00764
G1 X106.29 Y105.647 E.07567
G1 X106.398 Y105.31 E.01087
G1 X106.635 Y105.105 E.00963
G1 X106.897 Y105.04 E.0083
G1 X113.103 Y105.04 E.19069
G1 X113.44 Y105.148 E.01087
G1 X113.645 Y105.385 E.00963
G1 X113.71 Y105.647 E.0083
G1 X113.71 Y108.088 E.07499
G1 X113.602 Y108.425 E.01087
G1 X113.395 Y108.604 E.00841
G1 E-.84 F2400
;WIPE_START
G1 F3600
G1 X113.103 Y108.695 E-.11029
G1 X112.409 Y108.695 E-.24971
;WIPE_END
G1 Z1.6 F9000
G1 X114.511 Y107.246 Z1.6
G1 Z1.2
G1 E1.2 F1800
M204 P2500
;TYPE:Internal solid infill
G1 F9741.91
G1 X115.09 Y106.667 E.02517
G1 X115.162 Y106.622 E.0026
G1 X115.357 Y106.667 E.00615
G1 X115.493 Y106.775 E.00533
G1 X115.485 Y104.427 E.07216
G1 X114.081 Y104.425 E.04313
G1 X113.835 Y104.448 E.00761
G1 X114.2 Y104.776 E.01509
G1 X114.417 Y105.156 E.01344
G1 X114.516 Y105.647 E.01538
G1 X114.511 Y107.206 E.04792
G1 X115.002 Y106.161 F9000
;WIDTH:0.641792
G1 F6133.985
G1 X114.997 Y105.547 E.02992
G1 X114.995 Y105.507 F9000
;WIDTH:0.628241
G1 F6275.999
G1 X115.019 Y105.401 E.00521
;WIDTH:0.578385
G1 F6860.337
G1 X115.044 Y105.295 E.00477
;WIDTH:0.52853
G1 F7564.657
G1 X115.069 Y105.188 E.00432
;WIDTH:0.478674
G1 F8430.143
G1 X115.093 Y105.082 E.00388
;WIDTH:0.407457
G1 F10077.081
G1 X115.118 Y104.975 E.00325
G1 X115.117 Y104.795 E.00534
G1 X114.642 Y104.795 E.01411
;WIDTH:0.428819
G1 F9519.259
G1 X114.709 Y104.93 E.00475
;WIDTH:0.478674
G1 F8430.143
G1 X114.776 Y105.066 E.00536
;WIDTH:0.52853
G1 F7564.657
G1 X114.843 Y105.201 E.00597
;WIDTH:0.578385
G1 F6860.337
G1 X114.91 Y105.336 E.00659
;WIDTH:0.603313
G1 F6555.171
G1 X114.977 Y105.472 E.0069
G1 E-1.14472 F2400
;WIPE_START
G1 F6555.171
G1 X114.91 Y105.336 E-.05528
;WIPE_END
G17
G3 Z1.6 I-.185 J-1.203 P1  F9000
G1 X105.484 Y106.789 Z1.6
G1 Z1.2
G1 E1.2 F1800
;WIDTH:0.419999
G1 F9741.91
G1 X105.484 Y105.647 E.03509
G1 X105.596 Y105.13 E.01624
G1 X105.828 Y104.741 E.01393
G1 X106.026 Y104.551 E.00842
G1 X106.221 Y104.431 E.00704
G1 X104.515 Y104.416 E.05243
G1 X104.506 Y107.119 E.08304
G1 X104.895 Y106.73 E.01689
G1 X105.02 Y106.675 E.00418
G1 X105.178 Y106.746 E.00534
G1 X105.295 Y106.863 E.00509
G1 X105.392 Y106.776 E.00402
G1 X105.445 Y106.783 E.00163
G1 X104.997 Y106.188 F9000
;WIDTH:0.64068
G1 F6145.394
G1 X105.003 Y105.551 E.03101
G1 X105.005 Y105.511 F9000
;WIDTH:0.627781
G1 F6280.931
G1 X105.051 Y105.415 E.00508
;WIDTH:0.578462
G1 F6859.351
G1 X105.097 Y105.319 E.00465
;WIDTH:0.529143
G1 F7555.112
G1 X105.143 Y105.223 E.00422
;WIDTH:0.479825
G1 F8407.952
G1 X105.189 Y105.127 E.00379
;WIDTH:0.408112
G1 F10059.008
G1 X105.367 Y104.787 E.01142
G1 X104.884 Y104.786 E.01437
G1 X104.883 Y105.079 E.00871
;WIDTH:0.430506
G1 F9477.833
G1 X104.905 Y105.158 E.00258
;WIDTH:0.479825
G1 F8407.952
G1 X104.927 Y105.237 E.00291
;WIDTH:0.529143
G1 F7555.112
G1 X104.949 Y105.315 E.00324
;WIDTH:0.578462
G1 F6859.351
G1 X104.972 Y105.394 E.00357
;WIDTH:0.603122
G1 F6557.411
G1 X104.994 Y105.473 E.00373
G1 E-1.17007 F2400
;WIPE_START
G1 F6557.411
G1 X104.972 Y105.394 E-.02993
;WIPE_END
G17
G3 Z1.6 I-.197 J1.201 P1  F9000
G1 X166.601 Y115.515 Z1.6
G1 Z1.2
G1 E1.2 F1800
;WIDTH:0.559588
G1 F7109.929
G1 X167.205 Y115.478 E.02549
G1 X167.48 Y115.363 E.01253
G1 X167.784 Y115.053 E.01831
G1 X167.878 Y114.805 E.01115
G1 X167.915 Y114.201 E.02549
G1 X166.629 Y115.486 E.07655
G1 X168.215 Y113.321 F9000
;WIDTH:0.421
G1 F9716.116
G1 X165.89 Y115.645 E.10129
G1 X165.356 Y115.645 E.01647
G1 X168.045 Y112.956 E.11719
G1 X168.045 Y112.421 E.01647
G1 X164.821 Y115.645 E.14049
G1 X164.286 Y115.645 E.01647
G1 X168.045 Y111.886 E.16378
G1 X168.045 Y111.352 E.01647
G1 X163.752 Y115.645 E.18708
G1 X163.217 Y115.645 E.01647
G1 X168.045 Y110.817 E.21038
G1 X168.045 Y110.282 E.01647
G1 X162.682 Y115.645 E.23367
G1 X162.148 Y115.645 E.01647
G1 X168.044 Y109.749 E.25689
G1 X168.002 Y109.432 E.00988
G1 X167.951 Y109.308 E.00413
G1 X161.613 Y115.645 E.27613
G1 X161.078 Y115.645 E.01647
G1 X167.744 Y108.98 E.29041
G1 X167.519 Y108.802 E.00885
G1 X167.426 Y108.763 E.0031
G1 X160.544 Y115.645 E.29986
G1 X160.009 Y115.645 E.01647
G1 X166.993 Y108.662 E.30428
G1 X166.465 Y108.654 E.01625
G1 X159.474 Y115.645 E.3046
G1 X158.94 Y115.645 E.01647
G1 X165.931 Y108.654 E.3046
G1 X165.396 Y108.654 E.01647
G1 X158.405 Y115.645 E.3046
G1 X157.87 Y115.645 E.01647
G1 X164.861 Y108.654 E.30461
G1 X164.327 Y108.654 E.01647
G1 X157.335 Y115.645 E.30461
G1 X156.801 Y115.645 E.01647
G1 X163.792 Y108.654 E.30462
G1 X163.258 Y108.654 E.01647
G1 X156.266 Y115.645 E.30462
G1 X155.731 Y115.645 E.01647
G1 X162.723 Y108.654 E.30462
G1 X162.188 Y108.654 E.01647
G1 X155.197 Y115.645 E.30463
G1 X154.662 Y115.645 E.01647
G1 X161.654 Y108.654 E.30463
G1 X161.119 Y108.654 E.01647
G1 X154.127 Y115.645 E.30463
G1 X153.593 Y115.645 E.01647
G1 X160.585 Y108.654 E.30464
G1 X160.05 Y108.653 E.01647
G1 X153.058 Y115.645 E.30464
G1 X152.523 Y115.645 E.01647
G1 X159.515 Y108.653 E.30465
G1 X158.981 Y108.653 E.01647
G1 X151.989 Y115.645 E.30465
G1 X151.454 Y115.645 E.01647
G1 X158.446 Y108.653 E.30465
G1 X157.912 Y108.653 E.01647
G1 X150.919 Y115.645 E.30466
G1 X150.385 Y115.645 E.01647
G1 X157.377 Y108.653 E.30466
G1 X156.842 Y108.653 E.01647
G1 X149.85 Y115.645 E.30466
G1 X149.315 Y115.645 E.01647
G1 X156.308 Y108.653 E.30467
G1 X155.773 Y108.653 E.01647
G1 X148.78 Y115.645 E.30467
G1 X148.246 Y115.645 E.01647
G1 X155.239 Y108.653 E.30468
G1 X154.704 Y108.653 E.01647
G1 X147.711 Y115.645 E.30468
G1 X147.176 Y115.645 E.01647
G1 X154.169 Y108.652 E.30468
G1 X153.635 Y108.652 E.01647
G1 X146.642 Y115.645 E.30469
G1 X146.107 Y115.645 E.01647
G1 X153.1 Y108.652 E.30469
G1 X152.566 Y108.652 E.01647
G1 X145.572 Y115.645 E.30469
G1 X145.038 Y115.645 E.01647
G1 X152.031 Y108.652 E.3047
G1 X151.496 Y108.652 E.01647
G1 X144.503 Y115.645 E.3047
G1 X143.968 Y115.645 E.01647
G1 X150.962 Y108.652 E.30471
G1 X150.427 Y108.652 E.01647
G1 X143.434 Y115.645 E.30471
G1 X142.899 Y115.645 E.01647
G1 X149.893 Y108.652 E.30471
G1 X149.358 Y108.652 E.01647
G1 X142.364 Y115.645 E.30472
G1 X141.83 Y115.645 E.01647
G1 X148.823 Y108.652 E.30472
G1 X148.289 Y108.652 E.01647
G1 X141.295 Y115.645 E.30472
G1 X140.76 Y115.645 E.01647
G1 X147.754 Y108.651 E.30473
G1 X147.22 Y108.651 E.01647
G1 X140.225 Y115.645 E.30473
G1 X139.691 Y115.645 E.01647
G1 X146.685 Y108.651 E.30474
G1 X146.15 Y108.651 E.01647
G1 X139.156 Y115.645 E.30474
G1 X138.621 Y115.645 E.01647
G1 X145.616 Y108.651 E.30474
G1 X145.081 Y108.651 E.01647
G1 X138.087 Y115.645 E.30475
G1 X137.552 Y115.645 E.01647
G1 X144.547 Y108.651 E.30475
G1 X144.012 Y108.651 E.01647
G1 X137.017 Y115.645 E.30475
G1 X136.483 Y115.645 E.01647
G1 X143.477 Y108.651 E.30476
G1 X142.943 Y108.651 E.01647
G1 X135.948 Y115.645 E.30476
G1 X135.413 Y115.645 E.01647
G1 X142.408 Y108.651 E.30477
G1 X141.874 Y108.651 E.01647
G1 X134.879 Y115.645 E.30477
G1 X134.344 Y115.645 E.01647
G1 X141.339 Y108.65 E.30477
G1 X140.804 Y108.65 E.01647
G1 X133.809 Y115.645 E.30478
G1 X133.275 Y115.645 E.01647
G1 X140.27 Y108.65 E.30478
G1 X139.735 Y108.65 E.01647
G1 X132.74 Y115.645 E.30478
G1 X132.205 Y115.645 E.01647
G1 X139.201 Y108.65 E.30479
G1 X138.666 Y108.65 E.01647
G1 X131.671 Y115.645 E.30479
G1 X131.136 Y115.645 E.01647
G1 X138.131 Y108.65 E.3048
G1 X137.597 Y108.65 E.01647
G1 X130.601 Y115.645 E.3048
G1 X130.066 Y115.645 E.01647
G1 X137.062 Y108.65 E.3048
G1 X136.528 Y108.65 E.01647
G1 X129.532 Y115.645 E.30481
G1 X128.997 Y115.645 E.01647
G1 X135.993 Y108.65 E.30481
G1 X135.458 Y108.649 E.01647
G1 X128.462 Y115.645 E.30481
G1 X127.928 Y115.645 E.01647
G1 X134.924 Y108.649 E.30482
G1 X134.389 Y108.649 E.01647
G1 X127.393 Y115.645 E.30482
G1 X126.858 Y115.645 E.01647
G1 X133.855 Y108.649 E.30483
G1 X133.32 Y108.649 E.01647
G1 X126.324 Y115.645 E.30483
G1 X125.789 Y115.645 E.01647
G1 X132.785 Y108.649 E.30483
G1 X132.251 Y108.649 E.01647
G1 X125.254 Y115.645 E.30484
G1 X124.72 Y115.645 E.01647
G1 X131.716 Y108.649 E.30484
G1 X131.182 Y108.649 E.01647
G1 X124.185 Y115.645 E.30484
G1 X123.65 Y115.645 E.01647
G1 X130.647 Y108.649 E.30485
G1 X130.112 Y108.649 E.01647
G1 X123.116 Y115.645 E.30485
G1 X122.581 Y115.645 E.01647
G1 X129.578 Y108.649 E.30486
G1 X129.043 Y108.648 E.01647
G1 X122.046 Y115.645 E.30486
G1 X121.511 Y115.645 E.01647
G1 X128.509 Y108.648 E.30486
G1 X127.974 Y108.648 E.01647
G1 X120.977 Y115.645 E.30487
G1 X120.442 Y115.645 E.01647
G1 X127.439 Y108.648 E.30487
G1 X126.905 Y108.648 E.01647
G1 X119.907 Y115.645 E.30487
G1 X119.373 Y115.645 E.01647
G1 X126.37 Y108.648 E.30488
G1 X125.836 Y108.648 E.01647
G1 X118.838 Y115.645 E.30488
G1 X118.303 Y115.645 E.01647
G1 X125.301 Y108.648 E.30489
G1 X124.766 Y108.648 E.01647
G1 X117.769 Y115.645 E.30489
G1 X117.234 Y115.645 E.01647
G1 X124.232 Y108.648 E.30489
G1 X123.697 Y108.648 E.01647
G1 X116.699 Y115.645 E.3049
G1 X116.165 Y115.645 E.01647
G1 X123.163 Y108.648 E.3049
G1 X122.628 Y108.647 E.01647
G1 X115.63 Y115.645 E.3049
G1 X115.095 Y115.645 E.01647
G1 X122.093 Y108.647 E.30491
G1 X121.559 Y108.647 E.01647
G1 X114.561 Y115.645 E.30491
G1 X114.026 Y115.645 E.01647
G1 X121.024 Y108.647 E.30492
G1 X120.49 Y108.647 E.01647
G1 X113.491 Y115.645 E.30492
G1 X112.957 Y115.645 E.01647
G1 X119.955 Y108.647 E.30492
G1 X119.42 Y108.647 E.01647
G1 X112.422 Y115.645 E.30493
G1 X111.887 Y115.645 E.01647
G1 X118.886 Y108.647 E.30493
G1 X118.351 Y108.647 E.01647
G1 X111.352 Y115.645 E.30493
G1 X110.818 Y115.645 E.01647
G1 X117.817 Y108.647 E.30494
G1 X117.282 Y108.647 E.01647
G1 X110.283 Y115.645 E.30494
G1 X109.748 Y115.645 E.01647
G1 X116.747 Y108.646 E.30495
G1 X116.327 Y108.646 E.01297
G1 X116.238 Y108.621 E.00284
G1 X109.214 Y115.645 E.30605
G1 X108.679 Y115.645 E.01647
G1 X115.883 Y108.442 E.31386
G1 X115.728 Y108.291 E.00666
G1 X115.643 Y108.146 E.00516
G1 X108.144 Y115.645 E.32673
G1 X107.61 Y115.645 E.01647
G1 X115.557 Y107.698 E.34625
G1 X115.555 Y107.23 E.01442
G1 X115.515 Y107.206 E.00146
G1 X114.426 Y108.294 E.04742
G1 X114.362 Y108.553 E.00821
G1 X114.247 Y108.808 E.00863
G1 X114.132 Y108.948 E.0056
G1 X113.836 Y109.224 E.01245
G1 X113.569 Y109.346 E.00906
G1 X113.306 Y109.414 E.00836
G1 X107.075 Y115.645 E.27149
G1 X106.54 Y115.645 E.01647
G1 X112.746 Y109.439 E.2704
G1 X112.212 Y109.439 E.01647
G1 X106.006 Y115.645 E.2704
G1 X105.471 Y115.645 E.01647
G1 X111.677 Y109.439 E.2704
G1 X111.142 Y109.439 E.01647
G1 X104.936 Y115.645 E.2704
G1 X104.402 Y115.645 E.01647
G1 X110.608 Y109.439 E.2704
G1 X110.073 Y109.439 E.01647
G1 X103.867 Y115.645 E.2704
G1 X103.332 Y115.645 E.01647
G1 X109.538 Y109.439 E.2704
G1 X109.004 Y109.439 E.01647
G1 X102.797 Y115.645 E.2704
G1 X102.263 Y115.645 E.01647
G1 X108.469 Y109.439 E.2704
G1 X107.934 Y109.439 E.01647
G1 X101.728 Y115.645 E.2704
G1 X101.193 Y115.645 E.01647
G1 X107.399 Y109.439 E.2704
G1 X106.868 Y109.437 E.01639
G1 X100.659 Y115.645 E.27052
G1 X100.124 Y115.645 E.01647
G1 X106.431 Y109.338 E.2748
G1 X106.295 Y109.297 E.00437
G1 X106.081 Y109.154 E.00795
G1 X99.589 Y115.645 E.28283
G1 X99.055 Y115.645 E.01647
G1 X105.816 Y108.884 E.29459
G1 X105.753 Y108.808 E.00304
G1 X105.633 Y108.533 E.00926
G1 X98.52 Y115.645 E.30991
G1 X97.985 Y115.645 E.01647
G1 X105.542 Y108.088 E.32927
G1 X105.528 Y107.568 E.01605
G1 X97.451 Y115.645 E.35195
G1 X96.916 Y115.645 E.01647
G1 X105.566 Y106.996 E.37688
G1 X103.55 Y108.477 F9000
G1 F9716.116
G1 X96.381 Y115.645 E.31234
G1 X95.847 Y115.645 E.01647
G1 X102.845 Y108.647 E.30494
G1 X102.311 Y108.647 E.01648
G1 X95.312 Y115.645 E.30494
G1 X94.777 Y115.645 E.01647
G1 X101.776 Y108.647 E.30494
G1 X101.241 Y108.647 E.01648
G1 X94.243 Y115.645 E.30493
G1 X93.708 Y115.645 E.01647
G1 X100.706 Y108.647 E.30493
G1 X100.172 Y108.647 E.01648
G1 X93.173 Y115.645 E.30492
G1 X92.638 Y115.645 E.01647
G1 X99.637 Y108.647 E.30492
G1 X99.102 Y108.647 E.01648
G1 X92.104 Y115.645 E.30492
G1 X91.569 Y115.645 E.01647
G1 X98.567 Y108.647 E.30491
G1 X98.033 Y108.647 E.01648
G1 X91.034 Y115.645 E.30491
G1 X90.5 Y115.645 E.01647
G1 X97.498 Y108.647 E.30491
G1 X96.963 Y108.647 E.01648
G1 X89.965 Y115.645 E.3049
G1 X89.43 Y115.645 E.01647
G1 X96.428 Y108.648 E.3049
G1 X95.893 Y108.648 E.01648
G1 X88.896 Y115.645 E.30489
G1 X88.361 Y115.645 E.01647
G1 X95.359 Y108.648 E.30489
G1 X94.824 Y108.648 E.01648
G1 X87.826 Y115.645 E.30489
G1 X87.292 Y115.645 E.01647
G1 X94.289 Y108.648 E.30488
G1 X93.754 Y108.648 E.01648
G1 X86.757 Y115.645 E.30488
G1 X86.222 Y115.645 E.01647
G1 X93.22 Y108.648 E.30488
G1 X92.685 Y108.648 E.01648
G1 X85.688 Y115.645 E.30487
G1 X85.153 Y115.645 E.01647
G1 X92.15 Y108.648 E.30487
G1 X91.615 Y108.648 E.01648
G1 X84.618 Y115.645 E.30486
G1 X84.083 Y115.645 E.01647
G1 X91.08 Y108.648 E.30486
G1 X90.546 Y108.649 E.01648
G1 X83.549 Y115.645 E.30486
G1 X83.014 Y115.645 E.01647
G1 X90.011 Y108.649 E.30485
G1 X89.476 Y108.649 E.01648
G1 X82.479 Y115.645 E.30485
G1 X81.945 Y115.645 E.01647
G1 X88.941 Y108.649 E.30485
G1 X88.407 Y108.649 E.01648
G1 X81.41 Y115.645 E.30484
G1 X80.875 Y115.645 E.01647
G1 X87.872 Y108.649 E.30484
G1 X87.337 Y108.649 E.01648
G1 X80.341 Y115.645 E.30483
G1 X79.806 Y115.645 E.01647
G1 X86.802 Y108.649 E.30483
G1 X86.268 Y108.649 E.01648
G1 X79.271 Y115.645 E.30483
G1 X78.737 Y115.645 E.01647
G1 X85.733 Y108.649 E.30482
G1 X85.198 Y108.649 E.01648
G1 X78.202 Y115.645 E.30482
G1 X77.667 Y115.645 E.01647
G1 X84.663 Y108.649 E.30482
G1 X84.128 Y108.65 E.01648
G1 X77.133 Y115.645 E.30481
G1 X76.598 Y115.645 E.01647
G1 X83.594 Y108.65 E.30481
G1 X83.059 Y108.65 E.01648
G1 X76.063 Y115.645 E.3048
G1 X75.528 Y115.645 E.01647
G1 X82.524 Y108.65 E.3048
G1 X81.989 Y108.65 E.01648
G1 X74.994 Y115.645 E.3048
G1 X74.459 Y115.645 E.01647
G1 X81.455 Y108.65 E.30479
G1 X80.92 Y108.65 E.01648
G1 X73.924 Y115.645 E.30479
G1 X73.39 Y115.645 E.01647
G1 X80.385 Y108.65 E.30479
G1 X79.85 Y108.65 E.01648
G1 X72.855 Y115.645 E.30478
G1 X72.32 Y115.645 E.01647
G1 X79.316 Y108.65 E.30478
G1 X78.781 Y108.65 E.01648
G1 X71.786 Y115.645 E.30477
G1 X71.251 Y115.645 E.01647
G1 X78.246 Y108.651 E.30477
G1 X77.711 Y108.651 E.01648
G1 X70.716 Y115.645 E.30477
G1 X70.182 Y115.645 E.01647
G1 X77.176 Y108.651 E.30476
G1 X76.642 Y108.651 E.01648
G1 X69.647 Y115.645 E.30476
G1 X69.112 Y115.645 E.01647
G1 X76.107 Y108.651 E.30476
G1 X75.572 Y108.651 E.01648
G1 X68.578 Y115.645 E.30475
G1 X68.043 Y115.645 E.01647
G1 X75.037 Y108.651 E.30475
G1 X74.503 Y108.651 E.01648
G1 X67.508 Y115.645 E.30474
G1 X66.974 Y115.645 E.01647
G1 X73.968 Y108.651 E.30474
G1 X73.433 Y108.651 E.01648
G1 X66.439 Y115.645 E.30474
G1 X65.904 Y115.645 E.01647
G1 X72.898 Y108.651 E.30473
G1 X72.363 Y108.651 E.01648
G1 X65.369 Y115.645 E.30473
G1 X64.835 Y115.645 E.01647
G1 X71.829 Y108.652 E.30473
G1 X71.294 Y108.652 E.01648
G1 X64.3 Y115.645 E.30472
G1 X63.765 Y115.645 E.01647
G1 X70.759 Y108.652 E.30472
G1 X70.224 Y108.652 E.01648
G1 X63.231 Y115.645 E.30471
G1 X62.696 Y115.645 E.01647
G1 X69.69 Y108.652 E.30471
G1 X69.155 Y108.652 E.01648
G1 X62.161 Y115.645 E.30471
G1 X61.627 Y115.645 E.01647
G1 X68.62 Y108.652 E.3047
G1 X68.085 Y108.652 E.01648
G1 X61.092 Y115.645 E.3047
G1 X60.557 Y115.645 E.01647
G1 X67.551 Y108.652 E.3047
G1 X67.016 Y108.652 E.01648
G1 X60.023 Y115.645 E.30469
G1 X59.488 Y115.645 E.01647
G1 X66.481 Y108.652 E.30469
G1 X65.946 Y108.652 E.01648
G1 X58.953 Y115.645 E.30468
G1 X58.419 Y115.645 E.01647
G1 X65.411 Y108.653 E.30468
G1 X64.877 Y108.653 E.01648
G1 X57.884 Y115.645 E.30468
G1 X57.349 Y115.645 E.01647
G1 X64.342 Y108.653 E.30467
G1 X63.807 Y108.653 E.01648
G1 X56.814 Y115.645 E.30467
G1 X56.28 Y115.645 E.01647
G1 X63.272 Y108.653 E.30467
G1 X62.738 Y108.653 E.01648
G1 X55.745 Y115.645 E.30466
G1 X55.21 Y115.645 E.01647
G1 X62.203 Y108.653 E.30466
G1 X61.668 Y108.653 E.01648
G1 X54.676 Y115.645 E.30465
G1 X54.141 Y115.645 E.01647
G1 X61.133 Y108.653 E.30465
G1 X60.598 Y108.653 E.01648
G1 X53.606 Y115.645 E.30465
G1 X53.072 Y115.645 E.01647
G1 X60.064 Y108.653 E.30464
G1 X59.529 Y108.654 E.01648
G1 X52.625 Y115.558 E.30081
G1 X52.481 Y115.498 E.00478
G1 X52.294 Y115.354 E.00729
G1 X58.994 Y108.654 E.29194
G1 X58.459 Y108.654 E.01648
G1 X52.07 Y115.043 E.27837
G1 X51.998 Y114.868 E.00581
G1 X51.965 Y114.614 E.00791
G1 X57.925 Y108.654 E.25968
G1 X57.39 Y108.654 E.01648
G1 X51.955 Y114.089 E.23682
G1 X51.955 Y113.554 E.01647
G1 X56.855 Y108.654 E.21352
G1 X56.32 Y108.654 E.01648
G1 X51.955 Y113.02 E.19022
G1 X51.955 Y112.485 E.01647
G1 X55.786 Y108.654 E.16692
G1 X55.251 Y108.654 E.01648
G1 X51.955 Y111.95 E.14362
G1 X51.955 Y111.416 E.01647
G1 X54.716 Y108.654 E.12032
G1 X54.181 Y108.654 E.01648
G1 X51.955 Y110.881 E.09702
G1 X51.955 Y110.346 E.01647
G1 X53.646 Y108.654 E.07372
G1 X53.112 Y108.655 E.01648
G1 X51.785 Y109.981 E.05781
; stop printing object curtain-holder.stl id:15 copy 0
;LAYER_CHANGE
;Z:1.4
;HEIGHT:0.2
;BEFORE_LAYER_CHANGE
;1.4
G92 E0

G1 E-.95299 F2400
;WIPE_START
G1 F9716.116
G1 X52.492 Y109.274 E-.24701
;WIPE_END
;_SET_FAN_SPEED_CHANGING_LAYER
; printing object curtain-holder.stl id:15 copy 0
G17
G3 Z1.8 I.026 J1.217 P1  F9000
G1 X103.91 Y108.181 Z1.8
G1 Z1.4
G1 E1.2 F1800
M204 P2000
;TYPE:Inner wall
;WIDTH:0.449999
G1 F5400
G1 X104.053 Y108.021 E.00712
G1 X104.124 Y107.743 E.00951
G1 X104.124 Y104.024 E.12338
G1 X105.923 Y104.024 E.0597
;WIDTH:0.49896
G1 X106.41 Y104.048 E.01812
;WIDTH:0.547921
G1 X106.897 Y104.072 E.02007
G1 X113.103 Y104.072 E.25537
G1 X113.563 Y104.048 E.01897
;WIDTH:0.498583
G1 X114.077 Y104.024 E.01909
;WIDTH:0.449999
G1 X115.876 Y104.024 E.0597
G1 X115.876 Y107.823 E.12603
G1 X115.991 Y108.089 E.0096
G1 X116.225 Y108.275 E.00994
G1 X116.457 Y108.324 E.00786
G1 X166.86 Y108.324 E1.67195
G1 X167.355 Y108.376 E.01652
G1 X167.686 Y108.513 E.01187
G1 X167.97 Y108.731 E.01187
G1 X168.187 Y109.014 E.01187
G1 X168.324 Y109.345 E.01187
G1 X168.376 Y109.84 E.01652
G1 X168.376 Y114.46 E.15324
G1 X168.324 Y114.955 E.01652
G1 X168.187 Y115.286 E.01187
G1 X167.97 Y115.57 E.01187
G1 X167.686 Y115.787 E.01187
G1 X167.355 Y115.924 E.01187
G1 X166.959 Y115.976 E.01324
G1 X53.14 Y115.976 E3.77557
G1 X52.645 Y115.924 E.01652
G1 X52.314 Y115.787 E.01187
G1 X52.031 Y115.57 E.01187
G1 X51.813 Y115.286 E.01187
G1 X51.676 Y114.955 E.01187
G1 X51.624 Y114.559 E.01324
G1 X51.624 Y109.84 E.15653
G1 X51.676 Y109.345 E.01652
G1 X51.813 Y109.014 E.01187
G1 X52.031 Y108.73 E.01187
G1 X52.314 Y108.513 E.01187
G1 X52.645 Y108.376 E.01187
G1 X53.041 Y108.324 E.01324
G1 X103.611 Y108.324 E1.67751
G1 X103.876 Y108.219 E.00944
G1 X103.883 Y108.211 E.00037
G1 X103.639 Y107.88 F9000
M204 P1000
;TYPE:Outer wall
;WIDTH:0.419999
G1 F3600
G1 X103.71 Y107.743 E.00474
G1 X103.71 Y103.972 E.11587
G1 X103.754 Y103.758 E.00672
G1 X103.858 Y103.654 E.0045
G1 X104.025 Y103.61 E.0053
G1 X115.927 Y103.61 E.36574
G1 X116.143 Y103.655 E.00675
G1 X116.246 Y103.758 E.00448
G1 X116.29 Y103.925 E.0053
G1 X116.29 Y107.743 E.11732
G1 X116.323 Y107.842 E.00322
G1 X116.457 Y107.91 E.00462
G1 X166.86 Y107.91 E1.54873
G1 X167.463 Y107.973 E.01863
G1 X167.894 Y108.151 E.01434
G1 X168.264 Y108.436 E.01434
G1 X168.549 Y108.806 E.01434
G1 X168.727 Y109.237 E.01434
G1 X168.79 Y109.84 E.01863
G1 X168.79 Y114.46 E.14194
G1 X168.727 Y115.063 E.01863
G1 X168.549 Y115.494 E.01434
G1 X168.264 Y115.864 E.01434
G1 X167.894 Y116.149 E.01434
G1 X167.463 Y116.327 E.01434
G1 X166.986 Y116.39 E.01477
G1 X53.14 Y116.39 E3.49816
G1 X52.537 Y116.327 E.01863
G1 X52.106 Y116.149 E.01434
G1 X51.736 Y115.864 E.01434
G1 X51.451 Y115.494 E.01434
G1 X51.273 Y115.063 E.01434
G1 X51.21 Y114.586 E.01477
G1 X51.21 Y109.84 E.14583
G1 X51.273 Y109.237 E.01863
G1 X51.451 Y108.806 E.01434
G1 X51.736 Y108.436 E.01434
G1 X52.106 Y108.151 E.01434
G1 X52.537 Y107.973 E.01434
G1 X53.014 Y107.91 E.01477
G1 X103.543 Y107.91 E1.55262
G1 X103.601 Y107.892 E.00186
G1 E-.84 F2400
;WIPE_START
G1 F3600
G1 X103.71 Y107.743 E-.06654
G1 X103.71 Y106.928 E-.29346
;WIPE_END
G17
G3 Z1.8 I-.255 J1.19 P1  F9000
G1 X113.461 Y109.021 Z1.8
G1 Z1.4
G1 E1.2 F1800
M204 P2000
;TYPE:Inner wall
;WIDTH:0.449999
G1 F5400
G1 X113.103 Y109.108 E.01221
G1 X106.897 Y109.108 E.20585
G1 X106.434 Y108.995 E.01582
G1 X106.106 Y108.717 E.01428
G1 X105.956 Y108.458 E.00994
G1 X105.876 Y108.165 E.01007
G1 X105.876 Y105.646 E.08354
G1 X105.963 Y105.252 E.01339
G1 X106.106 Y105.018 E.00909
G1 X106.268 Y104.856 E.00761
;WIDTH:0.491757
G1 X106.501 Y104.731 E.00969
;WIDTH:0.533514
G1 X106.735 Y104.606 E.01059
;WIDTH:0.547921
G1 X106.897 Y104.578 E.00677
G1 X113.103 Y104.578 E.25537
;WIDTH:0.563404
G1 X113.269 Y104.592 E.00706
G1 X113.374 Y104.637 E.00486
;WIDTH:0.530994
G1 X113.479 Y104.682 E.00455
;WIDTH:0.498583
G1 X113.894 Y105.018 E.01983
;WIDTH:0.449999
G1 X114.044 Y105.277 E.00994
G1 X114.124 Y105.647 E.01255
G1 X114.124 Y108.088 E.08096
G1 X114.044 Y108.458 E.01255
G1 X113.894 Y108.717 E.00994
G1 X113.566 Y108.995 E.01428
G1 X113.499 Y109.012 E.00228
G1 X113.365 Y108.63 F9000
M204 P1000
;TYPE:Outer wall
;WIDTH:0.419999
G1 F3600
G1 X113.103 Y108.695 E.0083
G1 X106.897 Y108.695 E.19068
G1 X106.56 Y108.587 E.01087
G1 X106.355 Y108.35 E.00963
G1 X106.29 Y108.11 E.00764
G1 X106.29 Y105.646 E.0757
G1 X106.398 Y105.31 E.01085
G1 X106.635 Y105.105 E.00963
G1 X106.897 Y105.04 E.0083
G1 X113.103 Y105.04 E.19068
G1 X113.44 Y105.148 E.01087
G1 X113.645 Y105.385 E.00963
G1 X113.71 Y105.647 E.0083
G1 X113.71 Y108.088 E.07499
G1 X113.602 Y108.425 E.01087
G1 X113.395 Y108.604 E.00841
G1 E-.84 F2400
;WIPE_START
G1 F3600
G1 X113.103 Y108.695 E-.1103
G1 X112.409 Y108.695 E-.2497
;WIPE_END
G1 Z1.8 F9000
G1 X114.512 Y106.845 Z1.8
G1 Z1.4
G1 E1.2 F1800
M204 P2500
;TYPE:Internal solid infill
G1 F9741.91
G1 X114.976 Y106.763 E.01446
G1 X115.142 Y106.628 E.00659
G1 X115.331 Y106.675 E.00598
G1 X115.484 Y106.829 E.00668
G1 X115.484 Y104.416 E.07415
G1 X114.086 Y104.416 E.04298
G1 X113.826 Y104.44 E.00801
G1 X114.199 Y104.776 E.01543
G1 X114.415 Y105.151 E.01331
G1 X114.516 Y105.647 E.01555
G1 X114.512 Y106.805 E.03558
G1 X114.999 Y106.164 F9000
;WIDTH:0.635842
G1 F6195.541
G1 X114.995 Y105.547 E.02982
G1 X114.993 Y105.507 F9000
;WIDTH:0.624676
G1 F6314.457
G1 X115.017 Y105.399 E.00527
;WIDTH:0.575703
G1 F6894.88
G1 X115.042 Y105.291 E.00482
;WIDTH:0.526729
G1 F7592.809
G1 X115.066 Y105.182 E.00438
;WIDTH:0.477756
G1 F8447.945
G1 X115.091 Y105.074 E.00394
;WIDTH:0.40783
G1 F10066.787
G1 X115.115 Y104.966 E.0033
G1 X115.115 Y104.785 E.00537
G1 X114.637 Y104.785 E.01421
;WIDTH:0.428783
G1 F9520.149
G1 X114.705 Y104.922 E.00481
;WIDTH:0.477756
G1 F8447.945
G1 X114.772 Y105.059 E.00542
;WIDTH:0.526729
G1 F7592.809
G1 X114.84 Y105.197 E.00603
;WIDTH:0.575703
G1 F6894.88
G1 X114.908 Y105.334 E.00664
;WIDTH:0.600189
G1 F6591.917
G1 X114.975 Y105.471 E.00695
G1 E-1.14429 F2400
;WIPE_START
G1 F6591.917
G1 X114.908 Y105.334 E-.05571
;WIPE_END
G17
G3 Z1.8 I-.272 J-1.186 P1  F9000
G1 X105.484 Y107.494 Z1.8
G1 Z1.4
G1 E1.2 F1800
;WIDTH:0.419999
G1 F9741.91
G1 X105.484 Y105.646 E.0568
G1 X105.585 Y105.151 E.0155
G1 X105.828 Y104.741 E.01467
G1 X106.025 Y104.551 E.0084
G1 X106.223 Y104.43 E.00713
G1 X104.515 Y104.416 E.05248
G1 X104.508 Y106.64 E.06834
G1 X104.652 Y106.661 E.00447
G1 X105.456 Y107.466 E.03495
G1 X104.997 Y106.317 F9000
;WIDTH:0.641077
G1 F6141.318
G1 X105.003 Y105.546 E.03758
G1 X105.005 Y105.506 F9000
;WIDTH:0.62858
G1 F6272.365
G1 X105.052 Y105.409 E.00512
;WIDTH:0.578962
G1 F6852.953
G1 X105.098 Y105.312 E.00469
;WIDTH:0.529345
G1 F7551.983
G1 X105.144 Y105.215 E.00426
;WIDTH:0.479727
G1 F8409.821
G1 X105.191 Y105.118 E.00382
;WIDTH:0.407709
G1 F10070.119
G1 X105.362 Y104.785 E.01113
G1 X104.884 Y104.785 E.01422
G1 X104.883 Y105.039 E.00754
;WIDTH:0.43011
G1 F9487.519
G1 X104.905 Y105.125 E.00279
;WIDTH:0.479727
G1 F8409.821
G1 X104.928 Y105.21 E.00315
;WIDTH:0.529345
G1 F7551.983
G1 X104.95 Y105.296 E.00351
;WIDTH:0.578962
G1 F6852.953
G1 X104.973 Y105.381 E.00387
;WIDTH:0.603771
G1 F6549.818
G1 X104.995 Y105.467 E.00404
G1 E-1.16757 F2400
;WIPE_START
G1 F6549.818
G1 X104.973 Y105.381 E-.03243
;WIPE_END
G17
G3 Z1.8 I-.067 J1.215 P1  F9000
G1 X166.601 Y108.785 Z1.8
G1 Z1.4
G1 E1.2 F1800
;WIDTH:0.55959
G1 F7109.902
G1 X167.915 Y110.099 E.07823
G1 X167.863 Y109.438 E.02791
G1 X167.763 Y109.22 E.0101
G1 X167.453 Y108.916 E.01831
G1 X167.205 Y108.822 E.01115
G1 X166.641 Y108.788 E.02381
G1 X168.215 Y110.979 F9000
;WIDTH:0.421
G1 F9716.116
G1 X165.89 Y108.655 E.10129
G1 X165.356 Y108.655 E.01647
G1 X168.045 Y111.344 E.11719
G1 X168.045 Y111.879 E.01647
G1 X164.821 Y108.655 E.14049
G1 X164.286 Y108.655 E.01647
G1 X168.045 Y112.414 E.16378
G1 X168.045 Y112.948 E.01647
G1 X163.752 Y108.655 E.18708
G1 X163.217 Y108.655 E.01647
G1 X168.045 Y113.483 E.21038
G1 X168.045 Y114.018 E.01647
G1 X162.682 Y108.655 E.23367
G1 X162.148 Y108.655 E.01647
G1 X168.044 Y114.551 E.25689
G1 X168.002 Y114.868 E.00988
G1 X167.951 Y114.992 E.00413
G1 X161.613 Y108.655 E.27613
G1 X161.078 Y108.655 E.01647
G1 X167.744 Y115.32 E.29041
G1 X167.519 Y115.498 E.00885
G1 X167.426 Y115.537 E.0031
G1 X160.544 Y108.655 E.29986
G1 X160.009 Y108.655 E.01647
G1 X166.993 Y115.638 E.30428
G1 X166.465 Y115.645 E.01625
G1 X159.474 Y108.655 E.30459
G1 X158.94 Y108.655 E.01647
G1 X165.93 Y115.645 E.30459
G1 X165.396 Y115.645 E.01647
G1 X158.405 Y108.655 E.30459
G1 X157.87 Y108.655 E.01647
G1 X164.861 Y115.645 E.30459
G1 X164.326 Y115.645 E.01647
G1 X157.335 Y108.655 E.30459
G1 X156.801 Y108.655 E.01647
G1 X163.792 Y115.645 E.30459
G1 X163.257 Y115.645 E.01647
G1 X156.266 Y108.655 E.30459
G1 X155.731 Y108.655 E.01647
G1 X162.722 Y115.645 E.30459
G1 X162.188 Y115.645 E.01647
G1 X155.197 Y108.655 E.30459
G1 X154.662 Y108.655 E.01647
G1 X161.653 Y115.645 E.30459
G1 X161.118 Y115.645 E.01647
G1 X154.127 Y108.655 E.30459
G1 X153.593 Y108.655 E.01647
G1 X160.584 Y115.645 E.30459
G1 X160.049 Y115.645 E.01647
G1 X153.058 Y108.655 E.30459
G1 X152.523 Y108.655 E.01647
G1 X159.514 Y115.645 E.30459
G1 X158.979 Y115.645 E.01647
G1 X151.989 Y108.655 E.30459
G1 X151.454 Y108.655 E.01647
G1 X158.445 Y115.645 E.30459
G1 X157.91 Y115.645 E.01647
G1 X150.919 Y108.655 E.30459
G1 X150.385 Y108.655 E.01647
G1 X157.375 Y115.645 E.30459
G1 X156.841 Y115.645 E.01647
G1 X149.85 Y108.655 E.30459
G1 X149.315 Y108.655 E.01647
G1 X156.306 Y115.645 E.30459
G1 X155.771 Y115.645 E.01647
G1 X148.78 Y108.655 E.30459
G1 X148.246 Y108.655 E.01647
G1 X155.237 Y115.645 E.30459
G1 X154.702 Y115.645 E.01647
G1 X147.711 Y108.655 E.30459
G1 X147.176 Y108.655 E.01647
G1 X154.167 Y115.645 E.30459
G1 X153.633 Y115.645 E.01647
G1 X146.642 Y108.655 E.30459
G1 X146.107 Y108.655 E.01647
G1 X153.098 Y115.645 E.30459
G1 X152.563 Y115.645 E.01647
G1 X145.572 Y108.655 E.30459
G1 X145.038 Y108.655 E.01647
G1 X152.029 Y115.645 E.30459
G1 X151.494 Y115.645 E.01647
G1 X144.503 Y108.655 E.30459
G1 X143.968 Y108.655 E.01647
G1 X150.959 Y115.645 E.30459
G1 X150.425 Y115.645 E.01647
G1 X143.434 Y108.655 E.30459
G1 X142.899 Y108.655 E.01647
G1 X149.89 Y115.645 E.30459
G1 X149.355 Y115.645 E.01647
G1 X142.364 Y108.655 E.30459
G1 X141.83 Y108.655 E.01647
G1 X148.82 Y115.645 E.30459
G1 X148.286 Y115.645 E.01647
G1 X141.295 Y108.655 E.30459
G1 X140.76 Y108.655 E.01647
G1 X147.751 Y115.645 E.30459
G1 X147.216 Y115.645 E.01647
G1 X140.226 Y108.655 E.30459
G1 X139.691 Y108.655 E.01647
G1 X146.682 Y115.645 E.30459
G1 X146.147 Y115.645 E.01647
G1 X139.156 Y108.655 E.30459
G1 X138.621 Y108.655 E.01647
G1 X145.612 Y115.645 E.30459
G1 X145.078 Y115.645 E.01647
G1 X138.087 Y108.655 E.30459
G1 X137.552 Y108.655 E.01647
G1 X144.543 Y115.645 E.30459
G1 X144.008 Y115.645 E.01647
G1 X137.017 Y108.655 E.30459
G1 X136.483 Y108.655 E.01647
G1 X143.474 Y115.645 E.30459
G1 X142.939 Y115.645 E.01647
G1 X135.948 Y108.655 E.30459
G1 X135.413 Y108.655 E.01647
G1 X142.404 Y115.645 E.30459
G1 X141.87 Y115.645 E.01647
G1 X134.879 Y108.655 E.30459
G1 X134.344 Y108.655 E.01647
G1 X141.335 Y115.645 E.30459
G1 X140.8 Y115.645 E.01647
G1 X133.809 Y108.655 E.30459
G1 X133.275 Y108.655 E.01647
G1 X140.265 Y115.645 E.30459
G1 X139.731 Y115.645 E.01647
G1 X132.74 Y108.655 E.30459
G1 X132.205 Y108.655 E.01647
G1 X139.196 Y115.645 E.30459
G1 X138.661 Y115.645 E.01647
G1 X131.671 Y108.655 E.30459
G1 X131.136 Y108.655 E.01647
G1 X138.127 Y115.645 E.30459
G1 X137.592 Y115.645 E.01647
G1 X130.601 Y108.655 E.30459
G1 X130.066 Y108.655 E.01647
G1 X137.057 Y115.645 E.30459
G1 X136.523 Y115.645 E.01647
G1 X129.532 Y108.655 E.30459
G1 X128.997 Y108.655 E.01647
G1 X135.988 Y115.645 E.30459
G1 X135.453 Y115.645 E.01647
G1 X128.462 Y108.655 E.30459
G1 X127.928 Y108.655 E.01647
G1 X134.919 Y115.645 E.30459
G1 X134.384 Y115.645 E.01647
G1 X127.393 Y108.655 E.30459
G1 X126.858 Y108.655 E.01647
G1 X133.849 Y115.645 E.30459
G1 X133.315 Y115.645 E.01647
G1 X126.324 Y108.655 E.30459
G1 X125.789 Y108.655 E.01647
G1 X132.78 Y115.645 E.30459
G1 X132.245 Y115.645 E.01647
G1 X125.254 Y108.655 E.30459
G1 X124.72 Y108.655 E.01647
G1 X131.71 Y115.645 E.30459
G1 X131.176 Y115.645 E.01647
G1 X124.185 Y108.655 E.30459
G1 X123.65 Y108.655 E.01647
G1 X130.641 Y115.645 E.30459
G1 X130.106 Y115.645 E.01647
G1 X123.116 Y108.655 E.30459
G1 X122.581 Y108.655 E.01647
G1 X129.572 Y115.645 E.30459
G1 X129.037 Y115.645 E.01647
G1 X122.046 Y108.655 E.30459
G1 X121.511 Y108.655 E.01647
G1 X128.502 Y115.645 E.30459
G1 X127.968 Y115.645 E.01647
G1 X120.977 Y108.655 E.30459
G1 X120.442 Y108.655 E.01647
G1 X127.433 Y115.645 E.30459
G1 X126.898 Y115.645 E.01647
G1 X119.907 Y108.655 E.30459
G1 X119.373 Y108.655 E.01647
G1 X126.364 Y115.645 E.30459
G1 X125.829 Y115.645 E.01647
G1 X118.838 Y108.655 E.30459
G1 X118.303 Y108.655 E.01647
G1 X125.294 Y115.645 E.30459
G1 X124.76 Y115.645 E.01647
G1 X117.769 Y108.655 E.30459
G1 X117.234 Y108.655 E.01647
G1 X124.225 Y115.645 E.30459
G1 X123.69 Y115.645 E.01647
G1 X116.53 Y108.485 E.31199
G1 X115.715 Y107.67 F9000
G1 F9716.116
G1 X115.13 Y107.085 E.02551
G1 X114.66 Y107.15 E.01461
G1 X123.156 Y115.645 E.37016
G1 X122.621 Y115.645 E.01647
G1 X114.466 Y107.491 E.35529
G1 X114.448 Y108.007 E.01591
G1 X122.086 Y115.645 E.3328
G1 X121.551 Y115.645 E.01647
G1 X114.381 Y108.475 E.31241
G1 X114.362 Y108.553 E.00246
G1 X114.216 Y108.845 E.01006
G1 X121.017 Y115.645 E.2963
G1 X120.482 Y115.645 E.01647
G1 X113.952 Y109.115 E.28452
G1 X113.836 Y109.224 E.00489
G1 X113.623 Y109.321 E.00721
G1 X119.947 Y115.645 E.27554
G1 X119.413 Y115.645 E.01647
G1 X113.199 Y109.432 E.27074
G1 X112.672 Y109.439 E.01623
G1 X118.878 Y115.645 E.2704
G1 X118.343 Y115.645 E.01647
G1 X112.137 Y109.439 E.2704
G1 X111.603 Y109.439 E.01647
G1 X117.809 Y115.645 E.2704
G1 X117.274 Y115.645 E.01647
G1 X111.068 Y109.439 E.2704
G1 X110.533 Y109.439 E.01647
G1 X116.739 Y115.645 E.2704
G1 X116.205 Y115.645 E.01647
G1 X109.999 Y109.439 E.2704
G1 X109.464 Y109.439 E.01647
G1 X115.67 Y115.645 E.2704
G1 X115.135 Y115.645 E.01647
G1 X108.929 Y109.439 E.2704
G1 X108.395 Y109.439 E.01647
G1 X114.601 Y115.645 E.2704
G1 X114.066 Y115.645 E.01647
G1 X107.86 Y109.439 E.2704
G1 X107.325 Y109.439 E.01647
G1 X113.531 Y115.645 E.2704
G1 X112.996 Y115.645 E.01647
G1 X106.775 Y109.424 E.27105
G1 X106.431 Y109.346 E.01089
G1 X106.164 Y109.224 E.00903
G1 X105.868 Y108.948 E.01245
G1 X105.753 Y108.808 E.0056
G1 X105.639 Y108.554 E.00859
G1 X105.56 Y108.209 E.01088
G1 X104.49 Y107.138 E.04666
G1 X104.444 Y107.627 E.01512
G1 X112.462 Y115.645 E.34936
G1 X111.927 Y115.645 E.01647
G1 X104.375 Y108.093 E.32904
G1 X104.347 Y108.174 E.00264
G1 X104.272 Y108.291 E.00427
G1 X104.154 Y108.407 E.0051
G1 X111.392 Y115.645 E.3154
G1 X110.858 Y115.645 E.01647
G1 X103.818 Y108.605 E.30674
G1 X103.673 Y108.646 E.00462
G1 X103.324 Y108.646 E.01076
G1 X110.323 Y115.645 E.30495
G1 X109.788 Y115.645 E.01647
G1 X102.789 Y108.647 E.30494
G1 X102.255 Y108.647 E.01647
G1 X109.254 Y115.645 E.30494
G1 X108.719 Y115.645 E.01647
G1 X101.72 Y108.647 E.30494
G1 X101.186 Y108.647 E.01647
G1 X108.184 Y115.645 E.30493
G1 X107.65 Y115.645 E.01647
G1 X100.651 Y108.647 E.30493
G1 X100.116 Y108.647 E.01647
G1 X107.115 Y115.645 E.30492
G1 X106.58 Y115.645 E.01647
G1 X99.582 Y108.647 E.30492
G1 X99.047 Y108.647 E.01647
G1 X106.046 Y115.645 E.30492
G1 X105.511 Y115.645 E.01647
G1 X98.513 Y108.647 E.30491
G1 X97.978 Y108.647 E.01647
G1 X104.976 Y115.645 E.30491
G1 X104.442 Y115.645 E.01647
G1 X97.443 Y108.647 E.30491
G1 X96.909 Y108.647 E.01647
G1 X103.907 Y115.645 E.3049
G1 X103.372 Y115.645 E.01647
G1 X96.374 Y108.648 E.3049
G1 X95.84 Y108.648 E.01647
G1 X102.837 Y115.645 E.30489
G1 X102.303 Y115.645 E.01647
G1 X95.305 Y108.648 E.30489
G1 X94.77 Y108.648 E.01647
G1 X101.768 Y115.645 E.30489
G1 X101.233 Y115.645 E.01647
G1 X94.236 Y108.648 E.30488
G1 X93.701 Y108.648 E.01647
G1 X100.699 Y115.645 E.30488
G1 X100.164 Y115.645 E.01647
G1 X93.167 Y108.648 E.30488
G1 X92.632 Y108.648 E.01647
G1 X99.629 Y115.645 E.30487
G1 X99.095 Y115.645 E.01647
G1 X92.097 Y108.648 E.30487
G1 X91.563 Y108.648 E.01647
G1 X98.56 Y115.645 E.30486
G1 X98.025 Y115.645 E.01647
G1 X91.028 Y108.648 E.30486
G1 X90.494 Y108.649 E.01647
G1 X97.491 Y115.645 E.30486
G1 X96.956 Y115.645 E.01647
G1 X89.959 Y108.649 E.30485
G1 X89.424 Y108.649 E.01647
G1 X96.421 Y115.645 E.30485
G1 X95.887 Y115.645 E.01647
G1 X88.89 Y108.649 E.30485
G1 X88.355 Y108.649 E.01647
G1 X95.352 Y115.645 E.30484
G1 X94.817 Y115.645 E.01647
G1 X87.821 Y108.649 E.30484
G1 X87.286 Y108.649 E.01647
G1 X94.282 Y115.645 E.30483
G1 X93.748 Y115.645 E.01647
G1 X86.751 Y108.649 E.30483
G1 X86.217 Y108.649 E.01647
G1 X93.213 Y115.645 E.30483
G1 X92.678 Y115.645 E.01647
G1 X85.682 Y108.649 E.30482
G1 X85.148 Y108.649 E.01647
G1 X92.144 Y115.645 E.30482
G1 X91.609 Y115.645 E.01647
G1 X84.613 Y108.649 E.30482
G1 X84.078 Y108.65 E.01647
G1 X91.074 Y115.645 E.30481
G1 X90.54 Y115.645 E.01647
G1 X83.544 Y108.65 E.30481
G1 X83.009 Y108.65 E.01647
G1 X90.005 Y115.645 E.3048
G1 X89.47 Y115.645 E.01647
G1 X82.475 Y108.65 E.3048
G1 X81.94 Y108.65 E.01647
G1 X88.936 Y115.645 E.3048
G1 X88.401 Y115.645 E.01647
G1 X81.405 Y108.65 E.30479
G1 X80.871 Y108.65 E.01647
G1 X87.866 Y115.645 E.30479
G1 X87.332 Y115.645 E.01647
G1 X80.336 Y108.65 E.30479
G1 X79.802 Y108.65 E.01647
G1 X86.797 Y115.645 E.30478
G1 X86.262 Y115.645 E.01647
G1 X79.267 Y108.65 E.30478
G1 X78.732 Y108.65 E.01647
G1 X85.728 Y115.645 E.30477
G1 X85.193 Y115.645 E.01647
G1 X78.198 Y108.651 E.30477
G1 X77.663 Y108.651 E.01647
G1 X84.658 Y115.645 E.30477
G1 X84.123 Y115.645 E.01647
G1 X77.129 Y108.651 E.30476
G1 X76.594 Y108.651 E.01647
G1 X83.589 Y115.645 E.30476
G1 X83.054 Y115.645 E.01647
G1 X76.059 Y108.651 E.30476
G1 X75.525 Y108.651 E.01647
G1 X82.519 Y115.645 E.30475
G1 X81.985 Y115.645 E.01647
G1 X74.99 Y108.651 E.30475
G1 X74.456 Y108.651 E.01647
G1 X81.45 Y115.645 E.30474
G1 X80.915 Y115.645 E.01647
G1 X73.921 Y108.651 E.30474
G1 X73.386 Y108.651 E.01647
G1 X80.381 Y115.645 E.30474
G1 X79.846 Y115.645 E.01647
G1 X72.852 Y108.651 E.30473
G1 X72.317 Y108.651 E.01647
G1 X79.311 Y115.645 E.30473
G1 X78.777 Y115.645 E.01647
G1 X71.783 Y108.652 E.30473
G1 X71.248 Y108.652 E.01647
G1 X78.242 Y115.645 E.30472
G1 X77.707 Y115.645 E.01647
G1 X70.713 Y108.652 E.30472
G1 X70.179 Y108.652 E.01647
G1 X77.173 Y115.645 E.30471
G1 X76.638 Y115.645 E.01647
G1 X69.644 Y108.652 E.30471
G1 X69.11 Y108.652 E.01647
G1 X76.103 Y115.645 E.30471
G1 X75.568 Y115.645 E.01647
G1 X68.575 Y108.652 E.3047
G1 X68.04 Y108.652 E.01647
G1 X75.034 Y115.645 E.3047
G1 X74.499 Y115.645 E.01647
G1 X67.506 Y108.652 E.3047
G1 X66.971 Y108.652 E.01647
G1 X73.964 Y115.645 E.30469
G1 X73.43 Y115.645 E.01647
G1 X66.437 Y108.652 E.30469
G1 X65.902 Y108.652 E.01647
G1 X72.895 Y115.645 E.30468
G1 X72.36 Y115.645 E.01647
G1 X65.367 Y108.653 E.30468
G1 X64.833 Y108.653 E.01647
G1 X71.826 Y115.645 E.30468
G1 X71.291 Y115.645 E.01647
G1 X64.298 Y108.653 E.30467
G1 X63.764 Y108.653 E.01647
G1 X70.756 Y115.645 E.30467
G1 X70.222 Y115.645 E.01647
G1 X63.229 Y108.653 E.30467
G1 X62.694 Y108.653 E.01647
G1 X69.687 Y115.645 E.30466
G1 X69.152 Y115.645 E.01647
G1 X62.16 Y108.653 E.30466
G1 X61.625 Y108.653 E.01647
G1 X68.618 Y115.645 E.30465
G1 X68.083 Y115.645 E.01647
G1 X61.091 Y108.653 E.30465
G1 X60.556 Y108.653 E.01647
G1 X67.548 Y115.645 E.30465
G1 X67.014 Y115.645 E.01647
G1 X60.021 Y108.653 E.30464
G1 X59.487 Y108.654 E.01647
G1 X66.479 Y115.645 E.30464
G1 X65.944 Y115.645 E.01647
G1 X58.952 Y108.654 E.30464
G1 X58.418 Y108.654 E.01647
G1 X65.409 Y115.645 E.30463
G1 X64.875 Y115.645 E.01647
G1 X57.883 Y108.654 E.30463
G1 X57.349 Y108.654 E.01647
G1 X64.34 Y115.645 E.30462
G1 X63.805 Y115.645 E.01647
G1 X56.814 Y108.654 E.30462
G1 X56.279 Y108.654 E.01647
G1 X63.271 Y115.645 E.30462
G1 X62.736 Y115.645 E.01647
G1 X55.745 Y108.654 E.30461
G1 X55.21 Y108.654 E.01647
G1 X62.201 Y115.645 E.30461
G1 X61.667 Y115.645 E.01647
G1 X54.676 Y108.654 E.30461
G1 X54.141 Y108.654 E.01647
G1 X61.132 Y115.645 E.3046
G1 X60.597 Y115.645 E.01647
G1 X53.606 Y108.654 E.3046
G1 X53.072 Y108.655 E.01647
G1 X60.063 Y115.645 E.30459
G1 X59.528 Y115.645 E.01647
G1 X52.625 Y108.742 E.30077
G1 X52.481 Y108.802 E.00478
G1 X52.294 Y108.946 E.00729
G1 X58.993 Y115.645 E.2919
G1 X58.459 Y115.645 E.01647
G1 X52.07 Y109.257 E.27833
G1 X51.998 Y109.432 E.00581
G1 X51.965 Y109.686 E.00791
G1 X57.924 Y115.645 E.25965
G1 X57.389 Y115.645 E.01647
G1 X51.955 Y110.211 E.23679
G1 X51.955 Y110.746 E.01647
G1 X56.854 Y115.645 E.21349
G1 X56.32 Y115.645 E.01647
G1 X51.955 Y111.28 E.19019
G1 X51.955 Y111.815 E.01647
G1 X55.785 Y115.645 E.1669
G1 X55.25 Y115.645 E.01647
G1 X51.955 Y112.35 E.1436
G1 X51.955 Y112.884 E.01647
G1 X54.716 Y115.645 E.12031
G1 X54.181 Y115.645 E.01647
G1 X51.955 Y113.419 E.09701
G1 X51.955 Y113.954 E.01647
G1 X53.646 Y115.645 E.07371
G1 X53.112 Y115.645 E.01647
G1 X51.785 Y114.319 E.05781
; stop printing object curtain-holder.stl id:15 copy 0
;LAYER_CHANGE
;Z:1.6
;HEIGHT:0.2
;BEFORE_LAYER_CHANGE
;1.6
G92 E0

G1 E-.95299 F2400
;WIPE_START
G1 F9716.116
G1 X52.492 Y115.026 E-.24701
;WIPE_END
;_SET_FAN_SPEED_CHANGING_LAYER
; printing object curtain-holder.stl id:15 copy 0
G17
G3 Z2 I.161 J1.206 P1  F9000
G1 X103.91 Y108.181 Z2
G1 Z1.6
G1 E1.2 F1800
M204 P2000
;TYPE:Inner wall
;WIDTH:0.449999
G1 F5400
G1 X104.053 Y108.021 E.00712
G1 X104.124 Y107.743 E.00951
G1 X104.124 Y104.024 E.12338
G1 X105.924 Y104.024 E.05971
;WIDTH:0.49896
G1 X106.41 Y104.048 E.01811
;WIDTH:0.547921
G1 X106.897 Y104.072 E.02006
G1 X113.103 Y104.072 E.25537
G1 X113.563 Y104.048 E.01898
;WIDTH:0.498565
G1 X114.077 Y104.024 E.0191
;WIDTH:0.449999
G1 X115.876 Y104.024 E.05969
G1 X115.876 Y107.823 E.12603
G1 X115.991 Y108.089 E.0096
G1 X116.225 Y108.275 E.00994
G1 X116.457 Y108.324 E.00785
G1 X166.86 Y108.324 E1.67195
G1 X167.355 Y108.376 E.01652
G1 X167.686 Y108.513 E.01187
G1 X167.97 Y108.731 E.01187
G1 X168.187 Y109.014 E.01187
G1 X168.324 Y109.345 E.01187
G1 X168.376 Y109.84 E.01652
G1 X168.376 Y114.46 E.15324
G1 X168.324 Y114.955 E.01652
G1 X168.187 Y115.286 E.01187
G1 X167.97 Y115.57 E.01187
G1 X167.686 Y115.787 E.01187
G1 X167.355 Y115.924 E.01187
G1 X166.959 Y115.976 E.01324
G1 X53.14 Y115.976 E3.77557
G1 X52.645 Y115.924 E.01652
G1 X52.314 Y115.787 E.01187
G1 X52.03 Y115.57 E.01187
G1 X51.813 Y115.286 E.01187
G1 X51.676 Y114.955 E.01187
G1 X51.624 Y114.559 E.01324
G1 X51.624 Y109.84 E.15653
G1 X51.676 Y109.345 E.01652
G1 X51.813 Y109.014 E.01187
G1 X52.03 Y108.73 E.01187
G1 X52.314 Y108.513 E.01187
G1 X52.645 Y108.376 E.01187
G1 X53.041 Y108.324 E.01324
G1 X103.611 Y108.324 E1.67751
G1 X103.876 Y108.219 E.00944
G1 X103.883 Y108.21 E.00036
G1 X103.639 Y107.88 F9000
M204 P1000
;TYPE:Outer wall
;WIDTH:0.419999
G1 F3600
G1 X103.71 Y107.743 E.00474
G1 X103.71 Y103.972 E.11587
G1 X103.754 Y103.758 E.00672
G1 X103.858 Y103.654 E.0045
G1 X104.025 Y103.61 E.0053
G1 X115.928 Y103.61 E.36575
G1 X116.142 Y103.655 E.00673
G1 X116.246 Y103.758 E.0045
G1 X116.29 Y103.925 E.0053
G1 X116.29 Y107.743 E.11732
G1 X116.323 Y107.842 E.00322
G1 X116.457 Y107.91 E.00462
G1 X166.86 Y107.91 E1.54873
G1 X167.463 Y107.973 E.01863
G1 X167.894 Y108.151 E.01434
G1 X168.264 Y108.436 E.01434
G1 X168.549 Y108.806 E.01434
G1 X168.727 Y109.237 E.01434
G1 X168.79 Y109.84 E.01863
G1 X168.79 Y114.46 E.14194
G1 X168.727 Y115.063 E.01863
G1 X168.549 Y115.494 E.01434
G1 X168.264 Y115.864 E.01434
G1 X167.894 Y116.149 E.01434
G1 X167.463 Y116.327 E.01434
G1 X166.986 Y116.39 E.01477
G1 X53.14 Y116.39 E3.49816
G1 X52.537 Y116.327 E.01863
G1 X52.106 Y116.149 E.01434
G1 X51.736 Y115.864 E.01434
G1 X51.451 Y115.494 E.01434
G1 X51.273 Y115.063 E.01434
G1 X51.21 Y114.586 E.01477
G1 X51.21 Y109.84 E.14583
G1 X51.273 Y109.237 E.01863
G1 X51.451 Y108.806 E.01434
G1 X51.736 Y108.436 E.01434
G1 X52.106 Y108.151 E.01434
G1 X52.537 Y107.973 E.01434
G1 X53.014 Y107.91 E.01477
G1 X103.543 Y107.91 E1.55262
G1 X103.601 Y107.892 E.00186
G1 E-.84 F2400
;WIPE_START
G1 F3600
G1 X103.71 Y107.743 E-.06653
G1 X103.71 Y106.928 E-.29347
;WIPE_END
G17
G3 Z2 I-.255 J1.19 P1  F9000
G1 X113.46 Y109.021 Z2
G1 Z1.6
G1 E1.2 F1800
M204 P2000
;TYPE:Inner wall
;WIDTH:0.449999
G1 F5400
G1 X113.103 Y109.108 E.01221
G1 X106.897 Y109.108 E.20585
G1 X106.434 Y108.995 E.01582
G1 X106.105 Y108.717 E.01428
G1 X105.955 Y108.458 E.00994
G1 X105.876 Y108.165 E.01007
G1 X105.876 Y105.647 E.08351
G1 X105.963 Y105.252 E.01343
G1 X106.106 Y105.018 E.0091
G1 X106.268 Y104.855 E.00761
;WIDTH:0.491765
G1 X106.502 Y104.731 E.00968
;WIDTH:0.53353
G1 X106.735 Y104.606 E.01058
;WIDTH:0.547921
G1 X106.897 Y104.578 E.00677
G1 X113.103 Y104.578 E.25537
;WIDTH:0.563422
G1 X113.269 Y104.592 E.00707
G1 X113.374 Y104.637 E.00486
;WIDTH:0.530994
G1 X113.479 Y104.682 E.00455
;WIDTH:0.498565
G1 X113.895 Y105.018 E.01983
;WIDTH:0.449999
G1 X114.045 Y105.277 E.00994
G1 X114.124 Y105.647 E.01255
G1 X114.124 Y108.088 E.08096
G1 X114.044 Y108.458 E.01256
G1 X113.894 Y108.717 E.00994
G1 X113.566 Y108.995 E.01428
G1 X113.499 Y109.012 E.00228
G1 X113.365 Y108.63 F9000
M204 P1000
;TYPE:Outer wall
;WIDTH:0.419999
G1 F3600
G1 X113.103 Y108.695 E.0083
G1 X106.897 Y108.695 E.19068
G1 X106.56 Y108.587 E.01088
G1 X106.355 Y108.35 E.00963
G1 X106.29 Y108.11 E.00764
G1 X106.29 Y105.647 E.07567
G1 X106.398 Y105.31 E.01088
G1 X106.635 Y105.105 E.00963
G1 X106.897 Y105.04 E.0083
G1 X113.103 Y105.04 E.19068
G1 X113.44 Y105.148 E.01088
G1 X113.645 Y105.385 E.00963
G1 X113.71 Y105.647 E.0083
G1 X113.71 Y108.088 E.07499
G1 X113.602 Y108.425 E.01088
G1 X113.395 Y108.604 E.0084
G1 E-.84 F2400
;WIPE_START
G1 F3600
G1 X113.103 Y108.695 E-.11026
G1 X112.409 Y108.695 E-.24974
;WIPE_END
G1 Z2 F9000
G1 X168.256 Y114.336 Z2
G1 Z1.6
G1 E1.2 F1800
M204 P2500
;TYPE:Top surface
;WIDTH:0.421137
G1 F3000
G1 X166.736 Y115.856 E.06626
G1 X166.201 Y115.856 F9000
G1 F3000
G1 X168.256 Y113.801 E.08957
G1 X168.256 Y113.266 F9000
G1 F3000
G1 X165.666 Y115.856 E.11289
G1 X165.131 Y115.856 F9000
G1 F3000
G1 X168.256 Y112.731 E.1362
G1 X168.256 Y112.196 F9000
G1 F3000
G1 X164.596 Y115.856 E.15951
G1 X164.061 Y115.856 F9000
G1 F3000
G1 X168.256 Y111.661 E.18283
G1 X168.256 Y111.126 F9000
G1 F3000
G1 X163.526 Y115.856 E.20614
G1 X162.991 Y115.856 F9000
G1 F3000
G1 X168.256 Y110.591 E.22945
G1 X168.256 Y110.057 F9000
G1 F3000
G1 X162.457 Y115.856 E.25277
G1 X161.922 Y115.856 F9000
G1 F3000
G1 X168.229 Y109.548 E.27493
G1 X168.107 Y109.136 F9000
G1 F3000
G1 X161.387 Y115.856 E.29291
G1 X160.852 Y115.856 F9000
G1 F3000
G1 X167.887 Y108.821 E.30662
G1 X167.575 Y108.598 F9000
G1 F3000
G1 X160.317 Y115.856 E.31636
G1 X159.782 Y115.856 F9000
G1 F3000
G1 X167.166 Y108.472 E.32181
G1 X166.659 Y108.444 F9000
G1 F3000
G1 X159.247 Y115.856 E.32304
G1 X158.712 Y115.856 F9000
G1 F3000
G1 X166.124 Y108.444 E.32304
G1 X165.589 Y108.444 F9000
G1 F3000
G1 X158.178 Y115.856 E.32304
G1 X157.643 Y115.856 F9000
G1 F3000
G1 X165.054 Y108.444 E.32304
G1 X164.519 Y108.444 F9000
G1 F3000
G1 X157.108 Y115.856 E.32304
G1 X156.573 Y115.856 F9000
G1 F3000
G1 X163.985 Y108.444 E.32304
G1 X163.45 Y108.444 F9000
G1 F3000
G1 X156.038 Y115.856 E.32304
G1 X155.503 Y115.856 F9000
G1 F3000
G1 X162.915 Y108.444 E.32304
G1 X162.38 Y108.444 F9000
G1 F3000
G1 X154.968 Y115.856 E.32304
G1 X154.433 Y115.856 F9000
G1 F3000
G1 X161.845 Y108.444 E.32304
G1 X161.31 Y108.444 F9000
G1 F3000
G1 X153.898 Y115.856 E.32304
G1 X153.364 Y115.856 F9000
G1 F3000
G1 X160.775 Y108.444 E.32304
G1 X160.24 Y108.444 F9000
G1 F3000
G1 X152.829 Y115.856 E.32304
G1 X152.294 Y115.856 F9000
G1 F3000
G1 X159.706 Y108.444 E.32304
G1 X159.171 Y108.444 F9000
G1 F3000
G1 X151.759 Y115.856 E.32304
G1 X151.224 Y115.856 F9000
G1 F3000
G1 X158.636 Y108.444 E.32304
G1 X158.101 Y108.444 F9000
G1 F3000
G1 X150.689 Y115.856 E.32304
G1 X150.154 Y115.856 F9000
G1 F3000
G1 X157.566 Y108.444 E.32304
G1 X157.031 Y108.444 F9000
G1 F3000
G1 X149.619 Y115.856 E.32304
G1 X149.085 Y115.856 F9000
G1 F3000
G1 X156.496 Y108.444 E.32304
G1 X155.961 Y108.444 F9000
G1 F3000
G1 X148.55 Y115.856 E.32304
G1 X148.015 Y115.856 F9000
G1 F3000
G1 X155.426 Y108.444 E.32304
G1 X154.892 Y108.444 F9000
G1 F3000
G1 X147.48 Y115.856 E.32304
G1 X146.945 Y115.856 F9000
G1 F3000
G1 X154.357 Y108.444 E.32304
G1 X153.822 Y108.444 F9000
G1 F3000
G1 X146.41 Y115.856 E.32304
G1 X145.875 Y115.856 F9000
G1 F3000
G1 X153.287 Y108.444 E.32304
G1 X152.752 Y108.444 F9000
G1 F3000
G1 X145.34 Y115.856 E.32304
G1 X144.806 Y115.856 F9000
G1 F3000
G1 X152.217 Y108.444 E.32304
G1 X151.682 Y108.444 F9000
G1 F3000
G1 X144.271 Y115.856 E.32304
G1 X143.736 Y115.856 F9000
G1 F3000
G1 X151.147 Y108.444 E.32304
G1 X150.613 Y108.444 F9000
G1 F3000
G1 X143.201 Y115.856 E.32304
G1 X142.666 Y115.856 F9000
G1 F3000
G1 X150.078 Y108.444 E.32304
G1 X149.543 Y108.444 F9000
G1 F3000
G1 X142.131 Y115.856 E.32304
G1 X141.596 Y115.856 F9000
G1 F3000
G1 X149.008 Y108.444 E.32304
G1 X148.473 Y108.444 F9000
G1 F3000
G1 X141.061 Y115.856 E.32304
G1 X140.527 Y115.856 F9000
G1 F3000
G1 X147.938 Y108.444 E.32304
G1 X147.403 Y108.444 F9000
G1 F3000
G1 X139.992 Y115.856 E.32304
G1 X139.457 Y115.856 F9000
G1 F3000
G1 X146.868 Y108.444 E.32304
G1 X146.334 Y108.444 F9000
G1 F3000
G1 X138.922 Y115.856 E.32304
G1 X138.387 Y115.856 F9000
G1 F3000
G1 X145.799 Y108.444 E.32304
G1 X145.264 Y108.444 F9000
G1 F3000
G1 X137.852 Y115.856 E.32304
G1 X137.317 Y115.856 F9000
G1 F3000
G1 X144.729 Y108.444 E.32304
G1 X144.194 Y108.444 F9000
G1 F3000
G1 X136.782 Y115.856 E.32304
G1 X136.247 Y115.856 F9000
G1 F3000
G1 X143.659 Y108.444 E.32304
G1 X143.124 Y108.444 F9000
G1 F3000
G1 X135.713 Y115.856 E.32304
G1 X135.178 Y115.856 F9000
G1 F3000
G1 X142.589 Y108.444 E.32304
G1 X142.055 Y108.444 F9000
G1 F3000
G1 X134.643 Y115.856 E.32304
G1 X134.108 Y115.856 F9000
G1 F3000
G1 X141.52 Y108.444 E.32304
G1 X140.985 Y108.444 F9000
G1 F3000
G1 X133.573 Y115.856 E.32304
G1 X133.038 Y115.856 F9000
G1 F3000
G1 X140.45 Y108.444 E.32304
G1 X139.915 Y108.444 F9000
G1 F3000
G1 X132.503 Y115.856 E.32304
G1 X131.968 Y115.856 F9000
G1 F3000
G1 X139.38 Y108.444 E.32304
G1 X138.845 Y108.444 F9000
G1 F3000
G1 X131.434 Y115.856 E.32304
G1 X130.899 Y115.856 F9000
G1 F3000
G1 X138.31 Y108.444 E.32304
G1 X137.775 Y108.444 F9000
G1 F3000
G1 X130.364 Y115.856 E.32304
G1 X129.829 Y115.856 F9000
G1 F3000
G1 X137.241 Y108.444 E.32304
G1 X136.706 Y108.444 F9000
G1 F3000
G1 X129.294 Y115.856 E.32304
G1 X128.759 Y115.856 F9000
G1 F3000
G1 X136.171 Y108.444 E.32304
G1 X135.636 Y108.444 F9000
G1 F3000
G1 X128.224 Y115.856 E.32304
G1 X127.689 Y115.856 F9000
G1 F3000
G1 X135.101 Y108.444 E.32304
G1 X134.566 Y108.444 F9000
G1 F3000
G1 X127.155 Y115.856 E.32304
G1 X126.62 Y115.856 F9000
G1 F3000
G1 X134.031 Y108.444 E.32304
G1 X133.496 Y108.444 F9000
G1 F3000
G1 X126.085 Y115.856 E.32304
G1 X125.55 Y115.856 F9000
G1 F3000
G1 X132.962 Y108.444 E.32304
G1 X132.427 Y108.444 F9000
G1 F3000
G1 X125.015 Y115.856 E.32304
G1 X124.48 Y115.856 F9000
G1 F3000
G1 X131.892 Y108.444 E.32304
G1 X131.357 Y108.444 F9000
G1 F3000
G1 X123.945 Y115.856 E.32304
G1 X123.41 Y115.856 F9000
G1 F3000
G1 X130.822 Y108.444 E.32304
G1 X130.287 Y108.444 F9000
G1 F3000
G1 X122.875 Y115.856 E.32304
G1 X122.341 Y115.856 F9000
G1 F3000
G1 X129.752 Y108.444 E.32304
G1 X129.217 Y108.444 F9000
G1 F3000
G1 X121.806 Y115.856 E.32304
G1 X121.271 Y115.856 F9000
G1 F3000
G1 X128.683 Y108.444 E.32304
G1 X128.148 Y108.444 F9000
G1 F3000
G1 X120.736 Y115.856 E.32304
G1 X120.201 Y115.856 F9000
G1 F3000
G1 X127.613 Y108.444 E.32304
G1 X127.078 Y108.444 F9000
G1 F3000
G1 X119.666 Y115.856 E.32304
G1 X119.131 Y115.856 F9000
G1 F3000
G1 X126.543 Y108.444 E.32304
G1 X126.008 Y108.444 F9000
G1 F3000
G1 X118.596 Y115.856 E.32304
G1 X118.062 Y115.856 F9000
G1 F3000
G1 X125.473 Y108.444 E.32304
G1 X124.938 Y108.444 F9000
G1 F3000
G1 X117.527 Y115.856 E.32304
G1 X116.992 Y115.856 F9000
G1 F3000
G1 X124.403 Y108.444 E.32304
G1 X123.869 Y108.444 F9000
G1 F3000
G1 X116.457 Y115.856 E.32304
G1 X115.922 Y115.856 F9000
G1 F3000
G1 X123.334 Y108.444 E.32304
G1 X122.799 Y108.444 F9000
G1 F3000
G1 X115.387 Y115.856 E.32304
G1 X114.852 Y115.856 F9000
G1 F3000
G1 X122.264 Y108.444 E.32304
G1 X121.729 Y108.444 F9000
G1 F3000
G1 X114.317 Y115.856 E.32304
G1 X113.783 Y115.856 F9000
G1 F3000
G1 X121.194 Y108.444 E.32304
G1 X120.659 Y108.444 F9000
G1 F3000
G1 X113.248 Y115.856 E.32304
G1 X112.713 Y115.856 F9000
G1 F3000
G1 X120.124 Y108.444 E.32304
G1 X119.59 Y108.444 F9000
G1 F3000
G1 X112.178 Y115.856 E.32304
G1 X111.643 Y115.856 F9000
G1 F3000
G1 X119.055 Y108.444 E.32304
G1 X118.52 Y108.444 F9000
G1 F3000
G1 X111.108 Y115.856 E.32304
G1 X110.573 Y115.856 F9000
G1 F3000
G1 X117.985 Y108.444 E.32304
G1 X117.45 Y108.444 F9000
G1 F3000
G1 X110.038 Y115.856 E.32304
G1 X109.503 Y115.856 F9000
G1 F3000
G1 X116.915 Y108.444 E.32304
G1 X116.388 Y108.436 F9000
G1 F3000
G1 X108.969 Y115.856 E.3234
G1 X108.434 Y115.856 F9000
G1 F3000
G1 X116.014 Y108.276 E.33038
G1 X115.794 Y107.961 F9000
G1 F3000
G1 X107.899 Y115.856 E.34411
G1 X107.364 Y115.856 F9000
G1 F3000
G1 X115.756 Y107.464 E.36577
G1 X115.756 Y106.929 F9000
G1 F3000
G1 X114.13 Y108.555 E.07086
G1 X114.238 Y107.912 F9000
G1 F3000
G1 X115.756 Y106.394 E.06617
G1 X115.756 Y105.859 F9000
G1 F3000
G1 X114.239 Y107.376 E.0661
G1 X114.241 Y106.84 F9000
G1 F3000
G1 X115.756 Y105.324 E.06604
G1 X115.756 Y104.79 F9000
G1 F3000
G1 X114.242 Y106.303 E.06597
G1 X114.244 Y105.767 F9000
G1 F3000
G1 X115.756 Y104.255 E.0659
G1 X115.331 Y104.144 F9000
G1 F3000
G1 X114.175 Y105.3 E.0504
G1 X113.989 Y104.952 F9000
G1 F3000
G1 X114.797 Y104.144 E.03521
G1 X114.262 Y104.144 F9000
G1 F3000
G1 X113.712 Y104.694 E.02395
G1 E-.84 F2400
;WIPE_START
G1 F3000
G1 X114.262 Y104.144 E-.36
;WIPE_END
G17
G3 Z2 I-1.205 J-.167 P1  F9000
G1 X113.571 Y109.114 Z2
G1 Z1.6
G1 E1.2 F1800
G1 F3000
G1 X106.829 Y115.856 E.29386
G1 X106.294 Y115.856 F9000
G1 F3000
G1 X112.921 Y109.229 E.28884
G1 X112.386 Y109.229 F9000
G1 F3000
G1 X105.759 Y115.856 E.28884
G1 X105.224 Y115.856 F9000
G1 F3000
G1 X111.851 Y109.229 E.28884
G1 X111.316 Y109.229 F9000
G1 F3000
G1 X104.69 Y115.856 E.28884
G1 X104.155 Y115.856 F9000
G1 F3000
G1 X110.782 Y109.229 E.28884
G1 X110.247 Y109.229 F9000
G1 F3000
G1 X103.62 Y115.856 E.28884
G1 X103.085 Y115.856 F9000
G1 F3000
G1 X109.712 Y109.229 E.28884
G1 X109.177 Y109.229 F9000
G1 F3000
G1 X102.55 Y115.856 E.28884
G1 X102.015 Y115.856 F9000
G1 F3000
G1 X108.642 Y109.229 E.28884
G1 X108.107 Y109.229 F9000
G1 F3000
G1 X101.48 Y115.856 E.28884
G1 X100.945 Y115.856 F9000
G1 F3000
G1 X107.572 Y109.229 E.28884
G1 X107.037 Y109.229 F9000
G1 F3000
G1 X100.411 Y115.856 E.28884
G1 X99.876 Y115.856 F9000
G1 F3000
G1 X106.567 Y109.165 E.29163
G1 X106.214 Y108.983 F9000
G1 F3000
G1 X99.341 Y115.856 E.29958
G1 X98.806 Y115.856 F9000
G1 F3000
G1 X105.948 Y108.714 E.3113
G1 X105.796 Y108.331 F9000
G1 F3000
G1 X98.271 Y115.856 E.328
G1 X97.736 Y115.856 F9000
G1 F3000
G1 X105.756 Y107.836 E.34955
G1 X105.756 Y107.301 F9000
G1 F3000
G1 X97.201 Y115.856 E.37286
G1 X96.666 Y115.856 F9000
G1 F3000
G1 X105.756 Y106.766 E.39617
G1 X104.233 Y107.755 F9000
G1 F3000
G1 X105.756 Y106.231 E.06638
G1 X105.756 Y105.697 F9000
G1 F3000
G1 X104.235 Y107.218 E.06631
G1 X104.236 Y106.681 F9000
G1 F3000
G1 X106.687 Y104.231 E.1068
G1 X106.225 Y104.158 F9000
G1 F3000
G1 X104.238 Y106.145 E.08659
G1 X104.24 Y105.608 F9000
G1 F3000
G1 X105.704 Y104.144 E.06381
G1 X105.169 Y104.144 F9000
G1 F3000
G1 X104.241 Y105.071 E.04042
G1 X104.243 Y104.535 F9000
G1 F3000
G1 X104.634 Y104.144 E.01703
G1 E-.84 F2400
;WIPE_START
G1 F3000
G1 X104.243 Y104.535 E-.36
;WIPE_END
G17
G3 Z2 I-1.198 J-.213 P1  F9000
G1 X103.551 Y108.436 Z2
G1 Z1.6
G1 E1.2 F1800
G1 F3000
G1 X96.131 Y115.856 E.3234
G1 X95.597 Y115.856 F9000
G1 F3000
G1 X103.016 Y108.436 E.3234
G1 X102.481 Y108.436 F9000
G1 F3000
G1 X95.062 Y115.856 E.32339
G1 X94.527 Y115.856 F9000
G1 F3000
G1 X101.946 Y108.436 E.32339
G1 X101.411 Y108.436 F9000
G1 F3000
G1 X93.992 Y115.856 E.32338
G1 X93.457 Y115.856 F9000
G1 F3000
G1 X100.876 Y108.436 E.32338
G1 X100.342 Y108.437 F9000
G1 F3000
G1 X92.922 Y115.856 E.32338
G1 X92.387 Y115.856 F9000
G1 F3000
G1 X99.807 Y108.437 E.32337
G1 X99.272 Y108.437 F9000
G1 F3000
G1 X91.852 Y115.856 E.32337
G1 X91.318 Y115.856 F9000
G1 F3000
G1 X98.737 Y108.437 E.32337
G1 X98.202 Y108.437 F9000
G1 F3000
G1 X90.783 Y115.856 E.32336
G1 X90.248 Y115.856 F9000
G1 F3000
G1 X97.667 Y108.437 E.32336
G1 X97.132 Y108.437 F9000
G1 F3000
G1 X89.713 Y115.856 E.32335
G1 X89.178 Y115.856 F9000
G1 F3000
G1 X96.597 Y108.437 E.32335
G1 X96.062 Y108.437 F9000
G1 F3000
G1 X88.643 Y115.856 E.32335
G1 X88.108 Y115.856 F9000
G1 F3000
G1 X95.527 Y108.437 E.32334
G1 X94.992 Y108.437 F9000
G1 F3000
G1 X87.573 Y115.856 E.32334
G1 X87.039 Y115.856 F9000
G1 F3000
G1 X94.457 Y108.437 E.32334
G1 X93.922 Y108.438 F9000
G1 F3000
G1 X86.504 Y115.856 E.32333
G1 X85.969 Y115.856 F9000
G1 F3000
G1 X93.387 Y108.438 E.32333
G1 X92.852 Y108.438 F9000
G1 F3000
G1 X85.434 Y115.856 E.32332
G1 X84.899 Y115.856 F9000
G1 F3000
G1 X92.317 Y108.438 E.32332
G1 X91.782 Y108.438 F9000
G1 F3000
G1 X84.364 Y115.856 E.32332
G1 X83.829 Y115.856 F9000
G1 F3000
G1 X91.247 Y108.438 E.32331
G1 X90.712 Y108.438 F9000
G1 F3000
G1 X83.294 Y115.856 E.32331
G1 X82.759 Y115.856 F9000
G1 F3000
G1 X90.177 Y108.438 E.32331
G1 X89.642 Y108.438 F9000
G1 F3000
G1 X82.225 Y115.856 E.3233
G1 X81.69 Y115.856 F9000
G1 F3000
G1 X89.107 Y108.438 E.3233
G1 X88.572 Y108.438 F9000
G1 F3000
G1 X81.155 Y115.856 E.32329
G1 X80.62 Y115.856 F9000
G1 F3000
G1 X88.037 Y108.439 E.32329
G1 X87.502 Y108.439 F9000
G1 F3000
G1 X80.085 Y115.856 E.32329
G1 X79.55 Y115.856 F9000
G1 F3000
G1 X86.967 Y108.439 E.32328
G1 X86.432 Y108.439 F9000
G1 F3000
G1 X79.015 Y115.856 E.32328
G1 X78.48 Y115.856 F9000
G1 F3000
G1 X85.897 Y108.439 E.32328
G1 X85.362 Y108.439 F9000
G1 F3000
G1 X77.946 Y115.856 E.32327
G1 X77.411 Y115.856 F9000
G1 F3000
G1 X84.827 Y108.439 E.32327
G1 X84.293 Y108.439 F9000
G1 F3000
G1 X76.876 Y115.856 E.32326
G1 X76.341 Y115.856 F9000
G1 F3000
G1 X83.758 Y108.439 E.32326
G1 X83.223 Y108.439 F9000
G1 F3000
G1 X75.806 Y115.856 E.32326
G1 X75.271 Y115.856 F9000
G1 F3000
G1 X82.688 Y108.439 E.32325
G1 X82.153 Y108.439 F9000
G1 F3000
G1 X74.736 Y115.856 E.32325
G1 X74.201 Y115.856 F9000
G1 F3000
G1 X81.618 Y108.44 E.32325
G1 X81.083 Y108.44 F9000
G1 F3000
G1 X73.667 Y115.856 E.32324
G1 X73.132 Y115.856 F9000
G1 F3000
G1 X80.548 Y108.44 E.32324
G1 X80.013 Y108.44 F9000
G1 F3000
G1 X72.597 Y115.856 E.32323
G1 X72.062 Y115.856 F9000
G1 F3000
G1 X79.478 Y108.44 E.32323
G1 X78.943 Y108.44 F9000
G1 F3000
G1 X71.527 Y115.856 E.32323
G1 X70.992 Y115.856 F9000
G1 F3000
G1 X78.408 Y108.44 E.32322
G1 X77.873 Y108.44 F9000
G1 F3000
G1 X70.457 Y115.856 E.32322
G1 X69.922 Y115.856 F9000
G1 F3000
G1 X77.338 Y108.44 E.32322
G1 X76.803 Y108.44 F9000
G1 F3000
G1 X69.388 Y115.856 E.32321
G1 X68.853 Y115.856 F9000
G1 F3000
G1 X76.268 Y108.44 E.32321
G1 X75.733 Y108.441 F9000
G1 F3000
G1 X68.318 Y115.856 E.3232
G1 X67.783 Y115.856 F9000
G1 F3000
G1 X75.198 Y108.441 E.3232
G1 X74.663 Y108.441 F9000
G1 F3000
G1 X67.248 Y115.856 E.3232
G1 X66.713 Y115.856 F9000
G1 F3000
G1 X74.128 Y108.441 E.32319
G1 X73.593 Y108.441 F9000
G1 F3000
G1 X66.178 Y115.856 E.32319
G1 X65.643 Y115.856 F9000
G1 F3000
G1 X73.058 Y108.441 E.32319
G1 X72.523 Y108.441 F9000
G1 F3000
G1 X65.108 Y115.856 E.32318
G1 X64.574 Y115.856 F9000
G1 F3000
G1 X71.988 Y108.441 E.32318
G1 X71.453 Y108.441 F9000
G1 F3000
G1 X64.039 Y115.856 E.32317
G1 X63.504 Y115.856 F9000
G1 F3000
G1 X70.918 Y108.441 E.32317
G1 X70.383 Y108.441 F9000
G1 F3000
G1 X62.969 Y115.856 E.32317
G1 X62.434 Y115.856 F9000
G1 F3000
G1 X69.848 Y108.441 E.32316
G1 X69.313 Y108.442 F9000
G1 F3000
G1 X61.899 Y115.856 E.32316
G1 X61.364 Y115.856 F9000
G1 F3000
G1 X68.779 Y108.442 E.32316
G1 X68.244 Y108.442 F9000
G1 F3000
G1 X60.829 Y115.856 E.32315
G1 X60.295 Y115.856 F9000
G1 F3000
G1 X67.709 Y108.442 E.32315
G1 X67.174 Y108.442 F9000
G1 F3000
G1 X59.76 Y115.856 E.32314
G1 X59.225 Y115.856 F9000
G1 F3000
G1 X66.639 Y108.442 E.32314
G1 X66.104 Y108.442 F9000
G1 F3000
G1 X58.69 Y115.856 E.32314
G1 X58.155 Y115.856 F9000
G1 F3000
G1 X65.569 Y108.442 E.32313
G1 X65.034 Y108.442 F9000
G1 F3000
G1 X57.62 Y115.856 E.32313
G1 X57.085 Y115.856 F9000
G1 F3000
G1 X64.499 Y108.442 E.32313
G1 X63.964 Y108.442 F9000
G1 F3000
G1 X56.55 Y115.856 E.32312
G1 X56.016 Y115.856 F9000
G1 F3000
G1 X63.429 Y108.442 E.32312
G1 X62.894 Y108.443 F9000
G1 F3000
G1 X55.481 Y115.856 E.32311
G1 X54.946 Y115.856 F9000
G1 F3000
G1 X62.359 Y108.443 E.32311
G1 X61.824 Y108.443 F9000
G1 F3000
G1 X54.411 Y115.856 E.32311
G1 X53.876 Y115.856 F9000
G1 F3000
G1 X61.289 Y108.443 E.3231
G1 X60.754 Y108.443 F9000
G1 F3000
G1 X53.341 Y115.856 E.3231
G1 X52.834 Y115.828 F9000
G1 F3000
G1 X60.219 Y108.443 E.32187
G1 X59.684 Y108.443 F9000
G1 F3000
G1 X52.425 Y115.702 E.31641
G1 X52.113 Y115.479 F9000
G1 F3000
G1 X59.149 Y108.443 E.30667
G1 X58.614 Y108.443 F9000
G1 F3000
G1 X51.893 Y115.164 E.29295
G1 X51.771 Y114.752 F9000
G1 F3000
G1 X58.079 Y108.443 E.27497
G1 X57.544 Y108.443 F9000
G1 F3000
G1 X51.744 Y114.244 E.2528
G1 X51.744 Y113.709 F9000
G1 F3000
G1 X57.009 Y108.444 E.22948
G1 X56.474 Y108.444 F9000
G1 F3000
G1 X51.744 Y113.174 E.20617
G1 X51.744 Y112.639 F9000
G1 F3000
G1 X55.939 Y108.444 E.18285
G1 X55.404 Y108.444 F9000
G1 F3000
G1 X51.744 Y112.104 E.15953
G1 X51.744 Y111.569 F9000
G1 F3000
G1 X54.869 Y108.444 E.13622
G1 X54.334 Y108.444 F9000
G1 F3000
G1 X51.744 Y111.034 E.1129
G1 X51.744 Y110.499 F9000
G1 F3000
G1 X53.799 Y108.444 E.08958
G1 X53.265 Y108.444 F9000
G1 F3000
G1 X51.744 Y109.964 E.06627
; stop printing object curtain-holder.stl id:15 copy 0
G1 E-.84 F2400
;WIPE_START
G1 F3000
G1 X52.451 Y109.257 E-.36
;WIPE_END
M106 S0
;TYPE:Custom
; filament end gcode
G91 ;Relative positionning 
G1 E-2 F2700 ;Retract a bit 
G1 E-2 Z0.2 F2400 ;Retract and raise Z 
G1 X5 Y5 F3000 ;Wipe out 
G1 Z10 ;Raise Z more 
G90 ;Absolute positionning 
 
G1 X0 Y220 ;Present print 
M106 S0 ;Turn-off fan 
M104 S0 ;Turn-off hotend 
M140 S0 ;Turn-off bed 
 
M84 X Y E ;Disable all steppers but Z
; EXECUTABLE_BLOCK_END

; filament used [mm] = 737.40
; filament used [cm3] = 1.77
; filament used [g] = 2.20
; filament cost = 0.04
; total filament used [g] = 2.20
; total filament cost = 0.04
; total layers count = 8
; estimated printing time (normal mode) = 7m 2s
; estimated first layer printing time (normal mode) = 13s

; CONFIG_BLOCK_START
; accel_to_decel_enable = 1
; accel_to_decel_factor = 50%
; activate_air_filtration = 0
; activate_chamber_temp_control = 0
; adaptive_bed_mesh_margin = 0
; adaptive_pressure_advance = 0
; adaptive_pressure_advance_bridges = 0
; adaptive_pressure_advance_model = "0,0,0\n0,0,0"
; adaptive_pressure_advance_overhangs = 0
; additional_cooling_fan_speed = 70
; align_infill_direction_to_model = 0
; alternate_extra_wall = 0
; auxiliary_fan = 0
; bbl_calib_mark_logo = 1
; bbl_use_printhost = 0
; bed_custom_model = 
; bed_custom_texture = 
; bed_exclude_area = 0x0
; bed_mesh_max = 99999,99999
; bed_mesh_min = -99999,-99999
; bed_mesh_probe_distance = 50,50
; before_layer_change_gcode = ;BEFORE_LAYER_CHANGE\n;[layer_z]\nG92 E0\n
; best_object_pos = 0.5,0.5
; bottom_shell_layers = 4
; bottom_shell_thickness = 0
; bottom_solid_infill_flow_ratio = 1
; bottom_surface_density = 100%
; bottom_surface_pattern = monotonic
; bridge_acceleration = 50%
; bridge_angle = 0
; bridge_density = 100%
; bridge_flow = 0.95
; bridge_no_support = 0
; bridge_speed = 100
; brim_ears_detection_length = 1
; brim_ears_max_angle = 125
; brim_object_gap = 0.1
; brim_type = no_brim
; brim_width = 5
; calib_flowrate_topinfill_special_order = 0
; chamber_temperature = 0
; change_extrusion_role_gcode = 
; change_filament_gcode = M600
; close_fan_the_first_x_layers = 1
; complete_print_exhaust_fan_speed = 70
; cool_plate_temp = 35
; cool_plate_temp_initial_layer = 35
; cooling_tube_length = 5
; cooling_tube_retraction = 91.5
; counterbore_hole_bridging = none
; curr_bed_type = High Temp Plate
; default_acceleration = 2500
; default_bed_type = 
; default_filament_colour = ""
; default_filament_profile = "Creality Generic PLA @Ender-3V3-all"
; default_jerk = 0
; default_junction_deviation = 0
; default_print_profile = 0.20mm Standard @Creality Ender3V3SE 0.4
; deretraction_speed = 30
; detect_narrow_internal_solid_infill = 1
; detect_overhang_wall = 1
; detect_thin_wall = 1
; different_settings_to_system = sparse_infill_pattern;;
; disable_m73 = 1
; dont_filter_internal_bridges = disabled
; dont_slow_down_outer_wall = 0
; draft_shield = disabled
; during_print_exhaust_fan_speed = 70
; elefant_foot_compensation = 0
; elefant_foot_compensation_layers = 1
; emit_machine_limits_to_gcode = 1
; enable_arc_fitting = 0
; enable_extra_bridge_layer = disabled
; enable_filament_ramming = 1
; enable_long_retraction_when_cut = 0
; enable_overhang_bridge_fan = 1
; enable_overhang_speed = 1
; enable_pressure_advance = 0
; enable_prime_tower = 0
; enable_support = 0
; enforce_support_layers = 0
; eng_plate_temp = 0
; eng_plate_temp_initial_layer = 0
; ensure_vertical_shell_thickness = ensure_all
; exclude_object = 0
; extra_loading_move = -2
; extra_perimeters_on_overhangs = 0
; extra_solid_infills = 
; extruder_clearance_height_to_lid = 34
; extruder_clearance_height_to_rod = 47
; extruder_clearance_radius = 90
; extruder_colour = #26A69A
; extruder_offset = 0x0
; extrusion_rate_smoothing_external_perimeter_only = 0
; fan_cooling_layer_time = 100
; fan_kickstart = 0
; fan_max_speed = 100
; fan_min_speed = 100
; fan_speedup_overhangs = 1
; fan_speedup_time = 0
; filament_colour = #26A69A
; filament_cooling_final_speed = 3.4
; filament_cooling_initial_speed = 2.2
; filament_cooling_moves = 4
; filament_cost = 20
; filament_density = 1.24
; filament_diameter = 1.75
; filament_end_gcode = "; filament end gcode\n"
; filament_flow_ratio = 0.98
; filament_ids = OGFL99
; filament_is_support = 0
; filament_loading_speed = 28
; filament_loading_speed_start = 3
; filament_max_volumetric_speed = 12
; filament_minimal_purge_on_wipe_tower = 15
; filament_multitool_ramming = 0
; filament_multitool_ramming_flow = 10
; filament_multitool_ramming_volume = 10
; filament_notes = ""
; filament_ramming_parameters = "120 100 6.6 6.8 7.2 7.6 7.9 8.2 8.7 9.4 9.9 10.0| 0.05 6.6 0.45 6.8 0.95 7.8 1.45 8.3 1.95 9.7 2.45 10 2.95 7.6 3.45 7.6 3.95 7.6 4.45 7.6 4.95 7.6"
; filament_settings_id = "Generic PLA @System"
; filament_shrink = 100%
; filament_shrinkage_compensation_z = 100%
; filament_soluble = 0
; filament_stamping_distance = 0
; filament_stamping_loading_speed = 0
; filament_start_gcode = "; Filament gcode\n"
; filament_toolchange_delay = 0
; filament_type = PLA
; filament_unloading_speed = 90
; filament_unloading_speed_start = 100
; filament_vendor = Generic
; filename_format = {input_filename_base}_{filament_type[initial_tool]}_{print_time}.gcode
; fill_multiline = 1
; filter_out_gap_fill = 0
; first_layer_print_sequence = 0
; flush_into_infill = 0
; flush_into_objects = 0
; flush_into_support = 1
; flush_multiplier = 1
; flush_volumes_matrix = 0
; flush_volumes_vector = 140,140
; full_fan_speed_layer = 0
; fuzzy_skin = none
; fuzzy_skin_first_layer = 0
; fuzzy_skin_mode = displacement
; fuzzy_skin_noise_type = classic
; fuzzy_skin_octaves = 4
; fuzzy_skin_persistence = 0.5
; fuzzy_skin_point_distance = 0.3
; fuzzy_skin_scale = 1
; fuzzy_skin_thickness = 0.2
; gap_fill_target = nowhere
; gap_infill_speed = 50
; gcode_add_line_number = 0
; gcode_comments = 0
; gcode_flavor = marlin2
; gcode_label_objects = 1
; has_scarf_joint_seam = 0
; head_wrap_detect_zone = 
; high_current_on_filament_swap = 0
; hole_to_polyhole = 0
; hole_to_polyhole_threshold = 0.01
; hole_to_polyhole_twisted = 1
; host_type = octoprint
; hot_plate_temp = 55
; hot_plate_temp_initial_layer = 55
; idle_temperature = 0
; independent_support_layer_height = 1
; infill_anchor = 400%
; infill_anchor_max = 20
; infill_combination = 0
; infill_combination_max_layer_height = 100%
; infill_direction = 45
; infill_jerk = 9
; infill_lock_depth = 1
; infill_overhang_angle = 60
; infill_shift_step = 0.4
; infill_wall_overlap = 15%
; initial_layer_acceleration = 500
; initial_layer_infill_speed = 80
; initial_layer_jerk = 9
; initial_layer_line_width = 0.46
; initial_layer_min_bead_width = 85%
; initial_layer_print_height = 0.2
; initial_layer_speed = 30
; initial_layer_travel_speed = 100%
; inner_wall_acceleration = 2000
; inner_wall_jerk = 9
; inner_wall_line_width = 0.45
; inner_wall_speed = 90
; interface_shells = 0
; interlocking_beam = 0
; interlocking_beam_layer_count = 2
; interlocking_beam_width = 0.8
; interlocking_boundary_avoidance = 2
; interlocking_depth = 2
; interlocking_orientation = 22.5
; internal_bridge_angle = 0
; internal_bridge_density = 100%
; internal_bridge_fan_speed = -1
; internal_bridge_flow = 1
; internal_bridge_speed = 150%
; internal_solid_infill_acceleration = 100%
; internal_solid_infill_line_width = 0.42
; internal_solid_infill_pattern = monotonic
; internal_solid_infill_speed = 180
; ironing_angle = -1
; ironing_fan_speed = -1
; ironing_flow = 15%
; ironing_inset = 0
; ironing_pattern = rectilinear
; ironing_spacing = 0.1
; ironing_speed = 20
; ironing_type = no ironing
; is_infill_first = 0
; lateral_lattice_angle_1 = -45
; lateral_lattice_angle_2 = 45
; layer_change_gcode = 
; layer_height = 0.2
; line_width = 0.46
; long_retractions_when_cut = 0
; machine_end_gcode = G91 ;Relative positionning \nG1 E-2 F2700 ;Retract a bit \nG1 E-2 Z0.2 F2400 ;Retract and raise Z \nG1 X5 Y5 F3000 ;Wipe out \nG1 Z10 ;Raise Z more \nG90 ;Absolute positionning \n \nG1 X0 Y220 ;Present print \nM106 S0 ;Turn-off fan \nM104 S0 ;Turn-off hotend \nM140 S0 ;Turn-off bed \n \nM84 X Y E ;Disable all steppers but Z
; machine_load_filament_time = 11
; machine_max_acceleration_e = 5000,5000
; machine_max_acceleration_extruding = 2500,2500
; machine_max_acceleration_retracting = 500,500
; machine_max_acceleration_travel = 2500,2500
; machine_max_acceleration_x = 2500,2500
; machine_max_acceleration_y = 2500,2500
; machine_max_acceleration_z = 500,500
; machine_max_jerk_e = 5,5
; machine_max_jerk_x = 10,10
; machine_max_jerk_y = 10,10
; machine_max_jerk_z = 0.4,0.4
; machine_max_junction_deviation = 0,0
; machine_max_speed_e = 40,40
; machine_max_speed_x = 250,250
; machine_max_speed_y = 250,250
; machine_max_speed_z = 5,5
; machine_min_extruding_rate = 0,0
; machine_min_travel_rate = 0,0
; machine_pause_gcode = M25
; machine_start_gcode = M220 S100 ;Reset Feedrate \nM221 S100 ;Reset Flowrate \n \nM104 S[nozzle_temperature_initial_layer] ;Set final nozzle temp \nM190 S[bed_temperature_initial_layer_single] ;Set and wait for bed temp to stabilize \nG28 ;Home \nG92 E0 ;Reset Extruder \nG1 Z2.0 F3000 ;Move Z Axis up \nG1 X-2.1 Y20 Z0.28 F5000.0 ;Move to start position \nM109 S[nozzle_temperature_initial_layer] ;Wait for nozzle temp to stabilize \nG1 X-2.1 Y145.0 Z0.28 F1500.0 E15 ;Draw the first line \nG1 X-2.4 Y145.0 Z0.28 F5000.0 ;Move to side a little \nG1 X-2.4 Y20 Z0.28 F1500.0 E30 ;Draw the second line \nG92 E0  ;Reset Extruder \nG1 E-1.0000 F1800 ;Retract a bit \nG1 Z2.0 F3000 ;Move Z Axis up \nG1 E0.0000 F1800
; machine_tool_change_time = 0
; machine_unload_filament_time = 0
; make_overhang_printable = 0
; make_overhang_printable_angle = 55
; make_overhang_printable_hole_size = 0
; manual_filament_change = 1
; max_bridge_length = 10
; max_layer_height = 0.32
; max_resonance_avoidance_speed = 120
; max_travel_detour_distance = 0
; max_volumetric_extrusion_rate_slope = 0
; max_volumetric_extrusion_rate_slope_segment_length = 3
; min_bead_width = 85%
; min_feature_size = 25%
; min_layer_height = 0.08
; min_length_factor = 0.5
; min_resonance_avoidance_speed = 70
; min_skirt_length = 0
; min_width_top_surface = 300%
; minimum_sparse_infill_area = 10
; mmu_segmented_region_interlocking_depth = 0
; mmu_segmented_region_max_width = 0
; notes = 
; nozzle_diameter = 0.4
; nozzle_height = 2.5
; nozzle_hrc = 0
; nozzle_temperature = 220
; nozzle_temperature_initial_layer = 220
; nozzle_temperature_range_high = 240
; nozzle_temperature_range_low = 190
; nozzle_type = brass
; nozzle_volume = 0
; only_one_wall_first_layer = 0
; only_one_wall_top = 0
; ooze_prevention = 0
; other_layers_print_sequence = 0
; other_layers_print_sequence_nums = 0
; outer_wall_acceleration = 1000
; outer_wall_jerk = 9
; outer_wall_line_width = 0.42
; outer_wall_speed = 60
; overhang_1_4_speed = 0
; overhang_2_4_speed = 20
; overhang_3_4_speed = 15
; overhang_4_4_speed = 10
; overhang_fan_speed = 100
; overhang_fan_threshold = 50%
; overhang_reverse = 0
; overhang_reverse_internal_only = 0
; overhang_reverse_threshold = 50%
; parking_pos_retraction = 92
; pellet_flow_coefficient = 0.4157
; pellet_modded_printer = 0
; post_process = 
; precise_outer_wall = 1
; precise_z_height = 0
; preferred_orientation = 0
; preheat_steps = 1
; preheat_time = 30
; pressure_advance = 0.02
; prime_tower_brim_width = 3
; prime_tower_width = 60
; prime_volume = 45
; print_compatible_printers = "Creality Ender-3 V3 SE 0.4 nozzle"
; print_flow_ratio = 1
; print_order = default
; print_sequence = by layer
; print_settings_id = 0.20mm Standard @Creality Ender3V3SE 0.4
; printable_area = 0x0,220x0,220x220,0x220
; printable_height = 250
; printer_model = Creality Ender-3 V3 SE
; printer_notes = 
; printer_settings_id = Creality Ender-3 V3 SE 0.4 nozzle
; printer_structure = i3
; printer_technology = FFF
; printer_variant = 0.4
; printhost_authorization_type = key
; printhost_ssl_ignore_revoke = 0
; printing_by_object_gcode = 
; purge_in_prime_tower = 1
; raft_contact_distance = 0.1
; raft_expansion = 1.5
; raft_first_layer_density = 90%
; raft_first_layer_expansion = 2
; raft_layers = 0
; reduce_crossing_wall = 0
; reduce_fan_stop_start_freq = 1
; reduce_infill_retraction = 1
; required_nozzle_HRC = 3
; resolution = 0.012
; resonance_avoidance = 0
; retract_before_wipe = 70%
; retract_length_toolchange = 1
; retract_lift_above = 0
; retract_lift_below = 0
; retract_lift_enforce = All Surfaces
; retract_restart_extra = 0
; retract_restart_extra_toolchange = 0
; retract_when_changing_layer = 1
; retraction_distances_when_cut = 18
; retraction_length = 1.2
; retraction_minimum_travel = 2
; retraction_speed = 40
; role_based_wipe_speed = 1
; scan_first_layer = 0
; scarf_angle_threshold = 155
; scarf_joint_flow_ratio = 1
; scarf_joint_speed = 100%
; scarf_overhang_threshold = 40%
; seam_gap = 10%
; seam_position = aligned
; seam_slope_conditional = 0
; seam_slope_entire_loop = 0
; seam_slope_inner_walls = 0
; seam_slope_min_length = 20
; seam_slope_start_height = 0
; seam_slope_steps = 10
; seam_slope_type = none
; silent_mode = 0
; single_extruder_multi_material = 1
; single_extruder_multi_material_priming = 0
; single_loop_draft_shield = 0
; skeleton_infill_density = 25%
; skeleton_infill_line_width = 100%
; skin_infill_density = 25%
; skin_infill_depth = 2
; skin_infill_line_width = 100%
; skirt_distance = 2
; skirt_height = 2
; skirt_loops = 0
; skirt_speed = 50
; skirt_start_angle = -135
; skirt_type = combined
; slice_closing_radius = 0.049
; slicing_mode = regular
; slow_down_for_layer_cooling = 1
; slow_down_layer_time = 4
; slow_down_layers = 0
; slow_down_min_speed = 10
; slowdown_for_curled_perimeters = 1
; small_area_infill_flow_compensation = 0
; small_area_infill_flow_compensation_model = 0,0;"\n0.2,0.4444";"\n0.4,0.6145";"\n0.6,0.7059";"\n0.8,0.7619";"\n1.5,0.8571";"\n2,0.8889";"\n3,0.9231";"\n5,0.9520";"\n10,1"
; small_perimeter_speed = 50%
; small_perimeter_threshold = 0
; solid_infill_direction = 45
; solid_infill_filament = 1
; solid_infill_rotate_template = 
; sparse_infill_acceleration = 100%
; sparse_infill_density = 15%
; sparse_infill_filament = 1
; sparse_infill_line_width = 0.45
; sparse_infill_pattern = grid
; sparse_infill_rotate_template = 
; sparse_infill_speed = 180
; spiral_finishing_flow_ratio = 0
; spiral_mode = 0
; spiral_mode_max_xy_smoothing = 200%
; spiral_mode_smooth = 0
; spiral_starting_flow_ratio = 0
; staggered_inner_seams = 0
; standby_temperature_delta = -5
; start_end_points = 30x-3,54x245
; supertack_plate_temp = 45
; supertack_plate_temp_initial_layer = 45
; support_air_filtration = 0
; support_angle = 0
; support_base_pattern = rectilinear
; support_base_pattern_spacing = 2.5
; support_bottom_interface_spacing = 0.5
; support_bottom_z_distance = 0.2
; support_chamber_temp_control = 0
; support_critical_regions_only = 0
; support_expansion = 0
; support_filament = 0
; support_interface_bottom_layers = -1
; support_interface_filament = 0
; support_interface_loop_pattern = 0
; support_interface_not_for_body = 1
; support_interface_pattern = auto
; support_interface_spacing = 0.5
; support_interface_speed = 80
; support_interface_top_layers = 2
; support_ironing = 0
; support_ironing_flow = 10%
; support_ironing_pattern = rectilinear
; support_ironing_spacing = 0.1
; support_line_width = 0.38
; support_material_interface_fan_speed = -1
; support_multi_bed_types = 0
; support_object_first_layer_gap = 0.2
; support_object_xy_distance = 0.35
; support_on_build_plate_only = 0
; support_remove_small_overhang = 1
; support_speed = 50
; support_style = grid
; support_threshold_angle = 30
; support_threshold_overlap = 50%
; support_top_z_distance = 0.15
; support_type = normal(auto)
; symmetric_infill_y_axis = 0
; temperature_vitrification = 45
; template_custom_gcode = 
; textured_cool_plate_temp = 40
; textured_cool_plate_temp_initial_layer = 40
; textured_plate_temp = 55
; textured_plate_temp_initial_layer = 55
; thick_bridges = 0
; thick_internal_bridges = 1
; thumbnails = 
; thumbnails_format = PNG
; time_cost = 0
; time_lapse_gcode = 
; timelapse_type = 0
; top_bottom_infill_wall_overlap = 25%
; top_shell_layers = 4
; top_shell_thickness = 0.8
; top_solid_infill_flow_ratio = 1
; top_surface_acceleration = 2500
; top_surface_density = 100%
; top_surface_jerk = 9
; top_surface_line_width = 0.42
; top_surface_pattern = monotonicline
; top_surface_speed = 50
; travel_acceleration = 2500
; travel_jerk = 12
; travel_slope = 3
; travel_speed = 150
; travel_speed_z = 0
; tree_support_adaptive_layer_height = 1
; tree_support_angle_slow = 25
; tree_support_auto_brim = 1
; tree_support_branch_angle = 40
; tree_support_branch_angle_organic = 40
; tree_support_branch_diameter = 5
; tree_support_branch_diameter_angle = 5
; tree_support_branch_diameter_organic = 2
; tree_support_branch_distance = 5
; tree_support_branch_distance_organic = 1
; tree_support_brim_width = 3
; tree_support_tip_diameter = 0.8
; tree_support_top_rate = 30%
; tree_support_wall_count = 2
; upward_compatible_machine = 
; use_firmware_retraction = 0
; use_relative_e_distances = 1
; wall_direction = auto
; wall_distribution_count = 1
; wall_filament = 1
; wall_generator = arachne
; wall_loops = 2
; wall_sequence = inner wall/outer wall
; wall_transition_angle = 10
; wall_transition_filter_deviation = 25%
; wall_transition_length = 100%
; wipe = 1
; wipe_before_external_loop = 0
; wipe_distance = 1
; wipe_on_loops = 0
; wipe_speed = 80%
; wipe_tower_bridging = 10
; wipe_tower_cone_angle = 30
; wipe_tower_extra_flow = 100%
; wipe_tower_extra_rib_length = 0
; wipe_tower_extra_spacing = 100%
; wipe_tower_filament = 0
; wipe_tower_fillet_wall = 1
; wipe_tower_max_purge_speed = 90
; wipe_tower_no_sparse_layers = 0
; wipe_tower_rib_width = 8
; wipe_tower_rotation_angle = 0
; wipe_tower_wall_type = rectangle
; wipe_tower_x = 0.000
; wipe_tower_x = 0
; wipe_tower_y = 250.000
; wipe_tower_y = 250
; wiping_volumes_extruders = 70,70,70,70,70,70,70,70,70,70
; xy_contour_compensation = 0
; xy_hole_compensation = 0
; z_hop = 0.4
; z_hop_types = Spiral Lift
; z_offset = 0
; first_layer_bed_temperature = 55
; bed_shape = 0x0,220x0,220x220,0x220
; first_layer_temperature = 220
; first_layer_height = 0.200
; CONFIG_BLOCK_END


