; HEADER_BLOCK_START
; generated by OrcaSlicer 2.3.1 on 2025-11-18 at 17:42:34
; total layer number: 159
; filament_density: 1.24
; filament_diameter: 1.75
; max_z_height: 18.68
; HEADER_BLOCK_END

; external perimeters extrusion width = 0.42mm
; perimeters extrusion width = 0.45mm
; infill extrusion width = 0.45mm
; solid infill extrusion width = 0.42mm
; top infill extrusion width = 0.42mm
; support material extrusion width = 0.38mm
; first layer extrusion width = 0.46mm

; EXECUTABLE_BLOCK_START
M201 X2500 Y2500 Z500 E5000
M203 X250 Y250 Z5 E40
M204 P2500 R500 T2500 ; sets acceleration (P, T) and retract acceleration (R), mm/sec^2
M205 X10.00 Y10.00 Z0.40 E5.00 ; sets the jerk limits, mm/sec
;TYPE:Custom
M220 S100 ;Reset Feedrate 
M221 S100 ;Reset Flowrate 
 
M104 S220 ;Set final nozzle temp 
M190 S55 ;Set and wait for bed temp to stabilize 
G28 ;Home 
G92 E0 ;Reset Extruder 
G1 Z2.0 F3000 ;Move Z Axis up 
G1 X-2.1 Y20 Z0.28 F5000.0 ;Move to start position 
M109 S220 ;Wait for nozzle temp to stabilize 
G1 X-2.1 Y145.0 Z0.28 F1500.0 E15 ;Draw the first line 
G1 X-2.4 Y145.0 Z0.28 F5000.0 ;Move to side a little 
G1 X-2.4 Y20 Z0.28 F1500.0 E30 ;Draw the second line 
G92 E0  ;Reset Extruder 
G1 E-1.0000 F1800 ;Retract a bit 
G1 Z2.0 F3000 ;Move Z Axis up 
G1 E0.0000 F1800
G90
G21
M83 ; use relative distances for extrusion
; Filament gcode
M106 S0
;LAYER_CHANGE
;Z:0.2
;HEIGHT:0.2
;BEFORE_LAYER_CHANGE
;0.2
G92 E0

G1 E-1.2 F2400
;_SET_FAN_SPEED_CHANGING_LAYER
M204 P500
; printing object JOYSTICK.stl id:15 copy 0
M204 T500
G1 X108.388 Y108.831 F9000
G1 Z.6
G1 Z.2
G1 E1.2 F1800
;TYPE:Support interface
;WIDTH:0.38
G1 X108.602 Y108.576 E.00915
G1 X108.876 Y108.351 E.00973
G1 X109.146 Y108.202 E.00846
G1 X109.146 Y107.188 E.02787
G1 X109.284 Y107.146 E.00398
G1 X110 Y107.146 E.01965
G1 X110 Y108.004 E.02358
G1 X110.408 Y108.046 E.01125
G1 X110.747 Y108.149 E.00973
G1 X110.854 Y108.202 E.0033
G1 X110.854 Y107.188 E.02787
G1 X111.13 Y107.272 E.00792
G1 X111.641 Y107.544 E.0159
G1 X111.708 Y107.6 E.00241
G1 X111.708 Y108.979 E.03787
G1 X111.851 Y109.253 E.0085
G1 X111.954 Y109.592 E.00973
G1 X111.996 Y109.981 E.01075
G1 X111.954 Y110.408 E.01176
G1 X111.851 Y110.747 E.00973
G1 X111.708 Y111.021 E.0085
G1 X111.708 Y112.4 E.03787
G1 X112.088 Y112.088 E.0135
G1 X112.456 Y111.641 E.0159
G1 X112.563 Y111.44 E.00625
G1 X112.563 Y108.56 E.07912
G1 X112.728 Y108.87 E.00966
G1 X112.754 Y108.952 E.00237
G1 X111.321 Y109.117 F9000
;TYPE:Support
;WIDTH:0.46
G1 F1800
G1 X111.468 Y109.392 E.01058
G1 X111.558 Y109.69 E.01058
G1 X111.589 Y110 E.01058
G1 X111.558 Y110.31 E.01058
G1 X111.468 Y110.608 E.01058
G1 X111.321 Y110.883 E.01058
G1 X111.261 Y110.955 E.00318
G1 X111.261 Y109.045 E.06491
G1 X111.281 Y109.069 E.00105
G1 X110.079 Y108.419 F9000
G1 F1800
G1 X110.31 Y108.442 E.0079
G1 X110.608 Y108.532 E.01058
G1 X110.883 Y108.679 E.01058
G1 X110.955 Y108.739 E.00318
G1 X109.045 Y108.739 E.06491
G1 X109.117 Y108.679 E.00318
G1 X109.392 Y108.532 E.01058
G1 X109.69 Y108.442 E.01058
G1 X110.016 Y108.413 E.01113
G1 E-.84 F2400
;WIPE_START
G1 F1800
G1 X109.69 Y108.442 E-.1179
G1 X109.392 Y108.532 E-.11211
G1 X109.117 Y108.679 E-.11211
G1 X109.079 Y108.711 E-.01788
;WIPE_END
G17
G3 Z.6 I-1.202 J-.188 P1  F9000
G1 X108.739 Y110.892 Z.6
G1 Z.2
G1 E1.2 F1800
G1 X108.739 Y109.045 E.06278
G1 X108.679 Y109.117 E.00318
G1 X108.532 Y109.392 E.01058
G1 X108.442 Y109.69 E.01058
G1 X108.411 Y110 E.01058
G1 X108.442 Y110.31 E.01058
G1 X108.532 Y110.608 E.01058
G1 X108.679 Y110.883 E.01058
G1 X108.739 Y110.955 E.00318
G1 X107.246 Y111.048 F9000
;TYPE:Support interface
;WIDTH:0.38
G1 F1800
G1 X107.272 Y111.13 E.00237
G1 X107.437 Y111.44 E.00966
G1 X107.437 Y108.56 E.07912
G1 X107.544 Y108.359 E.00625
G1 X107.912 Y107.912 E.0159
G1 X108.292 Y107.6 E.0135
G1 X108.292 Y108.979 E.03787
G1 X108.149 Y109.253 E.0085
G1 X108.046 Y109.592 E.00973
G1 X108.004 Y109.981 E.01075
G1 X108.046 Y110.408 E.01176
G1 X108.149 Y110.747 E.00973
G1 X108.292 Y111.021 E.0085
G1 X108.292 Y112.4 E.03787
G1 X108.359 Y112.456 E.00241
G1 X108.87 Y112.728 E.0159
G1 X109.146 Y112.812 E.00792
G1 X109.146 Y111.798 E.02787
G1 X109.253 Y111.851 E.0033
G1 X109.592 Y111.954 E.00973
G1 X110 Y111.996 E.01125
G1 X110 Y112.854 E.02358
G1 X110.716 Y112.854 E.01965
G1 X110.854 Y112.812 E.00398
G1 X110.854 Y111.798 E.02787
G1 X111.124 Y111.649 E.00846
G1 X111.398 Y111.424 E.00973
G1 X111.612 Y111.169 E.00915
G1 X110.931 Y111.281 F9000
;TYPE:Support
;WIDTH:0.46
G1 F1800
G1 X110.955 Y111.261 E.00105
G1 X109.045 Y111.261 E.06491
G1 X109.117 Y111.321 E.00318
G1 X109.392 Y111.468 E.01058
G1 X109.69 Y111.558 E.01058
G1 X110 Y111.589 E.01058
G1 X110.31 Y111.558 E.01058
G1 X110.608 Y111.468 E.01058
G1 X110.883 Y111.321 E.01058
G1 E-.84 F2400
;WIPE_START
G1 F1800
G1 X110.608 Y111.468 E-.11211
G1 X110.31 Y111.558 E-.11211
G1 X110 Y111.589 E-.11211
G1 X109.935 Y111.582 E-.02367
;WIPE_END
G17
G3 Z.6 I-1.217 J.018 P1  F9000
G1 X110 Y115.903 Z.6
G1 Z.2
G1 E1.2 F1800
;TYPE:Inner wall
;WIDTH:0.459999
G1 X108.848 Y115.79 E.03933
G1 X107.741 Y115.454 E.03933
G1 X106.72 Y114.909 E.03933
G1 X105.826 Y114.174 E.03933
G1 X105.091 Y113.28 E.03933
G1 X104.546 Y112.259 E.03933
G1 X104.21 Y111.152 E.03933
G1 X104.097 Y110 E.03933
G1 X104.21 Y108.848 E.03933
G1 X104.546 Y107.741 E.03933
G1 X105.091 Y106.72 E.03933
G1 X105.826 Y105.826 E.03933
G1 X106.72 Y105.091 E.03933
G1 X107.741 Y104.546 E.03933
G1 X108.848 Y104.21 E.03933
G1 X110 Y104.097 E.03933
G1 X111.152 Y104.21 E.03933
G1 X112.259 Y104.546 E.03933
G1 X113.28 Y105.091 E.03933
G1 X114.174 Y105.826 E.03933
G1 X114.909 Y106.72 E.03933
G1 X115.454 Y107.741 E.03933
G1 X115.722 Y108.625 E.03141
G1 X115.813 Y109.08 E.01576
G1 X115.895 Y110.086 E.03429
G1 X115.79 Y111.152 E.03641
G1 X115.454 Y112.259 E.03933
G1 X114.909 Y113.28 E.03933
G1 X114.174 Y114.174 E.03933
G1 X113.28 Y114.909 E.03933
G1 X112.259 Y115.454 E.03933
G1 X111.152 Y115.79 E.03933
G1 X110.04 Y115.9 E.03797
G1 X110 Y116.344 F9000
;TYPE:Outer wall
G1 F1800
G1 X108.762 Y116.222 E.04227
G1 X107.572 Y115.861 E.04227
G1 X106.475 Y115.275 E.04227
G1 X105.514 Y114.486 E.04227
G1 X104.725 Y113.525 E.04227
G1 X104.139 Y112.428 E.04227
G1 X103.778 Y111.238 E.04227
G1 X103.656 Y110 E.04227
G1 X103.778 Y108.762 E.04227
G1 X104.139 Y107.572 E.04227
G1 X104.725 Y106.475 E.04227
G1 X105.514 Y105.514 E.04227
G1 X106.475 Y104.725 E.04227
G1 X107.572 Y104.139 E.04227
G1 X108.762 Y103.778 E.04227
G1 X110 Y103.656 E.04227
G1 X111.238 Y103.778 E.04227
G1 X112.428 Y104.139 E.04227
G1 X113.525 Y104.725 E.04227
G1 X114.486 Y105.514 E.04227
G1 X115.275 Y106.475 E.04227
G1 X115.861 Y107.572 E.04227
G1 X116.185 Y108.639 E.03788
G1 X116.249 Y109.037 E.01372
G1 X116.331 Y110.129 E.0372
G1 X116.222 Y111.238 E.03788
G1 X115.861 Y112.428 E.04227
G1 X115.275 Y113.525 E.04227
G1 X114.486 Y114.486 E.04227
G1 X113.525 Y115.275 E.04227
G1 X112.428 Y115.861 E.04227
G1 X111.238 Y116.222 E.04227
G1 X110.04 Y116.34 E.04091
G1 E-.84 F2400
;WIPE_START
G1 F1800
G1 X109.044 Y116.248 E-.36
;WIPE_END
G17
G3 Z.6 I1.2 J.203 P1  F9000
G1 X110.792 Y105.931 Z.6
G1 Z.2
G1 E1.2 F1800
;TYPE:Inner wall
G1 X111.531 Y106.144 E.02613
G1 X112.254 Y106.516 E.02764
G1 X112.89 Y107.023 E.02764
G1 X113.415 Y107.644 E.02764
G1 X113.809 Y108.356 E.02764
G1 X114.057 Y109.13 E.02764
G1 X114.149 Y109.939 E.02764
G1 X114.081 Y110.749 E.02764
G1 X113.856 Y111.531 E.02764
G1 X113.484 Y112.254 E.02764
G1 X112.977 Y112.89 E.02764
G1 X112.356 Y113.415 E.02764
G1 X111.644 Y113.809 E.02764
G1 X110.87 Y114.057 E.02764
G1 X110.061 Y114.149 E.02764
G1 X109.251 Y114.081 E.02764
G1 X108.469 Y113.856 E.02764
G1 X107.746 Y113.484 E.02764
G1 X107.11 Y112.977 E.02764
G1 X106.585 Y112.356 E.02764
G1 X106.191 Y111.644 E.02764
G1 X105.943 Y110.87 E.02764
G1 X105.851 Y110.061 E.02764
G1 X105.919 Y109.251 E.02764
G1 X106.144 Y108.469 E.02764
G1 X106.516 Y107.746 E.02764
G1 X107.023 Y107.11 E.02764
G1 X107.644 Y106.585 E.02764
G1 X108.356 Y106.191 E.02764
G1 X109.13 Y105.943 E.02764
G1 X109.939 Y105.851 E.02764
G1 X110.749 Y105.919 E.02764
G1 X110.754 Y105.92 E.00016
G1 X110.706 Y106.356 F9000
;TYPE:Outer wall
G1 F1800
G1 X111.404 Y106.563 E.02473
G1 X112.047 Y106.903 E.02473
G1 X112.612 Y107.362 E.02473
G1 X113.076 Y107.922 E.02473
G1 X113.423 Y108.562 E.02473
G1 X113.637 Y109.258 E.02473
G1 X113.712 Y109.982 E.02473
G1 X113.645 Y110.706 E.02473
G1 X113.437 Y111.404 E.02473
G1 X113.097 Y112.047 E.02473
G1 X112.638 Y112.612 E.02473
G1 X112.078 Y113.076 E.02473
G1 X111.438 Y113.423 E.02473
G1 X110.742 Y113.637 E.02473
G1 X110.018 Y113.712 E.02473
G1 X109.294 Y113.644 E.02473
G1 X108.596 Y113.437 E.02473
G1 X107.953 Y113.097 E.02473
G1 X107.388 Y112.638 E.02473
G1 X106.924 Y112.078 E.02473
G1 X106.577 Y111.438 E.02473
G1 X106.363 Y110.742 E.02473
G1 X106.288 Y110.018 E.02473
G1 X106.356 Y109.294 E.02473
G1 X106.563 Y108.596 E.02473
G1 X106.903 Y107.953 E.02473
G1 X107.362 Y107.388 E.02473
G1 X107.922 Y106.924 E.02473
G1 X108.562 Y106.577 E.02473
G1 X109.258 Y106.363 E.02473
G1 X109.982 Y106.288 E.02473
G1 X110.666 Y106.352 E.02337
G1 E-.84 F2400
;WIPE_START
G1 F1800
G1 X111.404 Y106.563 E-.27613
G1 X111.61 Y106.672 E-.08387
;WIPE_END
G1 Z.6 F9000
G1 X114.939 Y107.042 Z.6
G1 Z.2
G1 E1.2 F1800
;TYPE:Bottom surface
;WIDTH:0.472454
G1 F4800
G1 X113.911 Y106.014 E.05088
G1 X113.105 Y105.353 E.03647
G1 X112.12 Y104.831 E.03903
G1 X115.169 Y107.88 E.15095
G1 X115.434 Y108.752 E.03189
G1 X111.248 Y104.566 E.20721
G1 X111.09 Y104.518 E.00576
G1 X110.538 Y104.464 E.01942
G1 X115.536 Y109.462 E.24739
G1 X115.589 Y110 E.01893
G1 X115.578 Y110.111 E.00391
G1 X114.285 Y108.818 E.06402
G1 X114.379 Y109.129 E.01138
G1 X114.422 Y109.562 E.01524
G1 X115.524 Y110.664 E.05454
G1 X115.482 Y111.09 E.01499
G1 X115.449 Y111.197 E.00391
G1 X114.446 Y110.194 E.04967
G1 X114.391 Y110.747 E.01945
G1 X115.308 Y111.663 E.04537
G1 X115.167 Y112.129 E.01705
G1 X114.27 Y111.232 E.0444
G1 X114.128 Y111.698 E.01705
G1 X114.956 Y112.527 E.041
G1 X114.745 Y112.923 E.01571
G1 X113.918 Y112.096 E.04092
G1 X113.705 Y112.49 E.01569
G1 X114.5 Y113.285 E.03935
G1 X114.226 Y113.619 E.01511
G1 X113.431 Y112.824 E.03935
G1 X113.157 Y113.157 E.01511
G1 X113.952 Y113.952 E.03935
G1 X113.618 Y114.226 E.01511
G1 X112.824 Y113.431 E.03935
G1 X112.49 Y113.705 E.01511
G1 X113.285 Y114.5 E.03935
G1 X113.105 Y114.647 E.00813
G1 X112.922 Y114.745 E.00725
G1 X112.096 Y113.918 E.04092
G1 X111.698 Y114.128 E.01573
G1 X112.527 Y114.956 E.041
G1 X112.139 Y115.164 E.01539
G1 X111.232 Y114.27 E.04457
G1 X110.871 Y114.379 E.01321
G1 X110.747 Y114.391 E.00437
G1 X111.663 Y115.308 E.04537
G1 X111.197 Y115.449 E.01705
G1 X110.194 Y114.446 E.04967
G1 X110 Y114.465 E.00681
G1 X109.562 Y114.422 E.0154
G1 X110.664 Y115.524 E.05454
G1 X110.111 Y115.578 E.01945
G1 X108.536 Y114.003 E.07796
G1 E-.84 F2400
;WIPE_START
G1 F4800
G1 X109.243 Y114.71 E-.36
;WIPE_END
G17
G3 Z.6 I1.179 J.301 P1  F9000
G1 X111.464 Y105.997 Z.6
G1 Z.2
G1 E1.2 F1800
G1 F4800
G1 X109.889 Y104.422 E.07796
G1 X109.336 Y104.476 E.01945
G1 X110.435 Y105.576 E.05442
G1 X110.087 Y105.54 E.01225
G1 X109.803 Y105.551 E.00995
G1 X108.803 Y104.551 E.04951
G1 X108.337 Y104.692 E.01705
G1 X109.253 Y105.608 E.04534
G1 X109.129 Y105.621 E.00436
G1 X108.768 Y105.73 E.01321
G1 X107.861 Y104.836 E.04457
G1 X107.473 Y105.044 E.01539
G1 X108.302 Y105.872 E.041
G1 X107.904 Y106.082 E.01573
G1 X107.077 Y105.255 E.04092
G1 X106.895 Y105.353 E.00725
G1 X106.715 Y105.5 E.00814
G1 X107.51 Y106.295 E.03935
G1 X107.176 Y106.569 E.01511
G1 X106.381 Y105.774 E.03935
G1 X106.048 Y106.048 E.01511
G1 X106.843 Y106.843 E.03935
G1 X106.569 Y107.176 E.01511
G1 X105.774 Y106.382 E.03935
G1 X105.5 Y106.715 E.01511
G1 X106.295 Y107.51 E.03935
G1 X106.082 Y107.904 E.01569
G1 X105.255 Y107.078 E.04092
G1 X105.044 Y107.473 E.01571
G1 X105.872 Y108.302 E.041
G1 X105.73 Y108.768 E.01705
G1 X104.833 Y107.871 E.0444
G1 X104.692 Y108.337 E.01705
G1 X105.609 Y109.253 E.04537
G1 X105.554 Y109.806 E.01945
G1 X104.551 Y108.803 E.04967
G1 X104.518 Y108.91 E.00391
G1 X104.476 Y109.336 E.01499
G1 X105.578 Y110.438 E.05454
G1 X105.621 Y110.871 E.01524
G1 X105.715 Y111.182 E.01138
G1 X104.422 Y109.889 E.06402
G1 X104.411 Y110 E.00391
G1 X104.464 Y110.538 E.01894
G1 X109.462 Y115.536 E.24738
G1 X108.91 Y115.482 E.01941
G1 X108.752 Y115.434 E.00577
G1 X104.566 Y111.248 E.2072
G1 X104.831 Y112.12 E.03189
G1 X107.88 Y115.169 E.15094
G1 X106.895 Y114.647 E.03903
G1 X106.089 Y113.986 E.0365
G1 X105.062 Y112.959 E.05085
; stop printing object JOYSTICK.stl id:15 copy 0
M106 S255
;LAYER_CHANGE
;Z:0.32
;HEIGHT:0.12
;BEFORE_LAYER_CHANGE
;0.32
G92 E0

G1 E-.84 F2400
;WIPE_START
G1 F4800
G1 X105.769 Y113.666 E-.36
;WIPE_END
;_SET_FAN_SPEED_CHANGING_LAYER
M204 P2500
; printing object JOYSTICK.stl id:15 copy 0
M204 T2500
G17
G3 Z.72 I-.612 J1.052 P1  F9000
G1 X110 Y116.129 Z.72
G1 Z.32
G1 E1.2 F1800
M204 P2000
;TYPE:Inner wall
;WIDTH:0.449999
G1 F5400
G1 X108.804 Y116.012 E.02492
G1 X107.654 Y115.663 E.02492
G1 X106.595 Y115.096 E.02492
G1 X105.666 Y114.334 E.02492
G1 X104.904 Y113.405 E.02492
G1 X104.337 Y112.346 E.02492
G1 X103.988 Y111.196 E.02492
G1 X103.871 Y110 E.02492
G1 X103.988 Y108.804 E.02492
G1 X104.337 Y107.654 E.02492
G1 X104.904 Y106.595 E.02492
G1 X105.666 Y105.666 E.02492
G1 X106.595 Y104.904 E.02492
G1 X107.654 Y104.337 E.02492
G1 X108.804 Y103.988 E.02492
G1 X110 Y103.871 E.02492
G1 X111.196 Y103.988 E.02492
G1 X112.346 Y104.337 E.02492
G1 X113.405 Y104.904 E.02492
G1 X114.334 Y105.666 E.02492
G1 X115.096 Y106.595 E.02492
G1 X115.663 Y107.654 E.02492
G1 X115.943 Y108.577 E.01999
G1 X116.035 Y109.041 E.00982
G1 X116.121 Y110.089 E.02181
G1 X116.012 Y111.196 E.02307
G1 X115.663 Y112.346 E.02492
G1 X115.096 Y113.405 E.02492
G1 X114.334 Y114.334 E.02492
G1 X113.405 Y115.096 E.02492
G1 X112.346 Y115.663 E.02492
G1 X111.196 Y116.012 E.02492
G1 X110.04 Y116.125 E.02409
G1 X110 Y116.553 F9000
M204 P1000
;TYPE:Outer wall
;WIDTH:0.419999
G1 F1680
G1 X108.721 Y116.428 E.02477
G1 X107.492 Y116.055 E.02476
G1 X106.359 Y115.449 E.02477
G1 X105.366 Y114.634 E.02476
G1 X104.551 Y113.641 E.02476
G1 X103.945 Y112.508 E.02477
G1 X103.572 Y111.279 E.02476
G1 X103.447 Y110 E.02477
G1 X103.572 Y108.721 E.02477
G1 X103.945 Y107.492 E.02476
G1 X104.551 Y106.359 E.02477
G1 X105.366 Y105.366 E.02476
G1 X106.359 Y104.551 E.02476
G1 X107.492 Y103.945 E.02477
G1 X108.721 Y103.572 E.02476
G1 X110 Y103.447 E.02477
G1 X111.279 Y103.572 E.02477
G1 X112.508 Y103.945 E.02476
G1 X113.641 Y104.551 E.02477
G1 X114.634 Y105.366 E.02476
G1 X115.449 Y106.359 E.02476
G1 X116.055 Y107.492 E.02477
G1 X116.39 Y108.596 E.02224
G1 X116.455 Y108.999 E.00787
G1 X116.541 Y110.13 E.02186
G1 X116.428 Y111.279 E.02225
G1 X116.055 Y112.508 E.02476
G1 X115.449 Y113.641 E.02477
G1 X114.634 Y114.634 E.02476
G1 X113.641 Y115.449 E.02476
G1 X112.508 Y116.055 E.02477
G1 X111.279 Y116.428 E.02476
G1 X110.04 Y116.55 E.024
G1 E-.84 F2400
;WIPE_START
G1 F1680
G1 X109.044 Y116.457 E-.36
;WIPE_END
G17
G3 Z.72 I1.2 J.201 P1  F9000
G1 X110.831 Y105.778 Z.72
G1 Z.32
G1 E1.2 F1800
M204 P2000
;TYPE:Inner wall
;WIDTH:0.449999
G1 F5400
G1 X111.593 Y105.998 E.01647
G1 X112.344 Y106.386 E.01752
G1 X113.004 Y106.912 E.01752
G1 X113.548 Y107.558 E.01752
G1 X113.957 Y108.297 E.01752
G1 X114.213 Y109.101 E.01752
G1 X114.307 Y109.941 E.01752
G1 X114.236 Y110.782 E.01752
G1 X114.002 Y111.593 E.01752
G1 X113.614 Y112.344 E.01752
G1 X113.088 Y113.004 E.01752
G1 X112.442 Y113.548 E.01752
G1 X111.703 Y113.957 E.01752
G1 X110.899 Y114.213 E.01752
G1 X110.059 Y114.307 E.01752
G1 X109.218 Y114.236 E.01752
G1 X108.407 Y114.002 E.01752
G1 X107.656 Y113.614 E.01752
G1 X106.996 Y113.088 E.01752
G1 X106.452 Y112.442 E.01752
G1 X106.043 Y111.703 E.01752
G1 X105.787 Y110.899 E.01752
G1 X105.693 Y110.059 E.01752
G1 X105.764 Y109.218 E.01752
G1 X105.998 Y108.407 E.01752
G1 X106.386 Y107.656 E.01752
G1 X106.912 Y106.996 E.01752
G1 X107.558 Y106.452 E.01752
G1 X108.297 Y106.043 E.01752
G1 X109.101 Y105.787 E.01752
G1 X109.941 Y105.693 E.01752
G1 X110.782 Y105.764 E.01752
G1 X110.792 Y105.767 E.00022
G1 X110.741 Y106.184 F9000
M204 P1000
;TYPE:Outer wall
;WIDTH:0.419999
G1 F3600
G1 X111.471 Y106.402 E.01469
G1 X112.145 Y106.758 E.01469
G1 X112.736 Y107.239 E.01469
G1 X113.222 Y107.825 E.01469
G1 X113.584 Y108.496 E.01469
G1 X113.809 Y109.224 E.01469
G1 X113.887 Y109.982 E.01469
G1 X113.816 Y110.741 E.01469
G1 X113.598 Y111.471 E.01469
G1 X113.242 Y112.145 E.01469
G1 X112.761 Y112.736 E.01469
G1 X112.175 Y113.222 E.01469
G1 X111.504 Y113.584 E.01469
G1 X110.776 Y113.809 E.01469
G1 X110.018 Y113.887 E.01469
G1 X109.259 Y113.816 E.01469
G1 X108.529 Y113.598 E.01469
G1 X107.855 Y113.242 E.01469
G1 X107.264 Y112.761 E.01469
G1 X106.778 Y112.175 E.01469
G1 X106.416 Y111.504 E.01469
G1 X106.191 Y110.776 E.01469
G1 X106.113 Y110.018 E.01469
G1 X106.184 Y109.259 E.01469
G1 X106.402 Y108.529 E.01469
G1 X106.758 Y107.855 E.01469
G1 X107.239 Y107.264 E.01469
G1 X107.825 Y106.778 E.01469
G1 X108.496 Y106.416 E.01469
G1 X109.224 Y106.191 E.01469
G1 X109.982 Y106.113 E.01469
G1 X110.701 Y106.18 E.01392
G1 E-.84 F2400
;WIPE_START
G1 F3600
G1 X111.471 Y106.402 E-.28847
G1 X111.647 Y106.495 E-.07153
;WIPE_END
G1 Z.72 F9000
G1 X115.213 Y110.068 Z.72
G1 Z.32
G1 E1.2 F1800
M204 P2500
;TYPE:Internal solid infill
;WIDTH:0.624407
G1 F10227.008
G1 X115.126 Y109.05 E.02991
G1 X114.842 Y108.068 E.02991
G1 X114.372 Y107.161 E.02991
G1 X113.734 Y106.362 E.02991
G1 X112.952 Y105.704 E.02991
G1 X112.058 Y105.21 E.02991
G1 X111.084 Y104.901 E.02991
G1 X110.151 Y104.794 E.02746
G1 X109.058 Y104.874 E.03208
G1 X108.068 Y105.158 E.03016
G1 X107.161 Y105.628 E.02991
G1 X106.362 Y106.266 E.02991
G1 X105.704 Y107.048 E.02991
G1 X105.21 Y107.942 E.02991
G1 X104.901 Y108.916 E.02991
G1 X104.787 Y109.932 E.02991
G1 X104.874 Y110.95 E.02991
G1 X105.158 Y111.932 E.02991
G1 X105.628 Y112.839 E.02991
G1 X106.266 Y113.638 E.02991
G1 X107.048 Y114.296 E.02991
G1 X107.942 Y114.79 E.02991
G1 X108.916 Y115.099 E.02991
G1 X109.932 Y115.213 E.02991
G1 X110.95 Y115.126 E.02991
G1 X111.932 Y114.842 E.02991
G1 X112.839 Y114.372 E.02991
G1 X113.638 Y113.734 E.02991
G1 X114.296 Y112.952 E.02991
G1 X114.79 Y112.058 E.02991
G1 X115.099 Y111.084 E.02991
G1 X115.208 Y110.108 E.02874
G1 E-.96533 F2400
;WIPE_START
G1 F10227.008
G1 X115.099 Y111.084 E-.23043
G1 X115.094 Y111.101 E-.00424
;WIPE_END
G17
G3 Z.72 I.919 J-.798 P1  F9000
G1 X110.043 Y105.287 Z.72
G1 Z.32
G1 E1.2 F1800
;WIDTH:0.419999
G1 F10800
G1 X110.903 Y105.369 E.01664
G1 X111.788 Y105.633 E.01781
G1 X112.605 Y106.066 E.01783
G1 X113.323 Y106.65 E.01783
G1 X113.913 Y107.363 E.01783
G1 X114.352 Y108.176 E.01783
G1 X114.624 Y109.061 E.01783
G1 X114.718 Y109.981 E.01783
G1 X114.632 Y110.902 E.01783
G1 X114.367 Y111.788 E.01783
G1 X113.934 Y112.605 E.01783
G1 X113.35 Y113.323 E.01783
G1 X112.637 Y113.913 E.01783
G1 X111.824 Y114.352 E.01783
G1 X110.939 Y114.624 E.01783
G1 X110.019 Y114.718 E.01783
G1 X109.098 Y114.632 E.01783
G1 X108.212 Y114.367 E.01783
G1 X107.395 Y113.934 E.01783
G1 X106.677 Y113.35 E.01783
G1 X106.087 Y112.637 E.01783
G1 X105.648 Y111.824 E.01783
G1 X105.376 Y110.939 E.01783
G1 X105.282 Y110.019 E.01783
G1 X105.368 Y109.098 E.01783
G1 X105.633 Y108.212 E.01783
G1 X106.066 Y107.395 E.01783
G1 X106.65 Y106.677 E.01783
G1 X107.363 Y106.087 E.01783
G1 X108.176 Y105.648 E.01783
G1 X109.061 Y105.376 E.01783
G1 X110.003 Y105.291 E.01825
G1 X110.2 Y104.302 F9000
G1 F10800
G1 X109.951 Y104.287 E.00481
G1 X108.884 Y104.392 E.02065
G1 X107.812 Y104.717 E.02161
G1 X106.823 Y105.246 E.02161
G1 X105.957 Y105.957 E.02161
G1 X105.246 Y106.823 E.02161
G1 X104.717 Y107.812 E.02161
G1 X104.392 Y108.884 E.02161
G1 X104.282 Y110 E.02161
G1 X104.392 Y111.116 E.02161
G1 X104.717 Y112.188 E.02161
G1 X105.246 Y113.177 E.02161
G1 X105.957 Y114.043 E.02161
G1 X106.823 Y114.754 E.02161
G1 X107.812 Y115.283 E.02161
G1 X108.884 Y115.608 E.02161
G1 X110 Y115.718 E.02161
G1 X111.116 Y115.608 E.02161
G1 X112.188 Y115.283 E.02161
G1 X113.177 Y114.754 E.02161
G1 X114.043 Y114.043 E.02161
G1 X114.754 Y113.177 E.02161
G1 X115.283 Y112.188 E.02161
G1 X115.608 Y111.116 E.02161
G1 X115.713 Y110.049 E.02066
G1 X115.62 Y109.001 E.02028
G1 X115.317 Y107.924 E.02157
G1 X114.81 Y106.927 E.02157
G1 X114.118 Y106.047 E.02157
G1 X113.267 Y105.32 E.02157
G1 X112.292 Y104.772 E.02157
G1 X111.228 Y104.426 E.02157
G1 X110.24 Y104.306 E.01919
G1 E-.97778 F2400
;WIPE_START
G1 F10800
G1 X111.228 Y104.426 E-.22118
G1 X111.232 Y104.427 E-.00104
;WIPE_END
G17
G3 Z.72 I-1.188 J-.266 P1  F9000
G1 X110.111 Y109.443 Z.72
G1 Z.32
G1 E1.2 F1800
M204 P500
;TYPE:Overhang wall
;WIDTH:0.449999
G1 F600
G1 X110.316 Y109.528 E.0046
G1 X110.472 Y109.684 E.00458
G1 X110.557 Y109.889 E.0046
G1 X110.557 Y110.111 E.0046
G1 X110.472 Y110.316 E.0046
G1 X110.316 Y110.472 E.00458
G1 X110.111 Y110.557 E.0046
G1 X109.889 Y110.557 E.0046
G1 X109.684 Y110.472 E.0046
G1 X109.528 Y110.316 E.00458
G1 X109.443 Y110.111 E.0046
G1 X109.443 Y109.889 E.0046
G1 X109.528 Y109.684 E.0046
G1 X109.684 Y109.528 E.00458
G1 X109.889 Y109.443 E.0046
G1 X110.071 Y109.443 E.00378
G1 X110.171 Y109.025 F9000
;WIDTH:0.419999
G1 F600
G1 X110.387 Y109.068 E.00425
G1 X110.714 Y109.286 E.00758
G1 X110.933 Y109.614 E.0076
G1 X111.009 Y110 E.00758
G1 X110.933 Y110.386 E.00758
G1 X110.714 Y110.714 E.0076
G1 X110.386 Y110.933 E.0076
G1 X110 Y111.009 E.00758
G1 X109.614 Y110.933 E.00758
G1 X109.286 Y110.714 E.0076
G1 X109.067 Y110.386 E.0076
G1 X108.991 Y110 E.00758
G1 X109.067 Y109.614 E.00758
G1 X109.286 Y109.286 E.0076
G1 X109.614 Y109.067 E.0076
G1 X110 Y108.991 E.00758
G1 X110.132 Y109.017 E.00259
G1 X110.313 Y110.253 F9000
;TYPE:Bridge
;WIDTH:0.400288
G1 F600
G1 X109.825 Y110.156 E.00911
G1 X109.781 Y110.091 E.00144
G1 X109.763 Y110 E.0017
G1 X109.781 Y109.909 E.0017
G1 X109.833 Y109.833 E.00169
G1 X109.898 Y109.789 E.00144
G1 X110.386 Y109.886 E.00911
; stop printing object JOYSTICK.stl id:15 copy 0
;LAYER_CHANGE
;Z:0.44
;HEIGHT:0.12
;BEFORE_LAYER_CHANGE
;0.44
G92 E0

G1 E-.84 F2400
;WIPE_START
G1 F600
G1 X109.898 Y109.789 E-.17902
G1 X109.833 Y109.833 E-.02839
G1 X109.781 Y109.909 E-.03326
G1 X109.763 Y110 E-.03326
G1 X109.781 Y110.091 E-.03326
G1 X109.825 Y110.156 E-.02834
G1 X109.892 Y110.169 E-.02446
;WIPE_END
;_SET_FAN_SPEED_CHANGING_LAYER
; printing object JOYSTICK.stl id:15 copy 0
G17
G3 Z.84 I-1.217 J.022 P1  F9000
G1 X110 Y116.174 Z.84
G1 Z.44
G1 E1.2 F1800
M204 P2000
;TYPE:Inner wall
;WIDTH:0.449999
G1 F5400
M106 S255
G1 X108.796 Y116.055 E.0251
G1 X107.637 Y115.704 E.0251
G1 X106.57 Y115.133 E.0251
G1 X105.634 Y114.366 E.0251
G1 X104.867 Y113.43 E.0251
G1 X104.296 Y112.363 E.0251
G1 X103.945 Y111.204 E.0251
G1 X103.826 Y110 E.0251
G1 X103.945 Y108.796 E.0251
G1 X104.296 Y107.637 E.0251
G1 X104.867 Y106.57 E.0251
G1 X105.634 Y105.634 E.0251
G1 X106.57 Y104.867 E.0251
G1 X107.637 Y104.296 E.0251
G1 X108.796 Y103.945 E.0251
G1 X110 Y103.826 E.0251
G1 X111.204 Y103.945 E.0251
G1 X112.363 Y104.296 E.0251
G1 X113.43 Y104.867 E.0251
G1 X114.366 Y105.634 E.0251
G1 X115.133 Y106.57 E.0251
G1 X115.704 Y107.637 E.0251
G1 X115.989 Y108.578 E.02038
G1 X116.078 Y109.022 E.0094
G1 X116.166 Y110.084 E.0221
G1 X116.055 Y111.204 E.02335
G1 X115.704 Y112.363 E.0251
G1 X115.133 Y113.43 E.0251
G1 X114.366 Y114.366 E.0251
G1 X113.43 Y115.133 E.0251
G1 X112.363 Y115.704 E.0251
G1 X111.204 Y116.055 E.0251
G1 X110.04 Y116.17 E.02427
G1 X110.003 Y116.598 F9000
M204 P1000
;TYPE:Outer wall
;WIDTH:0.419999
G1 F3600
G1 X110 Y116.598 E.00005
G1 X108.713 Y116.471 E.02493
G1 X107.475 Y116.096 E.02493
G1 X106.334 Y115.486 E.02493
G1 X105.335 Y114.666 E.02493
G1 X104.514 Y113.666 E.02493
G1 X103.904 Y112.525 E.02493
G1 X103.529 Y111.287 E.02493
G1 X103.402 Y110 E.02493
G1 X103.529 Y108.713 E.02493
G1 X103.904 Y107.475 E.02493
G1 X104.514 Y106.334 E.02493
G1 X105.334 Y105.335 E.02493
G1 X106.334 Y104.514 E.02493
G1 X107.475 Y103.904 E.02493
G1 X108.713 Y103.529 E.02493
G1 X110 Y103.402 E.02493
G1 X111.287 Y103.529 E.02493
G1 X112.525 Y103.904 E.02493
G1 X113.666 Y104.514 E.02493
G1 X114.666 Y105.334 E.02493
G1 X115.486 Y106.334 E.02493
G1 X116.096 Y107.475 E.02493
G1 X116.435 Y108.592 E.0225
G1 X116.498 Y108.981 E.00759
G1 X116.586 Y110.125 E.02213
G1 X116.471 Y111.287 E.0225
G1 X116.096 Y112.525 E.02493
G1 X115.486 Y113.666 E.02493
G1 X114.666 Y114.666 E.02493
G1 X113.666 Y115.486 E.02493
G1 X112.525 Y116.096 E.02493
G1 X111.287 Y116.471 E.02493
G1 X110.043 Y116.594 E.02411
G1 E-.84 F2400
;WIPE_START
G1 F3600
G1 X110 Y116.598 E-.01541
G1 X109.047 Y116.504 E-.34459
;WIPE_END
G17
G3 Z.84 I1.2 J.201 P1  F9000
G1 X110.867 Y105.637 Z.84
G1 Z.44
G1 E1.2 F1800
M204 P2000
;TYPE:Inner wall
;WIDTH:0.449999
G1 F5400
G1 X111.649 Y105.863 E.0169
G1 X112.425 Y106.264 E.01811
G1 X113.107 Y106.809 E.01811
G1 X113.67 Y107.476 E.01811
G1 X114.092 Y108.241 E.01811
G1 X114.356 Y109.073 E.01811
G1 X114.453 Y109.941 E.01811
G1 X114.379 Y110.811 E.01811
G1 X114.137 Y111.649 E.01811
G1 X113.736 Y112.425 E.01811
G1 X113.191 Y113.107 E.01811
G1 X112.524 Y113.67 E.01811
G1 X111.759 Y114.092 E.01811
G1 X110.927 Y114.356 E.01811
G1 X110.059 Y114.453 E.01811
G1 X109.189 Y114.379 E.01811
G1 X108.351 Y114.137 E.01811
G1 X107.575 Y113.736 E.01811
G1 X106.893 Y113.191 E.01811
G1 X106.33 Y112.524 E.01811
G1 X105.908 Y111.759 E.01811
G1 X105.644 Y110.927 E.01811
G1 X105.547 Y110.059 E.01811
G1 X105.621 Y109.189 E.01811
G1 X105.863 Y108.351 E.01811
G1 X106.264 Y107.575 E.01811
G1 X106.809 Y106.893 E.01811
G1 X107.476 Y106.33 E.01811
G1 X108.241 Y105.908 E.01811
G1 X109.073 Y105.644 E.01811
G1 X109.941 Y105.547 E.01811
G1 X110.811 Y105.621 E.01811
G1 X110.828 Y105.626 E.00038
G1 X110.769 Y106.041 F9000
M204 P1000
;TYPE:Outer wall
;WIDTH:0.419999
G1 F3600
G1 X111.527 Y106.267 E.01524
G1 X112.226 Y106.636 E.01524
G1 X112.839 Y107.135 E.01524
G1 X113.344 Y107.744 E.01524
G1 X113.719 Y108.44 E.01524
G1 X113.952 Y109.195 E.01524
G1 X114.033 Y109.982 E.01524
G1 X113.959 Y110.769 E.01524
G1 X113.733 Y111.527 E.01524
G1 X113.364 Y112.226 E.01524
G1 X112.865 Y112.839 E.01524
G1 X112.256 Y113.344 E.01524
G1 X111.56 Y113.719 E.01524
G1 X110.805 Y113.952 E.01524
G1 X110.018 Y114.033 E.01524
G1 X109.231 Y113.959 E.01524
G1 X108.473 Y113.733 E.01524
G1 X107.774 Y113.364 E.01524
G1 X107.161 Y112.865 E.01524
G1 X106.656 Y112.256 E.01524
G1 X106.281 Y111.56 E.01524
G1 X106.048 Y110.805 E.01524
G1 X105.967 Y110.018 E.01524
G1 X106.041 Y109.231 E.01524
G1 X106.267 Y108.473 E.01524
G1 X106.636 Y107.774 E.01524
G1 X107.135 Y107.161 E.01524
G1 X107.744 Y106.656 E.01524
G1 X108.44 Y106.281 E.01524
G1 X109.195 Y106.048 E.01524
G1 X109.982 Y105.967 E.01524
G1 X110.729 Y106.037 E.01447
G1 E-.84 F2400
;WIPE_START
G1 F3600
G1 X111.527 Y106.267 E-.29879
G1 X111.677 Y106.346 E-.06121
;WIPE_END
G1 Z.84 F9000
G1 X115.308 Y110.063 Z.84
G1 Z.44
G1 E1.2 F1800
M204 P2500
;TYPE:Internal solid infill
;WIDTH:0.523163
G1 F10800
G1 X115.219 Y109.026 E.02531
G1 X114.928 Y108.027 E.02531
G1 X114.449 Y107.103 E.02531
G1 X113.798 Y106.291 E.02531
G1 X113.002 Y105.621 E.02531
G1 X112.09 Y105.12 E.02531
G1 X111.097 Y104.806 E.02531
G1 X110.146 Y104.698 E.02329
G1 X109.034 Y104.781 E.02712
G1 X108.027 Y105.072 E.02549
G1 X107.103 Y105.551 E.02531
G1 X106.291 Y106.202 E.02531
G1 X105.621 Y106.998 E.02531
G1 X105.12 Y107.91 E.02531
G1 X104.806 Y108.903 E.02531
G1 X104.692 Y109.937 E.02531
G1 X104.781 Y110.974 E.02531
G1 X105.072 Y111.973 E.02531
G1 X105.551 Y112.897 E.02531
G1 X106.202 Y113.709 E.02531
G1 X106.998 Y114.379 E.02531
G1 X107.91 Y114.88 E.02531
G1 X108.903 Y115.194 E.02531
G1 X109.937 Y115.308 E.02531
G1 X110.974 Y115.219 E.02531
G1 X111.973 Y114.928 E.02531
G1 X112.897 Y114.449 E.02531
G1 X113.709 Y113.798 E.02531
G1 X114.379 Y113.002 E.02531
G1 X114.88 Y112.09 E.02531
G1 X115.194 Y111.097 E.02531
G1 X115.304 Y110.103 E.02434
G1 E-.97778 F2400
;WIPE_START
G1 F10800
G1 X115.194 Y111.097 E-.22222
;WIPE_END
G17
G3 Z.84 I.922 J-.794 P1  F9000
G1 X110.063 Y105.139 Z.84
G1 Z.44
G1 E1.2 F1800
;WIDTH:0.419999
G1 F10800
G1 X110.931 Y105.225 E.01681
G1 X111.844 Y105.498 E.01836
G1 X112.687 Y105.944 E.01838
G1 X113.426 Y106.546 E.01838
G1 X114.034 Y107.281 E.01838
G1 X114.487 Y108.121 E.01838
G1 X114.767 Y109.032 E.01838
G1 X114.865 Y109.981 E.01838
G1 X114.775 Y110.93 E.01838
G1 X114.502 Y111.844 E.01838
G1 X114.056 Y112.687 E.01838
G1 X113.454 Y113.426 E.01838
G1 X112.719 Y114.034 E.01838
G1 X111.879 Y114.487 E.01838
G1 X110.968 Y114.767 E.01838
G1 X110.019 Y114.865 E.01838
G1 X109.07 Y114.775 E.01838
G1 X108.156 Y114.502 E.01838
G1 X107.313 Y114.056 E.01838
G1 X106.574 Y113.454 E.01838
G1 X105.966 Y112.719 E.01838
G1 X105.513 Y111.879 E.01838
G1 X105.233 Y110.968 E.01838
G1 X105.135 Y110.019 E.01838
G1 X105.225 Y109.07 E.01838
G1 X105.498 Y108.156 E.01838
G1 X105.944 Y107.313 E.01838
G1 X106.546 Y106.574 E.01838
G1 X107.281 Y105.966 E.01838
G1 X108.121 Y105.513 E.01838
G1 X109.032 Y105.233 E.01838
G1 X110.023 Y105.143 E.01919
G1 X110.19 Y104.256 F9000
G1 F10800
G1 X108.995 Y104.338 E.02309
G1 X107.897 Y104.645 E.02196
G1 X106.893 Y105.158 E.02174
G1 X106.008 Y105.857 E.02174
G1 X105.277 Y106.716 E.02174
G1 X104.727 Y107.7 E.02174
G1 X104.379 Y108.773 E.02174
G1 X104.248 Y109.893 E.02174
G1 X104.338 Y111.018 E.02174
G1 X104.645 Y112.103 E.02174
G1 X105.158 Y113.107 E.02174
G1 X105.857 Y113.992 E.02174
G1 X106.716 Y114.723 E.02174
G1 X107.7 Y115.273 E.02174
G1 X108.773 Y115.621 E.02174
G1 X109.893 Y115.752 E.02174
G1 X111.018 Y115.662 E.02174
G1 X112.103 Y115.355 E.02174
G1 X113.107 Y114.842 E.02174
G1 X113.992 Y114.143 E.02174
G1 X114.723 Y113.284 E.02174
G1 X115.273 Y112.3 E.02174
G1 X115.621 Y111.227 E.02174
G1 X115.759 Y110.05 E.02285
G1 X115.662 Y108.982 E.02065
G1 X115.355 Y107.897 E.02174
G1 X114.842 Y106.893 E.02174
G1 X114.143 Y106.008 E.02174
G1 X113.284 Y105.277 E.02174
G1 X112.3 Y104.727 E.02174
G1 X111.227 Y104.379 E.02174
G1 X110.229 Y104.261 E.01936
G1 E-.97778 F2400
;WIPE_START
G1 F10800
G1 X111.222 Y104.379 E-.22222
;WIPE_END
G17
G3 Z.84 I-1.194 J-.237 P1  F9000
G1 X110.289 Y109.075 Z.84
G1 Z.44
G1 E1.2 F1800
M204 P2000
;TYPE:Inner wall
;WIDTH:0.449999
G1 F5400
G1 X110.546 Y109.182 E.00579
G1 X110.818 Y109.454 E.00796
G1 X110.965 Y109.808 E.00796
G1 X110.965 Y110.192 E.00796
G1 X110.818 Y110.546 E.00796
G1 X110.546 Y110.818 E.00796
G1 X110.192 Y110.965 E.00796
G1 X109.808 Y110.965 E.00796
G1 X109.454 Y110.818 E.00796
G1 X109.182 Y110.546 E.00796
G1 X109.035 Y110.192 E.00796
G1 X109.035 Y109.808 E.00796
G1 X109.182 Y109.454 E.00796
G1 X109.454 Y109.182 E.00796
G1 X109.808 Y109.035 E.00796
G1 X110.192 Y109.035 E.00796
G1 X110.252 Y109.06 E.00134
G1 X110.469 Y108.693 F9000
M204 P1000
;TYPE:Outer wall
;WIDTH:0.419999
G1 F600
G1 X110.66 Y108.764 E.00393
G1 X110.995 Y109.005 E.00795
G1 X111.236 Y109.34 E.00795
G1 X111.381 Y109.725 E.00793
G1 X111.381 Y110.275 E.0106
G1 X111.236 Y110.66 E.00793
G1 X110.995 Y110.995 E.00795
G1 X110.66 Y111.236 E.00795
G1 X110.275 Y111.381 E.00793
G1 X109.863 Y111.394 E.00795
G1 X109.461 Y111.301 E.00795
G1 X109.111 Y111.083 E.00795
G1 X108.829 Y110.782 E.00795
G1 X108.659 Y110.407 E.00794
G1 X108.592 Y110 E.00795
G1 X108.659 Y109.593 E.00795
G1 X108.829 Y109.218 E.00794
G1 X109.111 Y108.917 E.00795
G1 X109.461 Y108.699 E.00795
G1 X109.863 Y108.606 E.00795
G1 X110.275 Y108.619 E.00795
G1 X110.432 Y108.678 E.00323
G1 X110.403 Y109.613 F9000
M204 P2500
;TYPE:Internal solid infill
G1 F10800
M106 S255
G1 X110.321 Y109.531 E.00223
G1 X109.968 Y109.438 E.00703
G1 X109.684 Y109.526 E.00574
G1 X109.526 Y109.684 E.00428
G1 X109.441 Y109.889 E.00428
G1 X109.441 Y110.111 E.00428
G1 X109.526 Y110.316 E.00428
G1 X109.684 Y110.474 E.00428
G1 X109.889 Y110.559 E.00428
G1 X110.111 Y110.559 E.00428
G1 X110.316 Y110.474 E.00428
G1 X110.474 Y110.316 E.00428
G1 X110.559 Y110.111 E.00428
G1 X110.512 Y109.776 E.00652
G1 X110.425 Y109.646 E.00302
G1 X110.183 Y109.996 F9000
;WIDTH:0.382114
G1 F10800
G1 X110.116 Y109.857 E.00268
G1 X109.966 Y109.816 E.00272
G1 X109.845 Y109.896 E.00253
G1 X109.817 Y110.036 E.00249
G1 X109.896 Y110.155 E.00249
G1 X110.036 Y110.183 E.00249
G1 X110.155 Y110.104 E.00249
G1 X110.173 Y110.035 E.00125
; stop printing object JOYSTICK.stl id:15 copy 0
;LAYER_CHANGE
;Z:0.48
;HEIGHT:0.04
;BEFORE_LAYER_CHANGE
;0.48
G92 E0

G1 E-.97778 F2400
;WIPE_START
G1 F10800
G1 X110.155 Y110.104 E-.01589
G1 X110.036 Y110.183 E-.03178
G1 X109.896 Y110.155 E-.03178
G1 X109.817 Y110.036 E-.03178
G1 X109.845 Y109.896 E-.03178
G1 X109.966 Y109.816 E-.03225
G1 X110.116 Y109.857 E-.03471
G1 X110.14 Y109.907 E-.01226
;WIPE_END
;_SET_FAN_SPEED_CHANGING_LAYER
; printing object JOYSTICK.stl id:15 copy 0
G17
G3 Z.88 I1.213 J-.099 P1  F9000
G1 X109.933 Y107.373 Z.88
G1 Z.48
G1 E1.2 F1800
;TYPE:Support
;WIDTH:0.38
;HEIGHT:0.28
G1 F3000
G1 X109.468 Y107.423 E.01708
G1 X108.975 Y107.576 E.01883
G1 X108.522 Y107.823 E.01883
G1 X108.126 Y108.153 E.01883
G1 X107.801 Y108.554 E.01883
G1 X107.561 Y109.011 E.01883
G1 X107.415 Y109.505 E.01883
G1 X107.368 Y110.019 E.01883
G1 X107.423 Y110.532 E.01883
G1 X107.576 Y111.025 E.01883
G1 X107.823 Y111.478 E.01883
G1 X108.153 Y111.874 E.01883
G1 X108.554 Y112.199 E.01883
G1 X109.011 Y112.439 E.01883
G1 X109.505 Y112.585 E.01883
G1 X110.019 Y112.632 E.01883
G1 X110.532 Y112.577 E.01883
G1 X111.025 Y112.424 E.01883
G1 X111.478 Y112.177 E.01883
G1 X111.874 Y111.847 E.01883
G1 X112.199 Y111.446 E.01883
G1 X112.439 Y110.989 E.01883
G1 X112.585 Y110.495 E.01883
G1 X112.632 Y109.981 E.01883
G1 X112.577 Y109.468 E.01883
G1 X112.424 Y108.975 E.01883
G1 X112.177 Y108.522 E.01883
G1 X111.847 Y108.126 E.01883
G1 X111.446 Y107.801 E.01883
G1 X110.989 Y107.561 E.01883
G1 X110.495 Y107.415 E.01883
G1 X109.981 Y107.368 E.01883
G1 X110.555 Y106.964 F9000
G1 F3000
G1 X110 Y106.909 E.02036
G1 X109.397 Y106.968 E.02212
G1 X108.817 Y107.144 E.02212
G1 X108.283 Y107.43 E.02211
G1 X107.814 Y107.814 E.02212
G1 X107.43 Y108.283 E.02211
G1 X107.144 Y108.817 E.02211
G1 X106.968 Y109.397 E.02212
G1 X106.909 Y110 E.02211
G1 X106.968 Y110.603 E.02212
G1 X107.144 Y111.183 E.02212
G1 X107.43 Y111.717 E.02211
G1 X107.814 Y112.186 E.02212
G1 X108.283 Y112.57 E.02211
G1 X108.817 Y112.856 E.02211
G1 X109.397 Y113.032 E.02212
G1 X110 Y113.091 E.02212
G1 X110.603 Y113.032 E.02211
G1 X111.183 Y112.856 E.02212
G1 X111.717 Y112.57 E.02211
G1 X112.186 Y112.186 E.02212
G1 X112.57 Y111.717 E.02211
G1 X112.856 Y111.183 E.02211
G1 X113.032 Y110.603 E.02212
G1 X113.091 Y110 E.02212
G1 X113.032 Y109.397 E.02212
G1 X112.856 Y108.817 E.02212
G1 X112.57 Y108.283 E.02211
G1 X112.186 Y107.814 E.02212
G1 X111.717 Y107.43 E.02211
G1 X111.183 Y107.144 E.02211
G1 X110.603 Y106.968 E.02212
; stop printing object JOYSTICK.stl id:15 copy 0
G1 E-.84 F2400
;WIPE_START
G1 F3000
G1 X111.183 Y107.144 E-.21814
G1 X111.53 Y107.33 E-.14186
;WIPE_END
;LAYER_CHANGE
;Z:0.56
;HEIGHT:0.08
;BEFORE_LAYER_CHANGE
;0.56
G92 E0

;_SET_FAN_SPEED_CHANGING_LAYER
; printing object JOYSTICK.stl id:15 copy 0
G1 Z.96 F9000
G1 X110 Y116.177 Z.96
G1 Z.56
G1 E1.2 F1800
M204 P2000
;TYPE:Inner wall
;WIDTH:0.449999
;HEIGHT:0.12
G1 F5400
G1 X108.795 Y116.058 E.02512
G1 X107.636 Y115.707 E.02512
G1 X106.568 Y115.136 E.02512
G1 X105.632 Y114.368 E.02512
G1 X104.864 Y113.432 E.02512
G1 X104.293 Y112.364 E.02512
G1 X103.942 Y111.205 E.02512
G1 X103.823 Y110 E.02512
G1 X103.942 Y108.795 E.02512
G1 X104.293 Y107.636 E.02512
G1 X104.864 Y106.568 E.02512
G1 X105.632 Y105.632 E.02512
G1 X106.568 Y104.864 E.02512
G1 X107.636 Y104.293 E.02512
G1 X108.795 Y103.942 E.02512
G1 X110 Y103.823 E.02512
G1 X111.189 Y103.94 E.02479
G1 X112.364 Y104.294 E.02545
G1 X113.432 Y104.864 E.0251
G1 X114.368 Y105.632 E.02512
G1 X115.136 Y106.568 E.02512
G1 X115.707 Y107.636 E.02512
G1 X115.996 Y108.59 E.02068
G1 X116.079 Y109.008 E.00882
G1 X116.169 Y110.077 E.02226
G1 X116.058 Y111.205 E.02351
G1 X115.707 Y112.364 E.02512
G1 X115.136 Y113.432 E.02512
G1 X114.368 Y114.368 E.02512
G1 X113.432 Y115.136 E.02512
G1 X112.364 Y115.707 E.02512
G1 X111.205 Y116.058 E.02512
G1 X110.04 Y116.173 E.02429
G1 X110.003 Y116.601 F9000
M204 P1000
;TYPE:Outer wall
;WIDTH:0.419999
G1 F3600
G1 X110 Y116.601 E.00006
G1 X108.712 Y116.474 E.02494
G1 X107.474 Y116.098 E.02494
G1 X106.333 Y115.488 E.02494
G1 X105.332 Y114.668 E.02494
G1 X104.512 Y113.667 E.02494
G1 X103.902 Y112.526 E.02494
G1 X103.526 Y111.288 E.02494
G1 X103.399 Y110 E.02494
G1 X103.526 Y108.712 E.02494
G1 X103.902 Y107.474 E.02494
G1 X104.512 Y106.333 E.02494
G1 X105.332 Y105.332 E.02494
G1 X106.333 Y104.512 E.02494
G1 X107.474 Y103.902 E.02494
G1 X108.712 Y103.526 E.02494
G1 X110 Y103.399 E.02494
G1 X111.272 Y103.524 E.02463
G1 X112.526 Y103.902 E.02526
G1 X113.667 Y104.512 E.02494
G1 X114.668 Y105.332 E.02494
G1 X115.488 Y106.333 E.02494
G1 X116.098 Y107.474 E.02494
G1 X116.44 Y108.598 E.02265
G1 X116.499 Y108.966 E.00718
G1 X116.589 Y110.118 E.02227
G1 X116.474 Y111.288 E.02265
G1 X116.098 Y112.526 E.02494
G1 X115.488 Y113.667 E.02494
G1 X114.668 Y114.668 E.02494
G1 X113.667 Y115.488 E.02494
G1 X112.526 Y116.098 E.02494
G1 X111.288 Y116.474 E.02494
G1 X110.043 Y116.597 E.02411
G1 E-.84 F2400
;WIPE_START
G1 F3600
G1 X110 Y116.601 E-.0155
G1 X109.048 Y116.507 E-.3445
;WIPE_END
G17
G3 Z.96 I1.2 J.202 P1  F9000
G1 X110.903 Y105.496 Z.96
G1 Z.56
G1 E1.2 F1800
M204 P2000
;TYPE:Inner wall
;WIDTH:0.449999
G1 F5400
G1 X111.705 Y105.728 E.01733
G1 X112.506 Y106.142 E.0187
G1 X113.21 Y106.706 E.0187
G1 X113.791 Y107.395 E.01871
G1 X114.227 Y108.185 E.0187
G1 X114.5 Y109.044 E.01871
G1 X114.6 Y109.941 E.0187
G1 X114.523 Y110.839 E.0187
G1 X114.272 Y111.705 E.0187
G1 X113.858 Y112.506 E.0187
G1 X113.294 Y113.21 E.01871
G1 X112.605 Y113.791 E.0187
G1 X111.815 Y114.227 E.0187
G1 X110.956 Y114.5 E.0187
G1 X110.059 Y114.6 E.0187
G1 X109.161 Y114.523 E.0187
G1 X108.295 Y114.272 E.0187
G1 X107.494 Y113.858 E.0187
G1 X106.79 Y113.294 E.01871
G1 X106.209 Y112.605 E.01871
G1 X105.773 Y111.815 E.0187
G1 X105.5 Y110.956 E.01871
G1 X105.4 Y110.059 E.0187
G1 X105.477 Y109.161 E.0187
G1 X105.728 Y108.295 E.0187
G1 X106.142 Y107.494 E.0187
G1 X106.706 Y106.79 E.0187
G1 X107.395 Y106.209 E.01871
G1 X108.185 Y105.773 E.0187
G1 X109.044 Y105.5 E.01871
G1 X109.941 Y105.4 E.0187
G1 X110.839 Y105.477 E.0187
G1 X110.864 Y105.484 E.00055
G1 X110.798 Y105.897 F9000
M204 P1000
;TYPE:Outer wall
;WIDTH:0.419999
G1 F3600
G1 X111.583 Y106.132 E.01579
G1 X112.307 Y106.515 E.01579
G1 X112.943 Y107.032 E.01579
G1 X113.465 Y107.663 E.01579
G1 X113.855 Y108.384 E.01579
G1 X114.096 Y109.167 E.01579
G1 X114.18 Y109.982 E.01579
G1 X114.103 Y110.798 E.01579
G1 X113.868 Y111.583 E.01579
G1 X113.485 Y112.307 E.01579
G1 X112.968 Y112.943 E.01579
G1 X112.337 Y113.465 E.01579
G1 X111.616 Y113.855 E.01579
G1 X110.833 Y114.096 E.01579
G1 X110.018 Y114.18 E.01579
G1 X109.202 Y114.103 E.01579
G1 X108.417 Y113.868 E.01579
G1 X107.693 Y113.485 E.01579
G1 X107.057 Y112.968 E.01579
G1 X106.535 Y112.337 E.01579
G1 X106.145 Y111.616 E.01579
G1 X105.904 Y110.833 E.01579
G1 X105.82 Y110.018 E.01579
G1 X105.897 Y109.202 E.01579
G1 X106.132 Y108.417 E.01579
G1 X106.515 Y107.693 E.01579
G1 X107.032 Y107.057 E.01579
G1 X107.663 Y106.535 E.01579
G1 X108.384 Y106.145 E.01579
G1 X109.167 Y105.904 E.01579
G1 X109.982 Y105.82 E.01579
G1 X110.758 Y105.893 E.01502
G1 E-.84 F2400
;WIPE_START
G1 F3600
G1 X111.583 Y106.132 E-.3091
G1 X111.708 Y106.198 E-.0509
;WIPE_END
G1 Z.96 F9000
G1 X110.063 Y104.993 Z.96
G1 Z.56
G1 E1.2 F1800
M204 P2500
;TYPE:Internal solid infill
G1 F10800
G1 X110.951 Y105.08 E.01719
G1 X111.901 Y105.363 E.0191
G1 X112.768 Y105.823 E.01892
G1 X113.53 Y106.443 E.01893
G1 X114.156 Y107.2 E.01894
G1 X114.622 Y108.065 E.01893
G1 X114.911 Y109.003 E.01893
G1 X115.011 Y109.981 E.01893
G1 X114.918 Y110.959 E.01893
G1 X114.637 Y111.9 E.01893
G1 X114.177 Y112.768 E.01893
G1 X113.557 Y113.53 E.01893
G1 X112.8 Y114.156 E.01893
G1 X111.935 Y114.622 E.01893
G1 X110.997 Y114.911 E.01893
G1 X110.019 Y115.011 E.01893
G1 X109.041 Y114.918 E.01893
G1 X108.1 Y114.637 E.01893
G1 X107.232 Y114.177 E.01893
G1 X106.47 Y113.557 E.01893
G1 X105.844 Y112.8 E.01894
G1 X105.378 Y111.935 E.01893
G1 X105.089 Y110.997 E.01893
G1 X104.989 Y110.019 E.01893
G1 X105.082 Y109.041 E.01893
G1 X105.363 Y108.1 E.01893
G1 X105.823 Y107.232 E.01893
G1 X106.443 Y106.47 E.01893
G1 X107.2 Y105.844 E.01893
G1 X108.065 Y105.378 E.01893
G1 X109.023 Y105.083 E.01933
G1 X110.023 Y104.996 E.01935
G1 X109.011 Y104.709 F9000
;WIDTH:0.380683
G1 F10800
G1 X107.992 Y105.005 E.01843
G1 X107.056 Y105.493 E.01832
G1 X106.233 Y106.154 E.01832
G1 X105.555 Y106.962 E.01832
G1 X105.048 Y107.888 E.01832
G1 X104.731 Y108.895 E.01832
G1 X104.616 Y109.944 E.01832
G1 X104.709 Y110.995 E.01832
G1 X105.005 Y112.008 E.01832
G1 X105.493 Y112.944 E.01832
G1 X106.154 Y113.767 E.01832
G1 X106.962 Y114.445 E.01832
G1 X107.888 Y114.952 E.01832
G1 X108.895 Y115.269 E.01832
G1 X109.944 Y115.384 E.01832
G1 X110.995 Y115.291 E.01832
G1 X112.008 Y114.995 E.01832
G1 X112.944 Y114.507 E.01832
G1 X113.767 Y113.846 E.01832
G1 X114.445 Y113.038 E.01832
G1 X114.952 Y112.112 E.01832
G1 X115.269 Y111.105 E.01832
G1 X115.389 Y110.01 E.01913
G1 X115.291 Y109.005 E.01752
G1 X114.995 Y107.992 E.01832
G1 X114.507 Y107.056 E.01832
G1 X113.846 Y106.233 E.01832
G1 X113.038 Y105.555 E.01832
G1 X112.113 Y105.048 E.0183
G1 X111.096 Y104.73 E.01849
G1 X110.073 Y104.615 E.01786
G1 X109.051 Y104.705 E.01781
G1 X108.978 Y104.336 F9000
;WIDTH:0.419999
G1 F10800
G1 X107.883 Y104.646 E.02194
G1 X106.879 Y105.162 E.02175
G1 X105.995 Y105.864 E.02175
G1 X105.265 Y106.725 E.02175
G1 X104.717 Y107.711 E.02175
G1 X104.372 Y108.786 E.02175
G1 X104.244 Y109.907 E.02175
G1 X104.336 Y111.032 E.02175
G1 X104.646 Y112.117 E.02175
G1 X105.162 Y113.121 E.02175
G1 X105.864 Y114.005 E.02175
G1 X106.725 Y114.735 E.02175
G1 X107.711 Y115.283 E.02175
G1 X108.786 Y115.628 E.02175
G1 X109.907 Y115.756 E.02175
G1 X111.032 Y115.664 E.02175
G1 X112.117 Y115.354 E.02175
G1 X113.121 Y114.838 E.02175
G1 X114.005 Y114.136 E.02175
G1 X114.735 Y113.275 E.02175
G1 X115.283 Y112.289 E.02175
G1 X115.628 Y111.214 E.02175
G1 X115.762 Y110.041 E.02275
G1 X115.664 Y108.968 E.02078
G1 X115.354 Y107.883 E.02175
G1 X114.838 Y106.879 E.02175
G1 X114.136 Y105.995 E.02175
G1 X113.275 Y105.265 E.02175
G1 X112.29 Y104.718 E.02173
G1 X111.204 Y104.372 E.02197
G1 X110.066 Y104.239 E.02208
G1 X109.018 Y104.333 E.02028
G1 E-.97778 F2400
;WIPE_START
G1 F10800
G1 X110.014 Y104.244 E-.22222
;WIPE_END
G17
G3 Z.96 I-1.211 J.121 P1  F9000
G1 X110.461 Y108.719 Z.96
G1 Z.56
G1 E1.2 F1800
M204 P2000
;TYPE:Inner wall
;WIDTH:0.449999
G1 F5400
G1 X110.647 Y108.789 E.00413
G1 X110.975 Y109.025 E.00838
G1 X111.21 Y109.353 E.00838
G1 X111.353 Y109.731 E.00838
G1 X111.353 Y110.269 E.01116
G1 X111.211 Y110.647 E.00838
G1 X110.975 Y110.975 E.00838
G1 X110.647 Y111.211 E.00838
G1 X110.269 Y111.353 E.00838
G1 X109.865 Y111.366 E.00838
G1 X109.472 Y111.274 E.00838
G1 X109.129 Y111.061 E.00838
G1 X108.853 Y110.766 E.00838
G1 X108.687 Y110.398 E.00838
G1 X108.621 Y110 E.00838
G1 X108.687 Y109.602 E.00838
G1 X108.853 Y109.234 E.00838
G1 X109.129 Y108.939 E.00838
G1 X109.472 Y108.726 E.00838
G1 X109.865 Y108.634 E.00837
G1 X110.269 Y108.647 E.00838
G1 X110.423 Y108.705 E.00342
G1 X110.608 Y108.328 F9000
M204 P1000
;TYPE:Outer wall
;WIDTH:0.419999
G1 F600
G1 X110.846 Y108.417 E.0049
G1 X111.275 Y108.725 E.01018
G1 X111.583 Y109.154 E.01018
G1 X111.769 Y109.648 E.01017
G1 X111.769 Y110.352 E.01357
G1 X111.583 Y110.846 E.01017
G1 X111.275 Y111.275 E.01018
G1 X110.846 Y111.583 E.01018
G1 X110.352 Y111.769 E.01017
G1 X109.824 Y111.786 E.01018
G1 X109.31 Y111.666 E.01017
G1 X108.861 Y111.387 E.01019
G1 X108.501 Y111.002 E.01016
G1 X108.283 Y110.521 E.01018
G1 X108.197 Y110 E.01018
G1 X108.283 Y109.479 E.01018
G1 X108.501 Y108.998 E.01018
G1 X108.862 Y108.613 E.01017
G1 X109.31 Y108.334 E.01017
G1 X109.826 Y108.214 E.01021
G1 X110.352 Y108.231 E.01014
G1 X110.571 Y108.314 E.00451
G1 X110.174 Y110.035 F9000
M204 P2500
;TYPE:Internal solid infill
;WIDTH:0.380846
G1 F10800
M106 S255
G1 X110.148 Y109.901 E.00236
G1 X110.035 Y109.826 E.00236
G1 X109.901 Y109.852 E.00237
G1 X109.826 Y109.965 E.00236
G1 X109.852 Y110.099 E.00236
G1 X109.965 Y110.174 E.00236
G1 X110.099 Y110.148 E.00236
G1 X110.152 Y110.068 E.00167
G1 X109.892 Y109.459 F9000
;WIDTH:0.419999
G1 F10800
G1 X109.693 Y109.541 E.00415
G1 X109.541 Y109.693 E.00415
G1 X109.458 Y109.892 E.00415
G1 X109.458 Y110.108 E.00415
G1 X109.541 Y110.307 E.00415
G1 X109.693 Y110.459 E.00415
G1 X109.892 Y110.542 E.00415
G1 X110.108 Y110.542 E.00415
G1 X110.307 Y110.459 E.00415
G1 X110.459 Y110.307 E.00415
G1 X110.542 Y110.108 E.00415
G1 X110.542 Y109.892 E.00415
G1 X110.459 Y109.693 E.00415
G1 X110.306 Y109.541 E.00416
G1 X110.108 Y109.458 E.00414
G1 X109.932 Y109.458 E.00339
G1 X110.001 Y109.035 F9000
G1 F10800
G1 X109.631 Y109.108 E.00728
G1 X109.318 Y109.318 E.00726
G1 X109.108 Y109.631 E.00726
G1 X109.035 Y110 E.00726
G1 X109.108 Y110.369 E.00726
G1 X109.318 Y110.682 E.00726
G1 X109.631 Y110.892 E.00726
G1 X110 Y110.965 E.00726
G1 X110.369 Y110.892 E.00726
G1 X110.682 Y110.682 E.00726
G1 X110.892 Y110.369 E.00726
G1 X110.965 Y110 E.00726
G1 X110.892 Y109.631 E.00726
G1 X110.682 Y109.318 E.00726
G1 X110.369 Y109.108 E.00726
G1 X110.04 Y109.043 E.00647
; stop printing object JOYSTICK.stl id:15 copy 0
;LAYER_CHANGE
;Z:0.6
;HEIGHT:0.04
;BEFORE_LAYER_CHANGE
;0.6
G92 E0

G1 E-.97778 F2400
;WIPE_START
G1 F10800
G1 X110.369 Y109.108 E-.07458
G1 X110.682 Y109.318 E-.08368
G1 X110.842 Y109.557 E-.06396
;WIPE_END
;_SET_FAN_SPEED_CHANGING_LAYER
; printing object JOYSTICK.stl id:15 copy 0
G17
G3 Z1 I1.146 J-.409 P1  F9000
G1 X109.981 Y107.144 Z1
G1 Z.6
G1 E1.2 F1800
;TYPE:Support
;WIDTH:0.38
;HEIGHT:0.12
G1 F3000
G1 X110.538 Y107.195 E.0097
G1 X111.075 Y107.354 E.0097
G1 X111.571 Y107.615 E.0097
G1 X112.006 Y107.967 E.0097
G1 X112.364 Y108.397 E.0097
G1 X112.631 Y108.889 E.0097
G1 X112.797 Y109.424 E.0097
G1 X112.856 Y109.981 E.0097
G1 X112.805 Y110.538 E.0097
G1 X112.646 Y111.075 E.0097
G1 X112.385 Y111.571 E.0097
G1 X112.033 Y112.006 E.0097
G1 X111.603 Y112.364 E.0097
G1 X111.111 Y112.631 E.0097
G1 X110.576 Y112.797 E.0097
G1 X110.019 Y112.856 E.0097
G1 X109.462 Y112.805 E.0097
G1 X108.925 Y112.646 E.0097
G1 X108.429 Y112.385 E.0097
G1 X107.994 Y112.033 E.0097
G1 X107.636 Y111.603 E.0097
G1 X107.369 Y111.111 E.0097
G1 X107.203 Y110.576 E.0097
G1 X107.144 Y110.019 E.0097
G1 X107.195 Y109.462 E.0097
G1 X107.354 Y108.925 E.0097
G1 X107.615 Y108.429 E.0097
G1 X107.967 Y107.994 E.0097
G1 X108.397 Y107.636 E.0097
G1 X108.889 Y107.369 E.0097
G1 X109.424 Y107.203 E.0097
G1 X109.928 Y107.149 E.00878
G1 X108.881 Y107.313 F9000
G1 F3000
G1 X109.432 Y107.146 E.00998
G1 X110 Y107.09 E.00988
G1 X110.568 Y107.146 E.00988
G1 X111.386 Y107.394 E.01481
G1 X111.48 Y107.083 E.00562
G1 X111.826 Y107.268 E.00678
G1 X112.324 Y107.676 E.01116
G1 X112.732 Y108.174 E.01116
G1 X113.036 Y108.742 E.01116
G1 X113.223 Y109.359 E.01116
G1 X113.286 Y110 E.01116
G1 X113.223 Y110.641 E.01116
G1 X113.036 Y111.258 E.01116
G1 X112.732 Y111.826 E.01116
G1 X112.324 Y112.324 E.01116
G1 X111.826 Y112.732 E.01116
G1 X111.258 Y113.036 E.01116
G1 X110.641 Y113.223 E.01116
G1 X110.021 Y113.284 E.0108
G1 X110.057 Y112.916 E.00641
G1 X109.432 Y112.854 E.01087
G1 X108.614 Y112.606 E.01481
G1 X108.52 Y112.917 E.00562
G1 X108.174 Y112.732 E.00678
G1 X107.676 Y112.324 E.01116
G1 X107.268 Y111.826 E.01116
G1 X106.964 Y111.258 E.01116
G1 X106.777 Y110.641 E.01116
G1 X106.714 Y110 E.01116
G1 X106.777 Y109.359 E.01116
G1 X106.964 Y108.742 E.01116
G1 X107.268 Y108.174 E.01116
G1 X107.676 Y107.676 E.01116
G1 X108.174 Y107.268 E.01116
G1 X108.772 Y106.955 E.01169
G1 X108.865 Y107.262 E.00556
; stop printing object JOYSTICK.stl id:15 copy 0
G1 E-.84 F2400
;WIPE_START
G1 F3000
G1 X108.772 Y106.955 E-.11552
G1 X108.174 Y107.268 E-.24291
G1 X108.171 Y107.271 E-.00157
;WIPE_END
;LAYER_CHANGE
;Z:0.68
;HEIGHT:0.08
;BEFORE_LAYER_CHANGE
;0.68
G92 E0

;_SET_FAN_SPEED_CHANGING_LAYER
; printing object JOYSTICK.stl id:15 copy 0
G1 Z1.08 F9000
G1 X110 Y116.177 Z1.08
G1 Z.68
G1 E1.2 F1800
M204 P2000
;TYPE:Inner wall
;WIDTH:0.449999
;HEIGHT:0.12
G1 F5400
G1 X108.795 Y116.058 E.02512
G1 X107.636 Y115.707 E.02512
G1 X106.568 Y115.136 E.02512
G1 X105.632 Y114.368 E.02512
G1 X104.864 Y113.432 E.02512
G1 X104.293 Y112.364 E.02512
G1 X103.942 Y111.205 E.02512
G1 X103.823 Y110 E.02512
G1 X103.942 Y108.795 E.02512
G1 X104.293 Y107.636 E.02512
G1 X104.864 Y106.568 E.02512
G1 X105.632 Y105.632 E.02512
G1 X106.568 Y104.864 E.02512
G1 X107.636 Y104.293 E.02512
G1 X108.795 Y103.942 E.02512
G1 X110 Y103.823 E.02512
G1 X111.169 Y103.938 E.02436
G1 X112.365 Y104.294 E.0259
G1 X113.432 Y104.864 E.02508
G1 X114.368 Y105.632 E.02512
G1 X115.136 Y106.568 E.02512
G1 X115.707 Y107.636 E.02512
G1 X116 Y108.604 E.02098
G1 X116.078 Y108.993 E.00823
G1 X116.17 Y110.07 E.02241
G1 X116.058 Y111.205 E.02366
G1 X115.707 Y112.364 E.02512
G1 X115.136 Y113.432 E.02512
G1 X114.368 Y114.368 E.02512
G1 X113.432 Y115.136 E.02512
G1 X112.364 Y115.707 E.02512
G1 X111.205 Y116.058 E.02512
G1 X110.04 Y116.173 E.02429
G1 X110.003 Y116.601 F9000
M204 P1000
;TYPE:Outer wall
;WIDTH:0.419999
G1 F3600
G1 X110 Y116.601 E.00006
G1 X108.712 Y116.474 E.02494
G1 X107.474 Y116.098 E.02494
G1 X106.333 Y115.488 E.02494
G1 X105.332 Y114.668 E.02494
G1 X104.512 Y113.667 E.02494
G1 X103.902 Y112.526 E.02494
G1 X103.526 Y111.288 E.02494
G1 X103.399 Y110 E.02494
G1 X103.526 Y108.712 E.02494
G1 X103.902 Y107.474 E.02494
G1 X104.512 Y106.333 E.02494
G1 X105.332 Y105.332 E.02494
G1 X106.333 Y104.512 E.02494
G1 X107.474 Y103.902 E.02494
G1 X108.712 Y103.526 E.02494
G1 X110 Y103.399 E.02494
G1 X111.25 Y103.522 E.02422
G1 X112.527 Y103.902 E.02567
G1 X113.667 Y104.512 E.02493
G1 X114.668 Y105.332 E.02494
G1 X115.488 Y106.333 E.02494
G1 X116.098 Y107.474 E.02494
G1 X116.404 Y108.482 E.0203
G1 X116.498 Y108.952 E.00925
G1 X116.59 Y110.111 E.02241
G1 X116.474 Y111.288 E.02279
G1 X116.098 Y112.526 E.02494
G1 X115.488 Y113.667 E.02494
G1 X114.668 Y114.668 E.02494
G1 X113.667 Y115.488 E.02494
G1 X112.526 Y116.098 E.02494
G1 X111.288 Y116.474 E.02494
G1 X110.043 Y116.597 E.02411
G1 E-.84 F2400
;WIPE_START
G1 F3600
G1 X110 Y116.601 E-.0155
G1 X109.048 Y116.507 E-.3445
;WIPE_END
G17
G3 Z1.08 I1.2 J.203 P1  F9000
G1 X110.939 Y105.354 Z1.08
G1 Z.68
G1 E1.2 F1800
M204 P2000
;TYPE:Inner wall
;WIDTH:0.449999
G1 F5400
G1 X111.761 Y105.593 E.01776
G1 X112.587 Y106.021 E.0193
G1 X113.314 Y106.602 E.0193
G1 X113.913 Y107.314 E.0193
G1 X114.362 Y108.129 E.0193
G1 X114.643 Y109.016 E.0193
G1 X114.746 Y109.941 E.0193
G1 X114.666 Y110.868 E.0193
G1 X114.407 Y111.761 E.0193
G1 X113.979 Y112.587 E.0193
G1 X113.398 Y113.314 E.0193
G1 X112.686 Y113.913 E.0193
G1 X111.871 Y114.362 E.0193
G1 X110.984 Y114.643 E.0193
G1 X110.059 Y114.746 E.0193
G1 X109.132 Y114.666 E.0193
G1 X108.239 Y114.407 E.0193
G1 X107.413 Y113.979 E.0193
G1 X106.686 Y113.398 E.0193
G1 X106.087 Y112.686 E.0193
G1 X105.638 Y111.871 E.0193
G1 X105.357 Y110.984 E.0193
G1 X105.254 Y110.059 E.0193
G1 X105.334 Y109.132 E.0193
G1 X105.593 Y108.239 E.0193
G1 X106.021 Y107.413 E.0193
G1 X106.602 Y106.686 E.0193
G1 X107.314 Y106.087 E.0193
G1 X108.129 Y105.638 E.0193
G1 X109.016 Y105.357 E.0193
G1 X109.933 Y105.255 E.01915
G1 X110.867 Y105.334 E.01942
G1 X110.9 Y105.343 E.00073
G1 X110.826 Y105.754 F9000
M204 P1000
;TYPE:Outer wall
;WIDTH:0.419999
G1 F3600
G1 X111.639 Y105.997 E.01635
G1 X112.388 Y106.393 E.01635
G1 X113.046 Y106.928 E.01635
G1 X113.587 Y107.582 E.01635
G1 X113.99 Y108.328 E.01635
G1 X114.239 Y109.138 E.01635
G1 X114.326 Y109.982 E.01635
G1 X114.246 Y110.826 E.01635
G1 X114.003 Y111.639 E.01635
G1 X113.607 Y112.388 E.01635
G1 X113.072 Y113.046 E.01635
G1 X112.418 Y113.587 E.01635
G1 X111.672 Y113.99 E.01635
G1 X110.862 Y114.239 E.01635
G1 X110.018 Y114.326 E.01635
G1 X109.174 Y114.246 E.01635
G1 X108.361 Y114.003 E.01635
G1 X107.612 Y113.607 E.01635
G1 X106.954 Y113.072 E.01635
G1 X106.413 Y112.418 E.01635
G1 X106.01 Y111.672 E.01635
G1 X105.761 Y110.862 E.01635
G1 X105.674 Y110.018 E.01635
G1 X105.754 Y109.174 E.01635
G1 X105.997 Y108.361 E.01635
G1 X106.393 Y107.612 E.01635
G1 X106.928 Y106.954 E.01635
G1 X107.582 Y106.413 E.01635
G1 X108.328 Y106.01 E.01635
G1 X109.138 Y105.761 E.01635
G1 X109.975 Y105.675 E.01621
G1 X110.786 Y105.75 E.0157
G1 E-.84 F2400
;WIPE_START
G1 F3600
G1 X111.639 Y105.997 E-.31954
G1 X111.738 Y106.049 E-.04046
;WIPE_END
G1 Z1.08 F9000
G1 X111.161 Y104.417 Z1.08
G1 Z.68
G1 E1.2 F1800
M204 P2500
;TYPE:Internal solid infill
;WIDTH:0.524684
G1 F10800
G1 X110.062 Y104.291 E.02698
G1 X108.966 Y104.389 E.02683
G1 X107.884 Y104.701 E.02746
G1 X106.891 Y105.215 E.02729
G1 X106.017 Y105.914 E.02729
G1 X105.297 Y106.769 E.02729
G1 X104.757 Y107.749 E.02729
G1 X104.418 Y108.815 E.02729
G1 X104.294 Y109.927 E.02729
G1 X104.39 Y111.041 E.02729
G1 X104.701 Y112.116 E.02729
G1 X105.215 Y113.109 E.02729
G1 X105.914 Y113.983 E.02729
G1 X106.769 Y114.703 E.02729
G1 X107.749 Y115.243 E.02729
G1 X108.815 Y115.582 E.02729
G1 X109.927 Y115.706 E.02729
G1 X111.041 Y115.61 E.02729
G1 X112.116 Y115.299 E.02729
G1 X113.109 Y114.785 E.02729
G1 X113.983 Y114.086 E.02729
G1 X114.703 Y113.231 E.02729
G1 X115.243 Y112.251 E.02729
G1 X115.582 Y111.185 E.02729
G1 X115.711 Y110.031 E.02834
G1 X115.61 Y108.959 E.02626
G1 X115.299 Y107.884 E.02729
G1 X114.785 Y106.891 E.02729
G1 X114.086 Y106.017 E.02729
G1 X113.231 Y105.297 E.02729
G1 X112.253 Y104.758 E.02723
G1 X111.199 Y104.428 E.02695
G1 X110.05 Y104.794 F9000
;WIDTH:0.524669
G1 F10800
G1 X110.971 Y104.883 E.02258
G1 X111.972 Y105.179 E.02546
G1 X112.874 Y105.655 E.02487
G1 X113.666 Y106.299 E.02491
G1 X114.318 Y107.086 E.02491
G1 X114.803 Y107.984 E.02491
G1 X115.104 Y108.96 E.02491
G1 X115.209 Y109.976 E.02491
G1 X115.114 Y110.992 E.02491
G1 X114.822 Y111.971 E.02491
G1 X114.345 Y112.874 E.02491
G1 X113.701 Y113.666 E.02491
G1 X112.914 Y114.318 E.02491
G1 X112.016 Y114.803 E.02491
G1 X111.04 Y115.104 E.02491
G1 X110.024 Y115.209 E.02491
G1 X109.008 Y115.114 E.02491
G1 X108.029 Y114.822 E.02491
G1 X107.126 Y114.345 E.02491
G1 X106.334 Y113.701 E.02491
G1 X105.682 Y112.914 E.02491
G1 X105.197 Y112.016 E.02491
G1 X104.896 Y111.04 E.02491
G1 X104.791 Y110.024 E.02491
G1 X104.886 Y109.008 E.02491
G1 X105.178 Y108.029 E.02491
G1 X105.655 Y107.126 E.02491
G1 X106.299 Y106.334 E.02491
G1 X107.086 Y105.682 E.02491
G1 X107.984 Y105.197 E.02491
G1 X108.983 Y104.888 E.0255
G1 X110.01 Y104.798 E.02515
G1 E-.97778 F2400
;WIPE_START
G1 F10800
G1 X109.014 Y104.886 E-.22222
;WIPE_END
G17
G3 Z1.08 I-1.121 J.474 P1  F9000
G1 X110.546 Y108.512 Z1.08
G1 Z.68
G1 E1.2 F1800
M204 P2000
;TYPE:Inner wall
;WIDTH:0.449999
G1 F3840
G1 X110.754 Y108.59 E.00461
G1 X111.136 Y108.864 E.00975
G1 X111.41 Y109.246 E.00975
G1 X111.576 Y109.687 E.00977
G1 X111.576 Y110.313 E.01298
G1 X111.41 Y110.754 E.00977
G1 X111.136 Y111.136 E.00975
G1 X110.754 Y111.41 E.00975
G1 X110.313 Y111.576 E.00977
G1 X109.843 Y111.591 E.00975
G1 X109.385 Y111.484 E.00976
G1 X108.986 Y111.236 E.00974
G1 X108.664 Y110.892 E.00977
G1 X108.47 Y110.464 E.00975
G1 X108.394 Y110 E.00975
G1 X108.47 Y109.536 E.00975
G1 X108.664 Y109.108 E.00975
G1 X108.986 Y108.764 E.00977
G1 X109.385 Y108.516 E.00974
G1 X109.843 Y108.409 E.00976
G1 X110.313 Y108.424 E.00975
G1 X110.508 Y108.498 E.00433
G1 X110.69 Y108.109 F9000
M204 P1000
;TYPE:Outer wall
;WIDTH:0.419999
G1 F1140
G1 X110.953 Y108.218 E.00549
G1 X111.282 Y108.438 E.00763
G1 X111.562 Y108.718 E.00763
G1 X111.782 Y109.047 E.00763
G1 X111.934 Y109.413 E.00764
G1 X112.011 Y109.802 E.00764
G1 X112.011 Y110.198 E.00763
G1 X111.934 Y110.587 E.00764
G1 X111.782 Y110.953 E.00764
G1 X111.562 Y111.282 E.00763
G1 X111.282 Y111.562 E.00763
G1 X110.953 Y111.782 E.00763
G1 X110.587 Y111.934 E.00764
G1 X110.198 Y112.011 E.00764
G1 X109.802 Y112.011 E.00763
G1 X109.413 Y111.934 E.00764
G1 X109.047 Y111.782 E.00764
G1 X108.718 Y111.562 E.00763
G1 X108.438 Y111.282 E.00763
G1 X108.218 Y110.953 E.00763
G1 X108.066 Y110.587 E.00764
G1 X107.989 Y110.198 E.00764
G1 X107.989 Y109.802 E.00763
G1 X108.066 Y109.413 E.00764
G1 X108.218 Y109.047 E.00764
G1 X108.438 Y108.718 E.00763
G1 X108.718 Y108.438 E.00763
G1 X109.047 Y108.218 E.00763
G1 X109.413 Y108.066 E.00764
G1 X109.802 Y107.989 E.00764
G1 X110.198 Y107.989 E.00763
G1 X110.587 Y108.066 E.00764
G1 X110.653 Y108.094 E.00138
G1 E-.84 F2400
;WIPE_START
G1 F1140
G1 X110.953 Y108.218 E-.11661
G1 X111.282 Y108.438 E-.14261
G1 X111.48 Y108.636 E-.10078
;WIPE_END
G17
G3 Z1.08 I-.331 J-1.171 P1  F9000
G1 X109.006 Y109.336 Z1.08
G1 Z.68
G1 E1.2 F1800
M204 P2500
;TYPE:Internal solid infill
G1 F10800
M106 S255
G1 X108.828 Y109.767 E.00899
G1 X108.828 Y110.233 E.00899
G1 X109.006 Y110.664 E.00899
G1 X109.336 Y110.994 E.00899
G1 X109.767 Y111.172 E.00899
G1 X110.233 Y111.172 E.00899
G1 X110.664 Y110.994 E.00899
G1 X110.994 Y110.664 E.00899
G1 X111.172 Y110.233 E.00899
G1 X111.172 Y109.767 E.00899
G1 X110.994 Y109.336 E.00899
G1 X110.664 Y109.006 E.00899
G1 X110.233 Y108.828 E.00899
G1 X109.767 Y108.828 E.00899
G1 X109.336 Y109.006 E.00899
G1 X109.035 Y109.308 E.00822
G1 X110.025 Y109.956 F9000
;WIDTH:0.433398
G1 F10800
G1 X109.975 Y109.956 E.00102
G1 X109.949 Y110 E.00102
G1 X109.975 Y110.044 E.00102
G1 X110.031 Y110.035 E.00114
G1 X110.399 Y110.039 F9000
;WIDTH:0.419999
G1 F10800
G1 X110.354 Y109.811 E.00449
G1 X110.189 Y109.646 E.00449
G1 X109.961 Y109.601 E.00449
G1 X109.746 Y109.69 E.00449
G1 X109.616 Y109.884 E.00449
G1 X109.616 Y110.116 E.00449
G1 X109.746 Y110.31 E.00449
G1 X109.961 Y110.399 E.00449
G1 X110.189 Y110.354 E.00449
G1 X110.354 Y110.189 E.00449
G1 X110.387 Y110.078 E.00224
G1 X110.791 Y110.078 F9000
G1 F10800
G1 X110.761 Y109.769 E.00598
G1 X110.615 Y109.496 E.00598
G1 X110.375 Y109.299 E.00598
G1 X110.078 Y109.209 E.00598
G1 X109.769 Y109.239 E.00598
G1 X109.496 Y109.385 E.00598
G1 X109.299 Y109.625 E.00598
G1 X109.209 Y109.922 E.00598
G1 X109.239 Y110.231 E.00598
G1 X109.385 Y110.504 E.00598
G1 X109.625 Y110.701 E.00598
G1 X109.922 Y110.791 E.00598
G1 X110.231 Y110.761 E.00598
G1 X110.504 Y110.615 E.00598
G1 X110.701 Y110.375 E.00598
G1 X110.78 Y110.116 E.00521
; stop printing object JOYSTICK.stl id:15 copy 0
;LAYER_CHANGE
;Z:0.72
;HEIGHT:0.04
;BEFORE_LAYER_CHANGE
;0.72
G92 E0

G1 E-.97778 F2400
;WIPE_START
G1 F10800
G1 X110.701 Y110.375 E-.06006
G1 X110.504 Y110.615 E-.06895
G1 X110.231 Y110.761 E-.06895
G1 X110.122 Y110.772 E-.02426
;WIPE_END
;_SET_FAN_SPEED_CHANGING_LAYER
; printing object JOYSTICK.stl id:15 copy 0
G17
G3 Z1.12 I-1.155 J-.383 P1  F9000
G1 X109.315 Y113.202 Z1.12
G1 Z.72
G1 E1.2 F1800
;TYPE:Support interface
;WIDTH:0.38
;HEIGHT:0.12
G1 F4800
G1 X109.656 Y113.245 E.00594
G1 X109.654 Y113.26 E.00027
G1 X109.357 Y113.231 E.00517
G1 X108.859 Y113.064 E.00911
G1 X108.854 Y113.079 E.00027
G1 X108.976 Y113.116 E.00221
G1 E-.84 F2400
;WIPE_START
G1 F4800
G1 X108.854 Y113.079 E-.04595
G1 X108.859 Y113.064 E-.00552
G1 X109.357 Y113.231 E-.18937
G1 X109.654 Y113.26 E-.10736
G1 X109.656 Y113.245 E-.00552
G1 X109.638 Y113.243 E-.00628
;WIPE_END
G17
G3 Z1.12 I1.206 J-.166 P1  F9000
G1 X108.797 Y107.139 Z1.12
G1 Z.72
G1 E1.2 F1800
;TYPE:Support
G1 F3000
G1 X108.275 Y107.418 E.01026
G1 X107.804 Y107.804 E.01054
G1 X107.418 Y108.275 E.01054
G1 X107.131 Y108.812 E.01054
G1 X106.955 Y109.394 E.01054
G1 X106.895 Y110 E.01054
G1 X106.955 Y110.606 E.01054
G1 X107.131 Y111.188 E.01054
G1 X107.418 Y111.725 E.01054
G1 X107.804 Y112.196 E.01054
G1 X108.275 Y112.582 E.01054
G1 X108.573 Y112.741 E.00585
G1 X108.58 Y112.719 E.0004
G1 X108.273 Y112.551 E.00606
G1 X107.835 Y112.192 E.0098
G1 X107.428 Y111.696 E.01112
G1 X107.161 Y111.197 E.0098
G1 X106.982 Y110.62 E.01046
G1 X106.919 Y109.981 E.01112
G1 X106.975 Y109.418 E.0098
G1 X107.147 Y108.839 E.01046
G1 X107.449 Y108.273 E.01112
G1 X107.808 Y107.835 E.0098
G1 X108.273 Y107.449 E.01046
G1 X108.831 Y107.15 E.01098
G1 X109.146 Y106.833 F9000
;TYPE:Support interface
G1 F4800
G1 X109.146 Y106.849 E.00028
G1 X109.36 Y106.784 E.00388
G1 X109.671 Y106.753 E.0054
G1 X109.669 Y106.738 E.00027
G1 X109.315 Y106.782 E.00618
G1 X110.685 Y106.798 F9000
G1 F4800
G1 X110.397 Y106.76 E.00503
G1 X110.398 Y106.745 E.00027
G1 X110.643 Y106.769 E.00425
G1 X111.141 Y106.936 E.00911
G1 X111.146 Y106.921 E.00027
G1 X111.024 Y106.884 E.00221
G1 X111.678 Y107.393 F9000
;TYPE:Support
G1 F3000
G1 X111.427 Y107.259 E.00493
G1 X111.42 Y107.281 E.0004
G1 X111.727 Y107.449 E.00606
G1 X112.192 Y107.835 E.01046
G1 X112.572 Y108.304 E.01046
G1 X112.839 Y108.803 E.0098
G1 X113.025 Y109.418 E.01112
G1 X113.081 Y110.019 E.01046
G1 X113.018 Y110.62 E.01046
G1 X112.839 Y111.197 E.01046
G1 X112.572 Y111.696 E.0098
G1 X112.165 Y112.192 E.01112
G1 X111.727 Y112.551 E.0098
G1 X111.197 Y112.839 E.01046
G1 X110.62 Y113.018 E.01046
G1 X110.041 Y113.078 E.01008
G1 X110.039 Y113.101 E.0004
G1 X110.606 Y113.045 E.00987
G1 X111.188 Y112.869 E.01054
G1 X111.725 Y112.582 E.01054
G1 X112.196 Y112.196 E.01054
G1 X112.582 Y111.725 E.01054
G1 X112.869 Y111.188 E.01054
G1 X113.045 Y110.606 E.01054
G1 X113.105 Y110 E.01054
G1 X113.045 Y109.394 E.01054
G1 X112.869 Y108.812 E.01054
G1 X112.582 Y108.275 E.01054
G1 X112.196 Y107.804 E.01054
G1 X111.725 Y107.418 E.01054
; stop printing object JOYSTICK.stl id:15 copy 0
G1 E-.84 F2400
;WIPE_START
G1 F3000
G1 X112.196 Y107.804 E-.21913
G1 X112.444 Y108.107 E-.14087
;WIPE_END
;LAYER_CHANGE
;Z:0.8
;HEIGHT:0.08
;BEFORE_LAYER_CHANGE
;0.8
G92 E0

;_SET_FAN_SPEED_CHANGING_LAYER
; printing object JOYSTICK.stl id:15 copy 0
G1 Z1.2 F9000
G1 X110 Y116.177 Z1.2
G1 Z.8
G1 E1.2 F1800
M204 P2000
;TYPE:Inner wall
;WIDTH:0.449999
;HEIGHT:0.12
G1 F5400
G1 X108.795 Y116.058 E.02512
G1 X107.636 Y115.707 E.02512
G1 X106.568 Y115.136 E.02512
G1 X105.632 Y114.368 E.02512
G1 X104.864 Y113.432 E.02512
G1 X104.293 Y112.364 E.02512
G1 X103.942 Y111.205 E.02512
G1 X103.823 Y110 E.02512
G1 X103.942 Y108.795 E.02512
G1 X104.293 Y107.636 E.02512
G1 X104.864 Y106.568 E.02512
G1 X105.632 Y105.632 E.02512
G1 X106.568 Y104.864 E.02512
G1 X107.636 Y104.293 E.02512
G1 X108.795 Y103.942 E.02512
G1 X110 Y103.823 E.02512
G1 X111.148 Y103.936 E.02393
G1 X112.366 Y104.295 E.02634
G1 X113.432 Y104.864 E.02506
G1 X114.368 Y105.632 E.02512
G1 X115.136 Y106.568 E.02512
G1 X115.707 Y107.636 E.02512
G1 X116.003 Y108.614 E.02119
G1 X116.077 Y108.984 E.00782
G1 X116.17 Y110.065 E.02251
G1 X116.058 Y111.205 E.02376
G1 X115.707 Y112.364 E.02512
G1 X115.136 Y113.432 E.02512
G1 X114.368 Y114.368 E.02512
G1 X113.432 Y115.136 E.02512
G1 X112.364 Y115.707 E.02512
G1 X111.205 Y116.058 E.02512
G1 X110.04 Y116.173 E.02429
G1 X110.003 Y116.601 F9000
M204 P1000
;TYPE:Outer wall
;WIDTH:0.419999
G1 F3600
G1 X110 Y116.601 E.00006
G1 X108.712 Y116.474 E.02494
G1 X107.474 Y116.098 E.02494
G1 X106.333 Y115.488 E.02494
G1 X105.332 Y114.668 E.02494
G1 X104.512 Y113.667 E.02494
G1 X103.902 Y112.526 E.02494
G1 X103.526 Y111.288 E.02494
G1 X103.399 Y110 E.02494
G1 X103.526 Y108.712 E.02494
G1 X103.902 Y107.474 E.02494
G1 X104.512 Y106.333 E.02494
G1 X105.332 Y105.332 E.02494
G1 X106.333 Y104.512 E.02494
G1 X107.474 Y103.902 E.02494
G1 X108.712 Y103.526 E.02494
G1 X110 Y103.399 E.02494
G1 X111.229 Y103.52 E.0238
G1 X112.527 Y103.902 E.02608
G1 X113.667 Y104.512 E.02493
G1 X114.668 Y105.332 E.02494
G1 X115.488 Y106.333 E.02494
G1 X116.098 Y107.474 E.02494
G1 X116.407 Y108.491 E.02049
G1 X116.497 Y108.942 E.00886
G1 X116.59 Y110.106 E.02251
G1 X116.474 Y111.288 E.02289
G1 X116.098 Y112.526 E.02494
G1 X115.488 Y113.667 E.02494
G1 X114.668 Y114.668 E.02494
G1 X113.667 Y115.488 E.02494
G1 X112.526 Y116.098 E.02494
G1 X111.288 Y116.474 E.02494
G1 X110.043 Y116.597 E.02411
G1 E-.84 F2400
;WIPE_START
G1 F3600
G1 X110 Y116.601 E-.01549
G1 X109.048 Y116.507 E-.34451
;WIPE_END
G17
G3 Z1.2 I1.2 J.204 P1  F9000
G1 X110.962 Y105.256 Z1.2
G1 Z.8
G1 E1.2 F1800
M204 P2000
;TYPE:Inner wall
;WIDTH:0.449999
G1 F5400
G1 X111.8 Y105.499 E.0181
G1 X112.643 Y105.937 E.01971
G1 X113.385 Y106.531 E.01971
G1 X113.997 Y107.258 E.01971
G1 X114.455 Y108.09 E.01971
G1 X114.742 Y108.996 E.01971
G1 X114.847 Y109.941 E.01971
G1 X114.766 Y110.887 E.01971
G1 X114.501 Y111.8 E.01971
G1 X114.063 Y112.643 E.01971
G1 X113.469 Y113.385 E.01971
G1 X112.742 Y113.997 E.01971
G1 X111.91 Y114.455 E.01971
G1 X111.004 Y114.742 E.01971
G1 X110.059 Y114.847 E.01971
G1 X109.113 Y114.766 E.01971
G1 X108.2 Y114.501 E.01971
G1 X107.357 Y114.063 E.01971
G1 X106.615 Y113.469 E.01971
G1 X106.003 Y112.742 E.01971
G1 X105.545 Y111.91 E.01971
G1 X105.258 Y111.004 E.01971
G1 X105.153 Y110.059 E.01971
G1 X105.234 Y109.113 E.01971
G1 X105.499 Y108.2 E.01971
G1 X105.937 Y107.357 E.01971
G1 X106.531 Y106.615 E.01971
G1 X107.258 Y106.003 E.01971
G1 X108.09 Y105.545 E.01971
G1 X108.996 Y105.258 E.01971
G1 X109.941 Y105.153 E.01971
G1 X110.887 Y105.234 E.01971
G1 X110.924 Y105.245 E.00079
G1 X110.847 Y105.655 F9000
M204 P1000
;TYPE:Outer wall
;WIDTH:0.419999
G1 F3600
G1 X111.677 Y105.903 E.01672
G1 X112.444 Y106.309 E.01673
G1 X113.118 Y106.857 E.01673
G1 X113.671 Y107.525 E.01673
G1 X114.083 Y108.289 E.01673
G1 X114.338 Y109.119 E.01673
G1 X114.427 Y109.982 E.01673
G1 X114.345 Y110.846 E.01673
G1 X114.097 Y111.677 E.01673
G1 X113.691 Y112.444 E.01673
G1 X113.143 Y113.118 E.01673
G1 X112.475 Y113.671 E.01673
G1 X111.711 Y114.083 E.01673
G1 X110.881 Y114.338 E.01673
G1 X110.018 Y114.427 E.01673
G1 X109.154 Y114.345 E.01673
G1 X108.323 Y114.097 E.01673
G1 X107.556 Y113.691 E.01673
G1 X106.882 Y113.143 E.01673
G1 X106.329 Y112.475 E.01673
G1 X105.917 Y111.711 E.01673
G1 X105.662 Y110.881 E.01673
G1 X105.573 Y110.018 E.01673
G1 X105.655 Y109.154 E.01673
G1 X105.903 Y108.323 E.01673
G1 X106.309 Y107.556 E.01673
G1 X106.857 Y106.882 E.01673
G1 X107.525 Y106.329 E.01673
G1 X108.289 Y105.917 E.01673
G1 X109.119 Y105.662 E.01673
G1 X109.982 Y105.573 E.01673
G1 X110.807 Y105.651 E.01597
G1 E-.84 F2400
;WIPE_START
G1 F3600
G1 X111.677 Y105.903 E-.32634
G1 X111.76 Y105.947 E-.03366
;WIPE_END
G1 Z1.2 F9000
G1 X111.144 Y104.388 Z1.2
G1 Z.8
G1 E1.2 F1800
M204 P2500
;TYPE:Internal solid infill
;WIDTH:0.474308
G1 F10800
G1 X110.06 Y104.265 E.02392
G1 X108.953 Y104.365 E.02438
G1 X107.867 Y104.679 E.02478
G1 X106.87 Y105.198 E.02464
G1 X105.994 Y105.9 E.02464
G1 X105.271 Y106.761 E.02464
G1 X104.73 Y107.746 E.02464
G1 X104.391 Y108.817 E.02464
G1 X104.268 Y109.934 E.02464
G1 X104.366 Y111.054 E.02464
G1 X104.679 Y112.133 E.02464
G1 X105.198 Y113.13 E.02464
G1 X105.9 Y114.006 E.02464
G1 X106.761 Y114.729 E.02464
G1 X107.746 Y115.27 E.02464
G1 X108.817 Y115.609 E.02464
G1 X109.934 Y115.732 E.02464
G1 X111.054 Y115.634 E.02464
G1 X112.133 Y115.321 E.02464
G1 X113.13 Y114.802 E.02464
G1 X114.006 Y114.1 E.02464
G1 X114.729 Y113.239 E.02464
G1 X115.27 Y112.254 E.02464
G1 X115.609 Y111.183 E.02464
G1 X115.736 Y110.027 E.0255
G1 X115.634 Y108.946 E.02381
G1 X115.321 Y107.867 E.02464
G1 X114.802 Y106.87 E.02464
G1 X114.1 Y105.994 E.02464
G1 X113.239 Y105.271 E.02464
G1 X112.203 Y104.701 E.02593
G1 X111.182 Y104.4 E.02335
G1 X110.061 Y104.718 F9000
;WIDTH:0.474299
G1 F10800
G1 X110.992 Y104.808 E.02052
G1 X112.005 Y105.11 E.02317
G1 X112.918 Y105.593 E.02266
G1 X113.722 Y106.247 E.02272
G1 X114.382 Y107.045 E.02272
G1 X114.875 Y107.957 E.02272
G1 X115.179 Y108.947 E.02272
G1 X115.285 Y109.978 E.02272
G1 X115.188 Y111.01 E.02272
G1 X114.891 Y112.002 E.02272
G1 X114.407 Y112.918 E.02272
G1 X113.753 Y113.722 E.02272
G1 X112.955 Y114.382 E.02272
G1 X112.043 Y114.875 E.02272
G1 X111.053 Y115.179 E.02272
G1 X110.022 Y115.285 E.02272
G1 X108.972 Y115.186 E.02314
G1 X107.998 Y114.891 E.02232
G1 X107.082 Y114.407 E.02272
G1 X106.278 Y113.753 E.02272
G1 X105.618 Y112.955 E.02272
G1 X105.125 Y112.043 E.02272
G1 X104.821 Y111.053 E.02272
G1 X104.715 Y110.022 E.02272
G1 X104.812 Y108.99 E.02272
G1 X105.109 Y107.998 E.02272
G1 X105.593 Y107.082 E.02272
G1 X106.247 Y106.278 E.02272
G1 X107.045 Y105.618 E.02272
G1 X107.957 Y105.125 E.02272
G1 X108.968 Y104.814 E.02321
G1 X110.021 Y104.721 E.02317
G1 E-.97778 F2400
;WIPE_START
G1 F10800
G1 X109.025 Y104.809 E-.22222
;WIPE_END
G17
G3 Z1.2 I-1.106 J.509 P1  F9000
G1 X110.635 Y108.309 Z1.2
G1 Z.8
G1 E1.2 F1800
M204 P2000
;TYPE:Inner wall
;WIDTH:0.449999
G1 F1920
G1 X110.859 Y108.393 E.00496
G1 X111.295 Y108.705 E.01112
G1 X111.607 Y109.141 E.01112
G1 X111.796 Y109.643 E.01113
G1 F1800
G1 X111.796 Y110.357 E.01481
G1 F1920
G1 X111.607 Y110.859 E.01113
G1 X111.295 Y111.295 E.01112
G1 X110.859 Y111.607 E.01112
G1 X110.357 Y111.796 E.01113
G1 X109.821 Y111.813 E.01112
G1 X109.299 Y111.692 E.01111
G1 X108.844 Y111.409 E.01111
G1 X108.478 Y111.017 E.01112
G1 X108.256 Y110.529 E.01112
G1 X108.169 Y110 E.01112
G1 X108.256 Y109.471 E.01112
G1 X108.478 Y108.983 E.01112
G1 X108.844 Y108.591 E.01112
G1 X109.299 Y108.308 E.01111
G1 X109.821 Y108.187 E.01111
G1 X110.357 Y108.204 E.01112
G1 X110.597 Y108.295 E.00532
G1 X110.783 Y107.907 F9000
M204 P1000
;TYPE:Outer wall
;WIDTH:0.419999
G1 F1200
G1 X110.931 Y107.968 E.00309
G1 X111.058 Y108.021 E.00265
G1 X111.424 Y108.265 E.00848
G1 X111.735 Y108.576 E.00848
G1 X111.979 Y108.942 E.00848
G1 X112.148 Y109.349 E.00849
G1 X112.233 Y109.78 E.00847
G1 X112.233 Y110.22 E.00848
G1 X112.148 Y110.651 E.00847
G1 X111.979 Y111.058 E.00849
G1 X111.735 Y111.424 E.00848
G1 X111.424 Y111.735 E.00848
G1 X111.058 Y111.979 E.00848
G1 X110.651 Y112.148 E.00849
G1 X110.22 Y112.233 E.00847
G1 X109.78 Y112.233 E.00848
G1 X109.349 Y112.148 E.00847
G1 X108.942 Y111.979 E.00849
G1 X108.576 Y111.735 E.00848
G1 X108.265 Y111.424 E.00848
G1 X108.021 Y111.058 E.00848
G1 X107.852 Y110.651 E.00849
G1 X107.767 Y110.22 E.00847
G1 X107.767 Y109.78 E.00848
G1 X107.852 Y109.349 E.00847
G1 X108.021 Y108.942 E.00849
G1 X108.265 Y108.576 E.00848
G1 X108.576 Y108.265 E.00848
G1 X108.942 Y108.021 E.00848
G1 X109.349 Y107.852 E.00849
G1 X109.78 Y107.767 E.00847
G1 X110.22 Y107.767 E.00848
G1 X110.651 Y107.852 E.00847
G1 X110.746 Y107.892 E.00199
G1 E-.84 F2400
;WIPE_START
G1 F1200
G1 X111.058 Y108.021 E-.12159
G1 X111.424 Y108.265 E-.15838
G1 X111.581 Y108.422 E-.08003
;WIPE_END
G17
G3 Z1.2 I-.801 J-.916 P1  F9000
G1 X110.021 Y109.787 Z1.2
G1 Z.8
G1 E1.2 F1800
M204 P2500
;TYPE:Internal solid infill
;WIDTH:0.452996
G1 F10800
M106 S255
G1 X109.864 Y109.835 E.00342
G1 X109.787 Y109.979 E.00342
G1 X109.835 Y110.136 E.00342
G1 X109.979 Y110.213 E.00342
G1 X110.136 Y110.165 E.00342
G1 X110.213 Y110.021 E.00342
G1 X110.165 Y109.864 E.00342
G1 X110.056 Y109.806 E.00258
G1 X110.061 Y110.621 F9000
;WIDTH:0.419999
G1 F10800
G1 X110.349 Y110.522 E.00586
G1 X110.551 Y110.294 E.00586
G1 X110.621 Y110.061 E.0047
G1 X110.58 Y109.76 E.00586
G1 X110.396 Y109.517 E.00586
G1 X110.122 Y109.385 E.00586
G1 X109.819 Y109.403 E.00586
G1 X109.556 Y109.556 E.00586
G1 X109.403 Y109.819 E.00586
G1 X109.385 Y110.122 E.00586
G1 X109.517 Y110.396 E.00586
G1 X109.76 Y110.58 E.00586
G1 X110.022 Y110.616 E.00509
G1 X109.431 Y110.851 F9000
G1 F10800
G1 X109.8 Y111.004 E.0077
G1 X110.2 Y111.004 E.0077
G1 X110.569 Y110.851 E.0077
G1 X110.851 Y110.569 E.0077
G1 X111.004 Y110.2 E.0077
G1 X111.004 Y109.8 E.0077
G1 X110.851 Y109.431 E.0077
G1 X110.569 Y109.149 E.0077
G1 X110.2 Y108.996 E.0077
G1 X109.8 Y108.996 E.0077
G1 X109.431 Y109.149 E.0077
G1 X109.149 Y109.431 E.0077
G1 X108.996 Y109.8 E.0077
G1 X108.996 Y110.2 E.0077
G1 X109.149 Y110.569 E.0077
G1 X109.403 Y110.823 E.00693
G1 X109.862 Y111.406 F9000
G1 F10800
G1 X110.277 Y111.392 E.00801
G1 X110.666 Y111.246 E.00801
G1 X111.004 Y111.004 E.00801
G1 X111.246 Y110.666 E.00801
G1 X111.392 Y110.277 E.00801
G1 X111.392 Y109.723 E.01068
G1 X111.246 Y109.334 E.00801
G1 X111.004 Y108.996 E.00801
G1 X110.666 Y108.754 E.00801
G1 X110.277 Y108.608 E.00801
G1 X109.862 Y108.594 E.00801
G1 X109.457 Y108.688 E.00801
G1 X109.104 Y108.908 E.00801
G1 X108.82 Y109.211 E.00801
G1 X108.648 Y109.59 E.00801
G1 X108.58 Y110 E.00801
G1 X108.648 Y110.41 E.00801
G1 X108.82 Y110.789 E.00801
G1 X109.104 Y111.092 E.00801
G1 X109.457 Y111.312 E.00801
G1 X109.823 Y111.397 E.00724
; stop printing object JOYSTICK.stl id:15 copy 0
;LAYER_CHANGE
;Z:0.84
;HEIGHT:0.04
;BEFORE_LAYER_CHANGE
;0.84
G92 E0

G1 E-.97778 F2400
;WIPE_START
G1 F10800
G1 X109.457 Y111.312 E-.08349
G1 X109.104 Y111.092 E-.09237
G1 X108.961 Y110.94 E-.04637
;WIPE_END
;_SET_FAN_SPEED_CHANGING_LAYER
; printing object JOYSTICK.stl id:15 copy 0
G17
G3 Z1.24 I-1.203 J.187 P1  F9000
G1 X109.315 Y113.218 Z1.24
G1 Z.84
G1 E1.2 F1800
;TYPE:Support interface
;WIDTH:0.38
;HEIGHT:0.12
G1 F4800
G1 X109.654 Y113.26 E.00591
G1 X109.64 Y113.405 E.00253
G1 X109.329 Y113.375 E.00541
G1 X109.146 Y113.319 E.00331
G1 X109.146 Y113.167 E.00264
G1 X108.854 Y113.078 E.00528
G1 X108.812 Y113.218 E.00253
G1 X108.976 Y113.268 E.00298
G1 E-.84 F2400
;WIPE_START
G1 F4800
G1 X108.812 Y113.218 E-.06184
G1 X108.854 Y113.078 E-.05254
G1 X109.146 Y113.167 E-.10967
G1 X109.146 Y113.319 E-.0549
G1 X109.329 Y113.375 E-.06884
G1 X109.362 Y113.378 E-.01221
;WIPE_END
G17
G3 Z1.24 I1.216 J-.039 P1  F9000
G1 X109.146 Y106.681 Z1.24
G1 Z.84
G1 E1.2 F1800
G1 F4800
G1 X109.146 Y106.833 E.00264
G1 X109.377 Y106.767 E.00416
G1 X109.669 Y106.739 E.00509
G1 X109.655 Y106.593 E.00254
G1 X109.315 Y106.63 E.00592
G1 X110.685 Y106.782 F9000
G1 F4800
G1 X110.398 Y106.745 E.005
G1 X110.413 Y106.6 E.00253
G1 X110.671 Y106.625 E.0045
G1 X110.854 Y106.681 E.00331
G1 X110.854 Y106.833 E.00264
G1 X111.146 Y106.922 E.00528
G1 X111.188 Y106.782 E.00253
G1 X111.024 Y106.732 E.00298
; stop printing object JOYSTICK.stl id:15 copy 0
G1 E-.84 F2400
;WIPE_START
G1 F4800
G1 X111.188 Y106.782 E-.06184
G1 X111.146 Y106.922 E-.05253
G1 X110.854 Y106.833 E-.10967
G1 X110.854 Y106.681 E-.0549
G1 X110.671 Y106.625 E-.06884
G1 X110.637 Y106.622 E-.01221
;WIPE_END
;LAYER_CHANGE
;Z:0.92
;HEIGHT:0.08
;BEFORE_LAYER_CHANGE
;0.92
G92 E0

;_SET_FAN_SPEED_CHANGING_LAYER
; printing object JOYSTICK.stl id:15 copy 0
G1 Z1.32 F9000
G1 X110 Y116.177 Z1.32
G1 Z.92
G1 E1.2 F1800
M204 P2000
;TYPE:Inner wall
;WIDTH:0.449999
;HEIGHT:0.12
G1 F5400
G1 X108.795 Y116.058 E.02512
G1 X107.636 Y115.707 E.02512
G1 X106.568 Y115.136 E.02512
G1 X105.632 Y114.368 E.02512
G1 X104.864 Y113.432 E.02512
G1 X104.293 Y112.364 E.02512
G1 X103.942 Y111.205 E.02512
G1 X103.823 Y110 E.02512
G1 X103.942 Y108.795 E.02512
G1 X104.293 Y107.636 E.02512
G1 X104.864 Y106.568 E.02512
G1 X105.632 Y105.632 E.02512
G1 X106.568 Y104.864 E.02512
G1 X107.636 Y104.293 E.02512
G1 X108.795 Y103.942 E.02512
G1 X110 Y103.823 E.02512
G1 X111.205 Y103.942 E.02512
G1 X112.364 Y104.293 E.02512
G1 X113.432 Y104.864 E.02512
G1 X114.368 Y105.632 E.02512
G1 X115.136 Y106.568 E.02512
G1 X115.707 Y107.636 E.02512
G1 X116.006 Y108.623 E.02139
G1 X116.076 Y108.974 E.00742
G1 X116.171 Y110.06 E.02261
G1 X116.058 Y111.205 E.02386
G1 X115.707 Y112.364 E.02512
G1 X115.136 Y113.432 E.02512
G1 X114.368 Y114.368 E.02512
G1 X113.432 Y115.136 E.02512
G1 X112.364 Y115.707 E.02512
G1 X111.205 Y116.058 E.02512
G1 X110.04 Y116.173 E.02429
G1 X110.003 Y116.601 F9000
M204 P1000
;TYPE:Outer wall
;WIDTH:0.419999
G1 F3600
G1 X110 Y116.601 E.00006
G1 X108.712 Y116.474 E.02494
G1 X107.474 Y116.098 E.02494
G1 X106.333 Y115.488 E.02494
G1 X105.332 Y114.668 E.02494
G1 X104.512 Y113.667 E.02494
G1 X103.902 Y112.526 E.02494
G1 X103.526 Y111.288 E.02494
G1 X103.399 Y110 E.02494
G1 X103.526 Y108.712 E.02494
G1 X103.902 Y107.474 E.02494
G1 X104.512 Y106.333 E.02494
G1 X105.332 Y105.332 E.02494
G1 X106.333 Y104.512 E.02494
G1 X107.474 Y103.902 E.02494
G1 X108.712 Y103.526 E.02494
G1 X110 Y103.399 E.02494
G1 X111.288 Y103.526 E.02494
G1 X112.526 Y103.902 E.02494
G1 X113.667 Y104.512 E.02494
G1 X114.668 Y105.332 E.02494
G1 X115.488 Y106.333 E.02494
G1 X116.098 Y107.474 E.02494
G1 X116.41 Y108.5 E.02068
G1 X116.496 Y108.933 E.00849
G1 X116.591 Y110.101 E.02261
G1 X116.474 Y111.288 E.02298
G1 X116.098 Y112.526 E.02494
G1 X115.488 Y113.667 E.02494
G1 X114.668 Y114.668 E.02494
G1 X113.667 Y115.488 E.02494
G1 X112.526 Y116.098 E.02494
G1 X111.288 Y116.474 E.02494
G1 X110.043 Y116.597 E.02411
G1 E-.84 F2400
;WIPE_START
G1 F3600
G1 X110 Y116.601 E-.01549
G1 X109.048 Y116.507 E-.34451
;WIPE_END
G17
G3 Z1.32 I1.2 J.205 P1  F9000
G1 X110.985 Y105.161 Z1.32
G1 Z.92
G1 E1.2 F1800
M204 P2000
;TYPE:Inner wall
;WIDTH:0.449999
G1 F5400
G1 X111.838 Y105.408 E.01843
G1 X112.698 Y105.855 E.02011
G1 X113.455 Y106.461 E.02011
G1 X114.079 Y107.203 E.02011
G1 X114.546 Y108.053 E.02011
G1 X114.839 Y108.977 E.02011
G1 X114.946 Y109.941 E.02011
G1 X114.862 Y110.907 E.02011
G1 X114.592 Y111.838 E.02011
G1 X114.145 Y112.698 E.02011
G1 X113.539 Y113.455 E.02011
G1 X112.797 Y114.079 E.02011
G1 X111.948 Y114.546 E.02011
G1 X111.023 Y114.839 E.02011
G1 X110.059 Y114.946 E.02011
G1 X109.093 Y114.862 E.02011
G1 X108.162 Y114.592 E.02011
G1 X107.302 Y114.145 E.02011
G1 X106.545 Y113.539 E.02011
G1 X105.921 Y112.797 E.02011
G1 X105.454 Y111.948 E.02011
G1 X105.161 Y111.023 E.02011
G1 X105.054 Y110.059 E.02011
G1 X105.138 Y109.093 E.02011
G1 X105.408 Y108.162 E.02011
G1 X105.855 Y107.302 E.02011
G1 X106.461 Y106.545 E.02011
G1 X107.203 Y105.921 E.02011
G1 X108.053 Y105.454 E.02011
G1 X108.977 Y105.161 E.02011
G1 X109.941 Y105.054 E.02011
G1 X110.907 Y105.138 E.02011
G1 X110.946 Y105.149 E.00086
G1 X110.869 Y105.559 F9000
M204 P1000
;TYPE:Outer wall
;WIDTH:0.419999
G1 F3600
G1 X111.715 Y105.812 E.01702
G1 X112.499 Y106.227 E.0171
G1 X113.187 Y106.787 E.0171
G1 X113.753 Y107.471 E.0171
G1 X114.174 Y108.251 E.0171
G1 X114.435 Y109.099 E.0171
G1 X114.525 Y109.982 E.0171
G1 X114.442 Y110.865 E.0171
G1 X114.188 Y111.715 E.0171
G1 X113.773 Y112.499 E.0171
G1 X113.213 Y113.187 E.0171
G1 X112.529 Y113.753 E.0171
G1 X111.749 Y114.174 E.0171
G1 X110.901 Y114.435 E.0171
G1 X110.018 Y114.525 E.0171
G1 X109.135 Y114.442 E.0171
G1 X108.285 Y114.188 E.0171
G1 X107.501 Y113.773 E.0171
G1 X106.813 Y113.213 E.0171
G1 X106.247 Y112.529 E.0171
G1 X105.826 Y111.749 E.0171
G1 X105.565 Y110.901 E.0171
G1 X105.475 Y110.018 E.0171
G1 X105.558 Y109.135 E.0171
G1 X105.812 Y108.285 E.0171
G1 X106.227 Y107.501 E.0171
G1 X106.787 Y106.813 E.0171
G1 X107.471 Y106.247 E.0171
G1 X108.251 Y105.826 E.0171
G1 X109.099 Y105.565 E.0171
G1 X109.982 Y105.475 E.0171
G1 X110.829 Y105.555 E.01641
G1 E-.84 F2400
;WIPE_START
G1 F3600
G1 X111.715 Y105.812 E-.33204
G1 X111.784 Y105.848 E-.02796
;WIPE_END
G1 Z1.32 F9000
G1 X111.181 Y104.365 Z1.32
G1 Z.92
G1 E1.2 F1800
M204 P2500
;TYPE:Internal solid infill
;WIDTH:0.425405
G1 F10800
G1 X110.055 Y104.241 E.02213
G1 X108.876 Y104.348 E.02313
G1 X107.795 Y104.676 E.02208
G1 X106.798 Y105.208 E.02207
G1 X105.925 Y105.925 E.02208
G1 X105.208 Y106.798 E.02207
G1 X104.676 Y107.795 E.02207
G1 X104.348 Y108.876 E.02207
G1 X104.237 Y110 E.02207
G1 X104.348 Y111.124 E.02207
G1 X104.676 Y112.205 E.02207
G1 X105.208 Y113.202 E.02207
G1 X105.925 Y114.075 E.02207
G1 X106.798 Y114.792 E.02207
G1 X107.795 Y115.324 E.02207
G1 X108.876 Y115.652 E.02207
G1 X110 Y115.763 E.02207
G1 X111.124 Y115.652 E.02207
G1 X112.205 Y115.324 E.02207
G1 X113.202 Y114.792 E.02207
G1 X114.075 Y114.075 E.02208
G1 X114.792 Y113.202 E.02207
G1 X115.324 Y112.205 E.02207
G1 X115.652 Y111.124 E.02207
G1 X115.763 Y110 E.02207
G1 X115.652 Y108.876 E.02207
G1 X115.324 Y107.795 E.02207
G1 X114.792 Y106.798 E.02207
G1 X114.075 Y105.925 E.02207
G1 X113.202 Y105.208 E.02207
G1 X112.205 Y104.676 E.02207
G1 X111.219 Y104.377 E.02014
G1 X110.055 Y104.644 F9000
;WIDTH:0.42539
G1 F10800
G1 X111.046 Y104.742 E.01945
G1 X112.052 Y105.047 E.02054
G1 X112.979 Y105.542 E.02054
G1 X113.791 Y106.209 E.02054
G1 X114.458 Y107.021 E.02054
G1 X114.953 Y107.948 E.02054
G1 X115.258 Y108.954 E.02054
G1 X115.361 Y110 E.02054
G1 X115.258 Y111.046 E.02054
G1 X114.953 Y112.052 E.02054
G1 X114.458 Y112.979 E.02054
G1 X113.791 Y113.791 E.02054
G1 X112.979 Y114.458 E.02054
G1 X112.052 Y114.953 E.02054
G1 X111.046 Y115.258 E.02054
G1 X110 Y115.361 E.02054
G1 X108.954 Y115.258 E.02054
G1 X107.948 Y114.953 E.02054
G1 X107.021 Y114.458 E.02054
G1 X106.209 Y113.791 E.02054
G1 X105.542 Y112.979 E.02054
G1 X105.047 Y112.052 E.02054
G1 X104.742 Y111.046 E.02054
G1 X104.639 Y110 E.02054
G1 X104.742 Y108.954 E.02054
G1 X105.047 Y107.948 E.02054
G1 X105.542 Y107.021 E.02054
G1 X106.209 Y106.209 E.02054
G1 X107.021 Y105.542 E.02054
G1 X107.948 Y105.047 E.02054
G1 X108.954 Y104.742 E.02054
G1 X110.016 Y104.647 E.02082
G1 E-.97778 F2400
;WIPE_START
G1 F10800
G1 X109.02 Y104.736 E-.22222
;WIPE_END
G17
G3 Z1.32 I-1.087 J.547 P1  F9000
G1 X110.708 Y108.09 Z1.32
G1 Z.92
G1 E1.2 F1800
M204 P2000
;TYPE:Inner wall
;WIDTH:0.449999
G1 F1140
G1 X110.964 Y108.196 E.00575
G1 X111.298 Y108.419 E.00833
G1 X111.581 Y108.702 E.0083
G1 X111.804 Y109.036 E.00833
G1 X111.957 Y109.406 E.0083
G1 X112.036 Y109.8 E.00834
G1 X112.036 Y110.2 E.0083
G1 X111.957 Y110.594 E.00834
G1 X111.804 Y110.964 E.0083
G1 X111.581 Y111.298 E.00833
G1 X111.298 Y111.581 E.0083
G1 X110.964 Y111.804 E.00833
G1 X110.594 Y111.957 E.0083
G1 X110.2 Y112.036 E.00834
G1 X109.8 Y112.036 E.0083
G1 X109.406 Y111.957 E.00834
G1 X109.036 Y111.804 E.0083
G1 X108.702 Y111.581 E.00833
G1 X108.419 Y111.298 E.0083
G1 X108.196 Y110.964 E.00833
G1 X108.043 Y110.594 E.0083
G1 X107.964 Y110.2 E.00834
G1 X107.964 Y109.8 E.0083
G1 X108.043 Y109.406 E.00834
G1 X108.196 Y109.036 E.0083
G1 X108.419 Y108.702 E.00833
G1 X108.702 Y108.419 E.0083
G1 X109.036 Y108.196 E.00833
G1 X109.406 Y108.043 E.0083
G1 X109.8 Y107.964 E.00834
G1 X110.2 Y107.964 E.0083
G1 X110.594 Y108.043 E.00834
G1 X110.671 Y108.075 E.00173
G1 X110.869 Y107.702 F9000
M204 P1000
;TYPE:Outer wall
;WIDTH:0.419999
G1 F1140
G1 X111.037 Y107.771 E.0035
G1 X111.163 Y107.824 E.00263
G1 X111.565 Y108.092 E.00931
G1 X111.908 Y108.435 E.00935
G1 X112.176 Y108.837 E.00931
G1 X112.361 Y109.284 E.00933
G1 X112.456 Y109.758 E.00932
G1 X112.456 Y110.242 E.00933
G1 X112.361 Y110.716 E.00932
G1 X112.176 Y111.163 E.00933
G1 X111.908 Y111.565 E.00931
G1 X111.565 Y111.908 E.00935
G1 X111.163 Y112.176 E.00931
G1 X110.716 Y112.361 E.00933
G1 X110.242 Y112.456 E.00932
G1 X109.758 Y112.456 E.00933
G1 X109.284 Y112.361 E.00932
G1 X108.837 Y112.176 E.00933
G1 X108.435 Y111.908 E.00931
G1 X108.092 Y111.565 E.00935
G1 X107.824 Y111.163 E.00931
G1 X107.639 Y110.716 E.00933
G1 X107.544 Y110.242 E.00932
G1 X107.544 Y109.758 E.00933
G1 X107.639 Y109.284 E.00932
G1 X107.824 Y108.837 E.00933
G1 X108.092 Y108.435 E.00931
G1 X108.435 Y108.092 E.00935
G1 X108.837 Y107.824 E.00931
G1 X109.284 Y107.639 E.00933
G1 X109.758 Y107.544 E.00932
G1 X110.242 Y107.544 E.00933
G1 X110.716 Y107.639 E.00932
G1 X110.832 Y107.686 E.00241
G1 E-.84 F2400
;WIPE_START
G1 F1140
G1 X111.163 Y107.824 E-.12915
G1 X111.565 Y108.092 E-.17415
G1 X111.677 Y108.204 E-.0567
;WIPE_END
G17
G3 Z1.32 I-1.113 J-.493 P1  F9000
G1 X110.16 Y111.628 Z1.32
G1 Z.92
G1 E1.2 F1800
M204 P2500
;TYPE:Internal solid infill
G1 F10800
M106 S255
G1 X110.629 Y111.519 E.00928
G1 X111.038 Y111.265 E.00928
G1 X111.367 Y110.913 E.00928
G1 X111.566 Y110.475 E.00928
G1 X111.644 Y110 E.00928
G1 X111.519 Y109.371 E.01237
G1 X111.265 Y108.962 E.00928
G1 X110.913 Y108.633 E.00928
G1 X110.475 Y108.434 E.00928
G1 X110 Y108.356 E.00928
G1 X109.525 Y108.434 E.00928
G1 X109.087 Y108.633 E.00928
G1 X108.735 Y108.962 E.00928
G1 X108.481 Y109.371 E.00928
G1 X108.372 Y109.84 E.00928
G1 X108.387 Y110.321 E.00928
G1 X108.557 Y110.771 E.00928
G1 X108.837 Y111.163 E.00928
G1 X109.229 Y111.443 E.00928
G1 X109.679 Y111.613 E.00928
G1 X110.12 Y111.627 E.00851
G1 X110.451 Y109.956 F9000
G1 F10800
G1 X110.379 Y109.747 E.00426
G1 X110.174 Y109.579 E.0051
G1 X109.911 Y109.553 E.0051
G1 X109.678 Y109.678 E.0051
G1 X109.553 Y109.911 E.0051
G1 X109.579 Y110.174 E.0051
G1 X109.747 Y110.379 E.0051
G1 X110 Y110.456 E.0051
G1 X110.253 Y110.379 E.0051
G1 X110.421 Y110.174 E.0051
G1 X110.446 Y109.995 E.00349
G1 X110.032 Y109.944 F9000
;WIDTH:0.5386
G1 F10800
G1 X109.968 Y109.944 E.00161
G1 X109.936 Y110 E.00161
G1 X109.968 Y110.056 E.00161
G1 X110.032 Y110.056 E.00161
G1 X110.044 Y110.035 E.0006
G1 X109.917 Y109.156 F9000
;WIDTH:0.419999
G1 F10800
G1 X109.6 Y109.252 E.00638
G1 X109.345 Y109.462 E.00638
G1 X109.189 Y109.754 E.00638
G1 X109.156 Y110.083 E.00638
G1 X109.252 Y110.4 E.00638
G1 X109.462 Y110.655 E.00638
G1 X109.754 Y110.811 E.00638
G1 X110.083 Y110.844 E.00638
G1 X110.4 Y110.748 E.00638
G1 X110.655 Y110.538 E.00638
G1 X110.811 Y110.246 E.00638
G1 X110.844 Y109.917 E.00638
G1 X110.748 Y109.6 E.00638
G1 X110.538 Y109.345 E.00638
G1 X110.246 Y109.189 E.00638
G1 X109.957 Y109.16 E.00561
G1 X110 Y108.752 F9000
G1 F10800
G1 X109.522 Y108.847 E.00939
G1 X109.117 Y109.117 E.00939
G1 X108.847 Y109.522 E.00939
G1 X108.752 Y110 E.00939
G1 X108.847 Y110.478 E.00939
G1 X109.117 Y110.883 E.00939
G1 X109.522 Y111.153 E.00939
G1 X110 Y111.248 E.00939
G1 X110.478 Y111.153 E.00939
G1 X110.883 Y110.883 E.00939
G1 X111.153 Y110.478 E.00939
G1 X111.248 Y110 E.00939
G1 X111.153 Y109.522 E.00939
G1 X110.883 Y109.117 E.00939
G1 X110.478 Y108.847 E.00939
G1 X110.039 Y108.76 E.00862
; stop printing object JOYSTICK.stl id:15 copy 0
;LAYER_CHANGE
;Z:1.04
;HEIGHT:0.12
;BEFORE_LAYER_CHANGE
;1.04
G92 E0

G1 E-.97778 F2400
;WIPE_START
G1 F10800
G1 X110.478 Y108.847 E-.09933
G1 X110.883 Y109.117 E-.10821
G1 X110.919 Y109.172 E-.01468
;WIPE_END
;_SET_FAN_SPEED_CHANGING_LAYER
; printing object JOYSTICK.stl id:15 copy 0
G17
G3 Z1.44 I-1.207 J-.158 P1  F9000
G1 X110 Y116.177 Z1.44
G1 Z1.04
G1 E1.2 F1800
M204 P2000
;TYPE:Inner wall
;WIDTH:0.449999
G1 F5400
G1 X108.795 Y116.058 E.02512
G1 X107.636 Y115.707 E.02512
G1 X106.568 Y115.136 E.02512
G1 X105.632 Y114.368 E.02512
G1 X104.864 Y113.432 E.02512
G1 X104.293 Y112.364 E.02512
G1 X103.942 Y111.205 E.02512
G1 X103.823 Y110 E.02512
G1 X103.942 Y108.795 E.02512
G1 X104.293 Y107.636 E.02512
G1 X104.864 Y106.568 E.02512
G1 X105.632 Y105.632 E.02512
G1 X106.568 Y104.864 E.02512
G1 X107.636 Y104.293 E.02512
G1 X108.795 Y103.942 E.02512
G1 X110 Y103.823 E.02512
G1 X111.205 Y103.942 E.02512
G1 X112.364 Y104.293 E.02512
G1 X113.432 Y104.864 E.02512
G1 X114.368 Y105.632 E.02512
G1 X115.136 Y106.568 E.02512
G1 X115.707 Y107.636 E.02512
G1 X116.009 Y108.632 E.02159
G1 X116.075 Y108.964 E.00703
G1 X116.171 Y110.055 E.02272
G1 X116.058 Y111.205 E.02397
G1 X115.707 Y112.364 E.02512
G1 X115.136 Y113.432 E.02512
G1 X114.368 Y114.368 E.02512
G1 X113.432 Y115.136 E.02512
G1 X112.364 Y115.707 E.02512
G1 X111.205 Y116.058 E.02512
G1 X110.04 Y116.173 E.02429
G1 X110.003 Y116.601 F9000
M204 P1000
;TYPE:Outer wall
;WIDTH:0.419999
G1 F3600
G1 X110 Y116.601 E.00006
G1 X108.712 Y116.474 E.02494
G1 X107.474 Y116.098 E.02494
G1 X106.333 Y115.488 E.02494
G1 X105.332 Y114.668 E.02494
G1 X104.512 Y113.667 E.02494
G1 X103.902 Y112.526 E.02494
G1 X103.526 Y111.288 E.02494
G1 X103.399 Y110 E.02494
G1 X103.526 Y108.712 E.02494
G1 X103.902 Y107.474 E.02494
G1 X104.512 Y106.333 E.02494
G1 X105.332 Y105.332 E.02494
G1 X106.333 Y104.512 E.02494
G1 X107.474 Y103.902 E.02494
G1 X108.712 Y103.526 E.02494
G1 X110 Y103.399 E.02494
G1 X111.288 Y103.526 E.02494
G1 X112.526 Y103.902 E.02494
G1 X113.667 Y104.512 E.02494
G1 X114.668 Y105.332 E.02494
G1 X115.488 Y106.333 E.02494
G1 X116.098 Y107.474 E.02494
G1 X116.413 Y108.51 E.02086
G1 X116.495 Y108.923 E.00812
G1 X116.591 Y110.097 E.0227
G1 X116.474 Y111.288 E.02307
G1 X116.098 Y112.526 E.02494
G1 X115.488 Y113.667 E.02494
G1 X114.668 Y114.668 E.02494
G1 X113.667 Y115.488 E.02494
G1 X112.526 Y116.098 E.02494
G1 X111.288 Y116.474 E.02494
G1 X110.043 Y116.597 E.02411
G1 E-.84 F2400
;WIPE_START
G1 F3600
G1 X110 Y116.601 E-.01548
G1 X109.048 Y116.507 E-.34452
;WIPE_END
G17
G3 Z1.44 I1.2 J.205 P1  F9000
G1 X111.007 Y105.065 Z1.44
G1 Z1.04
G1 E1.2 F1800
M204 P2000
;TYPE:Inner wall
;WIDTH:0.449999
G1 F5400
G1 X111.875 Y105.317 E.01876
G1 X112.753 Y105.773 E.02051
G1 X113.525 Y106.391 E.02051
G1 X114.161 Y107.148 E.02051
G1 X114.637 Y108.015 E.02051
G1 X114.936 Y108.958 E.02051
G1 X115.044 Y109.941 E.02051
G1 X114.959 Y110.926 E.02051
G1 X114.683 Y111.875 E.02051
G1 X114.227 Y112.753 E.02051
G1 X113.609 Y113.525 E.02051
G1 X112.852 Y114.161 E.02051
G1 X111.985 Y114.637 E.02051
G1 X111.042 Y114.936 E.02051
G1 X110.059 Y115.044 E.02051
G1 X109.074 Y114.959 E.02051
G1 X108.125 Y114.683 E.02051
G1 X107.247 Y114.227 E.02051
G1 X106.475 Y113.609 E.02051
G1 X105.839 Y112.852 E.02051
G1 X105.363 Y111.985 E.02051
G1 X105.064 Y111.042 E.02051
G1 X104.956 Y110.059 E.02051
G1 X105.041 Y109.074 E.02051
G1 X105.317 Y108.125 E.02051
G1 X105.773 Y107.247 E.02051
G1 X106.391 Y106.475 E.02051
G1 X107.148 Y105.839 E.02051
G1 X108.015 Y105.363 E.02051
G1 X108.958 Y105.064 E.02051
G1 X109.941 Y104.956 E.02051
G1 X110.926 Y105.041 E.02051
G1 X110.969 Y105.054 E.00092
G1 X110.892 Y105.464 F9000
M204 P1000
;TYPE:Outer wall
;WIDTH:0.419999
G1 F3600
G1 X111.753 Y105.721 E.01733
G1 X112.554 Y106.145 E.01747
G1 X113.257 Y106.718 E.01747
G1 X113.835 Y107.416 E.01747
G1 X114.265 Y108.214 E.01747
G1 X114.532 Y109.08 E.01747
G1 X114.624 Y109.982 E.01747
G1 X114.539 Y110.884 E.01747
G1 X114.279 Y111.753 E.01747
G1 X113.855 Y112.554 E.01747
G1 X113.282 Y113.257 E.01747
G1 X112.584 Y113.835 E.01747
G1 X111.786 Y114.265 E.01747
G1 X110.92 Y114.532 E.01747
G1 X110.018 Y114.624 E.01747
G1 X109.116 Y114.539 E.01747
G1 X108.247 Y114.279 E.01747
G1 X107.446 Y113.855 E.01747
G1 X106.743 Y113.282 E.01747
G1 X106.165 Y112.584 E.01747
G1 X105.735 Y111.786 E.01747
G1 X105.468 Y110.92 E.01747
G1 X105.376 Y110.018 E.01747
G1 X105.461 Y109.116 E.01747
G1 X105.721 Y108.247 E.01747
G1 X106.145 Y107.446 E.01747
G1 X106.718 Y106.743 E.01747
G1 X107.416 Y106.165 E.01747
G1 X108.214 Y105.735 E.01747
G1 X109.08 Y105.468 E.01747
G1 X109.982 Y105.376 E.01747
G1 X110.852 Y105.458 E.01685
G1 E-.84 F2400
;WIPE_START
G1 F3600
G1 X111.753 Y105.721 E-.33779
G1 X111.807 Y105.75 E-.02221
;WIPE_END
G1 Z1.44 F9000
G1 X111.179 Y104.339 Z1.44
G1 Z1.04
G1 E1.2 F1800
M204 P2500
;TYPE:Internal solid infill
;WIDTH:0.376414
G1 F10800
G1 X110.051 Y104.216 E.01945
G1 X108.871 Y104.324 E.0203
G1 X107.785 Y104.653 E.01946
G1 X106.785 Y105.188 E.01945
G1 X105.908 Y105.908 E.01945
G1 X105.188 Y106.785 E.01945
G1 X104.653 Y107.785 E.01945
G1 X104.324 Y108.871 E.01945
G1 X104.213 Y110 E.01945
G1 X104.324 Y111.129 E.01945
G1 X104.653 Y112.215 E.01945
G1 X105.188 Y113.215 E.01945
G1 X105.908 Y114.092 E.01945
G1 X106.785 Y114.812 E.01945
G1 X107.785 Y115.347 E.01945
G1 X108.871 Y115.676 E.01945
G1 X110 Y115.787 E.01945
G1 X111.129 Y115.676 E.01945
G1 X112.215 Y115.347 E.01945
G1 X113.215 Y114.812 E.01945
G1 X114.092 Y114.092 E.01945
G1 X114.812 Y113.215 E.01945
G1 X115.347 Y112.215 E.01945
G1 X115.676 Y111.129 E.01945
G1 X115.787 Y110 E.01945
G1 X115.676 Y108.871 E.01945
G1 X115.347 Y107.785 E.01945
G1 X114.812 Y106.785 E.01945
G1 X114.092 Y105.908 E.01945
G1 X113.215 Y105.188 E.01945
G1 X112.215 Y104.653 E.01945
G1 X111.217 Y104.35 E.01788
G1 X110.049 Y104.57 F9000
;WIDTH:0.376401
G1 F10800
G1 X111.06 Y104.669 E.01742
G1 X112.08 Y104.979 E.01827
G1 X113.02 Y105.481 E.01827
G1 X113.843 Y106.157 E.01827
G1 X114.519 Y106.98 E.01827
G1 X115.021 Y107.92 E.01827
G1 X115.331 Y108.94 E.01827
G1 X115.435 Y110 E.01827
G1 X115.331 Y111.06 E.01827
G1 X115.021 Y112.08 E.01827
G1 X114.519 Y113.02 E.01827
G1 X113.843 Y113.843 E.01827
G1 X113.02 Y114.519 E.01827
G1 X112.08 Y115.021 E.01827
G1 X111.06 Y115.331 E.01827
G1 X110 Y115.435 E.01827
G1 X108.94 Y115.331 E.01827
G1 X107.92 Y115.021 E.01827
G1 X106.98 Y114.519 E.01827
G1 X106.157 Y113.843 E.01827
G1 X105.481 Y113.02 E.01827
G1 X104.979 Y112.08 E.01827
G1 X104.669 Y111.06 E.01827
G1 X104.565 Y110 E.01827
G1 X104.669 Y108.94 E.01827
G1 X104.979 Y107.92 E.01827
G1 X105.481 Y106.98 E.01827
G1 X106.157 Y106.157 E.01827
G1 X106.98 Y105.481 E.01827
G1 X107.92 Y104.979 E.01827
G1 X108.94 Y104.669 E.01827
G1 X110.009 Y104.574 E.0184
G1 E-.97778 F2400
;WIPE_START
G1 F10800
G1 X109.013 Y104.663 E-.22222
;WIPE_END
G17
G3 Z1.44 I-1.065 J.589 P1  F9000
G1 X110.796 Y107.886 Z1.44
G1 Z1.04
G1 E1.2 F1800
M204 P2000
;TYPE:Inner wall
;WIDTH:0.449999
G1 F1020
G1 X111.069 Y107.999 E.00613
G1 X111.439 Y108.246 E.00923
G1 X111.754 Y108.56 E.00923
G1 X112.001 Y108.93 E.00923
G1 X112.171 Y109.341 E.00923
G1 X112.258 Y109.778 E.00924
G1 X112.258 Y110.222 E.00921
G1 X112.171 Y110.659 E.00924
G1 X112.001 Y111.07 E.00923
G1 X111.754 Y111.439 E.00921
G1 X111.439 Y111.754 E.00924
G1 X111.07 Y112.001 E.00921
G1 X110.659 Y112.171 E.00923
G1 X110.222 Y112.258 E.00924
G1 X109.778 Y112.258 E.00921
G1 X109.341 Y112.171 E.00924
G1 X108.93 Y112.001 E.00923
G1 X108.561 Y111.754 E.00921
G1 X108.246 Y111.439 E.00924
G1 X107.999 Y111.07 E.00921
G1 X107.829 Y110.659 E.00923
G1 X107.742 Y110.222 E.00924
G1 X107.742 Y109.778 E.00921
G1 X107.829 Y109.341 E.00924
G1 X107.999 Y108.931 E.00921
G1 X108.246 Y108.561 E.00923
G1 X108.56 Y108.246 E.00923
G1 X108.93 Y107.999 E.00923
G1 X109.339 Y107.829 E.00919
G1 X109.778 Y107.743 E.00928
G1 X110.224 Y107.742 E.00925
G1 X110.657 Y107.828 E.00916
G1 X110.759 Y107.871 E.0023
G1 X110.949 Y107.476 F9000
M204 P1000
;TYPE:Outer wall
;WIDTH:0.419999
G1 F1020
G1 X111.035 Y107.502 E.00173
G1 X111.502 Y107.752 E.01021
G1 X111.912 Y108.088 E.01022
G1 X112.248 Y108.498 E.01022
G1 X112.498 Y108.965 E.01021
G1 X112.652 Y109.472 E.01021
G1 X112.704 Y110 E.01023
G1 X112.652 Y110.528 E.01023
G1 X112.498 Y111.035 E.01021
G1 X112.248 Y111.502 E.01021
G1 X111.912 Y111.912 E.01022
G1 X111.502 Y112.248 E.01022
G1 X111.035 Y112.498 E.01021
G1 X110.528 Y112.652 E.01021
G1 X110 Y112.704 E.01023
G1 X109.472 Y112.652 E.01023
G1 X108.965 Y112.498 E.01021
G1 X108.498 Y112.248 E.01021
G1 X108.088 Y111.912 E.01022
G1 X107.752 Y111.502 E.01022
G1 X107.502 Y111.035 E.01021
G1 X107.348 Y110.528 E.01021
G1 X107.296 Y110 E.01023
G1 X107.348 Y109.472 E.01023
G1 X107.502 Y108.965 E.01021
G1 X107.752 Y108.498 E.01021
G1 X108.088 Y108.088 E.01022
G1 X108.498 Y107.752 E.01022
G1 X108.965 Y107.502 E.01021
G1 X109.472 Y107.348 E.01021
G1 X110.008 Y107.297 E.01038
G1 X110.528 Y107.348 E.01007
G1 X110.91 Y107.464 E.0077
G1 E-.84 F2400
;WIPE_START
G1 F1020
G1 X111.035 Y107.502 E-.04686
G1 X111.502 Y107.752 E-.19083
G1 X111.765 Y107.967 E-.12231
;WIPE_END
G17
G3 Z1.44 I-1.008 J-.682 P1  F9000
G1 X109.934 Y110.674 Z1.44
G1 Z1.04
G1 E1.2 F1800
M204 P2500
;TYPE:Internal solid infill
G1 F10800
M106 S255
G1 X110.197 Y110.648 E.00509
G1 X110.429 Y110.523 E.00509
G1 X110.597 Y110.319 E.00509
G1 X110.674 Y110.066 E.00509
G1 X110.648 Y109.803 E.00509
G1 X110.523 Y109.57 E.00509
G1 X110.319 Y109.403 E.0051
G1 X110.068 Y109.326 E.00504
G1 X109.802 Y109.353 E.00517
G1 X109.57 Y109.477 E.00506
G1 X109.403 Y109.681 E.00509
G1 X109.326 Y109.934 E.00509
G1 X109.352 Y110.197 E.00509
G1 X109.477 Y110.429 E.00509
G1 X109.681 Y110.597 E.00509
G1 X109.895 Y110.662 E.00432
G1 X109.953 Y110.237 F9000
;WIDTH:0.505211
G1 F10800
G1 X110.134 Y110.201 E.00433
G1 X110.237 Y110.047 E.00433
G1 X110.201 Y109.866 E.00433
G1 X110.047 Y109.763 E.00433
G1 X109.866 Y109.799 E.00433
G1 X109.763 Y109.953 E.00433
G1 X109.799 Y110.134 E.00433
G1 X109.92 Y110.214 E.00339
G1 X109.788 Y108.945 F9000
;WIDTH:0.419999
G1 F10800
G1 X109.402 Y109.105 E.00805
G1 X109.105 Y109.402 E.0081
G1 X108.944 Y109.79 E.0081
G1 X108.944 Y110.21 E.0081
G1 X109.105 Y110.598 E.0081
G1 X109.402 Y110.895 E.0081
G1 X109.79 Y111.056 E.0081
G1 X110.21 Y111.056 E.0081
G1 X110.598 Y110.895 E.0081
G1 X110.895 Y110.598 E.0081
G1 X111.056 Y110.21 E.0081
G1 X111.056 Y109.79 E.0081
G1 X110.895 Y109.402 E.0081
G1 X110.598 Y109.105 E.0081
G1 X110.21 Y108.944 E.0081
G1 X109.828 Y108.945 E.00737
G1 X109.855 Y108.543 F9000
G1 F10800
G1 X109.436 Y108.64 E.00827
G1 X109.07 Y108.867 E.00832
G1 X108.776 Y109.182 E.0083
G1 X108.598 Y109.575 E.00831
G1 X108.527 Y110 E.00831
G1 X108.598 Y110.425 E.00831
G1 X108.776 Y110.818 E.00831
G1 X109.07 Y111.133 E.00831
G1 X109.436 Y111.36 E.00831
G1 X109.856 Y111.458 E.00831
G1 X110.287 Y111.444 E.00831
G1 X110.691 Y111.292 E.00831
G1 X111.041 Y111.041 E.00831
G1 X111.292 Y110.691 E.00831
G1 X111.444 Y110.287 E.00831
G1 X111.444 Y109.713 E.01108
G1 X111.292 Y109.309 E.00831
G1 X111.041 Y108.959 E.00831
G1 X110.69 Y108.707 E.00832
G1 X110.287 Y108.556 E.0083
G1 X109.895 Y108.544 E.00757
G1 X109.829 Y108.149 F9000
G1 F10800
G1 X109.458 Y108.221 E.00727
G1 X108.962 Y108.446 E.01051
G1 X108.563 Y108.82 E.01054
G1 X108.274 Y109.285 E.01055
G1 X108.149 Y109.818 E.01054
G1 X108.167 Y110.365 E.01055
G1 X108.36 Y110.877 E.01055
G1 X108.679 Y111.321 E.01055
G1 X109.123 Y111.64 E.01055
G1 X109.635 Y111.833 E.01055
G1 X110.182 Y111.851 E.01055
G1 X110.715 Y111.726 E.01055
G1 X111.18 Y111.438 E.01055
G1 X111.554 Y111.038 E.01055
G1 X111.78 Y110.54 E.01055
G1 X111.851 Y110.182 E.00703
G1 X111.833 Y109.635 E.01054
G1 X111.64 Y109.123 E.01054
G1 X111.321 Y108.679 E.01055
G1 X110.877 Y108.36 E.01054
G1 X110.365 Y108.167 E.01055
G1 X109.869 Y108.15 E.00956
; stop printing object JOYSTICK.stl id:15 copy 0
;LAYER_CHANGE
;Z:1.16
;HEIGHT:0.12
;BEFORE_LAYER_CHANGE
;1.16
G92 E0

G1 E-.97778 F2400
;WIPE_START
G1 F10800
G1 X110.365 Y108.167 E-.11026
G1 X110.836 Y108.345 E-.11196
;WIPE_END
;_SET_FAN_SPEED_CHANGING_LAYER
; printing object JOYSTICK.stl id:15 copy 0
G17
G3 Z1.56 I-1.21 J-.129 P1  F9000
G1 X110 Y116.177 Z1.56
G1 Z1.16
G1 E1.2 F1800
M204 P2000
;TYPE:Inner wall
;WIDTH:0.449999
G1 F5400
G1 X108.795 Y116.058 E.02512
G1 X107.636 Y115.707 E.02512
G1 X106.568 Y115.136 E.02512
G1 X105.632 Y114.368 E.02512
G1 X104.864 Y113.432 E.02512
G1 X104.293 Y112.364 E.02512
G1 X103.942 Y111.205 E.02512
G1 X103.823 Y110 E.02512
G1 X103.942 Y108.795 E.02512
G1 X104.293 Y107.636 E.02512
G1 X104.864 Y106.568 E.02512
G1 X105.632 Y105.632 E.02512
G1 X106.568 Y104.864 E.02512
G1 X107.636 Y104.293 E.02512
G1 X108.795 Y103.942 E.02512
G1 X110 Y103.823 E.02512
G1 X111.205 Y103.942 E.02512
G1 X112.364 Y104.293 E.02512
G1 X113.432 Y104.864 E.02512
G1 X114.368 Y105.632 E.02512
G1 X115.136 Y106.568 E.02512
G1 X115.707 Y107.636 E.02512
G1 X116.012 Y108.641 E.02179
G1 X116.074 Y108.955 E.00663
G1 X116.172 Y110.05 E.02282
G1 X116.058 Y111.205 E.02407
G1 X115.707 Y112.364 E.02512
G1 X115.136 Y113.432 E.02512
G1 X114.368 Y114.368 E.02512
G1 X113.432 Y115.136 E.02512
G1 X112.364 Y115.707 E.02512
G1 X111.205 Y116.058 E.02512
G1 X110.04 Y116.173 E.02429
G1 X110.003 Y116.601 F9000
M204 P1000
;TYPE:Outer wall
;WIDTH:0.419999
G1 F3600
G1 X110 Y116.601 E.00006
G1 X108.712 Y116.474 E.02494
G1 X107.474 Y116.098 E.02494
G1 X106.333 Y115.488 E.02494
G1 X105.332 Y114.668 E.02494
G1 X104.512 Y113.667 E.02494
G1 X103.902 Y112.526 E.02494
G1 X103.526 Y111.288 E.02494
G1 X103.399 Y110 E.02494
G1 X103.526 Y108.712 E.02494
G1 X103.902 Y107.474 E.02494
G1 X104.512 Y106.333 E.02494
G1 X105.332 Y105.332 E.02494
G1 X106.333 Y104.512 E.02494
G1 X107.474 Y103.902 E.02494
G1 X108.712 Y103.526 E.02494
G1 X110 Y103.399 E.02494
G1 X111.288 Y103.526 E.02494
G1 X112.526 Y103.902 E.02494
G1 X113.667 Y104.512 E.02494
G1 X114.668 Y105.332 E.02494
G1 X115.488 Y106.333 E.02494
G1 X116.098 Y107.474 E.02494
G1 X116.415 Y108.519 E.02105
G1 X116.494 Y108.913 E.00775
G1 X116.592 Y110.092 E.02279
G1 X116.474 Y111.288 E.02317
G1 X116.098 Y112.526 E.02494
G1 X115.488 Y113.667 E.02494
G1 X114.668 Y114.668 E.02494
G1 X113.667 Y115.488 E.02494
G1 X112.526 Y116.098 E.02494
G1 X111.288 Y116.474 E.02494
G1 X110.043 Y116.597 E.02411
G1 E-.84 F2400
;WIPE_START
G1 F3600
G1 X110 Y116.601 E-.01548
G1 X109.048 Y116.507 E-.34452
;WIPE_END
G17
G3 Z1.56 I1.199 J.206 P1  F9000
G1 X111.029 Y104.969 Z1.56
G1 Z1.16
G1 E1.2 F1800
M204 P2000
;TYPE:Inner wall
;WIDTH:0.449999
G1 F5400
G1 X111.913 Y105.226 E.01909
G1 X112.808 Y105.691 E.02091
G1 X113.594 Y106.322 E.02091
G1 X114.243 Y107.094 E.02091
G1 X114.728 Y107.977 E.02091
G1 X115.032 Y108.938 E.02091
G1 X115.143 Y109.941 E.02091
G1 X115.055 Y110.945 E.02091
G1 X114.774 Y111.913 E.02091
G1 X114.309 Y112.808 E.02091
G1 X113.678 Y113.594 E.02091
G1 X112.906 Y114.243 E.02091
G1 X112.023 Y114.728 E.02091
G1 X111.062 Y115.032 E.02091
G1 X110.059 Y115.143 E.02091
G1 X109.055 Y115.055 E.02091
G1 X108.087 Y114.774 E.02091
G1 X107.192 Y114.309 E.02091
G1 X106.406 Y113.678 E.02091
G1 X105.757 Y112.906 E.02091
G1 X105.272 Y112.023 E.02091
G1 X104.968 Y111.062 E.02091
G1 X104.857 Y110.059 E.02091
G1 X104.945 Y109.055 E.02091
G1 X105.226 Y108.087 E.02091
G1 X105.691 Y107.192 E.02091
G1 X106.322 Y106.406 E.02091
G1 X107.094 Y105.757 E.02091
G1 X107.977 Y105.272 E.02091
G1 X108.938 Y104.968 E.02091
G1 X109.941 Y104.857 E.02091
G1 X110.945 Y104.945 E.02091
G1 X110.991 Y104.958 E.00099
G1 X110.914 Y105.368 F9000
M204 P1000
;TYPE:Outer wall
;WIDTH:0.419999
G1 F3600
G1 X111.791 Y105.63 E.01764
G1 X112.609 Y106.063 E.01784
G1 X113.327 Y106.648 E.01784
G1 X113.917 Y107.361 E.01784
G1 X114.356 Y108.176 E.01784
G1 X114.628 Y109.061 E.01784
G1 X114.722 Y109.982 E.01784
G1 X114.635 Y110.904 E.01784
G1 X114.37 Y111.791 E.01784
G1 X113.937 Y112.609 E.01784
G1 X113.352 Y113.326 E.01784
G1 X112.639 Y113.917 E.01784
G1 X111.824 Y114.356 E.01784
G1 X110.939 Y114.628 E.01784
G1 X110.018 Y114.722 E.01784
G1 X109.096 Y114.635 E.01784
G1 X108.209 Y114.37 E.01784
G1 X107.391 Y113.937 E.01784
G1 X106.674 Y113.352 E.01784
G1 X106.083 Y112.639 E.01784
G1 X105.644 Y111.824 E.01784
G1 X105.372 Y110.939 E.01784
G1 X105.278 Y110.018 E.01784
G1 X105.365 Y109.096 E.01784
G1 X105.63 Y108.209 E.01784
G1 X106.063 Y107.391 E.01784
G1 X106.648 Y106.674 E.01784
G1 X107.361 Y106.083 E.01784
G1 X108.176 Y105.644 E.01784
G1 X109.061 Y105.372 E.01784
G1 X109.982 Y105.278 E.01784
G1 X110.875 Y105.362 E.01728
G1 E-.84 F2400
;WIPE_START
G1 F3600
G1 X111.791 Y105.63 E-.34358
G1 X111.831 Y105.651 E-.01642
;WIPE_END
G1 Z1.56 F9000
G1 X110.057 Y104.343 Z1.56
G1 Z1.16
G1 E1.2 F1800
M204 P2500
;TYPE:Internal solid infill
;WIDTH:0.629095
G1 F10147.539
G1 X108.896 Y104.448 E.03439
G1 X107.834 Y104.77 E.03275
G1 X106.855 Y105.293 E.03273
G1 X105.997 Y105.997 E.03273
G1 X105.293 Y106.855 E.03273
G1 X104.77 Y107.834 E.03273
G1 X104.448 Y108.896 E.03273
G1 X104.339 Y110 E.03273
G1 X104.448 Y111.104 E.03273
G1 X104.77 Y112.166 E.03273
G1 X105.293 Y113.145 E.03273
G1 X105.997 Y114.003 E.03273
G1 X106.855 Y114.707 E.03273
G1 X107.834 Y115.23 E.03273
G1 X108.896 Y115.552 E.03273
G1 X110 Y115.661 E.03273
G1 X111.104 Y115.552 E.03273
G1 X112.166 Y115.23 E.03273
G1 X113.145 Y114.707 E.03273
G1 X114.003 Y114.003 E.03273
G1 X114.707 Y113.145 E.03273
G1 X115.23 Y112.166 E.03273
G1 X115.552 Y111.104 E.03273
G1 X115.661 Y110 E.03273
G1 X115.552 Y108.896 E.03273
G1 X115.23 Y107.834 E.03273
G1 X114.707 Y106.855 E.03273
G1 X114.003 Y105.997 E.03273
G1 X113.145 Y105.293 E.03273
G1 X112.166 Y104.77 E.03273
G1 X111.133 Y104.457 E.03186
G1 X110.097 Y104.347 E.03073
G1 E-.96349 F2400
;WIPE_START
G1 F10147.539
G1 X111.091 Y104.452 E-.23651
;WIPE_END
G17
G3 Z1.56 I-1.214 J-.087 P1  F9000
G1 X110.855 Y107.746 Z1.56
G1 Z1.16
G1 E1.2 F1800
M204 P2000
;TYPE:Inner wall
;WIDTH:0.449999
G1 F900
G1 X111.141 Y107.865 E.00643
G1 X111.536 Y108.129 E.00985
G1 X111.871 Y108.464 E.00983
G1 X112.135 Y108.859 E.00985
G1 X112.317 Y109.297 E.00984
G1 X112.409 Y109.763 E.00985
G1 X112.409 Y110.237 E.00983
G1 X112.317 Y110.703 E.00985
G1 X112.135 Y111.141 E.00984
G1 X111.871 Y111.536 E.00985
G1 X111.536 Y111.871 E.00983
G1 X111.141 Y112.135 E.00985
G1 X110.703 Y112.317 E.00984
G1 X110.237 Y112.409 E.00985
G1 X109.763 Y112.409 E.00983
G1 X109.297 Y112.317 E.00985
G1 X108.859 Y112.135 E.00984
G1 X108.464 Y111.871 E.00985
G1 X108.129 Y111.536 E.00983
G1 X107.865 Y111.141 E.00985
G1 X107.683 Y110.703 E.00984
G1 X107.591 Y110.237 E.00985
G1 X107.591 Y109.763 E.00983
G1 X107.683 Y109.297 E.00985
G1 X107.865 Y108.859 E.00984
G1 X108.129 Y108.464 E.00985
G1 X108.464 Y108.129 E.00983
G1 X108.859 Y107.865 E.00985
G1 X109.297 Y107.683 E.00984
G1 X109.763 Y107.591 E.00985
G1 X110.237 Y107.591 E.00983
G1 X110.703 Y107.683 E.00985
G1 X110.818 Y107.731 E.00258
G1 X111.004 Y107.334 F9000
M204 P1000
;TYPE:Outer wall
;WIDTH:0.419999
G1 F780
G1 X111.093 Y107.361 E.00179
G1 X111.587 Y107.625 E.0108
G1 X112.02 Y107.98 E.01079
G1 X112.375 Y108.413 E.01079
G1 X112.639 Y108.907 E.0108
G1 X112.802 Y109.443 E.0108
G1 X112.857 Y110 E.01079
G1 X112.802 Y110.557 E.01079
G1 X112.639 Y111.093 E.0108
G1 X112.375 Y111.587 E.0108
G1 X112.02 Y112.02 E.01079
G1 X111.587 Y112.375 E.01079
G1 X111.093 Y112.639 E.0108
G1 X110.557 Y112.802 E.0108
G1 X110 Y112.857 E.01079
G1 X109.443 Y112.802 E.01079
G1 X108.907 Y112.639 E.0108
G1 X108.413 Y112.375 E.0108
G1 X107.98 Y112.02 E.01079
G1 X107.625 Y111.587 E.01079
G1 X107.361 Y111.093 E.0108
G1 X107.198 Y110.557 E.0108
G1 X107.143 Y110 E.01079
G1 X107.198 Y109.443 E.01079
G1 X107.361 Y108.907 E.0108
G1 X107.625 Y108.413 E.0108
G1 X107.98 Y107.98 E.01079
G1 X108.413 Y107.625 E.01079
G1 X108.907 Y107.361 E.0108
G1 X109.443 Y107.198 E.0108
G1 X110 Y107.143 E.01079
G1 X110.557 Y107.198 E.01079
G1 X110.966 Y107.322 E.00824
G1 X110.905 Y108.583 F9000
M204 P2500
;TYPE:Internal solid infill
;WIDTH:0.387217
G1 F10800
M106 S255
G1 X112.002 Y109.68 E.02743
G1 X111.878 Y109.209 E.00861
G1 X111.684 Y108.854 E.00715
G1 X111.421 Y108.553 E.00706
G1 X111.117 Y108.297 E.00703
G1 X110.768 Y108.113 E.00696
G1 X110.32 Y107.998 E.00818
G1 X110.876 Y108.554 E.01391
G1 X112.224 Y110.398 F9000
;WIDTH:0.446283
G1 F10800
G1 X109.764 Y107.938 E.07155
G1 X109.593 Y107.955 E.00353
G1 X109.281 Y108.05 E.00671
G1 X111.95 Y110.719 E.07763
G1 X111.927 Y110.798 E.00169
G1 X111.755 Y111.119 E.00748
G1 X108.881 Y108.245 E.08356
G1 X108.548 Y108.507 E.00871
G1 X111.493 Y111.452 E.08563
G1 X111.171 Y111.724 E.00868
G1 X108.276 Y108.829 E.08417
G1 X108.069 Y109.217 E.00903
G1 X110.783 Y111.931 E.07893
G1 X110.407 Y112.045 E.00809
G1 X110.312 Y112.055 E.00196
G1 X107.945 Y109.688 E.06882
G1 X107.915 Y110 E.00645
G1 X107.942 Y110.279 E.00577
G1 X109.721 Y112.058 E.05171
G1 X109.593 Y112.045 E.00263
G1 X109.202 Y111.927 E.00841
G1 X108.841 Y111.734 E.0084
G1 X108.621 Y111.553 E.00586
G1 X107.898 Y110.829 E.02104
; stop printing object JOYSTICK.stl id:15 copy 0
;LAYER_CHANGE
;Z:1.28
;HEIGHT:0.12
;BEFORE_LAYER_CHANGE
;1.28
G92 E0

G1 E-.97778 F2400
;WIPE_START
G1 F10800
G1 X108.605 Y111.537 E-.22222
;WIPE_END
;_SET_FAN_SPEED_CHANGING_LAYER
; printing object JOYSTICK.stl id:15 copy 0
G17
G3 Z1.68 I-1.165 J.35 P1  F9000
G1 X110 Y116.177 Z1.68
G1 Z1.28
G1 E1.2 F1800
M204 P2000
;TYPE:Inner wall
;WIDTH:0.449999
G1 F5400
G1 X108.795 Y116.058 E.02512
G1 X107.636 Y115.707 E.02512
G1 X106.568 Y115.136 E.02512
G1 X105.632 Y114.368 E.02512
G1 X104.864 Y113.432 E.02512
G1 X104.293 Y112.364 E.02512
G1 X103.942 Y111.205 E.02512
G1 X103.823 Y110 E.02512
G1 X103.942 Y108.795 E.02512
G1 X104.293 Y107.636 E.02512
G1 X104.864 Y106.568 E.02512
G1 X105.632 Y105.632 E.02512
G1 X106.568 Y104.864 E.02512
G1 X107.636 Y104.293 E.02512
G1 X108.795 Y103.942 E.02512
G1 X110 Y103.823 E.02512
G1 X111.205 Y103.942 E.02512
G1 X112.364 Y104.293 E.02512
G1 X113.432 Y104.864 E.02512
G1 X114.368 Y105.632 E.02512
G1 X115.136 Y106.568 E.02512
G1 X115.707 Y107.636 E.02512
G1 X116.014 Y108.651 E.02199
G1 X116.073 Y108.945 E.00623
G1 X116.172 Y110.046 E.02292
G1 X116.058 Y111.205 E.02417
G1 X115.707 Y112.364 E.02512
G1 X115.136 Y113.432 E.02512
G1 X114.368 Y114.368 E.02512
G1 X113.432 Y115.136 E.02512
G1 X112.364 Y115.707 E.02512
G1 X111.205 Y116.058 E.02512
G1 X110.04 Y116.173 E.02429
G1 X110.003 Y116.601 F9000
M204 P1000
;TYPE:Outer wall
;WIDTH:0.419999
G1 F3600
G1 X110 Y116.601 E.00006
G1 X108.712 Y116.474 E.02494
G1 X107.474 Y116.098 E.02494
G1 X106.333 Y115.488 E.02494
G1 X105.332 Y114.668 E.02494
G1 X104.512 Y113.667 E.02494
G1 X103.902 Y112.526 E.02494
G1 X103.526 Y111.288 E.02494
G1 X103.399 Y110 E.02494
G1 X103.526 Y108.712 E.02494
G1 X103.902 Y107.474 E.02494
G1 X104.512 Y106.333 E.02494
G1 X105.332 Y105.332 E.02494
G1 X106.333 Y104.512 E.02494
G1 X107.474 Y103.902 E.02494
G1 X108.712 Y103.526 E.02494
G1 X110 Y103.399 E.02494
G1 X111.288 Y103.526 E.02494
G1 X112.526 Y103.902 E.02494
G1 X113.667 Y104.512 E.02494
G1 X114.668 Y105.332 E.02494
G1 X115.488 Y106.333 E.02494
G1 X116.098 Y107.474 E.02494
G1 X116.418 Y108.528 E.02123
G1 X116.493 Y108.904 E.00738
G1 X116.592 Y110.087 E.02289
G1 X116.474 Y111.288 E.02326
G1 X116.098 Y112.526 E.02494
G1 X115.488 Y113.667 E.02494
G1 X114.668 Y114.668 E.02494
G1 X113.667 Y115.488 E.02494
G1 X112.526 Y116.098 E.02494
G1 X111.288 Y116.474 E.02494
G1 X110.043 Y116.597 E.02411
G1 E-.84 F2400
;WIPE_START
G1 F3600
G1 X110 Y116.601 E-.01547
G1 X109.048 Y116.507 E-.34453
;WIPE_END
G17
G3 Z1.68 I1.199 J.207 P1  F9000
G1 X111.051 Y104.873 Z1.68
G1 Z1.28
G1 E1.2 F1800
M204 P2000
;TYPE:Inner wall
;WIDTH:0.449999
G1 F5400
G1 X111.951 Y105.135 E.01943
G1 X112.862 Y105.609 E.02131
G1 X113.664 Y106.252 E.02131
G1 X114.325 Y107.039 E.02131
G1 X114.819 Y107.939 E.02131
G1 X115.129 Y108.919 E.02131
G1 X115.241 Y109.941 E.02131
G1 X115.152 Y110.964 E.02131
G1 X114.865 Y111.951 E.02131
G1 X114.391 Y112.862 E.02131
G1 X113.748 Y113.664 E.02131
G1 X112.961 Y114.325 E.02131
G1 X112.061 Y114.819 E.02131
G1 X111.081 Y115.129 E.02131
G1 X110.059 Y115.241 E.02131
G1 X109.036 Y115.152 E.02131
G1 X108.049 Y114.865 E.02131
G1 X107.138 Y114.391 E.02131
G1 X106.336 Y113.748 E.02131
G1 X105.675 Y112.961 E.02131
G1 X105.181 Y112.061 E.02131
G1 X104.871 Y111.081 E.02131
G1 X104.759 Y110.059 E.02131
G1 X104.848 Y109.036 E.02131
G1 X105.135 Y108.049 E.02131
G1 X105.609 Y107.138 E.02131
G1 X106.252 Y106.336 E.02131
G1 X107.039 Y105.675 E.02131
G1 X107.939 Y105.181 E.02131
G1 X108.919 Y104.871 E.02131
G1 X109.941 Y104.759 E.02131
G1 X110.964 Y104.848 E.02131
G1 X111.013 Y104.862 E.00106
G1 X110.936 Y105.272 F9000
M204 P1000
;TYPE:Outer wall
;WIDTH:0.419999
G1 F3600
G1 X111.828 Y105.539 E.01795
G1 X112.663 Y105.982 E.01822
G1 X113.396 Y106.578 E.01822
G1 X113.998 Y107.307 E.01822
G1 X114.447 Y108.138 E.01822
G1 X114.725 Y109.042 E.01822
G1 X114.821 Y109.982 E.01822
G1 X114.732 Y110.923 E.01822
G1 X114.461 Y111.828 E.01822
G1 X114.018 Y112.663 E.01822
G1 X113.422 Y113.396 E.01822
G1 X112.693 Y113.998 E.01822
G1 X111.862 Y114.447 E.01822
G1 X110.958 Y114.725 E.01822
G1 X110.018 Y114.821 E.01822
G1 X109.077 Y114.732 E.01822
G1 X108.172 Y114.461 E.01822
G1 X107.337 Y114.018 E.01822
G1 X106.604 Y113.422 E.01822
G1 X106.002 Y112.693 E.01822
G1 X105.553 Y111.862 E.01822
G1 X105.275 Y110.958 E.01822
G1 X105.179 Y110.018 E.01822
G1 X105.268 Y109.077 E.01822
G1 X105.539 Y108.172 E.01822
G1 X105.982 Y107.337 E.01822
G1 X106.578 Y106.604 E.01822
G1 X107.307 Y106.002 E.01822
G1 X108.138 Y105.553 E.01822
G1 X109.042 Y105.275 E.01822
G1 X109.982 Y105.179 E.01822
G1 X110.897 Y105.266 E.01772
G1 E-.84 F2400
;WIPE_START
G1 F3600
G1 X111.828 Y105.539 E-.3494
G1 X111.854 Y105.553 E-.0106
;WIPE_END
G1 Z1.68 F9000
G1 X110.054 Y104.293 Z1.68
G1 Z1.28
G1 E1.2 F1800
M204 P2500
;TYPE:Internal solid infill
;WIDTH:0.531115
G1 F10800
G1 X108.886 Y104.4 E.02897
G1 X107.815 Y104.725 E.02767
G1 X106.828 Y105.252 E.02766
G1 X105.963 Y105.963 E.02766
G1 X105.252 Y106.828 E.02766
G1 X104.725 Y107.815 E.02766
G1 X104.4 Y108.886 E.02766
G1 X104.29 Y110 E.02766
G1 X104.4 Y111.114 E.02766
G1 X104.725 Y112.185 E.02766
G1 X105.252 Y113.172 E.02766
G1 X105.963 Y114.037 E.02766
G1 X106.828 Y114.748 E.02766
G1 X107.815 Y115.275 E.02766
G1 X108.886 Y115.6 E.02766
G1 X110 Y115.71 E.02766
G1 X111.114 Y115.6 E.02766
G1 X112.185 Y115.275 E.02766
G1 X113.172 Y114.748 E.02766
G1 X114.037 Y114.037 E.02766
G1 X114.748 Y113.172 E.02766
G1 X115.275 Y112.185 E.02766
G1 X115.6 Y111.114 E.02766
G1 X115.71 Y110 E.02766
G1 X115.6 Y108.886 E.02766
G1 X115.275 Y107.815 E.02766
G1 X114.748 Y106.828 E.02766
G1 X114.037 Y105.963 E.02766
G1 X113.172 Y105.252 E.02766
G1 X112.185 Y104.725 E.02766
G1 X111.138 Y104.407 E.02704
G1 X110.094 Y104.297 E.02593
G1 E-.97778 F2400
;WIPE_START
G1 F10800
G1 X111.089 Y104.402 E-.22222
;WIPE_END
G17
G3 Z1.68 I-1.215 J-.067 P1  F9000
G1 X110.912 Y107.613 Z1.68
G1 Z1.28
G1 E1.2 F1800
M204 P2000
;TYPE:Inner wall
;WIDTH:0.449999
G1 F840
G1 X111.21 Y107.737 E.0067
G1 X111.628 Y108.016 E.01042
G1 X111.984 Y108.372 E.01044
G1 X112.263 Y108.79 E.01042
G1 X112.456 Y109.255 E.01044
G1 X112.554 Y109.748 E.01043
G1 X112.554 Y110.252 E.01045
G1 X112.456 Y110.745 E.01043
G1 X112.263 Y111.21 E.01044
G1 X111.984 Y111.628 E.01042
G1 X111.628 Y111.984 E.01044
G1 X111.21 Y112.263 E.01042
G1 X110.745 Y112.456 E.01044
G1 X110.252 Y112.554 E.01043
G1 X109.748 Y112.554 E.01045
G1 X109.255 Y112.456 E.01043
G1 X108.79 Y112.263 E.01044
G1 X108.372 Y111.984 E.01042
G1 X108.016 Y111.628 E.01044
G1 X107.737 Y111.21 E.01042
G1 X107.544 Y110.745 E.01044
G1 X107.446 Y110.252 E.01043
G1 X107.446 Y109.748 E.01045
G1 X107.544 Y109.255 E.01043
G1 X107.737 Y108.79 E.01044
G1 X108.016 Y108.372 E.01042
G1 X108.372 Y108.016 E.01044
G1 X108.79 Y107.737 E.01042
G1 X109.255 Y107.544 E.01044
G1 X109.748 Y107.446 E.01043
G1 X110.252 Y107.446 E.01045
G1 X110.745 Y107.544 E.01043
G1 X110.875 Y107.598 E.00292
G1 X111.058 Y107.198 F9000
M204 P1000
;TYPE:Outer wall
;WIDTH:0.419999
G1 F720
G1 X111.149 Y107.226 E.00184
G1 X111.668 Y107.503 E.01134
G1 X112.123 Y107.877 E.01135
G1 X112.497 Y108.332 E.01135
G1 X112.774 Y108.851 E.01134
G1 X112.945 Y109.414 E.01134
G1 X113.003 Y110 E.01135
G1 X112.945 Y110.586 E.01135
G1 X112.774 Y111.149 E.01134
G1 X112.497 Y111.668 E.01134
G1 X112.123 Y112.123 E.01135
G1 X111.668 Y112.497 E.01135
G1 X111.149 Y112.774 E.01134
G1 X110.586 Y112.945 E.01134
G1 X110 Y113.003 E.01135
G1 X109.414 Y112.945 E.01135
G1 X108.851 Y112.774 E.01134
G1 X108.332 Y112.497 E.01134
G1 X107.877 Y112.123 E.01135
G1 X107.503 Y111.668 E.01135
G1 X107.226 Y111.149 E.01134
G1 X107.055 Y110.586 E.01134
G1 X106.997 Y110 E.01135
G1 X107.055 Y109.414 E.01135
G1 X107.226 Y108.851 E.01134
G1 X107.503 Y108.332 E.01134
G1 X107.877 Y107.877 E.01135
G1 X108.332 Y107.503 E.01135
G1 X108.851 Y107.226 E.01134
G1 X109.414 Y107.055 E.01134
G1 X110 Y106.997 E.01135
G1 X110.586 Y107.055 E.01135
G1 X111.019 Y107.186 E.00872
G1 E-.84 F2400
;WIPE_START
G1 F720
G1 X111.149 Y107.226 E-.04882
G1 X111.668 Y107.503 E-.21192
G1 X111.881 Y107.678 E-.09926
;WIPE_END
G17
G3 Z1.68 I-1.183 J.284 P1  F9000
G1 X112.389 Y109.789 Z1.68
G1 Z1.28
G1 E1.2 F1800
M204 P2500
;TYPE:Internal solid infill
;WIDTH:0.443654
G1 F10800
M106 S255
G1 X109.952 Y112.227 E.07043
G1 X109.565 Y112.189 E.00795
G1 X109.437 Y112.15 E.00272
G1 X112.15 Y109.437 E.07838
G1 X112.062 Y109.146 E.00622
G1 X111.988 Y109.008 E.00319
G1 X109.008 Y111.988 E.0861
G1 X108.76 Y111.855 E.00575
G1 X108.645 Y111.761 E.00305
G1 X111.761 Y108.645 E.09004
G1 X111.578 Y108.422 E.00589
G1 X111.476 Y108.338 E.00269
G1 X108.338 Y111.476 E.09066
G1 X108.145 Y111.24 E.00624
G1 X108.089 Y111.135 E.00243
G1 X111.135 Y108.089 E.08803
G1 X110.854 Y107.938 E.00651
G1 X110.731 Y107.901 E.00262
G1 X107.901 Y110.731 E.08178
G1 X107.811 Y110.435 E.00632
G1 X107.793 Y110.249 E.00384
G1 X110.249 Y107.793 E.07096
G1 X110 Y107.768 E.0051
G1 X109.647 Y107.803 E.00724
G1 X107.803 Y109.647 E.05328
G1 X107.811 Y109.565 E.0017
G1 X107.938 Y109.146 E.00894
G1 X108.145 Y108.76 E.00894
G1 X108.352 Y108.507 E.00668
G1 X109.089 Y107.77 E.02131
G1 X111.143 Y111.71 F9000
;WIDTH:0.640406
G1 F9960.805
G1 X111.682 Y111.171 E.02292
; stop printing object JOYSTICK.stl id:15 copy 0
;LAYER_CHANGE
;Z:1.4
;HEIGHT:0.12
;BEFORE_LAYER_CHANGE
;1.4
G92 E0

G1 E-1.01627 F2400
;WIPE_START
G1 F9960.805
G1 X111.143 Y111.71 E-.18373
;WIPE_END
;_SET_FAN_SPEED_CHANGING_LAYER
; printing object JOYSTICK.stl id:15 copy 0
G17
G3 Z1.8 I-1.174 J-.319 P1  F9000
G1 X109.961 Y116.056 Z1.8
G1 Z1.4
G1 E1.2 F1800
M204 P2000
;TYPE:Inner wall
;WIDTH:0.651597
G1 F5400
G1 X109.869 Y116.063 E.00281
G1 X108.689 Y115.921 E.03637
G1 X107.559 Y115.551 E.03638
G1 X106.523 Y114.968 E.03637
G1 X105.621 Y114.195 E.03638
G1 X104.887 Y113.26 E.03637
G1 X104.349 Y112.199 E.03637
G1 X104.028 Y111.055 E.03638
G1 X103.937 Y109.869 E.03637
G1 X104.079 Y108.689 E.03637
G1 X104.449 Y107.559 E.03638
G1 X105.032 Y106.523 E.03637
G1 X105.805 Y105.621 E.03638
G1 X106.74 Y104.887 E.03638
G1 X107.801 Y104.349 E.03637
G1 X108.945 Y104.028 E.03638
G1 X110.131 Y103.937 E.03637
G1 X111.311 Y104.079 E.03637
G1 X112.441 Y104.449 E.03638
G1 X113.477 Y105.032 E.03637
G1 X114.379 Y105.805 E.03637
G1 X115.113 Y106.74 E.03638
G1 X115.651 Y107.801 E.03637
G1 X115.972 Y108.945 E.03638
;WIDTH:0.654057
G1 F5280
G1 X116.073 Y110.047 E.03399
G1 F5400
G1 X115.921 Y111.311 E.03911
;WIDTH:0.651597
G1 X115.551 Y112.441 E.03638
G1 X114.968 Y113.477 E.03637
G1 X114.195 Y114.379 E.03638
G1 X113.26 Y115.113 E.03637
G1 X112.199 Y115.651 E.03637
G1 X111.055 Y115.972 E.03638
G1 X110.001 Y116.053 E.03234
G1 X110.003 Y116.601 F9000
M204 P1000
;TYPE:Outer wall
;WIDTH:0.419999
G1 F3600
G1 X110 Y116.601 E.00006
G1 X108.712 Y116.474 E.02494
G1 X107.474 Y116.098 E.02494
G1 X106.333 Y115.488 E.02494
G1 X105.332 Y114.668 E.02494
G1 X104.512 Y113.667 E.02494
G1 X103.902 Y112.526 E.02494
G1 X103.526 Y111.288 E.02494
G1 X103.399 Y110 E.02494
G1 X103.526 Y108.712 E.02494
G1 X103.902 Y107.474 E.02494
G1 X104.512 Y106.333 E.02494
G1 X105.332 Y105.332 E.02494
G1 X106.333 Y104.512 E.02494
G1 X107.474 Y103.902 E.02494
G1 X108.712 Y103.526 E.02494
G1 X110 Y103.399 E.02494
G1 X111.288 Y103.526 E.02494
G1 X112.526 Y103.902 E.02494
G1 X113.667 Y104.512 E.02494
G1 X114.668 Y105.332 E.02494
G1 X115.488 Y106.333 E.02494
G1 X116.098 Y107.474 E.02494
G1 X116.421 Y108.537 E.02142
G1 X116.492 Y108.894 E.00701
G1 X116.593 Y110.082 E.02298
G1 X116.474 Y111.288 E.02335
G1 X116.098 Y112.526 E.02494
G1 X115.488 Y113.667 E.02494
G1 X114.668 Y114.668 E.02494
G1 X113.667 Y115.488 E.02494
G1 X112.526 Y116.098 E.02494
G1 X111.288 Y116.474 E.02494
G1 X110.043 Y116.597 E.02411
G1 E-.84 F2400
;WIPE_START
G1 F3600
G1 X110 Y116.601 E-.01547
G1 X109.048 Y116.507 E-.34453
;WIPE_END
G17
G3 Z1.8 I1.199 J.208 P1  F9000
G1 X111.1 Y104.682 Z1.8
G1 Z1.4
G1 E1.2 F1800
M204 P2000
;TYPE:Inner wall
;WIDTH:0.651598
G1 F3720
G1 X112.018 Y104.948 E.02925
G1 X112.965 Y105.438 E.03263
G1 X113.798 Y106.104 E.03263
G1 X114.485 Y106.92 E.03264
G1 X114.999 Y107.854 E.03262
G1 X115.322 Y108.871 E.03265
G1 F3600
G1 X115.44 Y109.931 E.03264
G1 X115.349 Y110.993 E.03262
G1 F3780
G1 X115.052 Y112.018 E.03265
G1 F3660
G1 X114.562 Y112.965 E.03263
G1 X113.896 Y113.798 E.03263
G1 X113.08 Y114.485 E.03264
G1 X112.146 Y114.999 E.03262
G1 X111.129 Y115.322 E.03265
G1 X110.069 Y115.44 E.03264
G1 X109.007 Y115.349 E.03262
G1 X107.982 Y115.052 E.03265
G1 X107.035 Y114.562 E.03263
G1 X106.202 Y113.896 E.03263
G1 X105.515 Y113.08 E.03264
G1 X105.001 Y112.146 E.03262
G1 X104.678 Y111.129 E.03265
G1 X104.56 Y110.069 E.03264
G1 X104.651 Y109.007 E.03262
G1 X104.948 Y107.982 E.03265
G1 X105.438 Y107.035 E.03263
G1 X106.104 Y106.202 E.03263
G1 X106.92 Y105.515 E.03264
G1 X107.854 Y105.001 E.03262
G1 X108.871 Y104.678 E.03265
G1 X109.931 Y104.56 E.03264
G1 X110.993 Y104.651 E.03262
G1 X111.062 Y104.671 E.0022
G1 X110.958 Y105.177 F9000
M204 P1000
;TYPE:Outer wall
;WIDTH:0.419999
G1 F3480
G1 X111.866 Y105.448 E.01827
G1 X112.718 Y105.9 E.01859
G1 X113.466 Y106.509 E.01859
G1 X114.08 Y107.252 E.01858
G1 X114.538 Y108.101 E.01859
G1 X114.821 Y109.023 E.01859
G1 X114.919 Y109.982 E.01858
G1 X114.828 Y110.942 E.01859
G1 X114.552 Y111.866 E.01859
G1 X114.1 Y112.718 E.01859
G1 X113.491 Y113.466 E.01859
G1 X112.748 Y114.08 E.01858
G1 X111.899 Y114.538 E.01859
G1 X110.977 Y114.821 E.01859
G1 X110.018 Y114.919 E.01858
G1 X109.058 Y114.828 E.01859
G1 X108.134 Y114.552 E.01859
G1 X107.282 Y114.1 E.01859
G1 X106.534 Y113.491 E.01859
G1 X105.92 Y112.748 E.01858
G1 X105.462 Y111.899 E.01859
G1 X105.179 Y110.977 E.01859
G1 X105.081 Y110.018 E.01858
G1 X105.172 Y109.058 E.01859
G1 X105.448 Y108.134 E.01859
G1 X105.9 Y107.282 E.01859
G1 X106.509 Y106.534 E.01859
G1 X107.252 Y105.92 E.01858
G1 X108.101 Y105.462 E.01859
G1 X109.023 Y105.179 E.01859
G1 X109.982 Y105.081 E.01858
G1 X110.919 Y105.169 E.01814
G1 E-.84 F2400
;WIPE_START
G1 F3480
G1 X111.866 Y105.448 E-.35524
G1 X111.878 Y105.454 E-.00476
;WIPE_END
G17
G3 Z1.8 I-1.113 J-.492 P1  F9000
G1 X110.989 Y107.466 Z1.8
G1 Z1.4
G1 E1.2 F1800
M204 P2000
;TYPE:Inner wall
;WIDTH:0.449999
G1 F840
G1 X111.043 Y107.482 E.00117
G1 X111.514 Y107.734 E.01108
G1 X111.927 Y108.073 E.01108
G1 X112.266 Y108.486 E.01108
G1 X112.518 Y108.957 E.01108
G1 X112.673 Y109.468 E.01108
G1 X112.725 Y110 E.01109
G1 X112.673 Y110.532 E.01109
G1 X112.518 Y111.043 E.01108
G1 X112.266 Y111.514 E.01108
G1 X111.927 Y111.927 E.01108
G1 X111.514 Y112.266 E.01108
G1 X111.043 Y112.518 E.01108
G1 X110.532 Y112.673 E.01108
G1 X110 Y112.725 E.01109
G1 X109.468 Y112.673 E.01109
G1 X108.957 Y112.518 E.01108
G1 X108.486 Y112.266 E.01108
G1 X108.073 Y111.927 E.01108
G1 X107.734 Y111.514 E.01108
G1 X107.482 Y111.043 E.01108
G1 X107.327 Y110.532 E.01108
G1 X107.275 Y110 E.01109
G1 X107.327 Y109.468 E.01109
G1 X107.482 Y108.957 E.01108
G1 X107.734 Y108.486 E.01108
G1 X108.073 Y108.073 E.01108
G1 X108.486 Y107.734 E.01108
G1 X108.957 Y107.482 E.01108
G1 X109.468 Y107.327 E.01108
G1 X110 Y107.275 E.01109
G1 X110.532 Y107.327 E.01109
G1 X110.951 Y107.455 E.00909
G1 X111.112 Y107.062 F9000
M204 P1000
;TYPE:Outer wall
;WIDTH:0.419999
G1 F720
G1 X111.205 Y107.091 E.00188
G1 X111.75 Y107.382 E.01191
G1 X112.227 Y107.773 E.01189
G1 X112.618 Y108.25 E.01189
G1 X112.909 Y108.795 E.01191
G1 X113.089 Y109.386 E.01191
G1 X113.149 Y110 E.01189
G1 X113.089 Y110.614 E.01189
G1 X112.909 Y111.205 E.01191
G1 X112.618 Y111.75 E.01191
G1 X112.227 Y112.227 E.01189
G1 X111.75 Y112.618 E.01189
G1 X111.205 Y112.909 E.01191
G1 X110.614 Y113.089 E.01191
G1 X110 Y113.149 E.01189
G1 X109.386 Y113.089 E.01189
G1 X108.795 Y112.909 E.01191
G1 X108.25 Y112.618 E.01191
G1 X107.773 Y112.227 E.01189
G1 X107.382 Y111.75 E.01189
G1 X107.091 Y111.205 E.01191
G1 X106.911 Y110.614 E.01191
G1 X106.851 Y110 E.01189
G1 X106.911 Y109.386 E.01189
G1 X107.091 Y108.795 E.01191
G1 X107.382 Y108.25 E.01191
G1 X107.773 Y107.773 E.01189
G1 X108.25 Y107.382 E.01189
G1 X108.795 Y107.091 E.01191
G1 X109.386 Y106.911 E.01191
G1 X110 Y106.851 E.01189
G1 X110.614 Y106.911 E.01189
G1 X111.073 Y107.051 E.00925
G1 E-.84 F2400
;WIPE_START
G1 F720
G1 X111.205 Y107.091 E-.04954
G1 X111.75 Y107.382 E-.22224
G1 X111.939 Y107.537 E-.08822
;WIPE_END
G1 Z1.8 F9000
G1 X110.273 Y107.688 Z1.8
G1 Z1.4
G1 E1.2 F1800
M204 P2500
;TYPE:Internal solid infill
;WIDTH:0.369041
G1 F10800
M106 S255
G1 X109.983 Y107.668 E.00488
G1 X109.486 Y107.723 E.00839
G1 X109.051 Y107.867 E.00768
G1 X108.654 Y108.093 E.00768
G1 X108.307 Y108.392 E.00768
G1 X108.026 Y108.753 E.00768
G1 X107.821 Y109.162 E.00768
G1 X107.699 Y109.604 E.00768
G1 X107.666 Y110.06 E.00768
G1 X107.723 Y110.514 E.00768
G1 X107.867 Y110.949 E.00768
G1 X108.093 Y111.346 E.00768
G1 X108.392 Y111.693 E.00768
G1 X108.753 Y111.974 E.00768
G1 X109.162 Y112.179 E.00768
G1 X109.604 Y112.301 E.00768
G1 X110.06 Y112.334 E.00768
G1 X110.514 Y112.277 E.00768
G1 X110.949 Y112.133 E.00768
G1 X111.346 Y111.907 E.00768
G1 X111.693 Y111.608 E.00768
G1 X111.974 Y111.247 E.00768
G1 X112.179 Y110.838 E.00768
G1 X112.301 Y110.396 E.00768
G1 X112.337 Y110.017 E.0064
G1 X112.278 Y109.487 E.00895
G1 X112.133 Y109.051 E.00771
G1 X111.907 Y108.654 E.00768
G1 X111.608 Y108.307 E.00768
G1 X111.247 Y108.026 E.00768
G1 X110.817 Y107.815 E.00803
G1 X110.311 Y107.697 E.00872
G1 X110.172 Y108.022 F9000
;WIDTH:0.369321
G1 F10800
G1 X110.729 Y108.146 E.00959
G1 X111.114 Y108.347 E.0073
G1 X111.415 Y108.596 E.00656
G1 X111.662 Y108.899 E.00656
G1 X111.845 Y109.245 E.00656
G1 X111.957 Y109.619 E.00656
G1 X111.993 Y110.008 E.00656
G1 X111.953 Y110.397 E.00656
G1 X111.838 Y110.77 E.00656
G1 X111.653 Y111.114 E.00656
G1 X111.404 Y111.415 E.00656
G1 X111.101 Y111.662 E.00656
G1 X110.755 Y111.845 E.00656
G1 X110.381 Y111.957 E.00656
G1 X109.992 Y111.993 E.00656
G1 X109.603 Y111.953 E.00656
G1 X109.261 Y111.851 E.006
G1 X108.886 Y111.653 E.00712
G1 X108.585 Y111.404 E.00656
G1 X108.338 Y111.101 E.00656
G1 X108.155 Y110.755 E.00656
G1 X108.043 Y110.381 E.00656
G1 X108.007 Y109.992 E.00656
G1 X108.047 Y109.603 E.00656
G1 X108.162 Y109.23 E.00656
G1 X108.347 Y108.886 E.00656
G1 X108.596 Y108.585 E.00656
G1 X108.899 Y108.338 E.00656
G1 X109.245 Y108.155 E.00656
G1 X109.63 Y108.043 E.00675
G1 X110.132 Y108.024 E.00843
G1 X111.544 Y109.572 F9000
;TYPE:Sparse infill
;WIDTH:0.45
G1 F10800
G1 X111.579 Y109.686 E.00247
G1 X111.61 Y110 E.00655
G1 X111.579 Y110.314 E.00655
G1 X111.487 Y110.616 E.00655
G1 X111.339 Y110.894 E.00655
G1 X111.138 Y111.138 E.00655
G1 X108.862 Y108.862 E.06679
G1 X108.661 Y109.106 E.00655
G1 X108.513 Y109.384 E.00655
G1 X108.421 Y109.686 E.00655
G1 X108.39 Y110 E.00655
G1 X108.421 Y110.314 E.00655
G1 X108.456 Y110.428 E.00247
; stop printing object JOYSTICK.stl id:15 copy 0
;LAYER_CHANGE
;Z:1.52
;HEIGHT:0.12
;BEFORE_LAYER_CHANGE
;1.52
G92 E0

G1 E-.97778 F2400
;WIPE_START
G1 F10800
G1 X108.421 Y110.314 E-.02645
G1 X108.39 Y110 E-.07013
G1 X108.421 Y109.686 E-.07013
G1 X108.494 Y109.447 E-.05551
;WIPE_END
;_SET_FAN_SPEED_CHANGING_LAYER
; printing object JOYSTICK.stl id:15 copy 0
G17
G3 Z1.92 I-1.188 J.263 P1  F9000
G1 X109.962 Y116.081 Z1.92
G1 Z1.52
G1 E1.2 F1800
M204 P2000
;TYPE:Inner wall
;WIDTH:0.602593
G1 F5400
G1 X109.877 Y116.088 E.00242
G1 X108.691 Y115.947 E.03367
G1 X107.556 Y115.577 E.03367
G1 X106.515 Y114.993 E.03367
G1 X105.608 Y114.218 E.03367
G1 X104.869 Y113.28 E.03367
G1 X104.328 Y112.216 E.03367
G1 X104.005 Y111.067 E.03367
G1 X103.912 Y109.877 E.03367
G1 X104.053 Y108.691 E.03367
G1 X104.423 Y107.556 E.03367
G1 X105.007 Y106.515 E.03367
G1 X105.782 Y105.608 E.03367
G1 X106.72 Y104.869 E.03367
G1 X107.784 Y104.328 E.03367
;WIDTH:0.607155
G1 X108.744 Y104.039 E.02849
G1 X108.98 Y104 E.00679
;WIDTH:0.602593
G1 X110.123 Y103.912 E.03235
G1 X111.309 Y104.053 E.03367
G1 X112.444 Y104.423 E.03367
G1 X113.485 Y105.007 E.03367
G1 X114.392 Y105.782 E.03367
G1 X115.131 Y106.72 E.03367
G1 X115.672 Y107.784 E.03367
G1 X115.995 Y108.933 E.03367
;WIDTH:0.604935
G1 X116.098 Y110.043 E.03156
G1 X115.947 Y111.309 E.03609
;WIDTH:0.602593
G1 X115.577 Y112.444 E.03367
G1 X114.993 Y113.485 E.03367
G1 X114.218 Y114.392 E.03367
G1 X113.28 Y115.131 E.03367
G1 X112.216 Y115.672 E.03367
G1 X111.067 Y115.995 E.03367
G1 X110.002 Y116.078 E.03012
G1 X110.003 Y116.601 F9000
M204 P1000
;TYPE:Outer wall
;WIDTH:0.419999
G1 F3600
G1 X110 Y116.601 E.00006
G1 X108.712 Y116.474 E.02494
G1 X107.474 Y116.098 E.02494
G1 X106.333 Y115.488 E.02494
G1 X105.332 Y114.668 E.02494
G1 X104.512 Y113.667 E.02494
G1 X103.902 Y112.526 E.02494
G1 X103.526 Y111.288 E.02494
G1 X103.399 Y110 E.02494
G1 X103.526 Y108.712 E.02494
G1 X103.902 Y107.474 E.02494
G1 X104.512 Y106.333 E.02494
G1 X105.332 Y105.332 E.02494
G1 X106.333 Y104.512 E.02494
G1 X107.474 Y103.902 E.02494
G1 X108.712 Y103.526 E.02494
G1 X110 Y103.399 E.02494
G1 X111.288 Y103.526 E.02494
G1 X112.526 Y103.902 E.02494
G1 X113.667 Y104.512 E.02494
G1 X114.668 Y105.332 E.02494
G1 X115.488 Y106.333 E.02494
G1 X116.098 Y107.474 E.02494
G1 X116.424 Y108.547 E.02161
G1 X116.491 Y108.885 E.00664
G1 X116.593 Y110.077 E.02308
G1 X116.474 Y111.288 E.02344
G1 X116.098 Y112.526 E.02494
G1 X115.488 Y113.667 E.02494
G1 X114.668 Y114.668 E.02494
G1 X113.667 Y115.488 E.02494
G1 X112.526 Y116.098 E.02494
G1 X111.288 Y116.474 E.02494
G1 X110.043 Y116.597 E.02412
G1 E-.84 F2400
;WIPE_START
G1 F3600
G1 X110 Y116.601 E-.01546
G1 X109.048 Y116.507 E-.34454
;WIPE_END
G17
G3 Z1.92 I1.199 J.208 P1  F9000
G1 X111.116 Y104.61 Z1.92
G1 Z1.52
G1 E1.2 F1800
M204 P2000
;TYPE:Inner wall
;WIDTH:0.602594
G1 F3960
G1 X112.048 Y104.88 E.02737
G1 X113.008 Y105.378 E.0305
G1 X113.852 Y106.054 E.0305
G1 X114.547 Y106.881 E.03047
G1 X115.069 Y107.828 E.0305
G1 X115.395 Y108.859 E.0305
G1 X115.514 Y109.933 E.03048
G1 X115.421 Y111.01 E.03049
G1 X115.12 Y112.048 E.03048
G1 X114.622 Y113.008 E.0305
G1 X113.946 Y113.852 E.0305
G1 X113.119 Y114.547 E.03047
G1 X112.172 Y115.069 E.0305
G1 X111.141 Y115.395 E.0305
G1 X110.067 Y115.514 E.03048
G1 X108.99 Y115.421 E.03049
G1 X107.952 Y115.12 E.03048
G1 X106.992 Y114.622 E.0305
G1 X106.148 Y113.946 E.0305
G1 X105.453 Y113.119 E.03047
G1 X104.931 Y112.172 E.0305
G1 X104.605 Y111.141 E.0305
G1 X104.486 Y110.067 E.03048
G1 X104.579 Y108.99 E.03049
G1 X104.88 Y107.952 E.03048
G1 X105.378 Y106.992 E.0305
G1 X106.054 Y106.148 E.0305
;WIDTH:0.602593
G1 F3900
G1 X106.881 Y105.453 E.03047
G1 X107.828 Y104.931 E.0305
;WIDTH:0.607155
G1 F3840
G1 X108.91 Y104.597 E.03219
G1 X109.933 Y104.486 E.02925
;WIDTH:0.602594
G1 F3900
G1 X111.01 Y104.579 E.03049
G1 X111.078 Y104.599 E.002
G1 X110.981 Y105.081 F9000
M204 P1000
;TYPE:Outer wall
;WIDTH:0.419999
G1 F3360
G1 X111.904 Y105.357 E.01857
G1 X112.773 Y105.818 E.01896
G1 X113.535 Y106.439 E.01895
G1 X114.162 Y107.197 E.01896
G1 X114.629 Y108.063 E.01897
G1 X114.918 Y109.003 E.01896
G1 F3240
G1 X115.018 Y109.982 E.01897
G1 X114.925 Y110.961 E.01896
G1 F3360
G1 X114.643 Y111.904 E.01897
G1 X114.182 Y112.773 E.01896
G1 X113.561 Y113.535 E.01895
G1 X112.803 Y114.162 E.01896
G1 X111.937 Y114.629 E.01897
G1 X110.997 Y114.918 E.01896
G1 X110.018 Y115.018 E.01897
G1 X109.039 Y114.925 E.01896
G1 X108.096 Y114.643 E.01897
G1 X107.227 Y114.182 E.01896
G1 X106.465 Y113.561 E.01895
G1 X105.838 Y112.803 E.01896
G1 X105.371 Y111.937 E.01897
G1 X105.082 Y110.997 E.01896
G1 X104.982 Y110.018 E.01897
G1 X105.075 Y109.039 E.01896
G1 X105.357 Y108.096 E.01897
G1 X105.818 Y107.227 E.01896
G1 X106.439 Y106.465 E.01895
G1 X107.197 Y105.838 E.01896
G1 X108.063 Y105.371 E.01897
G1 X109.051 Y105.077 E.01987
G1 X109.982 Y104.982 E.01804
G1 X110.942 Y105.073 E.01859
G1 E-.84 F2400
;WIPE_START
G1 F3360
G1 X111.901 Y105.356 E-.36
;WIPE_END
G17
G3 Z1.92 I-1.116 J-.485 P1  F9000
G1 X111.043 Y107.331 Z1.92
G1 Z1.52
G1 E1.2 F1800
M204 P2000
;TYPE:Inner wall
;WIDTH:0.449999
G1 F780
G1 X111.099 Y107.347 E.00121
G1 X111.595 Y107.613 E.01167
G1 X112.03 Y107.97 E.01167
G1 X112.387 Y108.405 E.01167
G1 X112.653 Y108.901 E.01167
G1 X112.816 Y109.44 E.01168
G1 X112.871 Y110 E.01167
G1 X112.816 Y110.56 E.01167
G1 X112.653 Y111.099 E.01168
G1 X112.387 Y111.595 E.01167
G1 X112.03 Y112.03 E.01167
G1 X111.595 Y112.387 E.01167
G1 X111.099 Y112.653 E.01167
G1 X110.56 Y112.816 E.01168
G1 X110 Y112.871 E.01167
G1 X109.44 Y112.816 E.01167
G1 X108.901 Y112.653 E.01168
G1 X108.405 Y112.387 E.01167
G1 X107.97 Y112.03 E.01167
G1 X107.613 Y111.595 E.01167
G1 X107.347 Y111.099 E.01167
G1 X107.184 Y110.56 E.01168
G1 X107.129 Y110 E.01167
G1 X107.184 Y109.44 E.01167
G1 X107.347 Y108.901 E.01168
G1 X107.613 Y108.405 E.01167
G1 X107.97 Y107.97 E.01167
G1 X108.405 Y107.613 E.01167
G1 X108.901 Y107.347 E.01167
G1 X109.44 Y107.184 E.01168
G1 X110 Y107.129 E.01167
G1 X110.56 Y107.184 E.01167
G1 X111.005 Y107.319 E.00965
G1 X111.166 Y106.927 F9000
M204 P1000
;TYPE:Outer wall
;WIDTH:0.419999
G1 F660
G1 X111.261 Y106.955 E.00191
G1 X111.831 Y107.26 E.01246
G1 X112.33 Y107.67 E.01245
G1 X112.74 Y108.169 E.01245
G1 X113.045 Y108.739 E.01246
G1 X113.232 Y109.357 E.01245
G1 X113.295 Y110 E.01245
G1 X113.232 Y110.643 E.01245
G1 X113.045 Y111.261 E.01245
G1 X112.74 Y111.831 E.01246
G1 X112.33 Y112.33 E.01245
G1 X111.831 Y112.74 E.01245
G1 X111.261 Y113.045 E.01246
G1 X110.643 Y113.232 E.01245
G1 X110 Y113.295 E.01245
G1 X109.357 Y113.232 E.01245
G1 X108.739 Y113.045 E.01245
G1 X108.169 Y112.74 E.01246
G1 X107.67 Y112.33 E.01245
G1 X107.26 Y111.831 E.01245
G1 X106.955 Y111.261 E.01246
G1 X106.768 Y110.643 E.01245
G1 X106.705 Y110 E.01245
G1 X106.768 Y109.357 E.01245
G1 X106.955 Y108.739 E.01245
G1 X107.26 Y108.169 E.01246
G1 X107.67 Y107.67 E.01245
G1 X108.169 Y107.26 E.01245
G1 X108.739 Y106.955 E.01246
G1 X109.357 Y106.768 E.01245
G1 X110 Y106.705 E.01245
G1 X110.643 Y106.768 E.01245
G1 X111.128 Y106.915 E.00977
G1 E-.84 F2400
;WIPE_START
G1 F660
G1 X111.261 Y106.955 E-.05018
G1 X111.831 Y107.26 E-.23256
G1 X111.997 Y107.396 E-.07726
;WIPE_END
G1 Z1.92 F9000
G1 X110.257 Y108.191 Z1.92
G1 Z1.52
G1 E1.2 F1800
M204 P2500
;TYPE:Sparse infill
;WIDTH:0.45
G1 F10800
M106 S255
G1 X110.006 Y108.166 E.00523
G1 X109.641 Y108.201 E.00762
G1 X109.298 Y108.305 E.00743
G1 X108.981 Y108.475 E.00746
G1 X108.703 Y108.703 E.00746
G1 X111.297 Y111.297 E.0761
G1 X111.019 Y111.525 E.00746
G1 X110.702 Y111.695 E.00746
G1 X110.358 Y111.799 E.00746
G1 X110 Y111.834 E.00746
G1 X109.743 Y111.809 E.00536
G1 X109.502 Y107.704 F9000
;TYPE:Internal solid infill
;WIDTH:0.633495
G1 F10074.087
G1 X109.065 Y107.845 E.01365
G1 X108.662 Y108.069 E.01368
G1 X108.311 Y108.367 E.01369
G1 X108.025 Y108.728 E.01368
G1 X107.815 Y109.137 E.01368
G1 X107.689 Y109.58 E.01368
G1 X107.651 Y110.039 E.01368
G1 X107.704 Y110.497 E.01368
G1 X107.845 Y110.935 E.01368
G1 X108.069 Y111.338 E.01368
G1 X108.367 Y111.689 E.01369
G1 X108.728 Y111.975 E.01368
G1 X109.137 Y112.185 E.01368
G1 X109.58 Y112.311 E.01368
G1 X110.039 Y112.349 E.01368
G1 X110.497 Y112.296 E.01368
G1 X110.935 Y112.155 E.01368
G1 X111.338 Y111.931 E.01368
G1 X111.689 Y111.633 E.01368
G1 X111.975 Y111.272 E.01369
G1 X112.185 Y110.863 E.01368
G1 X112.311 Y110.42 E.01368
G1 X112.352 Y110 E.01253
G1 X112.296 Y109.503 E.01485
G1 X112.155 Y109.065 E.01368
G1 X111.931 Y108.662 E.01368
G1 X111.633 Y108.311 E.01368
G1 X111.272 Y108.025 E.01368
G1 X110.863 Y107.815 E.01368
G1 X110.42 Y107.689 E.01368
G1 X109.969 Y107.651 E.01346
G1 X109.542 Y107.7 E.01276
; stop printing object JOYSTICK.stl id:15 copy 0
;LAYER_CHANGE
;Z:1.64
;HEIGHT:0.12
;BEFORE_LAYER_CHANGE
;1.64
G92 E0

G1 E-.96177 F2400
;WIPE_START
G1 F10074.087
G1 X109.969 Y107.651 E-.1023
G1 X110.42 Y107.689 E-.10791
G1 X110.533 Y107.721 E-.02803
;WIPE_END
;_SET_FAN_SPEED_CHANGING_LAYER
; printing object JOYSTICK.stl id:15 copy 0
G17
G3 Z2.04 I-1.214 J-.083 P1  F9000
G1 X109.963 Y116.102 Z2.04
G1 Z1.64
G1 E1.2 F1800
M204 P2000
;TYPE:Inner wall
;WIDTH:0.563447
G1 F5400
G1 X109.882 Y116.108 E.00213
G1 X108.693 Y115.968 E.03148
G1 X107.554 Y115.598 E.03149
G1 X106.509 Y115.013 E.03148
G1 X105.598 Y114.236 E.03149
G1 X104.856 Y113.296 E.03148
G1 X104.312 Y112.229 E.03148
G1 X103.986 Y111.076 E.03149
G1 X103.892 Y109.882 E.03148
G1 X104.032 Y108.693 E.03148
G1 X104.402 Y107.554 E.03149
G1 X104.987 Y106.509 E.03148
G1 X105.764 Y105.598 E.03149
G1 X106.704 Y104.856 E.03148
G1 X107.771 Y104.312 E.03148
G1 X108.924 Y103.986 E.03149
G1 X110.118 Y103.892 E.03148
G1 X111.307 Y104.032 E.03148
G1 X112.446 Y104.402 E.03149
G1 X113.491 Y104.987 E.03148
G1 X114.402 Y105.764 E.03149
G1 X115.144 Y106.704 E.03148
G1 X115.688 Y107.771 E.03148
G1 X116.014 Y108.924 E.03149
;WIDTH:0.565694
G1 X116.117 Y110.04 E.0296
G1 X115.968 Y111.307 E.03367
;WIDTH:0.563447
G1 X115.598 Y112.446 E.03149
G1 X115.013 Y113.491 E.03148
G1 X114.236 Y114.402 E.03148
G1 X113.296 Y115.144 E.03149
G1 X112.229 Y115.688 E.03148
G1 X111.076 Y116.014 E.03149
G1 X110.003 Y116.099 E.0283
G1 X110.003 Y116.601 F9000
M204 P1000
;TYPE:Outer wall
;WIDTH:0.419999
G1 F3600
G1 X110 Y116.601 E.00006
G1 X108.712 Y116.474 E.02494
G1 X107.474 Y116.098 E.02494
G1 X106.333 Y115.488 E.02494
G1 X105.332 Y114.668 E.02494
G1 X104.512 Y113.667 E.02494
G1 X103.902 Y112.526 E.02494
G1 X103.526 Y111.288 E.02494
G1 X103.399 Y110 E.02494
G1 X103.526 Y108.712 E.02494
G1 X103.902 Y107.474 E.02494
G1 X104.512 Y106.333 E.02494
G1 X105.332 Y105.332 E.02494
G1 X106.333 Y104.512 E.02494
G1 X107.474 Y103.902 E.02494
G1 X108.712 Y103.526 E.02494
G1 X110 Y103.399 E.02494
G1 X111.288 Y103.526 E.02494
G1 X112.526 Y103.902 E.02494
G1 X113.667 Y104.512 E.02494
G1 X114.668 Y105.332 E.02494
G1 X115.488 Y106.333 E.02494
G1 X116.098 Y107.474 E.02494
G1 X116.426 Y108.554 E.02175
G1 X116.49 Y108.877 E.00635
G1 X116.594 Y110.074 E.02315
G1 X116.474 Y111.288 E.02352
G1 X116.098 Y112.526 E.02494
G1 X115.488 Y113.667 E.02494
G1 X114.668 Y114.668 E.02494
G1 X113.667 Y115.488 E.02494
G1 X112.526 Y116.098 E.02494
G1 X111.288 Y116.474 E.02494
G1 X110.043 Y116.597 E.02412
G1 E-.84 F2400
;WIPE_START
G1 F3600
G1 X110 Y116.601 E-.01545
G1 X109.048 Y116.507 E-.34455
;WIPE_END
G17
G3 Z2.04 I1.199 J.209 P1  F9000
G1 X111.127 Y104.551 Z2.04
G1 Z1.64
G1 E1.2 F1800
M204 P2000
;TYPE:Inner wall
;WIDTH:0.563448
G1 F4140
G1 X112.073 Y104.826 E.0259
G1 X113.042 Y105.33 E.02871
G1 X113.895 Y106.013 E.02873
G1 X114.598 Y106.85 E.02874
G1 X115.124 Y107.807 E.02871
G1 X115.453 Y108.849 E.02873
G1 F4020
G1 X115.573 Y109.935 E.02872
G1 X115.479 Y111.024 E.02874
G1 F4200
G1 X115.174 Y112.073 E.02872
G1 F4080
G1 X114.67 Y113.042 E.02871
G1 X113.987 Y113.895 E.02873
G1 X113.15 Y114.598 E.02874
G1 X112.193 Y115.124 E.02871
G1 X111.151 Y115.453 E.02873
G1 X110.065 Y115.573 E.02872
G1 X108.976 Y115.479 E.02874
G1 X107.927 Y115.174 E.02872
G1 X106.958 Y114.67 E.02871
G1 X106.105 Y113.987 E.02873
G1 X105.402 Y113.15 E.02874
G1 X104.876 Y112.193 E.02871
G1 X104.547 Y111.151 E.02873
G1 X104.427 Y110.065 E.02872
G1 X104.521 Y108.976 E.02874
G1 X104.826 Y107.927 E.02872
G1 X105.33 Y106.958 E.02871
G1 X106.013 Y106.105 E.02873
G1 X106.85 Y105.402 E.02874
G1 X107.807 Y104.876 E.02871
G1 X108.849 Y104.547 E.02873
G1 X109.935 Y104.427 E.02872
G1 X111.024 Y104.521 E.02874
G1 X111.089 Y104.54 E.00178
G1 X110.997 Y105.004 F9000
M204 P1000
;TYPE:Outer wall
;WIDTH:0.419999
G1 F3180
G1 X111.934 Y105.284 E.01885
G1 X112.816 Y105.752 E.01925
G1 X113.591 Y106.383 E.01926
G1 X114.228 Y107.153 E.01926
G1 X114.702 Y108.033 E.01927
G1 X114.995 Y108.988 E.01926
G1 F3060
G1 X115.097 Y109.982 E.01926
G1 X115.002 Y110.977 E.01927
G1 F3180
G1 X114.716 Y111.934 E.01925
G1 X114.248 Y112.816 E.01925
G1 F3060
G1 X113.617 Y113.591 E.01926
G1 X112.847 Y114.228 E.01926
G1 X111.967 Y114.702 E.01927
G1 F3180
G1 X111.012 Y114.995 E.01926
G1 X110.018 Y115.097 E.01926
G1 F3060
G1 X109.023 Y115.002 E.01927
G1 X108.066 Y114.716 E.01925
G1 X107.184 Y114.248 E.01925
G1 X106.409 Y113.617 E.01926
G1 F3180
G1 X105.772 Y112.847 E.01926
G1 X105.298 Y111.967 E.01927
G1 X105.005 Y111.012 E.01926
G1 X104.903 Y110.018 E.01926
G1 X104.998 Y109.023 E.01927
G1 X105.284 Y108.066 E.01925
G1 X105.752 Y107.184 E.01925
G1 X106.383 Y106.409 E.01926
G1 X107.153 Y105.772 E.01926
G1 X108.033 Y105.298 E.01927
G1 X108.988 Y105.005 E.01926
G1 F3060
G1 X109.982 Y104.903 E.01926
G1 X110.958 Y104.996 E.0189
G1 E-.84 F2400
;WIPE_START
G1 F3060
G1 X111.917 Y105.28 E-.36
;WIPE_END
G17
G3 Z2.04 I-1.119 J-.479 P1  F9000
G1 X111.098 Y107.195 Z2.04
G1 Z1.64
G1 E1.2 F1800
M204 P2000
;TYPE:Inner wall
;WIDTH:0.449999
G1 F720
G1 X111.155 Y107.212 E.00123
G1 X111.676 Y107.491 E.01226
G1 X112.134 Y107.866 E.01228
G1 X112.509 Y108.324 E.01228
G1 X112.788 Y108.845 E.01226
G1 X112.959 Y109.411 E.01226
G1 X113.017 Y110 E.01228
G1 X112.959 Y110.589 E.01228
G1 X112.788 Y111.155 E.01226
G1 X112.509 Y111.676 E.01226
G1 X112.134 Y112.134 E.01228
G1 X111.676 Y112.509 E.01228
G1 X111.155 Y112.788 E.01226
G1 X110.589 Y112.959 E.01226
G1 X110 Y113.017 E.01228
G1 X109.411 Y112.959 E.01228
G1 X108.845 Y112.788 E.01226
G1 X108.324 Y112.509 E.01226
G1 X107.866 Y112.134 E.01228
G1 X107.491 Y111.676 E.01228
G1 X107.212 Y111.155 E.01226
G1 X107.041 Y110.589 E.01226
G1 X106.983 Y110 E.01228
G1 X107.041 Y109.411 E.01228
G1 X107.212 Y108.845 E.01226
G1 X107.491 Y108.324 E.01226
G1 X107.866 Y107.866 E.01228
G1 X108.324 Y107.491 E.01228
G1 X108.845 Y107.212 E.01226
G1 X109.407 Y107.042 E.01218
G1 X110.053 Y106.988 E.01345
G1 X110.589 Y107.041 E.01117
G1 X111.06 Y107.183 E.0102
G1 X111.22 Y106.791 F9000
M204 P1000
;TYPE:Outer wall
;WIDTH:0.419999
G1 F660
G1 X111.317 Y106.82 E.00195
G1 X111.912 Y107.138 E.013
G1 X112.434 Y107.566 E.01301
G1 X112.862 Y108.088 E.01301
G1 X113.18 Y108.683 E.013
G1 X113.376 Y109.329 E.01301
G1 X113.442 Y110 E.013
G1 X113.376 Y110.671 E.013
G1 X113.18 Y111.317 E.01301
G1 X112.862 Y111.912 E.013
G1 X112.434 Y112.434 E.01301
G1 X111.912 Y112.862 E.01301
G1 X111.317 Y113.18 E.013
G1 X110.671 Y113.376 E.01301
G1 X110 Y113.442 E.013
G1 X109.329 Y113.376 E.013
G1 X108.683 Y113.18 E.01301
G1 X108.088 Y112.862 E.013
G1 X107.566 Y112.434 E.01301
G1 X107.138 Y111.912 E.01301
G1 X106.82 Y111.317 E.013
G1 X106.625 Y110.671 E.01301
G1 X106.558 Y110 E.013
G1 X106.624 Y109.329 E.013
G1 X106.82 Y108.683 E.01301
G1 X107.138 Y108.088 E.013
G1 X107.566 Y107.566 E.01301
G1 X108.088 Y107.138 E.01301
G1 X108.683 Y106.82 E.013
G1 X109.327 Y106.625 E.01297
G1 X110.056 Y106.564 E.0141
G1 X110.671 Y106.625 E.01191
G1 X111.182 Y106.779 E.01029
G1 E-.84 F2400
;WIPE_START
G1 F660
G1 X111.317 Y106.82 E-.05075
G1 X111.912 Y107.138 E-.24288
G1 X112.055 Y107.255 E-.06637
;WIPE_END
G1 Z2.04 F9000
G1 X109.979 Y107.505 Z2.04
G1 Z1.64
G1 E1.2 F1800
M204 P2500
;TYPE:Internal solid infill
;WIDTH:0.626836
G1 F10185.689
M106 S255
G1 X109.476 Y107.557 E.01487
G1 X109.008 Y107.707 E.01443
G1 X108.58 Y107.944 E.01439
G1 X108.206 Y108.261 E.0144
G1 X107.901 Y108.644 E.0144
G1 X107.677 Y109.08 E.0144
G1 X107.542 Y109.551 E.0144
G1 X107.502 Y110.039 E.0144
G1 X107.557 Y110.525 E.0144
G1 X107.707 Y110.992 E.0144
G1 X107.944 Y111.42 E.01439
G1 X108.261 Y111.794 E.0144
G1 X108.644 Y112.099 E.0144
G1 X109.08 Y112.323 E.0144
G1 X109.551 Y112.458 E.0144
G1 X110.039 Y112.498 E.0144
G1 X110.525 Y112.443 E.0144
G1 X110.992 Y112.293 E.0144
G1 X111.42 Y112.056 E.0144
G1 X111.794 Y111.739 E.0144
G1 X112.099 Y111.356 E.0144
G1 X112.323 Y110.92 E.01439
G1 X112.458 Y110.449 E.0144
G1 X112.501 Y110 E.01327
G1 X112.443 Y109.476 E.0155
G1 X112.293 Y109.008 E.01443
G1 X112.056 Y108.58 E.0144
G1 X111.739 Y108.206 E.0144
G1 X111.356 Y107.901 E.0144
G1 X110.92 Y107.677 E.01439
G1 X110.451 Y107.542 E.01436
G1 X110.019 Y107.508 E.01273
G1 X111.973 Y109.862 F9000
;TYPE:Sparse infill
;WIDTH:0.45
G1 F10800
G1 X111.987 Y110 E.00288
G1 X111.949 Y110.388 E.00808
G1 X111.836 Y110.76 E.00808
G1 X111.652 Y111.104 E.00808
G1 X111.405 Y111.405 E.00808
G1 X108.595 Y108.595 E.08243
G1 X108.348 Y108.896 E.00808
G1 X108.164 Y109.24 E.00808
G1 X108.051 Y109.612 E.00808
G1 X108.013 Y110 E.00808
G1 X108.027 Y110.138 E.00288
; stop printing object JOYSTICK.stl id:15 copy 0
;LAYER_CHANGE
;Z:1.76
;HEIGHT:0.12
;BEFORE_LAYER_CHANGE
;1.76
G92 E0

G1 E-.97778 F2400
;WIPE_START
G1 F10800
G1 X108.013 Y110 E-.03086
G1 X108.051 Y109.612 E-.08656
G1 X108.164 Y109.24 E-.08656
G1 X108.203 Y109.167 E-.01823
;WIPE_END
;_SET_FAN_SPEED_CHANGING_LAYER
; printing object JOYSTICK.stl id:15 copy 0
G17
G3 Z2.16 I-1.18 J.299 P1  F9000
G1 X109.964 Y116.119 Z2.16
G1 Z1.76
G1 E1.2 F1800
M204 P2000
;TYPE:Inner wall
;WIDTH:0.53153
G1 F5400
G1 X109.887 Y116.125 E.00191
G1 X108.694 Y115.985 E.0297
G1 X107.552 Y115.615 E.0297
G1 X106.503 Y115.03 E.0297
G1 X105.589 Y114.251 E.0297
G1 X104.845 Y113.309 E.0297
G1 X104.298 Y112.239 E.0297
G1 X103.971 Y111.084 E.0297
G1 X103.875 Y109.887 E.0297
G1 X104.015 Y108.694 E.0297
G1 X104.385 Y107.552 E.0297
G1 X104.97 Y106.503 E.0297
G1 X105.749 Y105.589 E.0297
G1 X106.691 Y104.845 E.0297
G1 X107.761 Y104.298 E.0297
G1 X108.916 Y103.971 E.0297
G1 X110.113 Y103.875 E.0297
G1 X111.306 Y104.015 E.0297
G1 X112.448 Y104.385 E.0297
G1 X113.497 Y104.97 E.0297
G1 X114.411 Y105.749 E.0297
G1 X115.155 Y106.691 E.0297
G1 X115.702 Y107.761 E.0297
G1 X116.029 Y108.916 E.0297
;WIDTH:0.533701
G1 X116.133 Y110.038 E.02798
G1 X115.985 Y111.306 E.0317
;WIDTH:0.53153
G1 X115.615 Y112.448 E.0297
G1 X115.03 Y113.497 E.0297
G1 X114.251 Y114.411 E.0297
G1 X113.309 Y115.155 E.0297
G1 X112.239 Y115.702 E.0297
G1 X111.084 Y116.029 E.0297
G1 X110.004 Y116.115 E.02679
G1 X110.003 Y116.601 F9000
M204 P1000
;TYPE:Outer wall
;WIDTH:0.419999
G1 F3600
G1 X110 Y116.601 E.00006
G1 X108.712 Y116.474 E.02494
G1 X107.474 Y116.098 E.02494
G1 X106.333 Y115.488 E.02494
G1 X105.332 Y114.668 E.02494
G1 X104.512 Y113.667 E.02494
G1 X103.902 Y112.526 E.02494
G1 X103.526 Y111.288 E.02494
G1 X103.399 Y110 E.02494
G1 X103.526 Y108.712 E.02494
G1 X103.902 Y107.474 E.02494
G1 X104.512 Y106.333 E.02494
G1 X105.332 Y105.332 E.02494
G1 X106.333 Y104.512 E.02494
G1 X107.474 Y103.902 E.02494
G1 X108.712 Y103.526 E.02494
G1 X110 Y103.399 E.02494
G1 X111.288 Y103.526 E.02494
G1 X112.526 Y103.902 E.02494
G1 X113.667 Y104.512 E.02494
G1 X114.668 Y105.332 E.02494
G1 X115.488 Y106.333 E.02494
G1 X116.098 Y107.474 E.02494
G1 X116.428 Y108.56 E.02188
G1 X116.49 Y108.871 E.00611
G1 X116.594 Y110.07 E.02321
G1 X116.474 Y111.288 E.02358
G1 X116.098 Y112.526 E.02494
G1 X115.488 Y113.667 E.02494
G1 X114.668 Y114.668 E.02494
G1 X113.667 Y115.488 E.02494
G1 X112.526 Y116.098 E.02494
G1 X111.288 Y116.474 E.02494
G1 X110.043 Y116.597 E.02412
G1 E-.84 F2400
;WIPE_START
G1 F3600
G1 X110 Y116.601 E-.01545
G1 X109.048 Y116.507 E-.34455
;WIPE_END
G17
G3 Z2.16 I1.199 J.209 P1  F9000
G1 X111.136 Y104.504 Z2.16
G1 Z1.76
G1 E1.2 F1800
M204 P2000
;TYPE:Inner wall
;WIDTH:0.53153
G1 F4200
G1 X112.093 Y104.782 E.02464
G1 F4080
G1 X113.07 Y105.291 E.02724
G1 X113.93 Y105.98 E.02725
G1 X114.639 Y106.824 E.02726
G1 X115.169 Y107.79 E.02725
G1 X115.501 Y108.841 E.02726
G1 X115.621 Y109.937 E.02726
G1 X115.526 Y111.034 E.02723
G1 F4260
G1 X115.218 Y112.093 E.02727
G1 F4080
G1 X114.709 Y113.07 E.02724
G1 X114.02 Y113.93 E.02725
G1 X113.176 Y114.639 E.02726
G1 X112.21 Y115.169 E.02725
G1 X111.159 Y115.501 E.02726
G1 X110.063 Y115.621 E.02726
G1 X108.966 Y115.526 E.02723
G1 X107.907 Y115.218 E.02727
G1 X106.93 Y114.709 E.02724
G1 X106.07 Y114.02 E.02725
G1 X105.361 Y113.176 E.02726
G1 X104.831 Y112.21 E.02725
G1 X104.499 Y111.159 E.02726
;WIDTH:0.533702
G1 X104.373 Y110.013 E.02863
G1 X104.474 Y108.966 E.02612
;WIDTH:0.53153
G1 X104.782 Y107.907 E.02727
G1 X105.291 Y106.93 E.02724
G1 X105.98 Y106.07 E.02725
G1 X106.824 Y105.361 E.02726
G1 X107.79 Y104.831 E.02725
G1 X108.841 Y104.499 E.02726
G1 X109.937 Y104.379 E.02726
G1 X111.034 Y104.474 E.02723
G1 X111.097 Y104.493 E.00163
G1 X111.01 Y104.941 F9000
M204 P1000
;TYPE:Outer wall
;WIDTH:0.419999
G1 F2940
G1 X111.958 Y105.225 E.01908
G1 X112.852 Y105.699 E.0195
G1 F2820
G1 X113.636 Y106.338 E.0195
G1 X114.281 Y107.118 E.01951
G1 X114.761 Y108.008 E.01949
G1 F2940
G1 X115.058 Y108.975 E.0195
G1 F2820
G1 X115.161 Y109.982 E.01951
G1 X115.065 Y110.989 E.0195
G1 F2940
G1 X114.775 Y111.958 E.0195
G1 X114.301 Y112.852 E.0195
G1 F2820
G1 X113.662 Y113.636 E.0195
G1 X112.882 Y114.281 E.01951
G1 X111.992 Y114.761 E.01949
G1 F2940
G1 X111.025 Y115.058 E.0195
G1 X110.018 Y115.161 E.01951
G1 F2820
G1 X109.011 Y115.065 E.0195
G1 X108.042 Y114.775 E.0195
G1 F2940
G1 X107.148 Y114.301 E.0195
G1 X106.364 Y113.662 E.0195
G1 X105.719 Y112.882 E.01951
G1 X105.239 Y111.992 E.01949
G1 X104.942 Y111.025 E.0195
G1 X104.839 Y110.018 E.01951
G1 X104.935 Y109.011 E.0195
G1 X105.225 Y108.042 E.0195
G1 X105.699 Y107.148 E.0195
G1 X106.338 Y106.364 E.0195
G1 X107.118 Y105.719 E.01951
G1 X108.008 Y105.239 E.01949
G1 X108.975 Y104.942 E.0195
G1 X109.982 Y104.839 E.01951
G1 X110.97 Y104.933 E.01913
G1 E-.84 F2400
;WIPE_START
G1 F2940
G1 X111.929 Y105.217 E-.36
;WIPE_END
G17
G3 Z2.16 I-1.122 J-.471 P1  F9000
G1 X111.147 Y107.082 Z2.16
G1 Z1.76
G1 E1.2 F1800
M204 P2000
;TYPE:Inner wall
;WIDTH:0.449999
G1 F720
G1 X111.207 Y107.099 E.00129
G1 X111.746 Y107.387 E.01268
G1 X112.222 Y107.778 E.01278
G1 X112.613 Y108.254 E.01278
G1 X112.903 Y108.797 E.01277
G1 X113.082 Y109.387 E.01279
G1 X113.142 Y110 E.01278
G1 X113.082 Y110.613 E.01278
G1 X112.903 Y111.203 E.01279
G1 X112.613 Y111.746 E.01277
G1 X112.222 Y112.222 E.01278
G1 X111.746 Y112.613 E.01278
G1 X111.203 Y112.903 E.01277
G1 X110.613 Y113.082 E.01279
G1 X110 Y113.142 E.01278
G1 X109.387 Y113.082 E.01278
G1 X108.797 Y112.903 E.01279
G1 X108.254 Y112.613 E.01277
G1 X107.778 Y112.222 E.01278
G1 X107.387 Y111.746 E.01278
G1 X107.097 Y111.203 E.01277
G1 X106.918 Y110.613 E.01279
G1 X106.858 Y110 E.01278
G1 X106.918 Y109.387 E.01278
G1 X107.097 Y108.797 E.01279
G1 X107.387 Y108.254 E.01277
G1 X107.778 Y107.778 E.01278
G1 X108.254 Y107.387 E.01278
G1 X108.797 Y107.097 E.01277
G1 X109.387 Y106.918 E.01279
G1 X110 Y106.858 E.01278
G1 X110.56 Y106.913 E.01167
G1 X111.109 Y107.071 E.01185
G1 X111.264 Y106.676 F9000
M204 P1000
;TYPE:Outer wall
;WIDTH:0.419999
G1 F600
G1 X111.366 Y106.706 E.00205
G1 X111.981 Y107.035 E.01344
G1 X112.522 Y107.478 E.01348
G1 X112.965 Y108.019 E.01348
G1 X113.295 Y108.635 E.01347
G1 X113.498 Y109.304 E.01348
G1 X113.567 Y110 E.01348
G1 X113.498 Y110.696 E.01348
G1 X113.295 Y111.365 E.01348
G1 X112.965 Y111.981 E.01347
G1 X112.522 Y112.522 E.01348
G1 X111.981 Y112.965 E.01348
G1 X111.365 Y113.295 E.01347
G1 X110.696 Y113.498 E.01348
G1 X110 Y113.567 E.01348
G1 X109.304 Y113.498 E.01348
G1 X108.635 Y113.295 E.01348
G1 X108.019 Y112.965 E.01347
G1 X107.478 Y112.522 E.01348
G1 X107.035 Y111.981 E.01348
G1 X106.705 Y111.365 E.01347
G1 X106.502 Y110.696 E.01348
G1 X106.433 Y110 E.01348
G1 X106.502 Y109.304 E.01348
G1 X106.705 Y108.635 E.01348
G1 X107.035 Y108.019 E.01347
G1 X107.478 Y107.478 E.01348
G1 X108.019 Y107.035 E.01348
G1 X108.635 Y106.705 E.01347
G1 X109.304 Y106.502 E.01348
G1 X110 Y106.433 E.01348
G1 X110.64 Y106.496 E.0124
G1 X111.225 Y106.665 E.01174
G1 E-.84 F2400
;WIPE_START
G1 F600
G1 X111.366 Y106.706 E-.05272
G1 X111.981 Y107.035 E-.25116
G1 X112.102 Y107.133 E-.05612
;WIPE_END
G1 Z2.16 F9000
G1 X110.532 Y107.423 Z2.16
G1 Z1.76
G1 E1.2 F1800
M204 P2500
;TYPE:Internal solid infill
;WIDTH:0.607798
G1 F10518.844
M106 S255
G1 X110 Y107.363 E.01523
G1 X109.486 Y107.414 E.01471
G1 X108.991 Y107.564 E.01471
G1 X108.535 Y107.808 E.01471
G1 X108.136 Y108.136 E.01471
G1 X107.808 Y108.535 E.01471
G1 X107.564 Y108.991 E.01471
G1 X107.414 Y109.486 E.01471
G1 X107.363 Y110 E.01471
G1 X107.414 Y110.514 E.01471
G1 X107.564 Y111.009 E.01471
G1 X107.808 Y111.465 E.01471
G1 X108.136 Y111.864 E.01471
G1 X108.535 Y112.192 E.01471
G1 X108.991 Y112.436 E.01471
G1 X109.486 Y112.586 E.01471
G1 X110 Y112.637 E.01471
G1 X110.514 Y112.586 E.01471
G1 X111.009 Y112.436 E.01471
G1 X111.465 Y112.192 E.01471
G1 X111.864 Y111.864 E.01471
G1 X112.192 Y111.465 E.01471
G1 X112.436 Y111.009 E.01471
G1 X112.586 Y110.514 E.01471
G1 X112.637 Y110 E.01471
G1 X112.586 Y109.486 E.01471
G1 X112.436 Y108.991 E.01471
G1 X112.192 Y108.535 E.01471
G1 X111.864 Y108.136 E.01471
G1 X111.465 Y107.808 E.01471
G1 X111.016 Y107.568 E.01448
G1 X110.57 Y107.435 E.01324
G1 X112.131 Y109.976 F9000
;TYPE:Sparse infill
;WIDTH:0.45
G1 F10800
G1 X112.092 Y110.416 E.00917
G1 X111.971 Y110.816 E.00867
G1 X111.774 Y111.185 E.00867
G1 X111.508 Y111.508 E.00867
G1 X108.492 Y108.492 E.0885
G1 X108.226 Y108.815 E.00867
G1 X108.029 Y109.184 E.00867
G1 X107.908 Y109.584 E.00867
G1 X107.869 Y110.024 E.00917
; stop printing object JOYSTICK.stl id:15 copy 0
;LAYER_CHANGE
;Z:1.88
;HEIGHT:0.12
;BEFORE_LAYER_CHANGE
;1.88
G92 E0

G1 E-.97778 F2400
;WIPE_START
G1 F10800
G1 X107.908 Y109.584 E-.09822
G1 X108.029 Y109.184 E-.09293
G1 X108.095 Y109.06 E-.03107
;WIPE_END
;_SET_FAN_SPEED_CHANGING_LAYER
; printing object JOYSTICK.stl id:15 copy 0
G17
G3 Z2.28 I-1.177 J.311 P1  F9000
G1 X109.965 Y116.135 Z2.28
G1 Z1.88
G1 E1.2 F1800
M204 P2000
;TYPE:Inner wall
;WIDTH:0.499614
G1 F5400
G1 X109.892 Y116.141 E.0017
G1 X108.696 Y116.002 E.0279
G1 X107.55 Y115.632 E.0279
G1 X106.498 Y115.046 E.0279
G1 X105.581 Y114.266 E.0279
G1 X104.834 Y113.322 E.0279
G1 X104.285 Y112.25 E.0279
G1 X103.956 Y111.092 E.0279
G1 X103.859 Y109.892 E.0279
G1 X103.998 Y108.696 E.0279
G1 X104.368 Y107.55 E.0279
G1 X104.954 Y106.498 E.0279
G1 X105.734 Y105.581 E.0279
G1 X106.678 Y104.834 E.0279
G1 X107.75 Y104.285 E.0279
G1 X108.908 Y103.956 E.0279
G1 X110.108 Y103.859 E.0279
G1 X111.304 Y103.998 E.0279
G1 X112.45 Y104.368 E.0279
G1 X113.502 Y104.954 E.0279
G1 X114.419 Y105.734 E.0279
G1 X115.166 Y106.678 E.0279
G1 X115.715 Y107.75 E.0279
G1 X116.044 Y108.908 E.0279
;WIDTH:0.501708
G1 X116.15 Y110.036 E.02635
G1 X116.002 Y111.304 E.02972
;WIDTH:0.499614
G1 X115.632 Y112.45 E.0279
G1 X115.046 Y113.502 E.0279
G1 X114.266 Y114.419 E.0279
G1 X113.322 Y115.166 E.0279
G1 X112.25 Y115.715 E.0279
G1 X111.092 Y116.044 E.0279
G1 X110.005 Y116.132 E.02527
G1 X110.003 Y116.601 F9000
M204 P1000
;TYPE:Outer wall
;WIDTH:0.419999
G1 F3600
G1 X110 Y116.601 E.00006
G1 X108.712 Y116.474 E.02494
G1 X107.474 Y116.098 E.02494
G1 X106.333 Y115.488 E.02494
G1 X105.332 Y114.668 E.02494
G1 X104.512 Y113.667 E.02494
G1 X103.902 Y112.526 E.02494
G1 X103.526 Y111.288 E.02494
G1 X103.399 Y110 E.02494
G1 X103.526 Y108.712 E.02494
G1 X103.902 Y107.474 E.02494
G1 X104.512 Y106.333 E.02494
G1 X105.332 Y105.332 E.02494
G1 X106.333 Y104.512 E.02494
G1 X107.474 Y103.902 E.02494
G1 X108.712 Y103.526 E.02494
G1 X110 Y103.399 E.02494
G1 X111.288 Y103.526 E.02494
G1 X112.526 Y103.902 E.02494
G1 X113.667 Y104.512 E.02494
G1 X114.668 Y105.332 E.02494
G1 X115.488 Y106.333 E.02494
G1 X116.098 Y107.474 E.02494
G1 X116.43 Y108.566 E.022
G1 X116.489 Y108.864 E.00586
G1 X116.594 Y110.067 E.02328
G1 X116.474 Y111.288 E.02364
G1 X116.098 Y112.526 E.02494
G1 X115.488 Y113.667 E.02494
G1 X114.668 Y114.668 E.02494
G1 X113.667 Y115.488 E.02494
G1 X112.526 Y116.098 E.02494
G1 X111.288 Y116.474 E.02494
G1 X110.043 Y116.597 E.02412
G1 E-.84 F2400
;WIPE_START
G1 F3600
G1 X110 Y116.601 E-.01544
G1 X109.048 Y116.507 E-.34456
;WIPE_END
G17
G3 Z2.28 I1.199 J.209 P1  F9000
G1 X111.144 Y104.456 Z2.28
G1 Z1.88
G1 E1.2 F1800
M204 P2000
;TYPE:Inner wall
;WIDTH:0.499615
G1 F4560
G1 X112.113 Y104.738 E.02338
G1 F4440
G1 X113.098 Y105.252 E.02574
G1 X113.965 Y105.947 E.02574
G1 X114.68 Y106.799 E.02577
G1 X115.214 Y107.773 E.02573
G1 X115.549 Y108.833 E.02576
G1 X115.67 Y109.938 E.02575
G1 X115.573 Y111.045 E.02575
G1 F4620
G1 X115.262 Y112.113 E.02577
G1 F4440
G1 X114.748 Y113.098 E.02574
G1 X114.053 Y113.965 E.02574
G1 X113.201 Y114.68 E.02577
G1 X112.227 Y115.214 E.02573
G1 X111.167 Y115.549 E.02576
G1 X110.062 Y115.67 E.02575
G1 X108.955 Y115.573 E.02575
G1 X107.887 Y115.262 E.02577
G1 X106.902 Y114.748 E.02574
G1 X106.035 Y114.053 E.02574
G1 X105.32 Y113.201 E.02577
G1 X104.786 Y112.227 E.02573
G1 X104.451 Y111.167 E.02576
;WIDTH:0.501709
G1 X104.325 Y110.013 E.02701
G1 X104.427 Y108.955 E.02473
;WIDTH:0.499615
G1 X104.738 Y107.887 E.02577
G1 X105.252 Y106.902 E.02574
G1 X105.947 Y106.035 E.02574
G1 X106.799 Y105.32 E.02577
G1 X107.773 Y104.786 E.02573
G1 X108.833 Y104.451 E.02576
G1 X109.938 Y104.33 E.02575
G1 X111.045 Y104.427 E.02575
G1 X111.105 Y104.445 E.00145
G1 X111.022 Y104.878 F9000
M204 P1000
;TYPE:Outer wall
;WIDTH:0.419999
G1 F2880
G1 X111.983 Y105.166 E.01934
G1 F2760
G1 X112.888 Y105.646 E.01975
G1 X113.682 Y106.293 E.01974
G1 X114.334 Y107.082 E.01973
G1 X114.82 Y107.984 E.01975
G1 F2880
G1 X115.121 Y108.963 E.01974
G1 F2760
G1 X115.225 Y109.982 E.01974
G1 F2880
G1 X115.128 Y111.002 E.01975
G1 X114.834 Y111.983 E.01974
G1 X114.354 Y112.888 E.01975
G1 F2700
G1 X113.707 Y113.682 E.01974
G1 X112.918 Y114.334 E.01973
G1 F2820
G1 X112.016 Y114.82 E.01975
G1 X111.037 Y115.121 E.01974
G1 X110.018 Y115.225 E.01974
G1 X108.998 Y115.128 E.01975
G1 X108.017 Y114.834 E.01974
G1 X107.112 Y114.354 E.01975
G1 X106.318 Y113.707 E.01974
G1 X105.666 Y112.918 E.01973
G1 X105.18 Y112.016 E.01975
G1 X104.879 Y111.037 E.01974
G1 X104.774 Y110.005 E.02
G1 X104.872 Y108.998 E.0195
G1 X105.166 Y108.017 E.01974
G1 X105.646 Y107.112 E.01975
G1 X106.293 Y106.318 E.01974
G1 X107.082 Y105.666 E.01973
G1 X107.984 Y105.18 E.01975
G1 X108.963 Y104.879 E.01974
G1 X109.982 Y104.775 E.01974
G1 X110.983 Y104.87 E.01938
G1 E-.84 F2400
;WIPE_START
G1 F2820
G1 X111.942 Y105.154 E-.36
;WIPE_END
G17
G3 Z2.28 I-1.126 J-.463 P1  F9000
G1 X111.187 Y106.99 Z2.28
G1 Z1.88
G1 E1.2 F1800
M204 P2000
;TYPE:Inner wall
;WIDTH:0.449999
G1 F840
G1 X111.24 Y107.006 E.00115
G1 X111.801 Y107.305 E.01319
G1 X112.292 Y107.708 E.01318
G1 X112.695 Y108.199 E.01318
G1 X112.994 Y108.76 E.01319
G1 X113.179 Y109.368 E.01318
G1 X113.241 Y110 E.01317
G1 X113.179 Y110.632 E.01317
G1 X112.994 Y111.24 E.01318
G1 X112.695 Y111.801 E.01319
G1 X112.292 Y112.292 E.01318
G1 X111.801 Y112.695 E.01318
G1 X111.24 Y112.994 E.01319
G1 X110.632 Y113.179 E.01318
G1 X110 Y113.241 E.01317
G1 X109.368 Y113.179 E.01317
G1 X108.76 Y112.994 E.01318
G1 X108.199 Y112.695 E.01319
G1 X107.708 Y112.292 E.01318
G1 X107.305 Y111.801 E.01318
G1 X107.006 Y111.24 E.01319
G1 X106.821 Y110.632 E.01318
G1 X106.759 Y110 E.01317
G1 X106.821 Y109.368 E.01317
G1 X107.006 Y108.76 E.01318
G1 X107.305 Y108.199 E.01319
G1 X107.708 Y107.708 E.01318
G1 X108.199 Y107.305 E.01318
G1 X108.76 Y107.006 E.01319
G1 X109.368 Y106.821 E.01318
G1 X110 Y106.759 E.01317
G1 X110.632 Y106.821 E.01317
G1 X111.149 Y106.978 E.01121
G1 X111.31 Y106.586 F9000
M204 P1000
;TYPE:Outer wall
;WIDTH:0.419999
G1 F600
G1 X111.403 Y106.614 E.00187
G1 X112.036 Y106.953 E.01384
G1 X112.592 Y107.408 E.01385
G1 X113.047 Y107.964 E.01385
G1 X113.386 Y108.597 E.01384
G1 X113.595 Y109.285 E.01386
G1 X113.665 Y110 E.01385
G1 X113.595 Y110.715 E.01385
G1 X113.386 Y111.403 E.01386
G1 X113.047 Y112.036 E.01384
G1 X112.592 Y112.592 E.01385
G1 X112.036 Y113.047 E.01385
G1 X111.403 Y113.386 E.01384
G1 X110.715 Y113.595 E.01386
G1 X110 Y113.665 E.01385
G1 X109.285 Y113.595 E.01385
G1 X108.597 Y113.386 E.01386
G1 X107.964 Y113.047 E.01384
G1 X107.408 Y112.592 E.01385
G1 X106.953 Y112.036 E.01385
G1 X106.614 Y111.403 E.01384
G1 X106.405 Y110.715 E.01386
G1 X106.335 Y110 E.01385
G1 X106.405 Y109.285 E.01385
G1 X106.614 Y108.597 E.01386
G1 X106.953 Y107.964 E.01384
G1 X107.408 Y107.408 E.01385
G1 X107.964 Y106.953 E.01385
G1 X108.597 Y106.614 E.01384
G1 X109.285 Y106.405 E.01386
G1 X110 Y106.335 E.01385
G1 X110.715 Y106.405 E.01385
G1 F720
G1 X111.271 Y106.574 E.0112
G1 E-.84 F2400
;WIPE_START
G1 F720
G1 X111.403 Y106.614 E-.04932
G1 X112.036 Y106.953 E-.25865
G1 X112.148 Y107.044 E-.05203
;WIPE_END
G1 Z2.28 F9000
G1 X112.758 Y110.017 Z2.28
G1 Z1.88
G1 E1.2 F1800
M204 P2500
;TYPE:Internal solid infill
;WIDTH:0.559859
G1 F10800
M106 S255
G1 X112.708 Y109.479 E.01412
G1 X112.554 Y108.961 E.01412
G1 X112.302 Y108.482 E.01412
G1 X111.962 Y108.062 E.01412
G1 X111.546 Y107.717 E.01412
G1 X111.071 Y107.459 E.01412
G1 X110.555 Y107.299 E.01412
G1 X110.034 Y107.243 E.01367
G1 X109.48 Y107.292 E.01454
G1 X108.961 Y107.446 E.01414
G1 X108.482 Y107.698 E.01412
G1 X108.062 Y108.038 E.01412
G1 X107.717 Y108.454 E.01412
G1 X107.459 Y108.929 E.01412
G1 X107.299 Y109.445 E.01412
G1 X107.242 Y109.983 E.01412
G1 X107.292 Y110.521 E.01412
G1 X107.446 Y111.039 E.01412
G1 X107.698 Y111.518 E.01412
G1 X108.038 Y111.938 E.01412
G1 X108.454 Y112.283 E.01412
G1 X108.929 Y112.541 E.01412
G1 X109.445 Y112.701 E.01412
G1 X109.983 Y112.758 E.01412
G1 X110.521 Y112.708 E.01412
G1 X111.039 Y112.554 E.01412
G1 X111.518 Y112.302 E.01412
G1 X111.938 Y111.962 E.01412
G1 X112.283 Y111.546 E.01412
G1 X112.541 Y111.071 E.01412
G1 X112.701 Y110.555 E.01412
G1 X112.754 Y110.057 E.01307
G1 X112.271 Y110.09 F9000
;TYPE:Sparse infill
;WIDTH:0.45
G1 F10800
G1 X112.236 Y110.445 E.00739
G1 X112.106 Y110.872 E.00927
G1 X111.895 Y111.266 E.00927
G1 X111.612 Y111.612 E.00927
G1 X108.388 Y108.388 E.09456
G1 X108.105 Y108.734 E.00927
G1 X107.894 Y109.128 E.00927
G1 X107.764 Y109.555 E.00927
G1 X107.729 Y109.91 E.00739
; stop printing object JOYSTICK.stl id:15 copy 0
;LAYER_CHANGE
;Z:2
;HEIGHT:0.12
;BEFORE_LAYER_CHANGE
;2
G92 E0

G1 E-.97778 F2400
;WIPE_START
G1 F10800
G1 X107.764 Y109.555 E-.07921
G1 X107.894 Y109.128 E-.0993
G1 X107.987 Y108.954 E-.04371
;WIPE_END
;_SET_FAN_SPEED_CHANGING_LAYER
; printing object JOYSTICK.stl id:15 copy 0
G17
G3 Z2.4 I-1.172 J.327 P1  F9000
G1 X110 Y116.168 Z2.4
G1 Z2
G1 E1.2 F1800
M204 P2000
;TYPE:Inner wall
;WIDTH:0.467698
G1 F5400
G1 X108.797 Y116.049 E.02613
G1 X107.64 Y115.698 E.02613
G1 X106.573 Y115.128 E.02613
G1 X105.639 Y114.361 E.02613
G1 X104.872 Y113.427 E.02613
G1 X104.302 Y112.36 E.02613
G1 X103.951 Y111.203 E.02613
G1 X103.832 Y110 E.02613
G1 X103.951 Y108.797 E.02613
G1 X104.302 Y107.64 E.02613
G1 X104.872 Y106.573 E.02613
G1 X105.639 Y105.639 E.02613
G1 X106.573 Y104.872 E.02613
G1 X107.64 Y104.302 E.02613
G1 X108.797 Y103.951 E.02613
G1 X110 Y103.832 E.02613
G1 X111.203 Y103.951 E.02613
G1 X112.36 Y104.302 E.02613
G1 X113.427 Y104.872 E.02613
G1 X114.361 Y105.639 E.02613
G1 X115.128 Y106.573 E.02613
G1 X115.698 Y107.64 E.02613
G1 X116.049 Y108.797 E.02613
G1 X116.168 Y110 E.02613
G1 X116.049 Y111.203 E.02613
G1 X115.698 Y112.36 E.02613
G1 X115.128 Y113.427 E.02613
G1 X114.361 Y114.361 E.02613
G1 X113.427 Y115.128 E.02613
G1 X112.36 Y115.698 E.02613
G1 X111.203 Y116.049 E.02613
G1 X110.04 Y116.164 E.02526
G1 X110.003 Y116.601 F9000
M204 P1000
;TYPE:Outer wall
;WIDTH:0.419999
G1 F3600
G1 X110 Y116.601 E.00006
G1 X108.712 Y116.474 E.02494
G1 X107.474 Y116.098 E.02494
G1 X106.333 Y115.488 E.02494
G1 X105.332 Y114.668 E.02494
G1 X104.512 Y113.667 E.02494
G1 X103.902 Y112.526 E.02494
G1 X103.526 Y111.288 E.02494
G1 X103.399 Y110 E.02494
G1 X103.526 Y108.712 E.02494
G1 X103.902 Y107.474 E.02494
G1 X104.512 Y106.333 E.02494
G1 X105.332 Y105.332 E.02494
G1 X106.333 Y104.512 E.02494
G1 X107.474 Y103.902 E.02494
G1 X108.712 Y103.526 E.02494
G1 X110 Y103.399 E.02494
G1 X111.288 Y103.526 E.02494
G1 X112.526 Y103.902 E.02494
G1 X113.667 Y104.512 E.02494
G1 X114.668 Y105.332 E.02494
G1 X115.488 Y106.333 E.02494
G1 X116.098 Y107.474 E.02494
G1 X116.432 Y108.572 E.02212
G1 X116.488 Y108.858 E.00562
G1 X116.601 Y110 E.02212
G1 X116.474 Y111.288 E.02494
G1 X116.098 Y112.526 E.02494
G1 X115.488 Y113.667 E.02494
G1 X114.668 Y114.668 E.02494
G1 X113.667 Y115.488 E.02494
G1 X112.526 Y116.098 E.02494
G1 X111.288 Y116.474 E.02494
G1 X110.043 Y116.597 E.02412
G1 E-.84 F2400
;WIPE_START
G1 F3600
G1 X110 Y116.601 E-.01544
G1 X109.047 Y116.507 E-.34456
;WIPE_END
G17
G3 Z2.4 I1.201 J.199 P1  F9000
G1 X111.053 Y104.38 Z2.4
G1 Z2
G1 E1.2 F1800
M204 P2000
;TYPE:Inner wall
;WIDTH:0.467698
G1 F5220
G1 X111.117 Y104.386 E.00139
G1 X112.19 Y104.712 E.02423
G1 X113.18 Y105.241 E.02425
G1 X114.047 Y105.953 E.02424
G1 X114.759 Y106.82 E.02424
G1 X115.288 Y107.81 E.02425
G1 X115.614 Y108.883 E.02423
G1 X115.724 Y110 E.02425
G1 X115.614 Y111.117 E.02425
G1 X115.288 Y112.19 E.02423
G1 X114.759 Y113.18 E.02425
G1 F5100
G1 X114.047 Y114.047 E.02424
G1 X113.18 Y114.759 E.02424
G1 X112.19 Y115.288 E.02425
G1 F5280
G1 X111.117 Y115.614 E.02423
G1 F5160
G1 X110 Y115.724 E.02425
G1 X108.883 Y115.614 E.02425
G1 X107.81 Y115.288 E.02423
G1 F5280
G1 X106.82 Y114.759 E.02425
G1 F5160
G1 X105.953 Y114.047 E.02424
G1 F5280
G1 X105.241 Y113.18 E.02424
G1 F5160
G1 X104.712 Y112.19 E.02425
G1 X104.386 Y111.117 E.02423
G1 X104.276 Y110 E.02425
G1 X104.386 Y108.883 E.02425
G1 X104.712 Y107.81 E.02423
G1 X105.241 Y106.82 E.02425
G1 F5280
G1 X105.953 Y105.953 E.02424
G1 F5160
G1 X106.82 Y105.241 E.02424
G1 F5280
G1 X107.81 Y104.712 E.02425
G1 F5160
G1 X108.883 Y104.386 E.02423
G1 X110 Y104.276 E.02425
G1 X111.014 Y104.376 E.02202
G1 X111.011 Y104.809 F9000
M204 P1000
;TYPE:Outer wall
;WIDTH:0.419999
G1 F3000
G1 X111.032 Y104.811 E.00041
G1 X112.025 Y105.112 E.02
G1 X112.939 Y105.601 E.01998
G1 X113.741 Y106.259 E.02
G1 X114.399 Y107.061 E.02
G1 X114.888 Y107.975 E.01998
G1 X115.189 Y108.968 E.02
G1 X115.291 Y110 E.01999
G1 X115.189 Y111.032 E.01999
G1 X114.888 Y112.025 E.02
G1 X114.399 Y112.939 E.01998
G1 X113.741 Y113.741 E.02
G1 X112.939 Y114.399 E.02
G1 X112.025 Y114.888 E.01998
G1 X111.032 Y115.189 E.02
G1 X110 Y115.291 E.01999
G1 X108.968 Y115.189 E.01999
G1 X107.975 Y114.888 E.02
G1 X107.061 Y114.399 E.01998
G1 X106.259 Y113.741 E.02
G1 X105.601 Y112.939 E.02
G1 X105.112 Y112.025 E.01998
G1 X104.811 Y111.032 E.02
G1 X104.709 Y110 E.01999
G1 X104.811 Y108.968 E.01999
G1 X105.112 Y107.975 E.02
G1 X105.601 Y107.061 E.01998
G1 X106.259 Y106.259 E.02
G1 X107.061 Y105.601 E.02
G1 X107.975 Y105.112 E.01998
G1 X108.968 Y104.811 E.02
G1 X110 Y104.709 E.01999
G1 X110.971 Y104.805 E.01881
G1 E-.84 F2400
;WIPE_START
G1 F3000
G1 X111.032 Y104.811 E-.02203
G1 X111.931 Y105.083 E-.33797
;WIPE_END
G17
G3 Z2.4 I-1.135 J-.439 P1  F9000
G1 X111.228 Y106.9 Z2.4
G1 Z2
G1 E1.2 F1800
M204 P2000
;TYPE:Inner wall
;WIDTH:0.449999
G1 F960
G1 X111.278 Y106.915 E.00108
G1 X111.855 Y107.223 E.01357
G1 X112.361 Y107.639 E.01359
G1 X112.777 Y108.145 E.01359
G1 X113.085 Y108.722 E.01357
G1 X113.275 Y109.349 E.01359
G1 X113.339 Y110 E.01357
G1 X113.275 Y110.651 E.01357
G1 X113.085 Y111.278 E.01359
G1 X112.777 Y111.855 E.01357
G1 X112.361 Y112.361 E.01359
G1 X111.855 Y112.777 E.01359
G1 X111.278 Y113.085 E.01357
G1 X110.651 Y113.275 E.01359
G1 X110 Y113.339 E.01357
G1 X109.349 Y113.275 E.01357
G1 X108.722 Y113.085 E.01359
G1 X108.145 Y112.777 E.01357
G1 X107.639 Y112.361 E.01359
G1 X107.223 Y111.855 E.01359
G1 X106.915 Y111.278 E.01357
G1 X106.725 Y110.651 E.01359
G1 X106.661 Y110 E.01357
G1 X106.725 Y109.349 E.01357
G1 X106.915 Y108.722 E.01359
G1 X107.223 Y108.145 E.01357
G1 X107.639 Y107.639 E.01359
G1 X108.145 Y107.223 E.01359
G1 X108.722 Y106.915 E.01357
G1 X109.349 Y106.725 E.01359
G1 X110 Y106.661 E.01357
G1 X110.651 Y106.725 E.01357
G1 X111.19 Y106.888 E.01168
G1 X111.351 Y106.496 F9000
M204 P1000
;TYPE:Outer wall
;WIDTH:0.419999
G1 F780
G1 X111.44 Y106.523 E.00179
G1 X112.091 Y106.871 E.01423
G1 X112.661 Y107.339 E.01422
G1 X113.129 Y107.909 E.01422
G1 X113.477 Y108.56 E.01423
G1 X113.691 Y109.266 E.01422
G1 X113.764 Y110 E.01422
G1 X113.691 Y110.734 E.01422
G1 X113.477 Y111.44 E.01422
G1 X113.129 Y112.091 E.01423
G1 X112.661 Y112.661 E.01422
G1 X112.091 Y113.129 E.01422
G1 X111.44 Y113.477 E.01423
G1 X110.734 Y113.691 E.01422
G1 X110 Y113.764 E.01422
G1 X109.266 Y113.691 E.01422
G1 X108.56 Y113.477 E.01422
G1 X107.909 Y113.129 E.01423
G1 X107.339 Y112.661 E.01422
G1 X106.871 Y112.091 E.01422
G1 X106.523 Y111.44 E.01423
G1 X106.309 Y110.734 E.01422
G1 X106.236 Y110 E.01422
G1 X106.309 Y109.266 E.01422
G1 X106.523 Y108.56 E.01422
G1 X106.871 Y107.909 E.01423
G1 X107.339 Y107.339 E.01422
G1 X107.909 Y106.871 E.01422
G1 X108.56 Y106.523 E.01423
G1 X109.266 Y106.309 E.01422
G1 X110 Y106.236 E.01422
G1 X110.734 Y106.309 E.01422
G1 F900
G1 X111.312 Y106.484 E.01164
G1 E-.84 F2400
;WIPE_START
G1 F900
G1 X111.44 Y106.523 E-.0481
G1 X112.091 Y106.871 E-.2656
G1 X112.19 Y106.952 E-.0463
;WIPE_END
G1 Z2.4 F9000
G1 X112.88 Y110.015 Z2.4
G1 Z2
G1 E1.2 F1800
M204 P2500
;TYPE:Internal solid infill
;WIDTH:0.512346
G1 F10800
M106 S255
G1 X112.828 Y109.453 E.01343
G1 X112.667 Y108.912 E.01343
G1 X112.403 Y108.412 E.01343
G1 X112.047 Y107.974 E.01343
G1 X111.613 Y107.613 E.01343
G1 X111.116 Y107.345 E.01343
G1 X110.577 Y107.178 E.01343
G1 X110.032 Y107.121 E.01303
G1 X109.454 Y107.172 E.01381
G1 X108.912 Y107.333 E.01345
G1 X108.412 Y107.597 E.01343
G1 X107.974 Y107.953 E.01343
G1 X107.613 Y108.387 E.01343
G1 X107.345 Y108.884 E.01343
G1 X107.178 Y109.423 E.01343
G1 X107.12 Y109.985 E.01343
G1 X107.172 Y110.547 E.01343
G1 X107.333 Y111.088 E.01343
G1 X107.597 Y111.588 E.01343
G1 X107.953 Y112.026 E.01343
G1 X108.387 Y112.387 E.01343
G1 X108.884 Y112.655 E.01343
G1 X109.423 Y112.822 E.01343
G1 X109.985 Y112.88 E.01343
G1 X110.547 Y112.828 E.01343
G1 X111.088 Y112.667 E.01343
G1 X111.588 Y112.403 E.01343
G1 X112.026 Y112.047 E.01343
G1 X112.387 Y111.613 E.01343
G1 X112.655 Y111.116 E.01343
G1 X112.822 Y110.577 E.01343
G1 X112.876 Y110.055 E.01248
G1 X112.406 Y110.204 F9000
;TYPE:Sparse infill
;WIDTH:0.45
G1 F10800
G1 X112.379 Y110.473 E.00561
G1 X112.241 Y110.928 E.00986
G1 X112.017 Y111.348 E.00986
G1 X111.715 Y111.715 E.00986
G1 X108.285 Y108.285 E.10063
G1 X107.983 Y108.652 E.00986
G1 X107.759 Y109.072 E.00986
G1 X107.621 Y109.527 E.00986
G1 X107.594 Y109.796 E.00561
; stop printing object JOYSTICK.stl id:15 copy 0
;LAYER_CHANGE
;Z:2.12
;HEIGHT:0.12
;BEFORE_LAYER_CHANGE
;2.12
G92 E0

G1 E-.97778 F2400
;WIPE_START
G1 F10800
G1 X107.621 Y109.527 E-.0601
G1 X107.759 Y109.072 E-.10567
G1 X107.879 Y108.848 E-.05645
;WIPE_END
;_SET_FAN_SPEED_CHANGING_LAYER
; printing object JOYSTICK.stl id:15 copy 0
G17
G3 Z2.52 I-1.169 J.338 P1  F9000
G1 X110 Y116.184 Z2.52
G1 Z2.12
G1 E1.2 F1800
M204 P2000
;TYPE:Inner wall
;WIDTH:0.435781
G1 F5400
G1 X108.794 Y116.065 E.0243
G1 X107.634 Y115.713 E.0243
G1 X106.564 Y115.142 E.0243
G1 X105.627 Y114.373 E.0243
G1 X104.858 Y113.436 E.0243
G1 X104.287 Y112.366 E.0243
G1 X103.935 Y111.206 E.0243
G1 X103.816 Y110 E.0243
G1 X103.935 Y108.794 E.0243
G1 X104.287 Y107.634 E.0243
G1 X104.858 Y106.564 E.0243
G1 X105.627 Y105.627 E.0243
G1 X106.564 Y104.858 E.0243
G1 X107.634 Y104.287 E.0243
G1 X108.794 Y103.935 E.0243
G1 X110 Y103.816 E.0243
G1 X111.206 Y103.935 E.0243
G1 X112.366 Y104.287 E.0243
G1 X113.436 Y104.858 E.0243
G1 X114.373 Y105.627 E.0243
G1 X115.142 Y106.564 E.0243
G1 X115.713 Y107.634 E.0243
G1 X116.065 Y108.794 E.0243
G1 X116.184 Y110 E.0243
G1 X116.065 Y111.206 E.0243
G1 X115.713 Y112.366 E.0243
G1 X115.142 Y113.436 E.0243
G1 X114.373 Y114.373 E.0243
G1 X113.436 Y115.142 E.0243
G1 X112.366 Y115.713 E.0243
G1 X111.206 Y116.065 E.0243
G1 X110.04 Y116.18 E.0235
G1 X110.003 Y116.601 F9000
M204 P1000
;TYPE:Outer wall
;WIDTH:0.419999
G1 F3600
G1 X110 Y116.601 E.00006
G1 X108.712 Y116.474 E.02494
G1 X107.474 Y116.098 E.02494
G1 X106.333 Y115.488 E.02494
G1 X105.332 Y114.668 E.02494
G1 X104.512 Y113.667 E.02494
G1 X103.902 Y112.526 E.02494
G1 X103.526 Y111.288 E.02494
G1 X103.399 Y110 E.02494
G1 X103.526 Y108.712 E.02494
G1 X103.902 Y107.474 E.02494
G1 X104.512 Y106.333 E.02494
G1 X105.332 Y105.332 E.02494
G1 X106.333 Y104.512 E.02494
G1 X107.474 Y103.902 E.02494
G1 X108.712 Y103.526 E.02494
G1 X110 Y103.399 E.02494
G1 X111.288 Y103.526 E.02494
G1 X112.526 Y103.902 E.02494
G1 X113.667 Y104.512 E.02494
G1 X114.668 Y105.332 E.02494
G1 X115.488 Y106.333 E.02494
G1 X116.098 Y107.474 E.02494
G1 X116.474 Y108.712 E.02494
G1 X116.601 Y110 E.02494
G1 X116.474 Y111.288 E.02494
G1 X116.098 Y112.526 E.02494
G1 X115.488 Y113.667 E.02494
G1 X114.668 Y114.668 E.02494
G1 X113.667 Y115.488 E.02494
G1 X112.526 Y116.098 E.02494
G1 X111.288 Y116.474 E.02494
G1 X110.043 Y116.597 E.02412
G1 E-.84 F2400
;WIPE_START
G1 F3600
G1 X110 Y116.601 E-.01543
G1 X109.047 Y116.507 E-.34457
;WIPE_END
G17
G3 Z2.52 I1.201 J.199 P1  F9000
G1 X111.066 Y104.333 Z2.52
G1 Z2.12
G1 E1.2 F1800
M204 P2000
;TYPE:Inner wall
;WIDTH:0.435783
G1 F5400
G1 X111.126 Y104.339 E.00121
G1 X112.209 Y104.667 E.02268
G1 X113.207 Y105.201 E.02268
G1 X114.081 Y105.919 E.02268
G1 X114.799 Y106.793 E.02268
G1 X115.333 Y107.791 E.02268
G1 X115.661 Y108.874 E.02268
G1 X115.772 Y110 E.02268
G1 X115.661 Y111.126 E.02268
G1 X115.333 Y112.209 E.02268
G1 X114.799 Y113.207 E.02268
G1 X114.081 Y114.081 E.02268
G1 X113.207 Y114.799 E.02268
G1 X112.209 Y115.333 E.02268
G1 X111.126 Y115.661 E.02268
G1 X110 Y115.772 E.02268
G1 X108.874 Y115.661 E.02268
G1 X107.791 Y115.333 E.02268
G1 X106.793 Y114.799 E.02268
G1 X105.919 Y114.081 E.02268
G1 X105.201 Y113.207 E.02268
G1 X104.667 Y112.209 E.02268
G1 X104.339 Y111.126 E.02268
G1 X104.228 Y110 E.02268
G1 X104.339 Y108.874 E.02268
G1 X104.667 Y107.791 E.02268
G1 X105.201 Y106.793 E.02268
G1 X105.919 Y105.919 E.02268
G1 X106.793 Y105.201 E.02268
G1 X107.791 Y104.667 E.02268
G1 X108.874 Y104.339 E.02268
G1 X110 Y104.228 E.02268
G1 X111.026 Y104.329 E.02067
G1 X111.025 Y104.746 F9000
M204 P1000
;TYPE:Outer wall
;WIDTH:0.419999
G1 F3180
G1 X111.045 Y104.748 E.00039
G1 X112.049 Y105.053 E.02023
G1 X112.975 Y105.548 E.02024
G1 X113.786 Y106.214 E.02023
G1 X114.452 Y107.025 E.02023
G1 X114.947 Y107.951 E.02024
G1 X115.252 Y108.955 E.02023
G1 X115.355 Y110 E.02024
G1 X115.252 Y111.045 E.02024
G1 F3300
G1 X114.947 Y112.049 E.02023
G1 F3180
G1 X114.452 Y112.975 E.02024
G1 X113.786 Y113.786 E.02023
G1 X112.975 Y114.452 E.02023
G1 X112.049 Y114.947 E.02024
G1 X111.045 Y115.252 E.02023
G1 X110 Y115.355 E.02024
G1 X108.955 Y115.252 E.02024
G1 X107.951 Y114.947 E.02023
G1 X107.025 Y114.452 E.02024
G1 X106.214 Y113.786 E.02023
G1 F3300
G1 X105.548 Y112.975 E.02023
G1 F3180
G1 X105.053 Y112.049 E.02024
G1 X104.748 Y111.045 E.02023
G1 X104.645 Y110 E.02024
G1 X104.748 Y108.955 E.02024
G1 X105.053 Y107.951 E.02023
G1 X105.548 Y107.025 E.02024
G1 F3300
G1 X106.214 Y106.214 E.02023
G1 F3180
G1 X107.025 Y105.548 E.02023
G1 F3300
G1 X107.951 Y105.053 E.02024
G1 F3180
G1 X108.955 Y104.748 E.02023
G1 X110 Y104.645 E.02024
G1 X110.986 Y104.742 E.0191
G1 E-.84 F2400
;WIPE_START
G1 F3180
G1 X111.045 Y104.748 E-.02136
G1 X111.945 Y105.021 E-.33864
;WIPE_END
G17
G3 Z2.52 I-1.138 J-.43 P1  F9000
G1 X111.269 Y106.81 Z2.52
G1 Z2.12
G1 E1.2 F1800
M204 P2000
;TYPE:Inner wall
;WIDTH:0.449999
G1 F1020
G1 X111.316 Y106.824 E.00102
G1 X111.91 Y107.142 E.01398
G1 X112.431 Y107.569 E.01397
G1 X112.858 Y108.09 E.01397
G1 X113.176 Y108.684 E.01398
G1 X113.372 Y109.329 E.01398
G1 X113.438 Y110 E.01399
G1 X113.372 Y110.671 E.01399
G1 X113.176 Y111.316 E.01398
G1 X112.858 Y111.91 E.01398
G1 X112.431 Y112.431 E.01397
G1 X111.91 Y112.858 E.01397
G1 X111.316 Y113.176 E.01398
G1 X110.671 Y113.372 E.01398
G1 X110 Y113.438 E.01399
G1 X109.329 Y113.372 E.01399
G1 X108.684 Y113.176 E.01398
G1 X108.09 Y112.858 E.01398
G1 X107.569 Y112.431 E.01397
G1 X107.142 Y111.91 E.01397
G1 X106.824 Y111.316 E.01398
G1 X106.628 Y110.671 E.01398
G1 X106.562 Y110 E.01399
G1 X106.628 Y109.329 E.01399
G1 X106.824 Y108.684 E.01398
G1 X107.142 Y108.09 E.01398
G1 X107.569 Y107.569 E.01397
G1 X108.09 Y107.142 E.01397
G1 X108.684 Y106.824 E.01398
G1 X109.329 Y106.628 E.01398
G1 X110 Y106.562 E.01399
G1 X110.671 Y106.628 E.01399
G1 X111.231 Y106.798 E.01214
G1 X111.392 Y106.406 F9000
M204 P1000
;TYPE:Outer wall
;WIDTH:0.419999
G1 F960
G1 X111.478 Y106.432 E.00173
G1 X112.146 Y106.789 E.0146
G1 X112.731 Y107.269 E.01459
G1 X113.211 Y107.854 E.01459
G1 X113.568 Y108.522 E.0146
G1 X113.788 Y109.247 E.0146
G1 X113.862 Y110 E.01458
G1 X113.788 Y110.753 E.01458
G1 X113.568 Y111.478 E.0146
G1 X113.211 Y112.146 E.0146
G1 X112.731 Y112.731 E.01459
G1 X112.146 Y113.211 E.01459
G1 X111.478 Y113.568 E.0146
G1 X110.753 Y113.788 E.0146
G1 X110 Y113.862 E.01458
G1 X109.247 Y113.788 E.01458
G1 X108.522 Y113.568 E.0146
G1 X107.854 Y113.211 E.0146
G1 X107.269 Y112.731 E.01459
G1 X106.789 Y112.146 E.01459
G1 X106.432 Y111.478 E.0146
G1 X106.212 Y110.753 E.0146
G1 X106.138 Y110 E.01458
G1 X106.212 Y109.247 E.01458
G1 X106.432 Y108.522 E.0146
G1 X106.789 Y107.854 E.0146
G1 X107.269 Y107.269 E.01459
G1 X107.854 Y106.789 E.01459
G1 X108.522 Y106.432 E.0146
G1 X109.247 Y106.212 E.0146
G1 X110 Y106.138 E.01458
G1 X110.753 Y106.212 E.01458
G1 X111.353 Y106.394 E.01209
G1 E-.84 F2400
;WIPE_START
G1 F960
G1 X111.478 Y106.432 E-.04685
G1 X112.146 Y106.789 E-.27255
G1 X112.233 Y106.86 E-.0406
;WIPE_END
G1 Z2.52 F9000
G1 X109.682 Y107.464 Z2.52
G1 Z2.12
G1 E1.2 F1800
M204 P2500
;TYPE:Sparse infill
;WIDTH:0.45
G1 F10800
M106 S255
G1 X109.491 Y107.48 E.00399
G1 X109.016 Y107.624 E.01029
G1 X108.571 Y107.862 E.01046
G1 X108.181 Y108.181 E.01046
G1 X111.819 Y111.819 E.1067
G1 X111.429 Y112.138 E.01046
G1 X110.984 Y112.376 E.01046
G1 X110.502 Y112.522 E.01046
G1 X110.318 Y112.541 E.00383
G1 X113.003 Y110.013 F9000
;TYPE:Internal solid infill
;WIDTH:0.464919
G1 F10800
G1 X112.948 Y109.427 E.01264
G1 X112.779 Y108.863 E.01264
G1 X112.504 Y108.342 E.01264
G1 X112.132 Y107.886 E.01264
G1 X111.679 Y107.51 E.01264
G1 X111.161 Y107.231 E.01264
G1 X110.598 Y107.057 E.01264
G1 X110.065 Y107.002 E.01151
G1 X109.423 Y107.053 E.01383
G1 X108.863 Y107.221 E.01256
G1 X108.342 Y107.496 E.01264
G1 X107.886 Y107.868 E.01264
G1 X107.51 Y108.321 E.01264
G1 X107.231 Y108.839 E.01264
G1 X107.057 Y109.402 E.01264
G1 X106.997 Y109.987 E.01264
G1 X107.052 Y110.573 E.01264
G1 X107.221 Y111.137 E.01264
G1 X107.496 Y111.658 E.01264
G1 X107.868 Y112.114 E.01264
G1 X108.321 Y112.49 E.01264
G1 X108.839 Y112.769 E.01264
G1 X109.402 Y112.943 E.01264
G1 X109.987 Y113.003 E.01264
G1 X110.573 Y112.948 E.01264
G1 X111.137 Y112.779 E.01264
G1 X111.658 Y112.504 E.01264
G1 X112.114 Y112.132 E.01264
G1 X112.49 Y111.679 E.01264
G1 X112.769 Y111.161 E.01264
G1 X112.943 Y110.598 E.01264
G1 X112.999 Y110.053 E.01178
; stop printing object JOYSTICK.stl id:15 copy 0
;LAYER_CHANGE
;Z:2.24
;HEIGHT:0.12
;BEFORE_LAYER_CHANGE
;2.24
G92 E0

G1 E-.97778 F2400
;WIPE_START
G1 F10800
G1 X112.943 Y110.598 E-.12193
G1 X112.81 Y111.03 E-.1003
;WIPE_END
;_SET_FAN_SPEED_CHANGING_LAYER
; printing object JOYSTICK.stl id:15 copy 0
G17
G3 Z2.64 I-1.069 J-.581 P1  F9000
G1 X110 Y116.2 Z2.64
G1 Z2.24
G1 E1.2 F1800
M204 P2000
;TYPE:Inner wall
;WIDTH:0.403864
G1 F5400
G1 X108.79 Y116.081 E.02247
G1 X107.627 Y115.728 E.02247
G1 X106.555 Y115.155 E.02247
G1 X105.616 Y114.384 E.02247
G1 X104.845 Y113.445 E.02247
G1 X104.272 Y112.373 E.02247
G1 X103.919 Y111.21 E.02247
G1 X103.8 Y110 E.02247
G1 X103.919 Y108.79 E.02247
G1 X104.272 Y107.627 E.02247
G1 X104.845 Y106.555 E.02247
G1 X105.616 Y105.616 E.02247
G1 X106.555 Y104.845 E.02247
G1 X107.627 Y104.272 E.02247
G1 X108.79 Y103.919 E.02247
G1 X110 Y103.8 E.02247
G1 X111.21 Y103.919 E.02247
G1 X112.373 Y104.272 E.02247
G1 X113.445 Y104.845 E.02247
G1 X114.384 Y105.616 E.02247
G1 X115.155 Y106.555 E.02247
G1 X115.728 Y107.627 E.02247
G1 X116.081 Y108.79 E.02247
G1 X116.2 Y110 E.02247
G1 X116.081 Y111.21 E.02247
G1 X115.728 Y112.373 E.02247
G1 X115.155 Y113.445 E.02247
G1 X114.384 Y114.384 E.02247
G1 X113.445 Y115.155 E.02247
G1 X112.373 Y115.728 E.02247
G1 X111.21 Y116.081 E.02247
G1 X110.04 Y116.196 E.02173
G1 X110.003 Y116.601 F9000
M204 P1000
;TYPE:Outer wall
;WIDTH:0.419999
G1 F3600
G1 X110 Y116.601 E.00005
G1 X108.712 Y116.474 E.02494
G1 X107.474 Y116.098 E.02494
G1 X106.333 Y115.488 E.02494
G1 X105.332 Y114.668 E.02494
G1 X104.512 Y113.667 E.02494
G1 X103.902 Y112.526 E.02494
G1 X103.526 Y111.288 E.02494
G1 X103.399 Y110 E.02494
G1 X103.526 Y108.712 E.02494
G1 X103.902 Y107.474 E.02494
G1 X104.512 Y106.333 E.02494
G1 X105.332 Y105.332 E.02494
G1 X106.333 Y104.512 E.02494
G1 X107.474 Y103.902 E.02494
G1 X108.712 Y103.526 E.02494
G1 X110 Y103.399 E.02494
G1 X111.288 Y103.526 E.02494
G1 X112.526 Y103.902 E.02494
G1 X113.667 Y104.512 E.02494
G1 X114.668 Y105.332 E.02494
G1 X115.488 Y106.333 E.02494
G1 X116.098 Y107.474 E.02494
G1 X116.474 Y108.712 E.02494
G1 X116.601 Y110 E.02494
G1 X116.474 Y111.288 E.02494
G1 X116.098 Y112.526 E.02494
G1 X115.488 Y113.667 E.02494
G1 X114.668 Y114.668 E.02494
G1 X113.667 Y115.488 E.02494
G1 X112.526 Y116.098 E.02494
G1 X111.288 Y116.474 E.02494
G1 X110.043 Y116.597 E.02412
G1 E-.84 F2400
;WIPE_START
G1 F3600
G1 X110 Y116.601 E-.01542
G1 X109.047 Y116.507 E-.34458
;WIPE_END
G17
G3 Z2.64 I1.2 J.2 P1  F9000
G1 X111.079 Y104.286 Z2.64
G1 Z2.24
G1 E1.2 F1800
M204 P2000
;TYPE:Inner wall
;WIDTH:0.403866
G1 F5400
G1 X111.135 Y104.292 E.00105
G1 X112.227 Y104.623 E.02109
G1 X113.233 Y105.161 E.02109
G1 X114.115 Y105.885 E.02109
G1 X114.839 Y106.767 E.02109
G1 X115.377 Y107.773 E.02109
G1 X115.708 Y108.865 E.02109
G1 X115.82 Y110 E.02109
G1 X115.708 Y111.135 E.02109
G1 X115.377 Y112.227 E.02109
G1 X114.839 Y113.233 E.02109
G1 X114.115 Y114.115 E.02109
G1 X113.233 Y114.839 E.02109
G1 X112.227 Y115.377 E.02109
G1 X111.135 Y115.708 E.02109
G1 X110 Y115.82 E.02109
G1 X108.865 Y115.708 E.02109
G1 X107.773 Y115.377 E.02109
G1 X106.767 Y114.839 E.02109
G1 X105.885 Y114.115 E.02109
G1 X105.161 Y113.233 E.02109
G1 X104.623 Y112.227 E.02109
G1 X104.292 Y111.135 E.02109
G1 X104.18 Y110 E.02109
G1 X104.292 Y108.865 E.02109
G1 X104.623 Y107.773 E.02109
G1 X105.161 Y106.767 E.02109
G1 X105.885 Y105.885 E.02109
G1 X106.767 Y105.161 E.02109
G1 X107.773 Y104.623 E.02109
G1 X108.865 Y104.292 E.02109
G1 X110 Y104.18 E.02109
G1 X111.039 Y104.282 E.0193
G1 X111.04 Y104.683 F9000
M204 P1000
;TYPE:Outer wall
;WIDTH:0.419999
G1 F3420
G1 X111.057 Y104.685 E.00033
G1 X112.074 Y104.993 E.02048
G1 X113.011 Y105.494 E.02048
G1 X113.832 Y106.168 E.02048
G1 X114.506 Y106.989 E.02048
G1 X115.007 Y107.926 E.02048
G1 X115.315 Y108.943 E.02048
G1 X115.419 Y110 E.02047
G1 X115.315 Y111.057 E.02047
G1 X115.007 Y112.074 E.02048
G1 X114.506 Y113.011 E.02048
G1 F3300
G1 X113.832 Y113.832 E.02048
G1 X113.011 Y114.506 E.02048
G1 F3420
G1 X112.074 Y115.007 E.02048
G1 X111.057 Y115.315 E.02048
G1 X110 Y115.419 E.02047
G1 X108.943 Y115.315 E.02047
G1 X107.926 Y115.007 E.02048
G1 X106.989 Y114.506 E.02048
G1 X106.168 Y113.832 E.02048
G1 X105.494 Y113.011 E.02048
G1 X104.993 Y112.074 E.02048
G1 X104.685 Y111.057 E.02048
G1 X104.581 Y110 E.02047
G1 X104.685 Y108.943 E.02047
G1 X104.993 Y107.926 E.02048
G1 X105.494 Y106.989 E.02048
G1 X106.168 Y106.168 E.02048
G1 X106.989 Y105.494 E.02048
G1 X107.926 Y104.993 E.02048
G1 X108.943 Y104.685 E.02048
G1 X110 Y104.581 E.02047
G1 X111 Y104.679 E.01937
G1 E-.84 F2400
;WIPE_START
G1 F3420
G1 X111.057 Y104.685 E-.02073
G1 X111.959 Y104.959 E-.33927
;WIPE_END
G17
G3 Z2.64 I-1.142 J-.421 P1  F9000
G1 X111.31 Y106.72 Z2.64
G1 Z2.24
G1 E1.2 F1800
M204 P2000
;TYPE:Inner wall
;WIDTH:0.449999
G1 F1080
G1 X111.353 Y106.733 E.00093
G1 X111.965 Y107.06 E.01439
G1 X112.501 Y107.499 E.01437
G1 X112.94 Y108.035 E.01437
G1 X113.267 Y108.647 E.01439
G1 X113.468 Y109.31 E.01437
G1 X113.536 Y110 E.01438
G1 X113.468 Y110.69 E.01438
G1 X113.267 Y111.353 E.01437
G1 X112.94 Y111.965 E.01439
G1 X112.501 Y112.501 E.01437
G1 X111.965 Y112.94 E.01437
G1 X111.353 Y113.267 E.01439
G1 X110.69 Y113.468 E.01437
G1 X110 Y113.536 E.01438
G1 X109.31 Y113.468 E.01438
G1 X108.647 Y113.267 E.01437
G1 X108.035 Y112.94 E.01439
G1 X107.499 Y112.501 E.01437
G1 X107.06 Y111.965 E.01437
G1 X106.733 Y111.353 E.01439
G1 X106.532 Y110.69 E.01437
G1 X106.464 Y110 E.01438
G1 X106.532 Y109.31 E.01438
G1 X106.733 Y108.647 E.01437
G1 X107.06 Y108.035 E.01439
G1 X107.499 Y107.499 E.01437
G1 X108.035 Y107.06 E.01437
G1 X108.647 Y106.733 E.01439
G1 X109.31 Y106.532 E.01437
G1 X110 Y106.464 E.01438
G1 X110.69 Y106.532 E.01438
G1 X111.272 Y106.708 E.01261
G1 X111.433 Y106.316 F9000
M204 P1000
;TYPE:Outer wall
;WIDTH:0.419999
G1 F1020
G1 X111.516 Y106.341 E.00167
G1 X112.2 Y106.707 E.01495
G1 X112.8 Y107.2 E.01497
G1 X113.293 Y107.8 E.01497
G1 X113.659 Y108.484 E.01495
G1 X113.884 Y109.227 E.01496
G1 X113.96 Y110 E.01497
G1 X113.884 Y110.773 E.01497
G1 X113.659 Y111.516 E.01496
G1 X113.293 Y112.2 E.01495
G1 X112.8 Y112.8 E.01497
G1 X112.2 Y113.293 E.01497
G1 X111.516 Y113.659 E.01495
G1 X110.773 Y113.884 E.01496
G1 X110 Y113.96 E.01497
G1 X109.227 Y113.884 E.01497
G1 X108.484 Y113.659 E.01496
G1 X107.8 Y113.293 E.01495
G1 X107.2 Y112.8 E.01497
G1 X106.707 Y112.2 E.01497
G1 X106.341 Y111.516 E.01495
G1 X106.116 Y110.773 E.01496
G1 X106.04 Y110 E.01497
G1 X106.116 Y109.227 E.01497
G1 X106.341 Y108.484 E.01496
G1 X106.707 Y107.8 E.01495
G1 X107.2 Y107.2 E.01497
G1 X107.8 Y106.707 E.01497
G1 X108.484 Y106.341 E.01495
G1 X109.227 Y106.116 E.01496
G1 X110 Y106.04 E.01497
G1 X110.773 Y106.116 E.01497
G1 X111.394 Y106.304 E.01251
G1 E-.84 F2400
;WIPE_START
G1 F1020
G1 X111.516 Y106.341 E-.0456
G1 X112.2 Y106.707 E-.2795
G1 X112.275 Y106.768 E-.03491
;WIPE_END
G1 Z2.64 F9000
G1 X109.584 Y107.344 Z2.64
G1 Z2.24
G1 E1.2 F1800
M204 P2500
;TYPE:Sparse infill
;WIDTH:0.45
G1 F10800
M106 S255
G1 X109.474 Y107.355 E.0023
G1 X108.968 Y107.508 E.01097
G1 X108.502 Y107.758 E.01097
G1 X108.093 Y108.093 E.01097
G1 X111.907 Y111.907 E.11188
G1 X111.498 Y112.242 E.01097
G1 X111.032 Y112.492 E.01097
G1 X110.526 Y112.645 E.01097
G1 X110.416 Y112.656 E.0023
G1 X113.115 Y110.012 F9000
;TYPE:Internal solid infill
;WIDTH:0.438784
G1 F10800
G1 X113.057 Y109.404 E.01233
G1 X112.882 Y108.819 E.01233
G1 X112.596 Y108.279 E.01233
G1 X112.211 Y107.806 E.01233
G1 X111.74 Y107.417 E.01233
G1 X111.207 Y107.13 E.01222
G1 X110.607 Y106.949 E.01266
G1 X110.028 Y106.886 E.01175
G1 X109.404 Y106.943 E.01265
G1 X108.819 Y107.118 E.01234
G1 X108.279 Y107.404 E.01233
G1 X107.806 Y107.789 E.01233
G1 X107.417 Y108.26 E.01233
G1 X107.127 Y108.797 E.01233
G1 X106.947 Y109.381 E.01233
G1 X106.885 Y109.988 E.01233
G1 X106.943 Y110.596 E.01233
G1 X107.118 Y111.181 E.01233
G1 X107.404 Y111.721 E.01233
G1 X107.789 Y112.194 E.01233
G1 X108.26 Y112.583 E.01233
G1 X108.797 Y112.873 E.01233
G1 X109.381 Y113.053 E.01233
G1 X109.988 Y113.115 E.01233
G1 X110.596 Y113.057 E.01233
G1 X111.181 Y112.882 E.01233
G1 X111.721 Y112.596 E.01233
G1 X112.194 Y112.211 E.01233
G1 X112.583 Y111.74 E.01233
G1 X112.873 Y111.203 E.01233
G1 X113.053 Y110.619 E.01233
G1 X113.111 Y110.051 E.01152
; stop printing object JOYSTICK.stl id:15 copy 0
;LAYER_CHANGE
;Z:2.36
;HEIGHT:0.12
;BEFORE_LAYER_CHANGE
;2.36
G92 E0

G1 E-.97778 F2400
;WIPE_START
G1 F10800
G1 X113.053 Y110.619 E-.1268
G1 X112.926 Y111.029 E-.09542
;WIPE_END
;_SET_FAN_SPEED_CHANGING_LAYER
; printing object JOYSTICK.stl id:15 copy 0
G17
G3 Z2.76 I-1.06 J-.598 P1  F9000
G1 X110 Y116.216 Z2.76
G1 Z2.36
G1 E1.2 F1800
M204 P2000
;TYPE:Inner wall
;WIDTH:0.371949
G1 F5400
G1 X108.787 Y116.097 E.02063
G1 X107.621 Y115.743 E.02063
G1 X106.547 Y115.168 E.02063
G1 X105.605 Y114.395 E.02063
G1 X104.832 Y113.453 E.02063
G1 X104.257 Y112.379 E.02063
G1 X103.903 Y111.213 E.02063
G1 X103.784 Y110 E.02063
G1 X103.903 Y108.787 E.02063
G1 X104.257 Y107.621 E.02063
G1 X104.832 Y106.547 E.02063
G1 X105.605 Y105.605 E.02063
G1 X106.547 Y104.832 E.02063
G1 X107.621 Y104.257 E.02063
G1 X108.787 Y103.903 E.02063
G1 X110 Y103.784 E.02063
G1 X111.213 Y103.903 E.02063
G1 X112.379 Y104.257 E.02063
G1 X113.453 Y104.832 E.02063
G1 X114.395 Y105.605 E.02063
G1 X115.168 Y106.547 E.02063
G1 X115.743 Y107.621 E.02063
G1 X116.097 Y108.787 E.02063
G1 X116.216 Y110 E.02063
G1 X116.097 Y111.213 E.02063
G1 X115.743 Y112.379 E.02063
G1 X115.168 Y113.453 E.02063
G1 X114.395 Y114.395 E.02063
G1 X113.453 Y115.168 E.02063
G1 X112.379 Y115.743 E.02063
G1 X111.213 Y116.097 E.02063
G1 X110.04 Y116.212 E.01995
G1 X110.003 Y116.601 F9000
M204 P1000
;TYPE:Outer wall
;WIDTH:0.419999
G1 F3600
G1 X110 Y116.601 E.00005
G1 X108.712 Y116.474 E.02494
G1 X107.474 Y116.098 E.02494
G1 X106.333 Y115.488 E.02494
G1 X105.332 Y114.668 E.02494
G1 X104.512 Y113.667 E.02494
G1 X103.902 Y112.526 E.02494
G1 X103.526 Y111.288 E.02494
G1 X103.399 Y110 E.02494
G1 X103.526 Y108.712 E.02494
G1 X103.902 Y107.474 E.02494
G1 X104.512 Y106.333 E.02494
G1 X105.332 Y105.332 E.02494
G1 X106.333 Y104.512 E.02494
G1 X107.474 Y103.902 E.02494
G1 X108.712 Y103.526 E.02494
G1 X110 Y103.399 E.02494
G1 X111.288 Y103.526 E.02494
G1 X112.526 Y103.902 E.02494
G1 X113.667 Y104.512 E.02494
G1 X114.668 Y105.332 E.02494
G1 X115.488 Y106.333 E.02494
G1 X116.098 Y107.474 E.02494
G1 X116.474 Y108.712 E.02494
G1 X116.601 Y110 E.02494
G1 X116.474 Y111.288 E.02494
G1 X116.098 Y112.526 E.02494
G1 X115.488 Y113.667 E.02494
G1 X114.668 Y114.668 E.02494
G1 X113.667 Y115.489 E.02494
G1 X112.526 Y116.098 E.02494
G1 X111.288 Y116.474 E.02494
G1 X110.043 Y116.597 E.02412
G1 E-.84 F2400
;WIPE_START
G1 F3600
G1 X110 Y116.601 E-.01542
G1 X109.047 Y116.507 E-.34458
;WIPE_END
G17
G3 Z2.76 I1.2 J.2 P1  F9000
G1 X111.091 Y104.239 Z2.76
G1 Z2.36
G1 E1.2 F1800
M204 P2000
;TYPE:Inner wall
;WIDTH:0.371951
G1 F5400
G1 X111.145 Y104.245 E.00091
G1 X112.246 Y104.579 E.01947
G1 X113.26 Y105.121 E.01947
G1 X114.149 Y105.851 E.01947
G1 X114.879 Y106.74 E.01947
G1 X115.421 Y107.754 E.01947
G1 X115.755 Y108.855 E.01947
G1 X115.868 Y110 E.01947
G1 X115.755 Y111.145 E.01947
G1 X115.421 Y112.246 E.01947
G1 X114.879 Y113.26 E.01947
G1 X114.149 Y114.149 E.01947
G1 X113.26 Y114.879 E.01947
G1 X112.246 Y115.421 E.01947
G1 X111.145 Y115.755 E.01947
G1 X110 Y115.868 E.01947
G1 X108.855 Y115.755 E.01947
G1 X107.754 Y115.421 E.01947
G1 X106.74 Y114.879 E.01947
G1 X105.851 Y114.149 E.01947
G1 X105.121 Y113.26 E.01947
G1 X104.579 Y112.246 E.01947
G1 X104.245 Y111.145 E.01947
G1 X104.132 Y110 E.01947
G1 X104.245 Y108.855 E.01947
G1 X104.579 Y107.754 E.01947
G1 X105.121 Y106.74 E.01947
G1 X105.851 Y105.851 E.01947
G1 X106.74 Y105.121 E.01947
G1 X107.754 Y104.579 E.01947
G1 X108.855 Y104.245 E.01947
G1 X110 Y104.132 E.01947
G1 X111.052 Y104.235 E.01789
G1 X111.054 Y104.621 F9000
M204 P1000
;TYPE:Outer wall
;WIDTH:0.419999
G1 F3600
G1 X111.07 Y104.622 E.00031
G1 X112.098 Y104.934 E.02072
G1 X113.046 Y105.441 E.02072
G1 X113.877 Y106.123 E.02072
G1 X114.559 Y106.954 E.02072
G1 X115.066 Y107.902 E.02072
G1 X115.378 Y108.93 E.02072
G1 X115.483 Y110 E.02072
G1 X115.378 Y111.07 E.02072
G1 X115.066 Y112.098 E.02072
G1 X114.559 Y113.046 E.02072
G1 X113.877 Y113.877 E.02072
G1 X113.046 Y114.559 E.02072
G1 X112.098 Y115.066 E.02072
G1 X111.07 Y115.378 E.02072
G1 X110 Y115.483 E.02072
G1 X108.93 Y115.378 E.02072
G1 X107.902 Y115.066 E.02072
G1 X106.954 Y114.559 E.02072
G1 X106.123 Y113.877 E.02072
G1 X105.441 Y113.046 E.02072
G1 X104.934 Y112.098 E.02072
G1 X104.622 Y111.07 E.02072
G1 X104.517 Y110 E.02072
G1 X104.622 Y108.93 E.02072
G1 X104.934 Y107.902 E.02072
G1 X105.441 Y106.954 E.02072
G1 X106.123 Y106.123 E.02072
G1 X106.954 Y105.441 E.02072
G1 X107.902 Y104.934 E.02072
G1 X108.93 Y104.622 E.02072
G1 X110 Y104.517 E.02072
G1 X111.014 Y104.617 E.01964
G1 E-.84 F2400
;WIPE_START
G1 F3600
G1 X111.07 Y104.622 E-.02015
G1 X111.973 Y104.896 E-.33985
;WIPE_END
G17
G3 Z2.76 I-1.145 J-.411 P1  F9000
G1 X111.351 Y106.63 Z2.76
G1 Z2.36
G1 E1.2 F1800
M204 P2000
;TYPE:Inner wall
;WIDTH:0.449999
G1 F1200
G1 X111.391 Y106.642 E.00087
G1 X112.019 Y106.978 E.01477
G1 X112.57 Y107.43 E.01478
G1 X113.022 Y107.981 E.01478
G1 X113.358 Y108.609 E.01477
G1 X113.565 Y109.291 E.01478
G1 X113.635 Y110 E.01478
G1 X113.565 Y110.709 E.01478
G1 X113.358 Y111.391 E.01478
G1 X113.022 Y112.019 E.01477
G1 X112.57 Y112.57 E.01478
G1 X112.019 Y113.022 E.01478
G1 X111.391 Y113.358 E.01477
G1 X110.709 Y113.565 E.01478
G1 X110 Y113.635 E.01478
G1 X109.291 Y113.565 E.01478
G1 X108.609 Y113.358 E.01478
G1 X107.981 Y113.022 E.01477
G1 X107.43 Y112.57 E.01478
G1 X106.978 Y112.019 E.01478
G1 X106.642 Y111.391 E.01477
G1 X106.435 Y110.709 E.01478
G1 X106.365 Y110 E.01478
G1 X106.435 Y109.291 E.01478
G1 X106.642 Y108.609 E.01478
G1 X106.978 Y107.981 E.01477
G1 X107.43 Y107.43 E.01478
G1 X107.981 Y106.978 E.01478
G1 X108.609 Y106.642 E.01477
G1 X109.291 Y106.435 E.01478
G1 X110 Y106.365 E.01478
G1 X110.709 Y106.435 E.01478
G1 F1380
G1 X111.313 Y106.618 E.01309
G1 X111.474 Y106.226 F9000
M204 P1000
;TYPE:Outer wall
;WIDTH:0.419999
G1 F1080
G1 X111.553 Y106.25 E.00159
G1 X112.255 Y106.625 E.01534
G1 X112.87 Y107.13 E.01534
G1 X113.375 Y107.745 E.01534
G1 X113.75 Y108.447 E.01534
G1 X113.981 Y109.208 E.01533
G1 X114.059 Y110 E.01534
G1 X113.981 Y110.792 E.01534
G1 X113.75 Y111.553 E.01533
G1 X113.375 Y112.255 E.01534
G1 X112.87 Y112.87 E.01534
G1 X112.255 Y113.375 E.01534
G1 X111.553 Y113.75 E.01534
G1 X110.792 Y113.981 E.01533
G1 X110 Y114.059 E.01534
G1 X109.208 Y113.981 E.01534
G1 X108.447 Y113.75 E.01533
G1 X107.745 Y113.375 E.01534
G1 X107.13 Y112.87 E.01534
G1 X106.625 Y112.255 E.01534
G1 X106.25 Y111.553 E.01534
G1 X106.019 Y110.792 E.01533
G1 X105.941 Y110 E.01534
G1 X106.019 Y109.208 E.01534
G1 X106.25 Y108.447 E.01533
G1 X106.625 Y107.745 E.01534
G1 X107.13 Y107.13 E.01534
G1 X107.745 Y106.625 E.01534
G1 X108.447 Y106.25 E.01534
G1 X109.208 Y106.019 E.01533
G1 X110 Y105.941 E.01534
G1 X110.792 Y106.019 E.01534
G1 X111.435 Y106.214 E.01295
G1 E-.84 F2400
;WIPE_START
G1 F1080
G1 X111.553 Y106.25 E-.04435
G1 X112.255 Y106.625 E-.28645
G1 X112.318 Y106.677 E-.0292
;WIPE_END
G1 Z2.76 F9000
G1 X109.507 Y107.253 Z2.76
G1 Z2.36
G1 E1.2 F1800
M204 P2500
;TYPE:Sparse infill
;WIDTH:0.45
G1 F10800
M106 S255
G1 X108.93 Y107.417 E.01245
G1 X108.447 Y107.676 E.01137
G1 X108.023 Y108.023 E.01137
G1 X111.977 Y111.977 E.11596
G1 X111.553 Y112.324 E.01137
G1 X111.07 Y112.583 E.01137
G1 X110.493 Y112.747 E.01245
G1 X113.213 Y110.012 F9000
;TYPE:Internal solid infill
;WIDTH:0.4385
G1 F10800
G1 X113.154 Y109.384 E.01271
G1 X112.973 Y108.781 E.01271
G1 X112.678 Y108.224 E.01271
G1 X112.28 Y107.736 E.01271
G1 X111.795 Y107.335 E.01271
G1 X111.24 Y107.036 E.01271
G1 X110.638 Y106.851 E.01271
G1 X110.028 Y106.788 E.01237
G1 X109.385 Y106.846 E.01304
G1 X108.781 Y107.027 E.01272
G1 X108.224 Y107.322 E.01271
G1 X107.736 Y107.72 E.01271
G1 X107.335 Y108.205 E.01271
G1 X107.036 Y108.76 E.01271
G1 X106.851 Y109.362 E.01271
G1 X106.787 Y109.988 E.01271
G1 X106.846 Y110.616 E.01271
G1 X107.027 Y111.219 E.01271
G1 X107.322 Y111.776 E.01271
G1 X107.72 Y112.264 E.01271
G1 X108.205 Y112.665 E.01271
G1 X108.76 Y112.964 E.01271
G1 X109.362 Y113.149 E.01271
G1 X109.988 Y113.213 E.01271
G1 X110.616 Y113.154 E.01271
G1 X111.219 Y112.973 E.01271
G1 X111.776 Y112.678 E.01271
G1 X112.264 Y112.28 E.01271
G1 X112.665 Y111.795 E.01271
G1 X112.964 Y111.24 E.01271
G1 X113.149 Y110.638 E.01271
G1 X113.209 Y110.051 E.0119
; stop printing object JOYSTICK.stl id:15 copy 0
;LAYER_CHANGE
;Z:2.48
;HEIGHT:0.12
;BEFORE_LAYER_CHANGE
;2.48
G92 E0

G1 E-.97778 F2400
;WIPE_START
G1 F10800
G1 X113.149 Y110.638 E-.13109
G1 X113.029 Y111.03 E-.09113
;WIPE_END
;_SET_FAN_SPEED_CHANGING_LAYER
; printing object JOYSTICK.stl id:15 copy 0
G17
G3 Z2.88 I-1.069 J-.581 P1  F9000
G1 X110.003 Y116.601 Z2.88
G1 Z2.48
G1 E1.2 F1800
M204 P1000
;TYPE:Outer wall
;WIDTH:0.419999
G1 F3600
G1 X110 Y116.601 E.00005
G1 X108.712 Y116.474 E.02494
G1 X107.474 Y116.098 E.02494
G1 X106.333 Y115.488 E.02494
G1 X105.332 Y114.668 E.02494
G1 X104.512 Y113.667 E.02494
G1 X103.902 Y112.526 E.02494
G1 X103.526 Y111.288 E.02494
G1 X103.399 Y110 E.02494
G1 X103.526 Y108.712 E.02494
G1 X103.902 Y107.474 E.02494
G1 X104.512 Y106.333 E.02494
G1 X105.332 Y105.332 E.02494
G1 X106.333 Y104.512 E.02494
G1 X107.474 Y103.902 E.02494
G1 X108.712 Y103.526 E.02494
G1 X110 Y103.399 E.02494
G1 X111.288 Y103.526 E.02494
G1 X112.526 Y103.902 E.02494
G1 X113.667 Y104.512 E.02494
G1 X114.668 Y105.332 E.02494
G1 X115.488 Y106.333 E.02494
G1 X116.098 Y107.474 E.02494
G1 X116.474 Y108.712 E.02494
G1 X116.601 Y110 E.02494
G1 X116.474 Y111.288 E.02494
G1 X116.098 Y112.526 E.02494
G1 X115.488 Y113.667 E.02494
G1 X114.668 Y114.668 E.02494
G1 X113.667 Y115.488 E.02494
G1 X112.526 Y116.098 E.02494
G1 X111.288 Y116.474 E.02494
G1 X110.043 Y116.597 E.02412
G1 E-.84 F2400
;WIPE_START
G1 F3600
G1 X110 Y116.601 E-.01541
G1 X109.047 Y116.507 E-.34459
;WIPE_END
G17
G3 Z2.88 I1.2 J.203 P1  F9000
G1 X111.068 Y104.558 Z2.88
G1 Z2.48
G1 E1.2 F1800
G1 F3600
G1 X111.082 Y104.559 E.00028
G1 X112.123 Y104.875 E.02096
G1 X113.082 Y105.388 E.02096
G1 X113.923 Y106.077 E.02096
G1 X114.612 Y106.918 E.02096
G1 X115.125 Y107.877 E.02096
G1 X115.441 Y108.918 E.02096
G1 X115.547 Y110 E.02096
G1 X115.441 Y111.082 E.02096
G1 X115.125 Y112.123 E.02096
G1 X114.612 Y113.082 E.02096
G1 X113.923 Y113.923 E.02096
G1 X113.082 Y114.612 E.02096
G1 X112.123 Y115.125 E.02096
G1 X111.082 Y115.441 E.02096
G1 X110 Y115.547 E.02096
G1 X108.918 Y115.441 E.02096
G1 X107.877 Y115.125 E.02096
G1 X106.918 Y114.612 E.02096
G1 X106.077 Y113.923 E.02096
G1 X105.388 Y113.082 E.02096
G1 X104.875 Y112.123 E.02096
G1 X104.559 Y111.082 E.02096
G1 X104.453 Y110 E.02096
G1 X104.559 Y108.918 E.02096
G1 X104.875 Y107.877 E.02096
G1 X105.388 Y106.918 E.02096
G1 X106.077 Y106.077 E.02096
G1 X106.918 Y105.388 E.02096
G1 X107.877 Y104.875 E.02096
G1 X108.918 Y104.559 E.02096
G1 X110 Y104.453 E.02096
G1 X111.028 Y104.554 E.01991
G1 E-.84 F2400
;WIPE_START
G1 F3600
G1 X111.082 Y104.559 E-.01964
G1 X111.987 Y104.834 E-.34036
;WIPE_END
G17
G3 Z2.88 I-1.198 J-.212 P1  F9000
G1 X110 Y116.074 Z2.88
G1 Z2.48
G1 E1.2 F1800
M204 P2000
;TYPE:Inner wall
;WIDTH:0.654314
G1 F5280
G1 X108.815 Y115.957 E.03659
G1 X107.676 Y115.612 E.03657
G1 F5400
G1 X106.625 Y115.05 E.03663
G1 F5280
G1 X105.705 Y114.295 E.03658
G1 F5400
G1 X104.95 Y113.375 E.03658
G1 F5280
G1 X104.388 Y112.324 E.03663
G1 X104.043 Y111.185 E.03657
G1 X103.926 Y110 E.03659
G1 X104.043 Y108.815 E.03659
G1 X104.388 Y107.676 E.03657
G1 X104.95 Y106.625 E.03663
G1 F5400
G1 X105.705 Y105.705 E.03658
G1 F5280
G1 X106.625 Y104.95 E.03658
G1 F5400
G1 X107.676 Y104.388 E.03663
G1 F5280
G1 X108.815 Y104.043 E.03657
G1 X110 Y103.926 E.03659
G1 X111.185 Y104.043 E.03659
G1 F5400
G1 X112.324 Y104.388 E.03657
G1 F5280
G1 X113.375 Y104.95 E.03663
G1 X114.295 Y105.705 E.03658
G1 F5400
G1 X115.05 Y106.625 E.03658
G1 F5280
G1 X115.612 Y107.676 E.03663
G1 F5400
G1 X115.957 Y108.815 E.03657
G1 F5280
G1 X116.074 Y110 E.03659
G1 F5400
G1 X115.957 Y111.185 E.03659
G1 X115.612 Y112.324 E.03657
G1 F5220
G1 X115.05 Y113.375 E.03663
G1 X114.295 Y114.295 E.03658
G1 X113.375 Y115.05 E.03658
G1 X112.324 Y115.612 E.03663
G1 F5340
G1 X111.185 Y115.957 E.03657
G1 X110.04 Y116.07 E.03536
G1 E-.84 F2400
;WIPE_START
G1 F5340
G1 X109.044 Y115.979 E-.36
;WIPE_END
G17
G3 Z2.88 I1.181 J.294 P1  F9000
G1 X111.392 Y106.54 Z2.88
G1 Z2.48
G1 E1.2 F1800
;WIDTH:0.449999
G1 F1920
G1 X111.429 Y106.551 E.0008
G1 X112.074 Y106.896 E.01517
G1 X112.64 Y107.36 E.01518
G1 X113.104 Y107.926 E.01518
G1 X113.449 Y108.571 E.01517
G1 F2340
G1 X113.662 Y109.272 E.0152
G1 F1800
G1 X113.733 Y110 E.01517
G1 F2280
G1 X113.662 Y110.728 E.01517
G1 X113.449 Y111.429 E.0152
G1 F1920
G1 X113.104 Y112.074 E.01517
G1 F1620
G1 X112.64 Y112.64 E.01518
G1 X112.074 Y113.104 E.01518
G1 F1920
G1 X111.429 Y113.449 E.01517
G1 F2280
G1 X110.728 Y113.662 E.0152
G1 F1920
G1 X110 Y113.733 E.01517
G1 X109.272 Y113.662 E.01517
G1 X108.571 Y113.449 E.0152
G1 F2280
G1 X107.926 Y113.104 E.01517
G1 F1920
G1 X107.36 Y112.64 E.01518
G1 F2280
G1 X106.896 Y112.074 E.01518
G1 F1920
G1 X106.551 Y111.429 E.01517
G1 X106.338 Y110.728 E.0152
G1 X106.267 Y110 E.01517
G1 X106.338 Y109.272 E.01517
G1 X106.551 Y108.571 E.0152
G1 X106.896 Y107.926 E.01517
G1 F2280
G1 X107.36 Y107.36 E.01518
G1 F1920
G1 X107.926 Y106.896 E.01518
G1 F2280
G1 X108.571 Y106.551 E.01517
G1 F1920
G1 X109.27 Y106.339 E.01515
G1 X110.023 Y106.269 E.01569
G1 X110.728 Y106.338 E.01469
G1 F2460
G1 X111.354 Y106.528 E.01357
G1 X111.515 Y106.136 F9000
M204 P1000
;TYPE:Outer wall
;WIDTH:0.419999
G1 F1200
G1 X111.591 Y106.159 E.00153
G1 X112.31 Y106.543 E.01571
G1 X112.94 Y107.06 E.01571
G1 X113.457 Y107.69 E.01571
G1 X113.841 Y108.409 E.01571
G1 F1380
G1 X114.078 Y109.189 E.01571
G1 F1200
G1 X114.157 Y110 E.01571
G1 F1380
G1 X114.078 Y110.811 E.01571
G1 X113.841 Y111.591 E.01571
G1 F1200
G1 X113.457 Y112.31 E.01571
G1 X112.94 Y112.94 E.01571
G1 X112.31 Y113.457 E.01571
G1 X111.591 Y113.841 E.01571
G1 F1380
G1 X110.811 Y114.078 E.01571
G1 F1200
G1 X110 Y114.157 E.01571
G1 X109.189 Y114.078 E.01571
G1 X108.409 Y113.841 E.01571
G1 F1380
G1 X107.69 Y113.457 E.01571
G1 F1200
G1 X107.06 Y112.94 E.01571
G1 F1380
G1 X106.543 Y112.31 E.01571
G1 F1200
G1 X106.159 Y111.591 E.01571
G1 X105.922 Y110.811 E.01571
G1 X105.843 Y110 E.01571
G1 X105.922 Y109.189 E.01571
G1 X106.159 Y108.409 E.01571
G1 X106.543 Y107.69 E.01571
G1 F1380
G1 X107.06 Y107.06 E.01571
G1 F1200
G1 X107.69 Y106.543 E.01571
G1 F1380
G1 X108.409 Y106.159 E.01571
G1 F1200
G1 X109.188 Y105.923 E.01569
G1 X110.024 Y105.845 E.01618
G1 X110.811 Y105.922 E.01524
G1 F1500
G1 X111.476 Y106.124 E.0134
G1 E-.84 F2400
;WIPE_START
G1 F1500
G1 X111.591 Y106.159 E-.04312
G1 X112.31 Y106.543 E-.2934
G1 X112.36 Y106.585 E-.02348
;WIPE_END
G1 Z2.88 F9000
G1 X113.25 Y109.365 Z2.88
G1 Z2.48
G1 E1.2 F1800
M204 P2500
;TYPE:Internal solid infill
;WIDTH:0.438479
G1 F10800
M106 S255
G1 X113.064 Y108.743 E.0131
G1 X112.76 Y108.17 E.0131
G1 X112.35 Y107.667 E.0131
G1 X111.849 Y107.253 E.0131
G1 X111.278 Y106.945 E.0131
G1 X110.657 Y106.754 E.0131
G1 X110.028 Y106.689 E.01276
G1 X109.366 Y106.75 E.01342
G1 X108.743 Y106.936 E.01311
G1 X108.17 Y107.24 E.0131
G1 X107.667 Y107.65 E.0131
G1 X107.253 Y108.151 E.0131
G1 X106.945 Y108.722 E.0131
G1 X106.754 Y109.343 E.0131
G1 X106.688 Y109.988 E.0131
G1 X106.75 Y110.635 E.0131
G1 X106.936 Y111.257 E.0131
G1 X107.24 Y111.83 E.0131
G1 X107.65 Y112.333 E.0131
G1 X108.151 Y112.747 E.0131
G1 X108.722 Y113.055 E.0131
G1 X109.343 Y113.246 E.0131
G1 X109.988 Y113.312 E.0131
G1 X110.635 Y113.25 E.0131
G1 X111.257 Y113.064 E.0131
G1 X111.83 Y112.76 E.0131
G1 X112.333 Y112.35 E.0131
G1 X112.747 Y111.849 E.0131
G1 X113.055 Y111.278 E.0131
G1 X113.246 Y110.657 E.0131
G1 X113.312 Y110.012 E.0131
G1 X113.254 Y109.405 E.01229
G1 X112.828 Y110.597 F9000
;TYPE:Sparse infill
;WIDTH:0.45
G1 F10800
G1 X112.674 Y111.107 E.01106
G1 X112.406 Y111.608 E.01177
G1 X112.024 Y112.065 E.01236
G1 X111.08 Y111.406 E.02387
G1 X110.754 Y111.08 E.00957
G1 X109.246 Y108.92 E.05463
G1 X108.92 Y108.594 E.00957
G1 X107.976 Y107.935 E.02387
G1 X107.594 Y108.392 E.01236
G1 X107.326 Y108.893 E.01177
G1 X107.172 Y109.403 E.01106
; stop printing object JOYSTICK.stl id:15 copy 0
;LAYER_CHANGE
;Z:2.6
;HEIGHT:0.12
;BEFORE_LAYER_CHANGE
;2.6
G92 E0

G1 E-.97778 F2400
;WIPE_START
G1 F10800
G1 X107.326 Y108.893 E-.11848
G1 X107.547 Y108.481 E-.10374
;WIPE_END
;_SET_FAN_SPEED_CHANGING_LAYER
; printing object JOYSTICK.stl id:15 copy 0
G17
G3 Z3 I-1.165 J.352 P1  F9000
G1 X110.003 Y116.601 Z3
G1 Z2.6
G1 E1.2 F1800
M204 P1000
;TYPE:Outer wall
;WIDTH:0.419999
G1 F3600
G1 X110 Y116.601 E.00005
G1 X108.712 Y116.474 E.02494
G1 X107.474 Y116.098 E.02494
G1 X106.333 Y115.488 E.02494
G1 X105.332 Y114.668 E.02494
G1 X104.512 Y113.667 E.02494
G1 X103.902 Y112.526 E.02494
G1 X103.526 Y111.288 E.02494
G1 X103.399 Y110 E.02494
G1 X103.526 Y108.712 E.02494
G1 X103.902 Y107.474 E.02494
G1 X104.512 Y106.333 E.02494
G1 X105.332 Y105.332 E.02494
G1 X106.333 Y104.512 E.02494
G1 X107.474 Y103.902 E.02494
G1 X108.712 Y103.526 E.02494
G1 X110 Y103.399 E.02494
G1 X111.288 Y103.526 E.02494
G1 X112.526 Y103.902 E.02494
G1 X113.667 Y104.512 E.02494
G1 X114.668 Y105.332 E.02494
G1 X115.488 Y106.333 E.02494
G1 X116.098 Y107.474 E.02494
G1 X116.474 Y108.712 E.02494
G1 X116.601 Y110 E.02494
G1 X116.474 Y111.288 E.02494
G1 X116.098 Y112.526 E.02494
G1 X115.488 Y113.667 E.02494
G1 X114.668 Y114.668 E.02494
G1 X113.667 Y115.488 E.02494
G1 X112.526 Y116.098 E.02494
G1 X111.288 Y116.474 E.02494
G1 X110.043 Y116.597 E.02412
G1 E-.84 F2400
;WIPE_START
G1 F3600
G1 X110 Y116.601 E-.0154
G1 X109.047 Y116.507 E-.3446
;WIPE_END
G17
G3 Z3 I1.2 J.203 P1  F9000
G1 X111.081 Y104.5 Z3
G1 Z2.6
G1 E1.2 F1800
G1 F3600
G1 X111.093 Y104.501 E.00025
G1 X112.146 Y104.82 E.02119
G1 X113.115 Y105.338 E.02119
G1 X113.965 Y106.035 E.02119
G1 X114.662 Y106.885 E.02119
G1 X115.18 Y107.854 E.02119
G1 X115.499 Y108.906 E.02119
G1 X115.607 Y110 E.02119
G1 X115.499 Y111.094 E.02119
G1 X115.18 Y112.146 E.02119
G1 X114.662 Y113.115 E.02119
G1 X113.965 Y113.965 E.02119
G1 X113.115 Y114.662 E.02119
G1 X112.146 Y115.18 E.02119
G1 X111.094 Y115.499 E.02119
G1 X110 Y115.607 E.02119
G1 X108.906 Y115.499 E.02119
G1 X107.854 Y115.18 E.02119
G1 X106.885 Y114.662 E.02119
G1 X106.035 Y113.965 E.02119
G1 X105.338 Y113.115 E.02119
G1 X104.82 Y112.146 E.02119
G1 X104.501 Y111.094 E.02119
G1 X104.393 Y110 E.02119
G1 X104.501 Y108.906 E.02119
G1 X104.82 Y107.854 E.02119
G1 X105.338 Y106.885 E.02119
G1 X106.035 Y106.035 E.02119
G1 X106.885 Y105.338 E.02119
G1 X107.854 Y104.82 E.02119
G1 X108.906 Y104.501 E.02119
G1 X109.978 Y104.395 E.02077
G1 X111.041 Y104.496 E.02057
G1 E-.84 F2400
;WIPE_START
G1 F3600
G1 X111.093 Y104.501 E-.019
G1 X112 Y104.776 E-.341
;WIPE_END
G17
G3 Z3 I-1.198 J-.212 P1  F9000
G1 X110 Y116.104 Z3
G1 Z2.6
G1 E1.2 F1800
M204 P2000
;TYPE:Inner wall
;WIDTH:0.595242
G1 F5400
G1 X108.809 Y115.987 E.03332
G1 X107.664 Y115.639 E.03332
G1 X106.609 Y115.075 E.03332
G1 X105.684 Y114.316 E.03332
G1 X104.925 Y113.391 E.03332
G1 X104.361 Y112.336 E.03332
G1 X104.013 Y111.191 E.03332
G1 X103.896 Y110 E.03332
G1 X104.013 Y108.809 E.03332
G1 X104.361 Y107.664 E.03332
G1 X104.925 Y106.609 E.03332
G1 X105.684 Y105.684 E.03332
G1 X106.609 Y104.925 E.03332
G1 X107.664 Y104.361 E.03332
G1 X108.809 Y104.013 E.03332
G1 X109.989 Y103.897 E.03301
G1 X111.19 Y104.013 E.0336
G1 X112.336 Y104.361 E.03334
G1 X113.391 Y104.925 E.03332
G1 X114.316 Y105.684 E.03332
G1 X115.075 Y106.609 E.03332
G1 X115.639 Y107.664 E.03332
G1 X115.987 Y108.809 E.03332
G1 X116.104 Y110 E.03332
G1 X115.987 Y111.191 E.03332
G1 X115.639 Y112.336 E.03332
G1 X115.075 Y113.391 E.03332
G1 X114.316 Y114.316 E.03332
G1 X113.391 Y115.075 E.03332
G1 X112.336 Y115.639 E.03332
G1 X111.191 Y115.987 E.03332
G1 X110.04 Y116.1 E.0322
G1 E-.84 F2400
;WIPE_START
G1 F5400
G1 X109.044 Y116.008 E-.36
;WIPE_END
G17
G3 Z3 I1.181 J.295 P1  F9000
G1 X111.425 Y106.475 Z3
G1 Z2.6
G1 E1.2 F1800
;WIDTH:0.449999
G1 F3060
G1 X111.456 Y106.485 E.00068
G1 X112.114 Y106.836 E.01547
G1 X112.691 Y107.309 E.01548
G1 X113.164 Y107.886 E.01548
G1 X113.515 Y108.544 E.01547
G1 F3480
G1 X113.732 Y109.258 E.01548
G1 F3000
G1 X113.805 Y110 E.01547
G1 F3420
G1 X113.732 Y110.742 E.01547
G1 X113.515 Y111.456 E.01548
G1 F3060
G1 X113.164 Y112.114 E.01547
G1 F2820
G1 X112.691 Y112.691 E.01548
G1 X112.114 Y113.164 E.01548
G1 F3060
G1 X111.456 Y113.515 E.01547
G1 F3420
G1 X110.742 Y113.732 E.01548
G1 F3060
G1 X110 Y113.805 E.01547
G1 X109.258 Y113.732 E.01547
G1 X108.544 Y113.515 E.01548
G1 F3420
G1 X107.886 Y113.164 E.01547
G1 F3060
G1 X107.309 Y112.691 E.01548
G1 F3420
G1 X106.836 Y112.114 E.01548
G1 F3060
G1 X106.485 Y111.456 E.01547
G1 X106.268 Y110.742 E.01548
G1 X106.195 Y110 E.01547
G1 X106.268 Y109.258 E.01547
G1 X106.485 Y108.544 E.01548
G1 X106.836 Y107.886 E.01547
G1 F3420
G1 X107.309 Y107.309 E.01548
G1 F3060
G1 X107.886 Y106.836 E.01548
G1 F3420
G1 X108.544 Y106.485 E.01547
G1 F3060
G1 X109.258 Y106.268 E.01548
G1 X110 Y106.195 E.01547
G1 X110.742 Y106.268 E.01547
G1 F3540
G1 X111.387 Y106.464 E.01398
G1 X111.548 Y106.071 F9000
M204 P1000
;TYPE:Outer wall
;WIDTH:0.419999
G1 F1740
G1 X111.618 Y106.093 E.00141
G1 X112.35 Y106.484 E.016
G1 X112.991 Y107.009 E.01597
G1 X113.516 Y107.65 E.01597
G1 X113.907 Y108.382 E.016
G1 F2040
G1 X114.148 Y109.175 E.01598
G1 F1680
G1 X114.229 Y110 E.01598
G1 F1980
G1 X114.148 Y110.825 E.01598
G1 X113.907 Y111.618 E.01598
G1 F1740
G1 X113.516 Y112.35 E.016
G1 F1620
G1 X112.991 Y112.991 E.01597
G1 X112.35 Y113.516 E.01597
G1 F1740
G1 X111.618 Y113.907 E.016
G1 F1980
G1 X110.825 Y114.148 E.01598
G1 F1740
G1 X110 Y114.229 E.01598
G1 X109.175 Y114.148 E.01598
G1 X108.382 Y113.907 E.01598
G1 F1980
G1 X107.65 Y113.516 E.016
G1 F1740
G1 X107.009 Y112.991 E.01597
G1 F1980
G1 X106.484 Y112.35 E.01597
G1 F1740
G1 X106.093 Y111.618 E.016
G1 X105.852 Y110.825 E.01598
G1 X105.771 Y110 E.01598
G1 X105.852 Y109.175 E.01598
G1 X106.093 Y108.382 E.01598
G1 X106.484 Y107.65 E.016
G1 F1980
G1 X107.009 Y107.009 E.01597
G1 F1740
G1 X107.65 Y106.484 E.01597
G1 F1980
G1 X108.382 Y106.093 E.016
G1 F1740
G1 X109.175 Y105.852 E.01598
G1 X110 Y105.771 E.01598
G1 X110.825 Y105.852 E.01598
G1 F2100
G1 X111.51 Y106.06 E.0138
G1 E-.84 F2400
;WIPE_START
G1 F2100
G1 X111.618 Y106.093 E-.04099
G1 X112.35 Y106.484 E-.29846
G1 X112.394 Y106.52 E-.02055
;WIPE_END
G1 Z3 F9000
G1 X112.839 Y109.1 Z3
G1 Z2.6
G1 E1.2 F1800
M204 P2500
;TYPE:Sparse infill
;WIDTH:0.45
G1 F10800
M106 S255
G1 X112.765 Y108.855 E.00531
G1 X112.488 Y108.338 E.01217
G1 X112.116 Y107.884 E.01217
G1 X111.909 Y107.714 E.00556
G1 X111.08 Y107.299 E.01923
G1 X110.961 Y107.18 E.00349
G1 X110.584 Y107.065 E.00818
G1 X110 Y107.008 E.01217
G1 X109.416 Y107.065 E.01217
G1 X108.855 Y107.235 E.01217
G1 X108.338 Y107.512 E.01217
G1 X107.901 Y107.87 E.01172
G1 X108.92 Y108.382 E.02365
G1 X109.459 Y108.92 E.0158
G1 X110.541 Y111.08 E.05012
G1 X111.08 Y111.618 E.0158
G1 X112.099 Y112.13 E.02365
G1 X111.662 Y112.488 E.01172
G1 X111.145 Y112.765 E.01217
G1 X110.584 Y112.935 E.01217
G1 X110 Y112.992 E.01217
G1 X109.416 Y112.935 E.01217
G1 X109.039 Y112.82 E.00818
G1 X108.92 Y112.701 E.00349
G1 X108.091 Y112.286 E.01923
G1 X107.884 Y112.116 E.00556
G1 X107.512 Y111.662 E.01217
G1 X107.235 Y111.145 E.01217
G1 X107.161 Y110.9 E.00531
G1 X113.334 Y109.347 F9000
;TYPE:Internal solid infill
;WIDTH:0.411914
G1 F10800
G1 X113.142 Y108.71 E.01257
G1 X112.83 Y108.121 E.01257
G1 X112.409 Y107.605 E.01257
G1 X111.896 Y107.181 E.01257
G1 X111.309 Y106.866 E.01257
G1 X110.673 Y106.67 E.01257
G1 X110.027 Y106.604 E.01226
G1 X109.348 Y106.666 E.01288
G1 X108.71 Y106.858 E.01258
G1 X108.121 Y107.17 E.01257
G1 X107.605 Y107.591 E.01257
G1 X107.181 Y108.104 E.01257
G1 X106.866 Y108.691 E.01257
G1 X106.67 Y109.327 E.01257
G1 X106.603 Y109.99 E.01257
G1 X106.666 Y110.653 E.01257
G1 X106.858 Y111.29 E.01257
G1 X107.17 Y111.879 E.01257
G1 X107.591 Y112.395 E.01257
G1 X108.104 Y112.819 E.01257
G1 X108.691 Y113.134 E.01257
G1 X109.327 Y113.33 E.01257
G1 X109.99 Y113.397 E.01257
G1 X110.653 Y113.334 E.01257
G1 X111.29 Y113.142 E.01257
G1 X111.879 Y112.83 E.01257
G1 X112.395 Y112.409 E.01257
G1 X112.819 Y111.896 E.01257
G1 X113.134 Y111.309 E.01257
G1 X113.33 Y110.673 E.01257
G1 X113.397 Y110.01 E.01257
G1 X113.337 Y109.387 E.01182
; stop printing object JOYSTICK.stl id:15 copy 0
;LAYER_CHANGE
;Z:2.72
;HEIGHT:0.12
;BEFORE_LAYER_CHANGE
;2.72
G92 E0

G1 E-.97778 F2400
;WIPE_START
G1 F10800
G1 X113.397 Y110.01 E-.13909
G1 X113.359 Y110.382 E-.08313
;WIPE_END
;_SET_FAN_SPEED_CHANGING_LAYER
; printing object JOYSTICK.stl id:15 copy 0
G17
G3 Z3.12 I-1.071 J-.578 P1  F9000
G1 X110.003 Y116.601 Z3.12
G1 Z2.72
G1 E1.2 F1800
M204 P1000
;TYPE:Outer wall
;WIDTH:0.419999
G1 F3600
G1 X110 Y116.601 E.00005
G1 X108.712 Y116.474 E.02494
G1 X107.474 Y116.098 E.02494
G1 X106.333 Y115.488 E.02494
G1 X105.332 Y114.668 E.02494
G1 X104.512 Y113.667 E.02494
G1 X103.902 Y112.526 E.02494
G1 X103.526 Y111.288 E.02494
G1 X103.399 Y110 E.02494
G1 X103.526 Y108.712 E.02494
G1 X103.902 Y107.474 E.02494
G1 X104.512 Y106.333 E.02494
G1 X105.332 Y105.332 E.02494
G1 X106.333 Y104.512 E.02494
G1 X107.474 Y103.902 E.02494
G1 X108.712 Y103.526 E.02494
G1 X110 Y103.399 E.02494
G1 X111.288 Y103.526 E.02494
G1 X112.526 Y103.902 E.02494
G1 X113.667 Y104.512 E.02494
G1 X114.668 Y105.332 E.02494
G1 X115.488 Y106.333 E.02494
G1 X116.098 Y107.474 E.02494
G1 X116.474 Y108.712 E.02494
G1 X116.601 Y110 E.02494
G1 X116.474 Y111.288 E.02494
G1 X116.098 Y112.526 E.02494
G1 X115.488 Y113.667 E.02494
G1 X114.668 Y114.668 E.02494
G1 X113.667 Y115.488 E.02494
G1 X112.526 Y116.098 E.02494
G1 X111.288 Y116.474 E.02494
G1 X110.043 Y116.597 E.02412
G1 E-.84 F2400
;WIPE_START
G1 F3600
G1 X110 Y116.601 E-.0154
G1 X109.047 Y116.507 E-.3446
;WIPE_END
G17
G3 Z3.12 I1.2 J.204 P1  F9000
G1 X111.092 Y104.464 Z3.12
G1 Z2.72
G1 E1.2 F1800
G1 F3600
G1 X111.101 Y104.465 E.00018
G1 X112.16 Y104.786 E.02132
G1 X113.135 Y105.308 E.02132
G1 X113.99 Y106.01 E.02132
G1 X114.692 Y106.865 E.02132
G1 X115.214 Y107.84 E.02132
G1 X115.535 Y108.899 E.02132
G1 X115.643 Y110 E.02132
G1 X115.535 Y111.101 E.02132
G1 X115.214 Y112.16 E.02132
G1 X114.692 Y113.135 E.02132
G1 X113.99 Y113.99 E.02132
G1 X113.135 Y114.692 E.02132
G1 X112.16 Y115.214 E.02132
G1 X111.101 Y115.535 E.02132
G1 X110 Y115.643 E.02132
G1 X108.899 Y115.535 E.02132
G1 X107.84 Y115.214 E.02132
G1 X106.865 Y114.692 E.02132
G1 X106.01 Y113.99 E.02132
G1 X105.308 Y113.135 E.02132
G1 X104.786 Y112.16 E.02132
G1 X104.465 Y111.101 E.02132
G1 X104.357 Y110 E.02132
G1 X104.465 Y108.899 E.02132
G1 X104.786 Y107.84 E.02132
G1 X105.308 Y106.865 E.02132
G1 X106.01 Y106.01 E.02132
G1 X106.865 Y105.308 E.02132
G1 X107.84 Y104.786 E.02132
G1 X108.899 Y104.465 E.02132
G1 X110 Y104.357 E.02132
G1 X111.052 Y104.461 E.02038
G1 E-.84 F2400
;WIPE_START
G1 F3600
G1 X111.101 Y104.465 E-.01768
G1 X112.011 Y104.741 E-.34232
;WIPE_END
G17
G3 Z3.12 I-1.198 J-.212 P1  F9000
G1 X110 Y116.122 Z3.12
G1 Z2.72
G1 E1.2 F1800
M204 P2000
;TYPE:Inner wall
;WIDTH:0.559018
G1 F5400
G1 X108.806 Y116.004 E.03129
G1 X107.657 Y115.656 E.03129
G1 X106.599 Y115.09 E.03129
G1 X105.671 Y114.329 E.03129
G1 X104.91 Y113.401 E.03129
G1 X104.344 Y112.343 E.03129
G1 X103.996 Y111.194 E.03129
G1 X103.878 Y110 E.03129
G1 X103.996 Y108.806 E.03129
G1 X104.344 Y107.657 E.03129
G1 X104.91 Y106.599 E.03129
G1 X105.671 Y105.671 E.03129
G1 X106.599 Y104.91 E.03129
G1 X107.657 Y104.344 E.03129
G1 X108.806 Y103.996 E.03129
G1 X110 Y103.878 E.03129
G1 X111.194 Y103.996 E.03129
G1 X112.343 Y104.344 E.03129
G1 X113.401 Y104.91 E.03129
G1 X114.329 Y105.671 E.03129
G1 X115.09 Y106.599 E.03129
G1 X115.656 Y107.657 E.03129
G1 X116.004 Y108.806 E.03129
G1 X116.122 Y110 E.03129
G1 X116.004 Y111.194 E.03129
G1 X115.656 Y112.343 E.03129
G1 X115.09 Y113.401 E.03129
G1 X114.329 Y114.329 E.03129
G1 X113.401 Y115.09 E.03129
G1 X112.343 Y115.656 E.03129
G1 X111.194 Y116.004 E.03129
G1 X110.04 Y116.118 E.03025
G1 E-.84 F2400
;WIPE_START
G1 F5400
G1 X109.044 Y116.026 E-.36
;WIPE_END
G17
G3 Z3.12 I1.18 J.296 P1  F9000
G1 X111.456 Y106.418 Z3.12
G1 Z2.72
G1 E1.2 F1800
;WIDTH:0.449999
G1 F4140
G1 X111.481 Y106.425 E.00054
G1 X112.15 Y106.783 E.01574
G1 X112.736 Y107.264 E.01573
G1 X113.217 Y107.85 E.01573
G1 X113.575 Y108.519 E.01574
G1 F4560
G1 X113.795 Y109.245 E.01574
G1 F4080
G1 X113.869 Y110 E.01574
G1 F4500
G1 X113.795 Y110.755 E.01574
G1 X113.575 Y111.481 E.01574
G1 F4140
G1 X113.217 Y112.15 E.01574
G1 F3900
G1 X112.736 Y112.736 E.01573
G1 X112.15 Y113.217 E.01573
G1 F4140
G1 X111.481 Y113.575 E.01574
G1 F4500
G1 X110.755 Y113.795 E.01574
G1 F4140
G1 X110 Y113.869 E.01574
G1 X109.245 Y113.795 E.01574
G1 X108.519 Y113.575 E.01574
G1 F4500
G1 X107.85 Y113.217 E.01574
G1 F4140
G1 X107.264 Y112.736 E.01573
G1 F4500
G1 X106.783 Y112.15 E.01573
G1 F4140
G1 X106.425 Y111.481 E.01574
G1 X106.205 Y110.755 E.01574
G1 X106.131 Y110 E.01574
G1 X106.205 Y109.245 E.01574
G1 X106.425 Y108.519 E.01574
G1 X106.783 Y107.85 E.01574
G1 F4500
G1 X107.264 Y107.264 E.01573
G1 F4140
G1 X107.85 Y106.783 E.01573
G1 F4500
G1 X108.519 Y106.425 E.01574
G1 F4200
G1 X109.245 Y106.205 E.01574
G1 X110 Y106.131 E.01574
G1 X110.755 Y106.205 E.01574
G1 F4620
G1 X111.418 Y106.406 E.01437
G1 X111.579 Y106.014 F9000
M204 P1000
;TYPE:Outer wall
;WIDTH:0.419999
G1 F2460
G1 X111.643 Y106.033 E.00129
G1 X112.385 Y106.43 E.01622
G1 X113.036 Y106.964 E.01623
G1 X113.57 Y107.615 E.01623
M106 S255
G1 X113.967 Y108.357 E.01622
G1 F2700
G1 X114.211 Y109.162 E.01621
G1 F2400
G1 X114.293 Y110 E.01623
G1 F2700
G1 X114.211 Y110.838 E.01623
G1 X113.967 Y111.643 E.01621
G1 F2460
G1 X113.57 Y112.385 E.01622
G1 F2280
G1 X113.036 Y113.036 E.01623
G1 X112.385 Y113.57 E.01623
M106 S255
G1 F2460
G1 X111.643 Y113.967 E.01622
G1 F2700
G1 X110.838 Y114.211 E.01621
G1 F2460
G1 X110 Y114.293 E.01623
G1 X109.162 Y114.211 E.01623
M106 S255
G1 X108.357 Y113.967 E.01621
G1 F2700
G1 X107.615 Y113.57 E.01622
G1 F2460
G1 X106.964 Y113.036 E.01623
G1 F2700
G1 X106.43 Y112.385 E.01623
G1 F2460
G1 X106.033 Y111.643 E.01622
G1 X105.789 Y110.838 E.01621
G1 X105.707 Y110 E.01623
G1 X105.789 Y109.162 E.01623
G1 X106.033 Y108.357 E.01621
M106 S255
G1 X106.43 Y107.615 E.01622
G1 F2700
G1 X106.964 Y106.964 E.01623
G1 F2460
G1 X107.615 Y106.43 E.01623
G1 F2700
G1 X108.357 Y106.033 E.01622
G1 F2460
G1 X109.162 Y105.789 E.01621
G1 X110 Y105.707 E.01623
M106 S255
G1 X110.838 Y105.789 E.01623
G1 F2820
G1 X111.54 Y106.002 E.01414
G1 E-.84 F2400
;WIPE_START
G1 F2820
G1 X111.643 Y106.033 E-.03863
G1 X112.385 Y106.43 E-.30299
G1 X112.425 Y106.463 E-.01838
;WIPE_END
G1 Z3.12 F9000
G1 X113.013 Y109.337 Z3.12
G1 Z2.72
G1 E1.2 F1800
M204 P2500
;TYPE:Sparse infill
;WIDTH:0.45
G1 F6311
G1 X112.856 Y108.817 E.01126
G1 X112.57 Y108.283 E.01257
G1 X112.222 Y107.859 E.01137
G1 X111.08 Y107.511 E.02477
G1 X110.531 Y106.961 E.01611
G1 X110 Y106.909 E.01106
G1 X109.397 Y106.969 E.01257
G1 X108.817 Y107.144 E.01257
G1 X108.283 Y107.43 E.01257
G1 X107.803 Y107.829 E.01294
G1 X108.92 Y108.169 E.02423
G1 X109.671 Y108.92 E.02202
G1 X110.329 Y111.08 E.04684
G1 X111.08 Y111.831 E.02202
G1 X112.197 Y112.171 E.02423
G1 X111.717 Y112.57 E.01294
G1 X111.183 Y112.856 E.01257
G1 X110.603 Y113.031 E.01257
G1 X110 Y113.091 E.01257
G1 X109.469 Y113.039 E.01106
G1 X108.92 Y112.489 E.01611
G1 X107.778 Y112.141 E.02477
G1 X107.43 Y111.717 E.01137
G1 X107.144 Y111.183 E.01257
G1 X106.987 Y110.663 E.01126
G1 X113.413 Y109.33 F9000
;TYPE:Internal solid infill
;WIDTH:0.377737
G1 F6311
G1 X113.217 Y108.677 E.01173
G1 X112.897 Y108.075 E.01173
G1 X112.466 Y107.547 E.01173
G1 X111.94 Y107.113 E.01173
G1 X111.339 Y106.79 E.01173
G1 X110.687 Y106.59 E.01173
G1 X110.025 Y106.523 E.01145
G1 X109.33 Y106.587 E.01201
G1 X108.677 Y106.783 E.01174
G1 X108.075 Y107.103 E.01173
G1 X107.547 Y107.534 E.01173
G1 X107.113 Y108.06 E.01173
G1 X106.79 Y108.661 E.01173
G1 X106.59 Y109.313 E.01173
G1 X106.522 Y109.991 E.01173
G1 X106.587 Y110.67 E.01173
G1 X106.783 Y111.323 E.01173
G1 X107.103 Y111.925 E.01173
G1 X107.534 Y112.453 E.01173
G1 X108.06 Y112.887 E.01173
G1 X108.661 Y113.21 E.01173
G1 X109.313 Y113.41 E.01173
G1 X109.991 Y113.478 E.01173
G1 X110.67 Y113.413 E.01173
G1 X111.323 Y113.217 E.01173
G1 X111.925 Y112.897 E.01173
G1 X112.453 Y112.466 E.01173
G1 X112.887 Y111.94 E.01173
G1 X113.21 Y111.339 E.01173
G1 X113.41 Y110.687 E.01173
G1 X113.478 Y110.009 E.01173
G1 X113.417 Y109.37 E.01105
; stop printing object JOYSTICK.stl id:15 copy 0
;LAYER_CHANGE
;Z:2.84
;HEIGHT:0.12
;BEFORE_LAYER_CHANGE
;2.84
G92 E0

G1 E-.97778 F2400
;WIPE_START
G1 F10800
G1 X113.478 Y110.009 E-.14264
G1 X113.442 Y110.365 E-.07958
;WIPE_END
;_SET_FAN_SPEED_CHANGING_LAYER
; printing object JOYSTICK.stl id:15 copy 0
G17
G3 Z3.24 I-1.065 J-.589 P1  F9000
G1 X109.997 Y116.601 Z3.24
G1 Z2.84
G1 E1.2 F1800
M204 P1000
;TYPE:Outer wall
;WIDTH:0.419999
G1 F3600
G1 X108.712 Y116.474 E.02489
G1 X107.474 Y116.098 E.02494
G1 X106.333 Y115.488 E.02494
G1 X105.332 Y114.668 E.02494
G1 X104.512 Y113.667 E.02494
G1 X103.902 Y112.526 E.02494
G1 X103.526 Y111.288 E.02494
G1 X103.399 Y110 E.02494
G1 X103.526 Y108.712 E.02494
G1 X103.902 Y107.474 E.02494
G1 X104.512 Y106.333 E.02494
G1 X105.332 Y105.332 E.02494
G1 X106.333 Y104.512 E.02494
G1 X107.474 Y103.902 E.02494
G1 X108.712 Y103.526 E.02494
G1 X110 Y103.399 E.02494
G1 X111.288 Y103.526 E.02494
G1 X112.526 Y103.902 E.02494
G1 X113.667 Y104.512 E.02494
G1 X114.668 Y105.332 E.02494
G1 X115.488 Y106.333 E.02494
G1 X116.098 Y107.474 E.02494
G1 X116.474 Y108.712 E.02494
G1 X116.601 Y110 E.02494
G1 X116.474 Y111.288 E.02494
G1 X116.098 Y112.526 E.02494
G1 X115.488 Y113.667 E.02494
G1 X114.668 Y114.668 E.02494
G1 X113.667 Y115.489 E.02494
G1 X112.526 Y116.098 E.02494
G1 X111.288 Y116.474 E.02494
G1 X110.037 Y116.597 E.02423
G1 E-.84 F2400
;WIPE_START
G1 F3600
G1 X109.041 Y116.505 E-.36
;WIPE_END
G17
G3 Z3.24 I1.2 J.205 P1  F9000
G1 X111.102 Y104.429 Z3.24
G1 Z2.84
G1 E1.2 F1800
G1 F3600
G1 X111.108 Y104.43 E.00011
G1 X112.173 Y104.753 E.02146
G1 X113.155 Y105.278 E.02146
G1 X114.016 Y105.984 E.02146
G1 X114.722 Y106.845 E.02146
G1 X115.247 Y107.827 E.02146
G1 X115.57 Y108.892 E.02146
G1 X115.679 Y110 E.02146
G1 X115.57 Y111.108 E.02146
G1 X115.247 Y112.173 E.02146
G1 X114.722 Y113.155 E.02146
G1 X114.016 Y114.016 E.02146
G1 X113.155 Y114.722 E.02146
G1 X112.173 Y115.247 E.02146
G1 X111.108 Y115.57 E.02146
G1 X110 Y115.679 E.02146
G1 X108.892 Y115.57 E.02146
G1 X107.827 Y115.247 E.02146
G1 X106.845 Y114.722 E.02146
G1 X105.984 Y114.016 E.02146
G1 X105.278 Y113.155 E.02146
G1 X104.753 Y112.173 E.02146
G1 X104.43 Y111.108 E.02146
G1 X104.321 Y110 E.02146
G1 X104.43 Y108.892 E.02146
G1 X104.753 Y107.827 E.02146
G1 X105.278 Y106.845 E.02146
G1 X105.984 Y105.984 E.02146
G1 X106.845 Y105.278 E.02146
G1 X107.827 Y104.753 E.02146
G1 X108.892 Y104.43 E.02146
G1 X110 Y104.321 E.02146
G1 X111.063 Y104.425 E.02058
G1 E-.84 F2400
;WIPE_START
G1 F3600
G1 X111.108 Y104.43 E-.01644
G1 X112.021 Y104.707 E-.34356
;WIPE_END
G17
G3 Z3.24 I-1.198 J-.212 P1  F9000
G1 X110 Y116.14 Z3.24
G1 Z2.84
G1 E1.2 F1800
M204 P2000
;TYPE:Inner wall
;WIDTH:0.522788
G1 F4872
G1 X108.802 Y116.022 E.02925
G1 X107.65 Y115.673 E.02925
G1 X106.589 Y115.105 E.02925
G1 X105.658 Y114.342 E.02925
G1 X104.895 Y113.411 E.02925
G1 X104.327 Y112.35 E.02925
G1 X103.978 Y111.198 E.02925
G1 X103.86 Y110 E.02925
G1 X103.978 Y108.802 E.02925
G1 X104.327 Y107.65 E.02925
G1 X104.895 Y106.589 E.02925
G1 X105.658 Y105.658 E.02925
G1 X106.589 Y104.895 E.02925
G1 X107.65 Y104.327 E.02925
G1 X108.802 Y103.978 E.02925
G1 X110 Y103.86 E.02925
G1 X111.198 Y103.978 E.02925
G1 X112.35 Y104.327 E.02925
G1 X113.411 Y104.895 E.02925
G1 X114.342 Y105.658 E.02925
G1 X115.105 Y106.589 E.02925
G1 X115.673 Y107.65 E.02925
G1 X116.022 Y108.802 E.02925
G1 X116.14 Y110 E.02925
G1 X116.022 Y111.198 E.02925
G1 X115.673 Y112.35 E.02925
G1 X115.105 Y113.411 E.02925
G1 X114.342 Y114.342 E.02925
G1 X113.411 Y115.105 E.02925
G1 X112.35 Y115.673 E.02925
G1 X111.198 Y116.022 E.02925
G1 X110.04 Y116.136 E.02828
G1 E-.84 F2400
;WIPE_START
G1 F5400
G1 X109.044 Y116.045 E-.36
;WIPE_END
G17
G3 Z3.24 I1.18 J.298 P1  F9000
G1 X111.487 Y106.36 Z3.24
G1 Z2.84
G1 E1.2 F1800
;WIDTH:0.449999
G1 F4872
G1 X111.505 Y106.366 E.00039
G1 X112.185 Y106.73 E.016
G1 X112.781 Y107.219 E.01599
G1 X113.27 Y107.815 E.01599
G1 X113.634 Y108.495 E.016
G1 X113.858 Y109.233 E.016
G1 X113.933 Y110 E.01599
G1 X113.858 Y110.767 E.01599
G1 X113.634 Y111.505 E.016
G1 X113.27 Y112.185 E.016
G1 X112.781 Y112.781 E.01599
G1 X112.185 Y113.27 E.01599
G1 X111.505 Y113.634 E.016
G1 X110.767 Y113.858 E.016
G1 X110 Y113.933 E.01599
G1 X109.233 Y113.858 E.01599
G1 X108.495 Y113.634 E.016
G1 X107.815 Y113.27 E.016
G1 X107.219 Y112.781 E.01599
G1 X106.73 Y112.185 E.01599
G1 X106.366 Y111.505 E.016
G1 X106.142 Y110.767 E.016
G1 X106.067 Y110 E.01599
G1 X106.142 Y109.233 E.01599
G1 X106.366 Y108.495 E.016
G1 X106.73 Y107.815 E.016
G1 X107.219 Y107.219 E.01599
G1 X107.815 Y106.73 E.01599
G1 X108.495 Y106.366 E.016
G1 X109.233 Y106.142 E.016
G1 X110 Y106.067 E.01599
G1 X110.767 Y106.142 E.01599
G1 X111.448 Y106.349 E.01476
G1 X111.609 Y105.957 F9000
M204 P1000
;TYPE:Outer wall
;WIDTH:0.419999
G1 F3120
G1 X111.668 Y105.974 E.00118
G1 X112.421 Y106.377 E.01646
G1 X113.081 Y106.919 E.01646
G1 X113.623 Y107.579 E.01646
G1 X114.026 Y108.332 E.01646
G1 F3420
G1 X114.274 Y109.15 E.01648
G1 F3060
G1 X114.358 Y110 E.01646
G1 F3360
G1 X114.274 Y110.85 E.01646
G1 X114.026 Y111.668 E.01648
G1 F3120
G1 X113.623 Y112.421 E.01646
G1 F3000
G1 X113.081 Y113.081 E.01646
G1 X112.421 Y113.623 E.01646
G1 F3120
G1 X111.668 Y114.026 E.01646
G1 F3360
G1 X110.85 Y114.274 E.01648
G1 F3120
G1 X110 Y114.358 E.01646
G1 X109.15 Y114.274 E.01646
G1 X108.332 Y114.026 E.01648
G1 F3360
G1 X107.579 Y113.623 E.01646
G1 F3120
G1 X106.919 Y113.081 E.01646
G1 F3360
G1 X106.377 Y112.421 E.01646
G1 F3120
G1 X105.974 Y111.668 E.01646
G1 X105.726 Y110.85 E.01648
G1 X105.642 Y110 E.01646
G1 X105.726 Y109.15 E.01646
G1 X105.974 Y108.332 E.01648
G1 X106.377 Y107.579 E.01646
G1 F3360
G1 X106.919 Y106.919 E.01646
G1 F3120
G1 X107.579 Y106.377 E.01646
G1 F3360
G1 X108.332 Y105.974 E.01646
G1 F3120
G1 X109.15 Y105.726 E.01648
G1 X110 Y105.642 E.01646
G1 X110.85 Y105.726 E.01646
G1 F3480
G1 X111.571 Y105.945 E.01452
G1 E-.84 F2400
;WIPE_START
G1 F3480
G1 X111.668 Y105.974 E-.03633
G1 X112.421 Y106.377 E-.30752
G1 X112.456 Y106.405 E-.01615
;WIPE_END
G1 Z3.24 F9000
G1 X110.024 Y106.441 Z3.24
G1 Z2.84
G1 E1.2 F1800
M204 P2500
;TYPE:Internal solid infill
;WIDTH:0.365752
G1 F4872
G1 X109.313 Y106.507 E.01187
G1 X108.644 Y106.708 E.01161
G1 X108.028 Y107.036 E.0116
G1 X107.488 Y107.478 E.0116
G1 X107.044 Y108.016 E.0116
G1 X106.714 Y108.631 E.0116
G1 X106.51 Y109.299 E.0116
G1 X106.44 Y109.993 E.0116
G1 X106.507 Y110.688 E.0116
G1 X106.708 Y111.356 E.0116
G1 X107.036 Y111.972 E.0116
G1 X107.478 Y112.512 E.0116
G1 X108.016 Y112.956 E.0116
G1 X108.631 Y113.286 E.0116
G1 X109.299 Y113.49 E.0116
G1 X109.993 Y113.56 E.0116
G1 X110.688 Y113.493 E.0116
G1 X111.356 Y113.292 E.0116
G1 X111.972 Y112.964 E.0116
G1 X112.512 Y112.522 E.0116
G1 X112.956 Y111.984 E.0116
G1 X113.286 Y111.369 E.0116
G1 X113.49 Y110.701 E.0116
G1 X113.56 Y110.007 E.0116
G1 X113.493 Y109.312 E.0116
G1 X113.292 Y108.644 E.0116
G1 X112.964 Y108.028 E.0116
G1 X112.522 Y107.488 E.0116
G1 X111.984 Y107.044 E.0116
G1 X111.369 Y106.714 E.0116
G1 X110.701 Y106.51 E.0116
G1 X110.063 Y106.445 E.01066
G1 X113.12 Y109.35 F9000
;TYPE:Sparse infill
;WIDTH:0.45
G1 F4872
G1 X112.946 Y108.78 E.01237
G1 X112.652 Y108.228 E.01297
G1 X112.35 Y107.861 E.00986
G1 X111.08 Y107.723 E.0265
G1 X110.186 Y106.829 E.02622
G1 X110 Y106.811 E.00388
G1 X109.378 Y106.872 E.01297
G1 X108.78 Y107.054 E.01297
G1 X108.228 Y107.348 E.01297
G1 X107.745 Y107.745 E.01297
G1 X107.681 Y107.823 E.00209
G1 X108.92 Y107.957 E.02585
G1 X109.883 Y108.92 E.02824
G1 X110.117 Y111.08 E.04506
G1 X111.08 Y112.043 E.02824
G1 X112.319 Y112.177 E.02585
G1 X112.255 Y112.255 E.00209
G1 X111.772 Y112.652 E.01297
G1 X111.22 Y112.946 E.01297
G1 X110.622 Y113.128 E.01297
G1 X110 Y113.189 E.01297
G1 X109.814 Y113.171 E.00388
G1 X108.92 Y112.277 E.02622
G1 X107.65 Y112.139 E.0265
G1 X107.348 Y111.772 E.00986
G1 X107.054 Y111.22 E.01297
G1 X106.88 Y110.65 E.01237
; stop printing object JOYSTICK.stl id:15 copy 0
;LAYER_CHANGE
;Z:2.96
;HEIGHT:0.12
;BEFORE_LAYER_CHANGE
;2.96
G92 E0

G1 E-.97778 F2400
;WIPE_START
G1 F10800
G1 X107.054 Y111.22 E-.13255
G1 X107.244 Y111.576 E-.08967
;WIPE_END
;_SET_FAN_SPEED_CHANGING_LAYER
; printing object JOYSTICK.stl id:15 copy 0
G17
G3 Z3.36 I-1.067 J.585 P1  F9000
G1 X109.997 Y116.601 Z3.36
G1 Z2.96
G1 E1.2 F1800
M204 P1000
;TYPE:Outer wall
;WIDTH:0.419999
G1 F3600
G1 X108.712 Y116.474 E.02488
G1 X107.474 Y116.098 E.02494
G1 X106.333 Y115.488 E.02494
G1 X105.332 Y114.668 E.02494
G1 X104.512 Y113.667 E.02494
G1 X103.902 Y112.526 E.02494
G1 X103.526 Y111.288 E.02494
G1 X103.399 Y110 E.02494
G1 X103.526 Y108.712 E.02494
G1 X103.902 Y107.474 E.02494
G1 X104.512 Y106.333 E.02494
G1 X105.332 Y105.332 E.02494
G1 X106.333 Y104.512 E.02494
G1 X107.474 Y103.902 E.02494
G1 X108.712 Y103.526 E.02494
G1 X110 Y103.399 E.02494
G1 X111.288 Y103.526 E.02494
G1 X112.526 Y103.902 E.02494
G1 X113.667 Y104.512 E.02494
G1 X114.668 Y105.332 E.02494
G1 X115.488 Y106.333 E.02494
G1 X116.098 Y107.474 E.02494
G1 X116.474 Y108.712 E.02494
G1 X116.601 Y110 E.02494
G1 X116.474 Y111.288 E.02494
G1 X116.098 Y112.526 E.02494
G1 X115.488 Y113.667 E.02494
G1 X114.668 Y114.668 E.02494
G1 X113.667 Y115.488 E.02494
G1 X112.526 Y116.098 E.02494
G1 X111.288 Y116.474 E.02494
G1 X110.037 Y116.597 E.02423
G1 E-.84 F2400
;WIPE_START
G1 F3600
G1 X109.041 Y116.505 E-.36
;WIPE_END
G17
G3 Z3.36 I1.2 J.205 P1  F9000
G1 X111.113 Y104.394 Z3.36
G1 Z2.96
G1 E1.2 F1800
G1 F3600
G1 X111.115 Y104.394 E.00005
G1 X112.187 Y104.719 E.0216
G1 X113.176 Y105.247 E.0216
G1 X114.042 Y105.958 E.0216
G1 X114.753 Y106.824 E.0216
G1 X115.281 Y107.813 E.0216
G1 X115.606 Y108.885 E.0216
G1 X115.716 Y110 E.0216
G1 X115.606 Y111.115 E.0216
G1 X115.281 Y112.187 E.0216
G1 X114.753 Y113.176 E.0216
G1 X114.042 Y114.042 E.0216
G1 X113.176 Y114.753 E.0216
G1 X112.187 Y115.281 E.0216
G1 X111.115 Y115.606 E.0216
G1 X110 Y115.716 E.0216
G1 X108.885 Y115.606 E.0216
G1 X107.813 Y115.281 E.0216
G1 X106.824 Y114.753 E.0216
G1 X105.958 Y114.042 E.0216
G1 X105.247 Y113.176 E.0216
G1 X104.719 Y112.187 E.0216
G1 X104.394 Y111.115 E.0216
G1 X104.284 Y110 E.0216
G1 X104.394 Y108.885 E.0216
G1 X104.719 Y107.813 E.0216
G1 X105.247 Y106.824 E.0216
G1 X105.958 Y105.958 E.0216
G1 X106.824 Y105.247 E.0216
G1 X107.813 Y104.719 E.0216
G1 X108.885 Y104.394 E.0216
G1 X110 Y104.284 E.0216
G1 X111.073 Y104.39 E.02078
G1 E-.84 F2400
;WIPE_START
G1 F3600
G1 X111.115 Y104.394 E-.01529
G1 X112.031 Y104.672 E-.34471
;WIPE_END
G17
G3 Z3.36 I-1.198 J-.212 P1  F9000
G1 X110 Y116.158 Z3.36
G1 Z2.96
G1 E1.2 F1800
M204 P2000
;TYPE:Inner wall
;WIDTH:0.486562
G1 F3927
G1 X108.799 Y116.04 E.0272
G1 X107.643 Y115.69 E.0272
G1 X106.579 Y115.121 E.0272
G1 X105.645 Y114.355 E.0272
G1 X104.879 Y113.421 E.0272
G1 X104.31 Y112.357 E.0272
G1 X103.96 Y111.201 E.0272
G1 X103.842 Y110 E.0272
G1 X103.96 Y108.799 E.0272
G1 X104.31 Y107.643 E.0272
G1 X104.879 Y106.579 E.0272
G1 X105.645 Y105.645 E.0272
G1 X106.579 Y104.879 E.0272
G1 X107.643 Y104.31 E.0272
G1 X108.799 Y103.96 E.0272
G1 X110 Y103.842 E.0272
G1 X111.201 Y103.96 E.0272
G1 X112.357 Y104.31 E.0272
G1 X113.421 Y104.879 E.0272
G1 X114.355 Y105.645 E.0272
G1 X115.121 Y106.579 E.0272
G1 X115.69 Y107.643 E.0272
G1 X116.04 Y108.799 E.0272
G1 X116.158 Y110 E.0272
G1 X116.04 Y111.201 E.0272
G1 X115.69 Y112.357 E.0272
G1 X115.121 Y113.421 E.0272
G1 X114.355 Y114.355 E.0272
G1 X113.421 Y115.121 E.0272
G1 X112.357 Y115.69 E.0272
G1 X111.201 Y116.04 E.0272
G1 X110.04 Y116.154 E.0263
G1 E-.84 F2400
;WIPE_START
G1 F5400
G1 X109.044 Y116.063 E-.36
;WIPE_END
G17
G3 Z3.36 I1.18 J.299 P1  F9000
G1 X111.517 Y106.303 Z3.36
G1 Z2.96
G1 E1.2 F1800
;WIDTH:0.449999
G1 F3927
G1 X111.53 Y106.307 E.00027
G1 X112.221 Y106.676 E.01625
G1 X112.827 Y107.173 E.01625
G1 X113.324 Y107.779 E.01625
G1 X113.693 Y108.47 E.01625
G1 X113.921 Y109.22 E.01625
G1 X113.997 Y110 E.01625
G1 X113.921 Y110.78 E.01625
G1 X113.693 Y111.53 E.01625
G1 X113.324 Y112.221 E.01625
G1 X112.827 Y112.827 E.01625
G1 X112.221 Y113.324 E.01625
G1 X111.53 Y113.693 E.01625
G1 X110.78 Y113.921 E.01625
G1 X110 Y113.997 E.01625
G1 X109.22 Y113.921 E.01625
G1 X108.47 Y113.693 E.01625
G1 X107.779 Y113.324 E.01625
G1 X107.173 Y112.827 E.01625
G1 X106.676 Y112.221 E.01625
G1 X106.307 Y111.53 E.01625
G1 X106.079 Y110.78 E.01625
G1 X106.003 Y110 E.01625
G1 X106.079 Y109.22 E.01625
G1 X106.307 Y108.47 E.01625
G1 X106.676 Y107.779 E.01625
G1 X107.173 Y107.173 E.01625
G1 X107.779 Y106.676 E.01625
G1 X108.47 Y106.307 E.01625
G1 X109.22 Y106.079 E.01625
G1 X110 Y106.003 E.01625
G1 X110.78 Y106.079 E.01625
G1 X111.479 Y106.291 E.01515
G1 X111.64 Y105.899 F9000
M204 P1000
;TYPE:Outer wall
;WIDTH:0.419999
G1 F3600
G1 X111.692 Y105.915 E.00105
G1 X112.457 Y106.324 E.01671
G1 X113.127 Y106.873 E.01671
G1 X113.676 Y107.543 E.01671
G1 X114.085 Y108.308 E.01671
G1 X114.337 Y109.137 E.01671
G1 X114.422 Y110 E.01671
G1 X114.337 Y110.863 E.01671
G1 X114.085 Y111.692 E.01671
G1 X113.676 Y112.457 E.01671
G1 X113.127 Y113.127 E.01671
G1 X112.457 Y113.676 E.01671
G1 X111.692 Y114.085 E.01671
G1 X110.863 Y114.337 E.01671
G1 X110 Y114.422 E.01671
G1 X109.137 Y114.337 E.01671
G1 X108.308 Y114.085 E.01671
G1 X107.543 Y113.676 E.01671
G1 X106.873 Y113.127 E.01671
G1 X106.324 Y112.457 E.01671
G1 X105.915 Y111.692 E.01671
G1 X105.663 Y110.863 E.01671
G1 X105.578 Y110 E.01671
G1 X105.663 Y109.137 E.01671
G1 X105.915 Y108.308 E.01671
G1 X106.324 Y107.543 E.01671
G1 X106.873 Y106.873 E.01671
G1 X107.543 Y106.324 E.01671
G1 X108.308 Y105.915 E.01671
G1 X109.137 Y105.663 E.01671
G1 X110 Y105.578 E.01671
G1 X110.863 Y105.663 E.01671
G1 X111.601 Y105.887 E.01488
G1 E-.84 F2400
;WIPE_START
G1 F3600
G1 X111.692 Y105.915 E-.0341
G1 X112.457 Y106.324 E-.31204
G1 X112.486 Y106.348 E-.01386
;WIPE_END
G1 Z3.36 F9000
G1 X113.566 Y109.302 Z3.36
G1 Z2.96
G1 E1.2 F1800
M204 P2500
;TYPE:Sparse infill
;WIDTH:0.45
G1 F3927
G1 X113.358 Y108.609 E.015
G1 X113.023 Y107.98 E.01478
G1 X112.857 Y107.779 E.00541
G1 X111.08 Y107.935 E.037
G1 X109.905 Y106.76 E.03447
G1 X109.939 Y106.371 E.00811
G1 X109.291 Y106.435 E.01352
G1 X108.609 Y106.642 E.01478
G1 X107.98 Y106.977 E.01478
G1 X107.43 Y107.43 E.01478
G1 X107.035 Y107.911 E.01292
G1 X108.92 Y107.745 E.03926
G1 X110.095 Y108.92 E.03447
G1 X109.905 Y111.08 E.04497
G1 X111.08 Y112.255 E.03447
G1 X112.965 Y112.089 E.03926
G1 X112.57 Y112.57 E.01292
G1 X112.02 Y113.023 E.01478
G1 X111.391 Y113.358 E.01478
G1 X110.709 Y113.565 E.01478
G1 X110.061 Y113.629 E.01352
G1 X110.095 Y113.24 E.00811
G1 X108.92 Y112.065 E.03447
G1 X107.143 Y112.221 E.037
G1 X106.977 Y112.02 E.00541
G1 X106.642 Y111.391 E.01478
G1 X106.434 Y110.698 E.015
; stop printing object JOYSTICK.stl id:15 copy 0
;LAYER_CHANGE
;Z:3.08
;HEIGHT:0.12
;BEFORE_LAYER_CHANGE
;3.08
G92 E0

G1 E-.97778 F2400
;WIPE_START
G1 F10800
G1 X106.642 Y111.391 E-.16074
G1 X106.772 Y111.635 E-.06148
;WIPE_END
;_SET_FAN_SPEED_CHANGING_LAYER
; printing object JOYSTICK.stl id:15 copy 0
G17
G3 Z3.48 I-1.021 J.663 P1  F9000
G1 X109.997 Y116.601 Z3.48
G1 Z3.08
G1 E1.2 F1800
M204 P1000
;TYPE:Outer wall
;WIDTH:0.419999
G1 F3600
G1 X108.712 Y116.474 E.02488
G1 X107.474 Y116.098 E.02494
G1 X106.333 Y115.488 E.02494
G1 X105.332 Y114.668 E.02494
G1 X104.512 Y113.667 E.02494
G1 X103.902 Y112.526 E.02494
G1 X103.526 Y111.288 E.02494
G1 X103.399 Y110 E.02494
G1 X103.526 Y108.712 E.02494
G1 X103.902 Y107.474 E.02494
G1 X104.512 Y106.333 E.02494
G1 X105.332 Y105.332 E.02494
G1 X106.333 Y104.512 E.02494
G1 X107.474 Y103.902 E.02494
G1 X108.712 Y103.526 E.02494
G1 X110 Y103.399 E.02494
G1 X111.288 Y103.526 E.02494
G1 X112.526 Y103.902 E.02494
G1 X113.667 Y104.512 E.02494
G1 X114.668 Y105.332 E.02494
G1 X115.488 Y106.333 E.02494
G1 X116.098 Y107.474 E.02494
G1 X116.474 Y108.712 E.02494
G1 X116.601 Y110 E.02494
G1 X116.474 Y111.288 E.02494
G1 X116.098 Y112.526 E.02494
G1 X115.488 Y113.667 E.02494
G1 X114.668 Y114.668 E.02494
G1 X113.667 Y115.489 E.02494
G1 X112.526 Y116.098 E.02494
G1 X111.288 Y116.474 E.02494
G1 X110.036 Y116.597 E.02424
G1 E-.84 F2400
;WIPE_START
G1 F3600
G1 X109.041 Y116.505 E-.36
;WIPE_END
G17
G3 Z3.48 I1.199 J.206 P1  F9000
G1 X111.122 Y104.358 Z3.48
G1 Z3.08
G1 E1.2 F1800
G1 F3600
G1 X112.201 Y104.686 E.02174
G1 X113.196 Y105.217 E.02174
G1 X114.067 Y105.933 E.02174
G1 X114.783 Y106.804 E.02174
G1 X115.314 Y107.799 E.02174
G1 X115.642 Y108.878 E.02174
G1 X115.752 Y110 E.02174
G1 X115.642 Y111.122 E.02174
G1 X115.314 Y112.201 E.02174
G1 X114.783 Y113.196 E.02174
G1 X114.067 Y114.067 E.02174
G1 X113.196 Y114.783 E.02174
G1 X112.201 Y115.314 E.02174
G1 X111.122 Y115.642 E.02174
G1 X110 Y115.752 E.02174
G1 X108.878 Y115.642 E.02174
G1 X107.799 Y115.314 E.02174
G1 X106.804 Y114.783 E.02174
G1 X105.933 Y114.067 E.02174
G1 X105.217 Y113.196 E.02174
G1 X104.686 Y112.201 E.02174
G1 X104.358 Y111.122 E.02174
G1 X104.248 Y110 E.02174
G1 X104.358 Y108.878 E.02174
G1 X104.686 Y107.799 E.02174
G1 X105.217 Y106.804 E.02174
G1 X105.933 Y105.933 E.02174
G1 X106.804 Y105.217 E.02174
G1 X107.799 Y104.686 E.02174
G1 X108.878 Y104.358 E.02174
G1 X110 Y104.248 E.02174
G1 X111.082 Y104.354 E.02097
G1 E-.84 F2400
;WIPE_START
G1 F3600
G1 X112.041 Y104.638 E-.36
;WIPE_END
G17
G3 Z3.48 I-1.198 J-.212 P1  F9000
G1 X110 Y116.177 Z3.48
G1 Z3.08
G1 E1.2 F1800
M204 P2000
;TYPE:Inner wall
;WIDTH:0.450336
G1 F4048
G1 X108.795 Y116.058 E.02514
G1 X107.636 Y115.706 E.02514
G1 X106.568 Y115.136 E.02514
G1 X105.632 Y114.368 E.02514
G1 X104.864 Y113.432 E.02514
G1 X104.294 Y112.364 E.02514
G1 X103.942 Y111.205 E.02514
G1 X103.823 Y110 E.02514
G1 X103.942 Y108.795 E.02514
G1 X104.294 Y107.636 E.02514
G1 X104.864 Y106.568 E.02514
G1 X105.632 Y105.632 E.02514
G1 X106.568 Y104.864 E.02514
G1 X107.636 Y104.294 E.02514
G1 X108.795 Y103.942 E.02514
G1 X110 Y103.823 E.02514
G1 X111.205 Y103.942 E.02514
G1 X112.364 Y104.294 E.02514
G1 X113.432 Y104.864 E.02514
G1 X114.368 Y105.632 E.02514
G1 X115.136 Y106.568 E.02514
G1 X115.706 Y107.636 E.02514
G1 X116.058 Y108.795 E.02514
G1 X116.177 Y110 E.02514
G1 X116.058 Y111.205 E.02514
G1 X115.706 Y112.364 E.02514
G1 X115.136 Y113.432 E.02514
G1 X114.368 Y114.368 E.02514
G1 X113.432 Y115.136 E.02514
G1 X112.364 Y115.706 E.02514
G1 X111.205 Y116.058 E.02514
G1 X110.04 Y116.173 E.02431
G1 E-.84 F2400
;WIPE_START
G1 F5400
G1 X109.044 Y116.081 E-.36
;WIPE_END
G17
G3 Z3.48 I1.179 J.3 P1  F9000
G1 X111.547 Y106.245 Z3.48
G1 Z3.08
G1 E1.2 F1800
;WIDTH:0.449999
G1 F4048
G1 X111.554 Y106.248 E.00015
G1 X112.257 Y106.623 E.01652
G1 X112.872 Y107.128 E.01652
G1 X113.377 Y107.743 E.01652
G1 X113.752 Y108.446 E.01652
G1 X113.984 Y109.208 E.01652
G1 X114.062 Y110 E.01652
G1 X113.984 Y110.792 E.01652
G1 X113.752 Y111.554 E.01652
G1 X113.377 Y112.257 E.01652
G1 X112.872 Y112.872 E.01652
G1 X112.257 Y113.377 E.01652
G1 X111.554 Y113.752 E.01652
G1 X110.792 Y113.984 E.01652
G1 X110 Y114.062 E.01652
G1 X109.208 Y113.984 E.01652
G1 X108.446 Y113.752 E.01652
G1 X107.743 Y113.377 E.01652
G1 X107.128 Y112.872 E.01652
G1 X106.623 Y112.257 E.01652
G1 X106.248 Y111.554 E.01652
G1 X106.016 Y110.792 E.01652
G1 X105.938 Y110 E.01652
G1 X106.016 Y109.208 E.01652
G1 X106.248 Y108.446 E.01652
G1 X106.623 Y107.743 E.01652
G1 X107.128 Y107.128 E.01652
G1 X107.743 Y106.623 E.01652
G1 X108.446 Y106.248 E.01652
G1 X109.208 Y106.016 E.01652
G1 X110 Y105.938 E.01652
G1 X110.792 Y106.016 E.01652
G1 X111.509 Y106.234 E.01554
G1 X111.67 Y105.842 F9000
M204 P1000
;TYPE:Outer wall
;WIDTH:0.419999
G1 F3600
G1 X111.717 Y105.856 E.00094
G1 X112.492 Y106.27 E.01695
G1 X113.172 Y106.828 E.01695
G1 X113.73 Y107.508 E.01695
G1 X114.144 Y108.283 E.01695
G1 X114.4 Y109.125 E.01695
G1 X114.486 Y110 E.01695
G1 X114.4 Y110.875 E.01695
G1 X114.144 Y111.717 E.01695
G1 X113.73 Y112.492 E.01695
G1 X113.172 Y113.172 E.01695
G1 X112.492 Y113.73 E.01695
G1 X111.717 Y114.144 E.01695
G1 X110.875 Y114.4 E.01695
G1 X110 Y114.486 E.01695
G1 X109.125 Y114.4 E.01695
G1 X108.283 Y114.144 E.01695
G1 X107.508 Y113.73 E.01695
G1 X106.828 Y113.172 E.01695
G1 X106.27 Y112.492 E.01695
G1 X105.856 Y111.717 E.01695
G1 X105.6 Y110.875 E.01695
G1 X105.514 Y110 E.01695
G1 X105.6 Y109.125 E.01695
G1 X105.856 Y108.283 E.01695
G1 X106.27 Y107.508 E.01695
G1 X106.828 Y106.828 E.01695
G1 X107.508 Y106.27 E.01695
G1 X108.283 Y105.856 E.01695
G1 X109.125 Y105.6 E.01695
G1 X110 Y105.514 E.01695
G1 X110.875 Y105.6 E.01695
G1 X111.632 Y105.83 E.01524
G1 E-.84 F2400
;WIPE_START
G1 F3600
G1 X111.717 Y105.856 E-.03195
G1 X112.492 Y106.27 E-.31657
G1 X112.517 Y106.29 E-.01148
;WIPE_END
G1 Z3.48 F9000
G1 X113.628 Y110.724 Z3.48
G1 Z3.08
G1 E1.2 F1800
M204 P2500
;TYPE:Sparse infill
;WIDTH:0.45
G1 F4048
G1 X113.418 Y111.416 E.015
G1 X113.076 Y112.055 E.01504
G1 X112.918 Y112.248 E.00516
G1 X111.08 Y112.035 E.03838
G1 X109.875 Y113.24 E.03534
G1 X109.927 Y113.692 E.00944
G1 X109.278 Y113.628 E.01353
G1 X108.584 Y113.418 E.01504
G1 X107.945 Y113.076 E.01504
G1 X107.384 Y112.616 E.01504
G1 X106.924 Y112.055 E.01504
G1 X108.92 Y112.285 E.04167
G1 X110.125 Y111.08 E.03534
G1 X109.875 Y108.92 E.0451
G1 X111.08 Y107.715 E.03534
G1 X113.077 Y107.946 E.04169
G1 X112.616 Y107.384 E.01507
G1 X112.055 Y106.924 E.01504
G1 X111.416 Y106.582 E.01504
G1 X110.722 Y106.372 E.01504
G1 X110.073 Y106.308 E.01353
G1 X110.125 Y106.76 E.00944
G1 X108.92 Y107.965 E.03534
G1 X107.082 Y107.752 E.03838
G1 X106.924 Y107.945 E.00516
G1 X106.582 Y108.584 E.01504
G1 X106.372 Y109.276 E.015
; stop printing object JOYSTICK.stl id:15 copy 0
;LAYER_CHANGE
;Z:3.2
;HEIGHT:0.12
;BEFORE_LAYER_CHANGE
;3.2
G92 E0

G1 E-.97778 F2400
;WIPE_START
G1 F10800
G1 X106.582 Y108.584 E-.16065
G1 X106.713 Y108.34 E-.06157
;WIPE_END
;_SET_FAN_SPEED_CHANGING_LAYER
; printing object JOYSTICK.stl id:15 copy 0
G17
G3 Z3.6 I-1.131 J.45 P1  F9000
G1 X109.996 Y116.601 Z3.6
G1 Z3.2
G1 E1.2 F1800
M204 P1000
;TYPE:Outer wall
;WIDTH:0.419999
G1 F3600
G1 X108.712 Y116.474 E.02487
G1 X107.474 Y116.098 E.02494
G1 X106.333 Y115.489 E.02494
G1 X105.332 Y114.668 E.02494
G1 X104.512 Y113.667 E.02494
G1 X103.902 Y112.526 E.02494
G1 X103.526 Y111.288 E.02494
G1 X103.399 Y110 E.02494
G1 X103.526 Y108.712 E.02494
G1 X103.902 Y107.474 E.02494
G1 X104.512 Y106.333 E.02494
G1 X105.332 Y105.332 E.02494
G1 X106.333 Y104.512 E.02494
G1 X107.474 Y103.902 E.02494
G1 X108.712 Y103.526 E.02494
G1 X110 Y103.399 E.02494
G1 X111.288 Y103.526 E.02494
G1 X112.526 Y103.902 E.02494
G1 X113.667 Y104.512 E.02494
G1 X114.668 Y105.332 E.02494
G1 X115.488 Y106.333 E.02494
G1 X116.098 Y107.474 E.02494
G1 X116.474 Y108.712 E.02494
G1 X116.601 Y110 E.02494
G1 X116.474 Y111.288 E.02494
G1 X116.098 Y112.526 E.02494
G1 X115.488 Y113.667 E.02494
G1 X114.668 Y114.668 E.02494
G1 X113.667 Y115.488 E.02494
G1 X112.526 Y116.098 E.02494
G1 X111.288 Y116.474 E.02494
G1 X110.036 Y116.597 E.02424
G1 E-.84 F2400
;WIPE_START
G1 F3600
G1 X109.041 Y116.505 E-.36
;WIPE_END
G17
G3 Z3.6 I1.199 J.206 P1  F9000
G1 X111.129 Y104.323 Z3.6
G1 Z3.2
G1 E1.2 F1800
G1 F3600
G1 X112.215 Y104.652 E.02187
G1 X113.216 Y105.187 E.02187
G1 X114.093 Y105.907 E.02187
G1 X114.813 Y106.784 E.02187
G1 X115.348 Y107.785 E.02187
G1 X115.677 Y108.871 E.02187
G1 X115.789 Y110 E.02187
G1 X115.677 Y111.129 E.02187
G1 X115.348 Y112.215 E.02187
G1 X114.813 Y113.216 E.02187
G1 X114.093 Y114.093 E.02187
G1 X113.216 Y114.813 E.02187
G1 X112.215 Y115.348 E.02187
G1 X111.129 Y115.677 E.02187
G1 X110 Y115.789 E.02187
G1 X108.871 Y115.677 E.02187
G1 X107.785 Y115.348 E.02187
G1 X106.784 Y114.813 E.02187
G1 X105.907 Y114.093 E.02187
G1 X105.187 Y113.216 E.02187
G1 X104.652 Y112.215 E.02187
G1 X104.323 Y111.129 E.02187
G1 X104.211 Y110 E.02187
G1 X104.323 Y108.871 E.02187
G1 X104.652 Y107.785 E.02187
G1 X105.187 Y106.784 E.02187
G1 X105.907 Y105.907 E.02187
G1 X106.784 Y105.187 E.02187
G1 X107.785 Y104.652 E.02187
G1 X108.871 Y104.323 E.02187
G1 X110 Y104.211 E.02187
G1 X111.09 Y104.319 E.0211
G1 E-.84 F2400
;WIPE_START
G1 F3600
G1 X112.048 Y104.603 E-.36
;WIPE_END
G17
G3 Z3.6 I-1.198 J-.212 P1  F9000
G1 X110 Y116.195 Z3.6
G1 Z3.2
G1 E1.2 F1800
M204 P2000
;TYPE:Inner wall
;WIDTH:0.41411
G1 F4067
G1 X108.791 Y116.076 E.02306
G1 X107.629 Y115.723 E.02306
G1 X106.558 Y115.151 E.02306
G1 X105.62 Y114.38 E.02306
G1 X104.849 Y113.442 E.02306
G1 X104.277 Y112.371 E.02306
G1 X103.924 Y111.209 E.02306
G1 X103.805 Y110 E.02306
G1 X103.924 Y108.791 E.02306
G1 X104.277 Y107.629 E.02306
G1 X104.849 Y106.558 E.02306
G1 X105.62 Y105.62 E.02306
G1 X106.558 Y104.849 E.02306
G1 X107.629 Y104.277 E.02306
G1 X108.791 Y103.924 E.02306
G1 X110 Y103.805 E.02306
G1 X111.209 Y103.924 E.02306
G1 X112.371 Y104.277 E.02306
G1 X113.442 Y104.849 E.02306
G1 X114.38 Y105.62 E.02306
G1 X115.151 Y106.558 E.02306
G1 X115.723 Y107.629 E.02306
G1 X116.076 Y108.791 E.02306
G1 X116.195 Y110 E.02306
G1 X116.076 Y111.209 E.02306
G1 X115.723 Y112.371 E.02306
G1 X115.151 Y113.442 E.02306
G1 X114.38 Y114.38 E.02306
G1 X113.442 Y115.151 E.02306
G1 X112.371 Y115.723 E.02306
G1 X111.209 Y116.076 E.02306
G1 X110.04 Y116.191 E.0223
G1 E-.84 F2400
;WIPE_START
G1 F5400
G1 X109.044 Y116.099 E-.36
;WIPE_END
G17
G3 Z3.6 I1.179 J.302 P1  F9000
G1 X111.579 Y106.188 Z3.6
G1 Z3.2
G1 E1.2 F1800
;WIDTH:0.449999
G1 F4067
G1 X112.292 Y106.57 E.01678
G1 X112.917 Y107.083 E.01678
G1 X113.43 Y107.708 E.01678
G1 X113.812 Y108.421 E.01678
G1 X114.046 Y109.195 E.01678
G1 X114.126 Y110 E.01678
G1 X114.046 Y110.805 E.01678
G1 X113.812 Y111.579 E.01678
G1 X113.43 Y112.292 E.01678
G1 X112.917 Y112.917 E.01678
G1 X112.292 Y113.43 E.01678
G1 X111.579 Y113.812 E.01678
G1 X110.805 Y114.046 E.01678
G1 X110 Y114.126 E.01678
G1 X109.195 Y114.046 E.01678
G1 X108.421 Y113.812 E.01678
G1 X107.708 Y113.43 E.01678
G1 X107.083 Y112.917 E.01678
G1 X106.57 Y112.292 E.01678
G1 X106.188 Y111.579 E.01678
G1 X105.954 Y110.805 E.01678
G1 X105.874 Y110 E.01678
G1 X105.954 Y109.195 E.01678
G1 X106.188 Y108.421 E.01678
G1 X106.57 Y107.708 E.01678
G1 X107.083 Y107.083 E.01678
G1 X107.708 Y106.57 E.01678
G1 X108.421 Y106.188 E.01678
G1 X109.195 Y105.954 E.01678
G1 X110 Y105.874 E.01678
G1 X110.805 Y105.954 E.01678
G1 X111.541 Y106.177 E.01595
G1 X111.7 Y105.784 F9000
M204 P1000
;TYPE:Outer wall
;WIDTH:0.419999
G1 F3600
G1 X111.741 Y105.796 E.00083
G1 X112.528 Y106.217 E.01719
G1 X113.217 Y106.783 E.01719
G1 X113.783 Y107.472 E.01719
G1 X114.204 Y108.259 E.01719
G1 X114.463 Y109.112 E.01719
G1 X114.55 Y110 E.01719
G1 X114.463 Y110.888 E.01719
G1 X114.204 Y111.741 E.01719
G1 X113.783 Y112.528 E.01719
G1 X113.217 Y113.217 E.01719
G1 X112.528 Y113.783 E.01719
G1 X111.741 Y114.204 E.01719
G1 X110.888 Y114.463 E.01719
G1 X110 Y114.55 E.01719
G1 X109.112 Y114.463 E.01719
G1 X108.259 Y114.204 E.01719
G1 X107.472 Y113.783 E.01719
G1 X106.783 Y113.217 E.01719
G1 X106.217 Y112.528 E.01719
G1 X105.796 Y111.741 E.01719
G1 X105.537 Y110.888 E.01719
G1 X105.45 Y110 E.01719
G1 X105.537 Y109.112 E.01719
G1 X105.796 Y108.259 E.01719
G1 X106.217 Y107.472 E.01719
G1 X106.783 Y106.783 E.01719
G1 X107.472 Y106.217 E.01719
G1 X108.259 Y105.796 E.01719
G1 X109.112 Y105.537 E.01719
G1 X110 Y105.45 E.01719
G1 X110.888 Y105.537 E.01719
G1 X111.662 Y105.772 E.01559
G1 E-.84 F2400
;WIPE_START
G1 F3600
G1 X111.741 Y105.796 E-.02989
G1 X112.528 Y106.217 E-.3211
G1 X112.547 Y106.233 E-.00902
;WIPE_END
G1 Z3.6 F9000
G1 X113.714 Y110.503 Z3.6
G1 Z3.2
G1 E1.2 F1800
M204 P2500
;TYPE:Sparse infill
;WIDTH:0.45
G1 F4067
G1 X113.691 Y110.734 E.00482
G1 X113.477 Y111.44 E.0153
G1 X113.134 Y112.081 E.01508
G1 X111.08 Y112.247 E.04275
G1 X110.087 Y113.24 E.02912
G1 X110.045 Y113.759 E.0108
G1 X109.266 Y113.691 E.01623
G1 X108.56 Y113.477 E.0153
G1 X107.909 Y113.129 E.0153
G1 X107.339 Y112.661 E.0153
G1 X106.984 Y112.229 E.01159
G1 X108.92 Y112.073 E.04028
G1 X109.913 Y111.08 E.02912
G1 X110.087 Y108.92 E.04495
G1 X111.08 Y107.927 E.02912
G1 X113.016 Y107.771 E.04028
G1 X112.661 Y107.339 E.01159
G1 X112.091 Y106.871 E.0153
G1 X111.44 Y106.523 E.0153
G1 X110.734 Y106.309 E.0153
G1 X109.955 Y106.241 E.01623
G1 X109.913 Y106.76 E.0108
G1 X108.92 Y107.753 E.02912
G1 X106.866 Y107.919 E.04275
G1 X106.523 Y108.56 E.01508
G1 X106.309 Y109.266 E.0153
G1 X106.286 Y109.497 E.00482
; stop printing object JOYSTICK.stl id:15 copy 0
;LAYER_CHANGE
;Z:3.32
;HEIGHT:0.12
;BEFORE_LAYER_CHANGE
;3.32
G92 E0

G1 E-.97778 F2400
;WIPE_START
G1 F10800
G1 X106.309 Y109.266 E-.05165
G1 X106.523 Y108.56 E-.16395
G1 X106.537 Y108.533 E-.00663
;WIPE_END
;_SET_FAN_SPEED_CHANGING_LAYER
; printing object JOYSTICK.stl id:15 copy 0
G17
G3 Z3.72 I-1.118 J.48 P1  F9000
G1 X109.996 Y116.601 Z3.72
G1 Z3.32
G1 E1.2 F1800
M204 P1000
;TYPE:Outer wall
;WIDTH:0.419999
G1 F3600
G1 X108.712 Y116.474 E.02487
G1 X107.474 Y116.098 E.02494
G1 X106.333 Y115.488 E.02494
G1 X105.332 Y114.668 E.02494
G1 X104.512 Y113.667 E.02494
G1 X103.902 Y112.526 E.02494
G1 X103.526 Y111.288 E.02494
G1 X103.399 Y110 E.02494
G1 X103.526 Y108.712 E.02494
G1 X103.902 Y107.474 E.02494
G1 X104.512 Y106.333 E.02494
G1 X105.332 Y105.332 E.02494
G1 X106.333 Y104.512 E.02494
G1 X107.474 Y103.902 E.02494
G1 X108.712 Y103.526 E.02494
G1 X110 Y103.399 E.02494
G1 X111.288 Y103.526 E.02494
G1 X112.526 Y103.902 E.02494
G1 X113.667 Y104.512 E.02494
G1 X114.668 Y105.332 E.02494
G1 X115.488 Y106.333 E.02494
G1 X116.098 Y107.474 E.02494
G1 X116.474 Y108.712 E.02494
G1 X116.601 Y110 E.02494
G1 X116.474 Y111.288 E.02494
G1 X116.098 Y112.526 E.02494
G1 X115.488 Y113.667 E.02494
G1 X114.668 Y114.668 E.02494
G1 X113.667 Y115.488 E.02494
G1 X112.526 Y116.098 E.02494
G1 X111.288 Y116.474 E.02494
G1 X110.036 Y116.597 E.02425
G1 E-.84 F2400
;WIPE_START
G1 F3600
G1 X109.04 Y116.505 E-.36
;WIPE_END
G17
G3 Z3.72 I1.199 J.206 P1  F9000
G1 X111.136 Y104.287 Z3.72
G1 Z3.32
G1 E1.2 F1800
G1 F3600
G1 X112.229 Y104.618 E.02201
G1 X113.236 Y105.157 E.02201
G1 X114.119 Y105.881 E.02201
G1 X114.843 Y106.764 E.02201
G1 X115.382 Y107.771 E.02201
G1 X115.713 Y108.864 E.02201
G1 X115.825 Y110 E.02201
G1 X115.713 Y111.136 E.02201
G1 X115.382 Y112.229 E.02201
G1 X114.843 Y113.236 E.02201
G1 X114.119 Y114.119 E.02201
G1 X113.236 Y114.843 E.02201
G1 X112.229 Y115.382 E.02201
G1 X111.136 Y115.713 E.02201
G1 X110 Y115.825 E.02201
G1 X108.864 Y115.713 E.02201
G1 X107.771 Y115.382 E.02201
G1 X106.764 Y114.843 E.02201
G1 X105.881 Y114.119 E.02201
G1 X105.157 Y113.236 E.02201
G1 X104.618 Y112.229 E.02201
G1 X104.287 Y111.136 E.02201
G1 X104.175 Y110 E.02201
G1 X104.287 Y108.864 E.02201
G1 X104.618 Y107.771 E.02201
G1 X105.157 Y106.764 E.02201
G1 X105.881 Y105.881 E.02201
G1 X106.764 Y105.157 E.02201
G1 X107.771 Y104.618 E.02201
G1 X108.864 Y104.287 E.02201
G1 X110 Y104.175 E.02201
G1 X111.097 Y104.283 E.02124
G1 E-.84 F2400
;WIPE_START
G1 F3600
G1 X112.055 Y104.567 E-.36
;WIPE_END
G17
G3 Z3.72 I-1.198 J-.212 P1  F9000
G1 X110 Y116.213 Z3.72
G1 Z3.32
G1 E1.2 F1800
M204 P2000
;TYPE:Inner wall
;WIDTH:0.377884
G1 F4114
G1 X108.788 Y116.094 E.02097
G1 X107.622 Y115.74 E.02097
G1 X106.548 Y115.166 E.02097
G1 X105.607 Y114.393 E.02097
G1 X104.834 Y113.452 E.02097
G1 X104.26 Y112.378 E.02097
G1 X103.906 Y111.212 E.02097
G1 X103.787 Y110 E.02097
G1 X103.906 Y108.788 E.02097
G1 X104.26 Y107.622 E.02097
G1 X104.834 Y106.548 E.02097
G1 X105.607 Y105.607 E.02097
G1 X106.548 Y104.834 E.02097
G1 X107.622 Y104.26 E.02097
G1 X108.788 Y103.906 E.02097
G1 X110 Y103.787 E.02097
G1 X111.212 Y103.906 E.02097
G1 X112.378 Y104.26 E.02097
G1 X113.452 Y104.834 E.02097
G1 X114.393 Y105.607 E.02097
G1 X115.166 Y106.548 E.02097
G1 X115.74 Y107.622 E.02097
G1 X116.094 Y108.788 E.02097
G1 X116.213 Y110 E.02097
G1 X116.094 Y111.212 E.02097
G1 X115.74 Y112.378 E.02097
G1 X115.166 Y113.452 E.02097
G1 X114.393 Y114.393 E.02097
G1 X113.452 Y115.166 E.02097
G1 X112.378 Y115.74 E.02097
G1 X111.212 Y116.094 E.02097
G1 X110.04 Y116.209 E.02028
G1 E-.84 F2400
;WIPE_START
G1 F5400
G1 X109.044 Y116.117 E-.36
;WIPE_END
G17
G3 Z3.72 I1.179 J.302 P1  F9000
G1 X111.603 Y106.129 Z3.72
G1 Z3.32
G1 E1.2 F1800
;WIDTH:0.449999
G1 F4114
G1 X112.328 Y106.516 E.01704
G1 X112.963 Y107.037 E.01704
G1 X113.484 Y107.672 E.01704
G1 X113.871 Y108.397 E.01704
G1 X114.109 Y109.183 E.01704
G1 X114.19 Y110 E.01704
G1 X114.109 Y110.817 E.01704
G1 X113.871 Y111.603 E.01704
G1 X113.484 Y112.328 E.01704
G1 X112.963 Y112.963 E.01704
G1 X112.328 Y113.484 E.01704
G1 X111.603 Y113.871 E.01704
G1 X110.817 Y114.109 E.01704
G1 X110 Y114.19 E.01704
G1 X109.183 Y114.109 E.01704
G1 X108.397 Y113.871 E.01704
G1 X107.672 Y113.484 E.01704
G1 X107.037 Y112.963 E.01704
G1 X106.516 Y112.328 E.01704
G1 X106.129 Y111.603 E.01704
G1 X105.891 Y110.817 E.01704
G1 X105.81 Y110 E.01704
G1 X105.891 Y109.183 E.01704
G1 X106.129 Y108.397 E.01704
G1 X106.516 Y107.672 E.01704
G1 X107.037 Y107.037 E.01704
G1 X107.672 Y106.516 E.01704
G1 X108.397 Y106.129 E.01704
G1 X109.183 Y105.891 E.01704
G1 X110 Y105.81 E.01704
G1 X110.817 Y105.891 E.01704
G1 X111.565 Y106.117 E.01621
G1 X111.73 Y105.726 F9000
M204 P1000
;TYPE:Outer wall
;WIDTH:0.419999
G1 F3600
G1 X111.766 Y105.737 E.00072
G1 X112.563 Y106.164 E.01743
G1 X113.263 Y106.737 E.01744
G1 X113.836 Y107.437 E.01744
G1 X114.263 Y108.234 E.01744
G1 X114.525 Y109.1 E.01744
G1 X114.614 Y110 E.01744
G1 X114.525 Y110.9 E.01744
G1 X114.263 Y111.766 E.01744
G1 X113.836 Y112.563 E.01744
G1 X113.263 Y113.263 E.01744
G1 X112.563 Y113.836 E.01744
G1 X111.766 Y114.263 E.01744
G1 X110.9 Y114.525 E.01744
G1 X110 Y114.614 E.01744
G1 X109.1 Y114.525 E.01744
G1 X108.234 Y114.263 E.01744
G1 X107.437 Y113.836 E.01743
G1 X106.737 Y113.263 E.01744
G1 X106.164 Y112.563 E.01744
G1 X105.737 Y111.766 E.01743
G1 X105.475 Y110.9 E.01744
G1 X105.386 Y110 E.01744
G1 X105.475 Y109.1 E.01744
G1 X105.737 Y108.234 E.01744
G1 X106.164 Y107.437 E.01744
G1 X106.737 Y106.737 E.01744
G1 X107.437 Y106.164 E.01744
G1 X108.234 Y105.737 E.01744
G1 X109.1 Y105.475 E.01744
G1 X110 Y105.386 E.01744
G1 X110.9 Y105.475 E.01744
G1 X111.691 Y105.715 E.01594
G1 E-.84 F2400
;WIPE_START
G1 F3600
G1 X111.766 Y105.737 E-.02793
G1 X112.563 Y106.164 E-.32562
G1 X112.577 Y106.175 E-.00645
;WIPE_END
G1 Z3.72 F9000
G1 X113.823 Y110.046 Z3.72
G1 Z3.32
G1 E1.2 F1800
M204 P2500
;TYPE:Sparse infill
;WIDTH:0.45
G1 F4114
G1 X113.754 Y110.747 E.01461
G1 X113.536 Y111.465 E.01556
G1 X113.422 Y111.678 E.00503
G1 X113.24 Y111.861 E.00534
G1 X111.08 Y112.459 E.04649
G1 X110.299 Y113.24 E.0229
G1 X110.14 Y113.814 E.01235
G1 X110 Y113.828 E.00292
G1 X109.253 Y113.754 E.01556
G1 X108.535 Y113.536 E.01556
G1 X107.874 Y113.182 E.01556
G1 X107.294 Y112.706 E.01556
G1 X107.029 Y112.385 E.00864
G1 X108.92 Y111.861 E.0407
G1 X109.701 Y111.08 E.0229
G1 X110.299 Y108.92 E.04649
G1 X111.08 Y108.139 E.0229
G1 X112.971 Y107.615 E.0407
G1 X112.706 Y107.294 E.00864
G1 X112.126 Y106.818 E.01556
G1 X111.465 Y106.464 E.01556
G1 X110.747 Y106.246 E.01556
G1 X110 Y106.172 E.01556
G1 X109.86 Y106.186 E.00292
G1 X109.701 Y106.76 E.01235
G1 X108.92 Y107.541 E.0229
G1 X106.76 Y108.139 E.04649
G1 X106.578 Y108.322 E.00534
G1 X106.464 Y108.535 E.00503
G1 X106.246 Y109.253 E.01556
G1 X106.177 Y109.954 E.01461
; stop printing object JOYSTICK.stl id:15 copy 0
;LAYER_CHANGE
;Z:3.44
;HEIGHT:0.12
;BEFORE_LAYER_CHANGE
;3.44
G92 E0

G1 E-.97778 F2400
;WIPE_START
G1 F10800
G1 X106.246 Y109.253 E-.15652
G1 X106.332 Y108.97 E-.0657
;WIPE_END
;_SET_FAN_SPEED_CHANGING_LAYER
; printing object JOYSTICK.stl id:15 copy 0
G17
G3 Z3.84 I-1.095 J.532 P1  F9000
G1 X110 Y116.522 Z3.84
G1 Z3.44
G1 E1.2 F1800
M204 P1000
;TYPE:Outer wall
;WIDTH:0.577951
G1 F2725
G1 X108.728 Y116.396 E.03452
G1 X107.504 Y116.025 E.03452
G1 X106.377 Y115.423 E.03452
G1 X105.389 Y114.611 E.03452
G1 X104.577 Y113.623 E.03452
G1 X103.975 Y112.496 E.03452
G1 X103.604 Y111.272 E.03452
G1 X103.478 Y110 E.03452
G1 X103.604 Y108.728 E.03452
G1 X103.975 Y107.504 E.03452
G1 X104.577 Y106.377 E.03452
G1 X105.389 Y105.389 E.03452
G1 X106.377 Y104.577 E.03452
G1 X107.504 Y103.975 E.03452
G1 X108.728 Y103.604 E.03452
G1 X110 Y103.478 E.03452
G1 X111.272 Y103.604 E.03452
G1 X112.496 Y103.975 E.03452
G1 X113.623 Y104.577 E.03452
G1 X114.611 Y105.389 E.03452
G1 X115.423 Y106.377 E.03452
G1 X116.025 Y107.504 E.03452
G1 X116.396 Y108.728 E.03452
G1 X116.522 Y110 E.03452
G1 X116.396 Y111.272 E.03452
G1 X116.025 Y112.496 E.03452
G1 X115.423 Y113.623 E.03452
G1 X114.611 Y114.611 E.03452
G1 X113.623 Y115.423 E.03452
G1 X112.496 Y116.025 E.03452
G1 X111.272 Y116.396 E.03452
G1 X110.04 Y116.518 E.03344
G1 E-.84 F2400
;WIPE_START
G1 F3600
G1 X109.044 Y116.426 E-.36
;WIPE_END
G17
G3 Z3.84 I1.199 J.207 P1  F9000
G1 X111.16 Y104.174 Z3.84
G1 Z3.44
G1 E1.2 F1800
;WIDTH:0.577954
G1 F2725
G1 X112.273 Y104.511 E.0314
G1 X113.301 Y105.06 E.03144
G1 X114.201 Y105.799 E.03144
G1 X114.94 Y106.699 E.03144
G1 X115.489 Y107.727 E.03144
G1 X115.827 Y108.841 E.03144
G1 X115.941 Y110 E.03144
G1 X115.827 Y111.159 E.03144
G1 X115.489 Y112.273 E.03144
G1 X114.94 Y113.301 E.03144
G1 X114.201 Y114.201 E.03144
G1 X113.301 Y114.94 E.03144
G1 X112.273 Y115.489 E.03144
G1 X111.159 Y115.827 E.03144
G1 X110 Y115.941 E.03144
G1 X108.841 Y115.827 E.03144
G1 X107.727 Y115.489 E.03144
G1 X106.699 Y114.94 E.03144
G1 X105.799 Y114.201 E.03144
G1 X105.06 Y113.301 E.03144
G1 X104.511 Y112.273 E.03144
G1 X104.173 Y111.159 E.03144
G1 X104.059 Y110 E.03144
G1 X104.173 Y108.841 E.03144
G1 X104.511 Y107.727 E.03144
G1 X105.06 Y106.699 E.03144
G1 X105.799 Y105.799 E.03144
G1 X106.699 Y105.06 E.03144
G1 X107.727 Y104.511 E.03144
G1 X108.841 Y104.173 E.03144
G1 X110 Y104.059 E.03144
G1 X111.121 Y104.17 E.03041
G1 X111.627 Y106.075 F9000
M204 P2000
;TYPE:Inner wall
;WIDTH:0.449999
G1 F2725
G1 X112.361 Y106.467 E.01725
G1 X113.005 Y106.995 E.01728
G1 X113.533 Y107.639 E.01728
G1 X113.926 Y108.374 E.01728
G1 X114.168 Y109.171 E.01728
G1 X114.249 Y110 E.01728
G1 X114.168 Y110.829 E.01728
G1 X113.926 Y111.626 E.01728
G1 X113.533 Y112.361 E.01728
G1 X113.005 Y113.005 E.01728
G1 X112.361 Y113.533 E.01728
G1 X111.626 Y113.926 E.01728
G1 X110.829 Y114.168 E.01728
G1 X110 Y114.249 E.01728
G1 X109.171 Y114.168 E.01728
G1 X108.374 Y113.926 E.01728
G1 X107.639 Y113.533 E.01728
G1 X106.995 Y113.005 E.01728
G1 X106.467 Y112.361 E.01728
G1 X106.074 Y111.626 E.01728
G1 X105.832 Y110.829 E.01728
G1 X105.751 Y110 E.01728
G1 X105.832 Y109.171 E.01728
G1 X106.074 Y108.374 E.01728
G1 X106.467 Y107.639 E.01728
G1 X106.995 Y106.995 E.01728
G1 X107.639 Y106.467 E.01728
G1 X108.374 Y106.074 E.01728
G1 X109.171 Y105.832 E.01728
G1 X110 Y105.751 E.01728
G1 X110.809 Y105.83 E.01687
G1 X111.589 Y106.063 E.01688
G1 X111.758 Y105.673 F9000
M204 P1000
;TYPE:Outer wall
;WIDTH:0.419999
G1 F2725
G1 X111.789 Y105.682 E.00062
G1 X112.596 Y106.114 E.01765
G1 X113.305 Y106.695 E.01766
G1 X113.886 Y107.404 E.01766
G1 X114.318 Y108.212 E.01766
G1 X114.584 Y109.088 E.01766
G1 X114.673 Y110 E.01766
G1 X114.584 Y110.912 E.01766
G1 X114.318 Y111.788 E.01766
G1 X113.886 Y112.596 E.01766
G1 X113.305 Y113.305 E.01766
G1 X112.596 Y113.886 E.01766
G1 X111.788 Y114.318 E.01766
G1 X110.912 Y114.584 E.01766
G1 X110 Y114.673 E.01766
G1 X109.088 Y114.584 E.01766
G1 X108.212 Y114.318 E.01766
G1 X107.404 Y113.886 E.01766
G1 X106.695 Y113.305 E.01766
G1 X106.114 Y112.596 E.01766
G1 X105.682 Y111.788 E.01766
G1 X105.416 Y110.912 E.01766
G1 X105.327 Y110 E.01766
G1 X105.416 Y109.088 E.01766
G1 X105.682 Y108.212 E.01766
G1 X106.114 Y107.404 E.01766
G1 X106.695 Y106.695 E.01766
G1 X107.404 Y106.114 E.01766
G1 X108.212 Y105.682 E.01766
G1 X109.088 Y105.416 E.01766
G1 X110 Y105.327 E.01766
G1 X110.891 Y105.414 E.01726
G1 X111.72 Y105.662 E.01667
G1 E-.84 F2400
;WIPE_START
G1 F3600
G1 X111.789 Y105.682 E-.02594
G1 X112.596 Y106.114 E-.32966
G1 X112.606 Y106.122 E-.00441
;WIPE_END
G1 Z3.84 F9000
G1 X113.842 Y109.544 Z3.84
G1 Z3.44
G1 E1.2 F1800
M204 P2500
;TYPE:Sparse infill
;WIDTH:0.45
G1 F2725
G1 X113.887 Y110 E.00951
G1 X113.812 Y110.758 E.01581
G1 X113.674 Y111.214 E.00988
G1 X113.24 Y111.648 E.01273
G1 X111.08 Y112.671 E.04957
G1 X110.512 Y113.24 E.01668
G1 X110.215 Y113.866 E.01437
G1 X110 Y113.887 E.00448
G1 X109.242 Y113.812 E.01581
G1 X108.513 Y113.591 E.01581
G1 X107.841 Y113.232 E.01581
G1 X107.252 Y112.748 E.01581
G1 X107.068 Y112.525 E.00599
G1 X108.92 Y111.648 E.0425
G1 X109.488 Y111.08 E.01668
G1 X110.512 Y108.92 E.04957
G1 X111.08 Y108.352 E.01668
G1 X112.932 Y107.475 E.0425
G1 X112.749 Y107.252 E.00599
G1 X112.159 Y106.768 E.01581
G1 X111.489 Y106.41 E.01576
G1 X110.74 Y106.186 E.01623
G1 X110 Y106.113 E.01541
G1 X109.785 Y106.134 E.00448
G1 X109.488 Y106.76 E.01437
G1 X108.92 Y107.329 E.01668
G1 X106.76 Y108.352 E.04957
G1 X106.326 Y108.786 E.01273
G1 X106.188 Y109.242 E.00989
G1 X106.113 Y110 E.01581
G1 X106.158 Y110.456 E.00951
; stop printing object JOYSTICK.stl id:15 copy 0
;LAYER_CHANGE
;Z:3.56
;HEIGHT:0.12
;BEFORE_LAYER_CHANGE
;3.56
G92 E0

G1 E-.97778 F2400
;WIPE_START
G1 F10800
G1 X106.113 Y110 E-.10188
G1 X106.166 Y109.461 E-.12034
;WIPE_END
;_SET_FAN_SPEED_CHANGING_LAYER
; printing object JOYSTICK.stl id:15 copy 0
G17
G3 Z3.96 I-1.07 J.58 P1  F9000
G1 X110 Y116.531 Z3.96
G1 Z3.56
G1 E1.2 F1800
M204 P1000
;TYPE:Outer wall
;WIDTH:0.559839
G1 F2742
G1 X108.726 Y116.405 E.03343
G1 X107.501 Y116.034 E.03343
G1 X106.372 Y115.43 E.03343
G1 X105.382 Y114.618 E.03343
G1 X104.57 Y113.628 E.03343
G1 X103.966 Y112.499 E.03343
G1 X103.595 Y111.274 E.03343
G1 X103.469 Y110 E.03343
G1 X103.595 Y108.726 E.03343
G1 X103.966 Y107.501 E.03343
G1 X104.57 Y106.372 E.03343
G1 X105.382 Y105.382 E.03343
G1 X106.372 Y104.57 E.03343
G1 X107.501 Y103.966 E.03343
G1 X108.726 Y103.595 E.03343
G1 X110 Y103.469 E.03343
G1 X111.274 Y103.595 E.03343
G1 X112.499 Y103.966 E.03343
G1 X113.628 Y104.57 E.03343
G1 X114.618 Y105.382 E.03343
G1 X115.43 Y106.372 E.03343
G1 X116.034 Y107.501 E.03343
G1 X116.405 Y108.726 E.03343
G1 X116.531 Y110 E.03343
G1 X116.405 Y111.274 E.03343
G1 X116.034 Y112.499 E.03343
G1 X115.43 Y113.628 E.03343
G1 X114.618 Y114.618 E.03343
G1 X113.628 Y115.43 E.03343
G1 X112.499 Y116.034 E.03343
G1 X111.274 Y116.405 E.03343
G1 X110.04 Y116.527 E.03239
G1 E-.84 F2400
;WIPE_START
G1 F3600
G1 X109.044 Y116.435 E-.36
;WIPE_END
G17
G3 Z3.96 I1.199 J.207 P1  F9000
G1 X111.165 Y104.147 Z3.96
G1 Z3.56
G1 E1.2 F1800
;WIDTH:0.55984
G1 F2742
G1 X112.284 Y104.486 E.03054
G1 X113.316 Y105.038 E.03055
G1 X114.22 Y105.78 E.03055
G1 X114.962 Y106.684 E.03055
G1 X115.514 Y107.716 E.03055
G1 X115.853 Y108.836 E.03055
G1 X115.968 Y110 E.03055
G1 X115.853 Y111.164 E.03055
G1 X115.514 Y112.284 E.03055
G1 X114.962 Y113.316 E.03055
G1 X114.22 Y114.22 E.03055
G1 X113.316 Y114.962 E.03055
G1 X112.284 Y115.514 E.03055
G1 X111.164 Y115.853 E.03055
G1 X110 Y115.968 E.03055
G1 X108.836 Y115.853 E.03055
G1 X107.716 Y115.514 E.03055
G1 X106.684 Y114.962 E.03055
G1 X105.78 Y114.22 E.03055
G1 X105.038 Y113.316 E.03055
G1 X104.486 Y112.284 E.03055
G1 X104.147 Y111.164 E.03055
G1 X104.032 Y110 E.03055
G1 X104.147 Y108.836 E.03055
G1 X104.486 Y107.716 E.03055
G1 X105.038 Y106.684 E.03055
G1 X105.78 Y105.78 E.03055
G1 X106.684 Y105.038 E.03055
G1 X107.716 Y104.486 E.03055
G1 X108.836 Y104.147 E.03055
G1 X110 Y104.032 E.03055
G1 X111.125 Y104.143 E.02952
G1 X111.64 Y106.041 F9000
M204 P2000
;TYPE:Inner wall
;WIDTH:0.449999
G1 F2742
G1 X112.381 Y106.437 E.01743
G1 X113.03 Y106.97 E.01743
G1 X113.563 Y107.619 E.01743
G1 X113.959 Y108.36 E.01743
G1 X114.203 Y109.164 E.01743
G1 X114.286 Y110 E.01743
G1 X114.203 Y110.836 E.01743
G1 X113.959 Y111.64 E.01743
G1 X113.563 Y112.381 E.01743
G1 X113.03 Y113.03 E.01743
G1 X112.381 Y113.563 E.01743
G1 X111.64 Y113.959 E.01743
G1 X110.836 Y114.203 E.01743
G1 X110 Y114.286 E.01743
G1 X109.164 Y114.203 E.01743
G1 X108.36 Y113.959 E.01743
G1 X107.619 Y113.563 E.01743
G1 X106.97 Y113.03 E.01743
G1 X106.437 Y112.381 E.01743
G1 X106.041 Y111.64 E.01743
G1 X105.797 Y110.836 E.01743
G1 X105.714 Y110 E.01743
G1 X105.797 Y109.164 E.01743
G1 X106.041 Y108.36 E.01743
G1 X106.437 Y107.619 E.01743
G1 X106.97 Y106.97 E.01743
G1 X107.619 Y106.437 E.01743
G1 X108.36 Y106.041 E.01743
G1 X109.164 Y105.797 E.01743
G1 X110 Y105.714 E.01743
G1 X110.836 Y105.797 E.01743
G1 X111.602 Y106.029 E.0166
G1 X111.779 Y105.642 F9000
M204 P1000
;TYPE:Outer wall
;WIDTH:0.419999
G1 F2742
G1 X111.802 Y105.649 E.00047
G1 X112.617 Y106.084 E.0178
G1 X113.33 Y106.67 E.0178
G1 X113.916 Y107.383 E.0178
G1 X114.351 Y108.198 E.0178
G1 X114.619 Y109.081 E.0178
G1 X114.71 Y110 E.0178
G1 X114.619 Y110.919 E.0178
G1 X114.351 Y111.802 E.0178
G1 X113.916 Y112.617 E.0178
G1 X113.33 Y113.33 E.0178
G1 X112.617 Y113.916 E.0178
G1 X111.802 Y114.351 E.0178
G1 X110.919 Y114.619 E.0178
G1 X110 Y114.71 E.0178
G1 X109.081 Y114.619 E.0178
G1 X108.198 Y114.351 E.0178
G1 X107.383 Y113.916 E.0178
G1 X106.67 Y113.33 E.0178
G1 X106.084 Y112.617 E.0178
G1 X105.649 Y111.802 E.0178
G1 X105.381 Y110.919 E.0178
G1 X105.29 Y110 E.0178
G1 X105.381 Y109.081 E.0178
G1 X105.649 Y108.198 E.0178
G1 X106.084 Y107.383 E.0178
G1 X106.67 Y106.67 E.0178
G1 X107.383 Y106.084 E.0178
G1 X108.198 Y105.649 E.0178
G1 X109.081 Y105.381 E.0178
G1 X110 Y105.29 E.0178
G1 X110.919 Y105.381 E.0178
G1 X111.741 Y105.63 E.01655
G1 E-.84 F2400
;WIPE_START
G1 F3600
G1 X111.802 Y105.649 E-.02324
G1 X112.617 Y106.084 E-.33238
G1 X112.626 Y106.092 E-.00437
;WIPE_END
G1 Z3.96 F9000
G1 X113.781 Y109.014 Z3.96
G1 Z3.56
G1 E1.2 F1800
M204 P2500
;TYPE:Sparse infill
;WIDTH:0.45
G1 F2742
G1 X113.848 Y109.235 E.00479
G1 X113.923 Y110 E.01595
G1 X113.855 Y110.694 E.01446
G1 X113.596 Y111.08 E.00965
G1 X113.24 Y111.436 E.01045
G1 X111.08 Y112.884 E.05393
G1 X110.724 Y113.24 E.01045
G1 X110.284 Y113.895 E.01637
G1 X110 Y113.923 E.00593
G1 X109.235 Y113.848 E.01595
G1 X108.499 Y113.625 E.01595
G1 X107.82 Y113.262 E.01595
G1 X107.226 Y112.774 E.01595
G1 X107.118 Y112.643 E.00351
G1 X108.92 Y111.436 E.04498
G1 X109.276 Y111.08 E.01045
G1 X110.724 Y108.92 E.05393
G1 X111.08 Y108.564 E.01045
G1 X112.882 Y107.357 E.04498
G1 X112.774 Y107.226 E.00351
G1 X112.18 Y106.738 E.01595
G1 X111.501 Y106.375 E.01595
G1 X110.765 Y106.152 E.01595
G1 X110 Y106.077 E.01595
G1 X109.716 Y106.105 E.00593
G1 X109.276 Y106.76 E.01637
G1 X108.92 Y107.116 E.01045
G1 X106.76 Y108.564 E.05393
G1 X106.404 Y108.92 E.01045
G1 X106.145 Y109.306 E.00965
G1 X106.077 Y110 E.01446
G1 X106.152 Y110.765 E.01595
G1 X106.219 Y110.986 E.00479
; stop printing object JOYSTICK.stl id:15 copy 0
;LAYER_CHANGE
;Z:3.68
;HEIGHT:0.12
;BEFORE_LAYER_CHANGE
;3.68
G92 E0

G1 E-.97778 F2400
;WIPE_START
G1 F10800
G1 X106.152 Y110.765 E-.0513
G1 X106.077 Y110 E-.17092
G1 X106.077 Y110 E0
;WIPE_END
;_SET_FAN_SPEED_CHANGING_LAYER
; printing object JOYSTICK.stl id:15 copy 0
G17
G3 Z4.08 I-1.044 J.626 P1  F9000
G1 X110 Y116.539 Z4.08
G1 Z3.68
G1 E1.2 F1800
M204 P1000
;TYPE:Outer wall
;WIDTH:0.542376
G1 F2772
G1 X108.724 Y116.414 E.03238
G1 X107.497 Y116.042 E.03238
G1 X106.367 Y115.437 E.03238
G1 X105.376 Y114.624 E.03238
G1 X104.563 Y113.633 E.03238
G1 X103.958 Y112.503 E.03238
G1 X103.586 Y111.276 E.03238
G1 X103.461 Y110 E.03238
G1 X103.586 Y108.724 E.03238
G1 X103.958 Y107.497 E.03238
G1 X104.563 Y106.367 E.03238
G1 X105.376 Y105.376 E.03238
G1 X106.367 Y104.563 E.03238
G1 X107.497 Y103.958 E.03238
G1 X108.724 Y103.586 E.03238
G1 X109.998 Y103.461 E.03234
G1 X111.276 Y103.586 E.03242
G1 X112.503 Y103.958 E.03238
G1 X113.633 Y104.563 E.03238
G1 X114.624 Y105.376 E.03238
G1 X115.437 Y106.367 E.03238
G1 X116.042 Y107.497 E.03238
G1 X116.414 Y108.724 E.03238
G1 X116.539 Y110 E.03238
G1 X116.414 Y111.276 E.03238
G1 X116.042 Y112.503 E.03238
G1 X115.437 Y113.633 E.03238
G1 X114.624 Y114.624 E.03238
G1 X113.633 Y115.437 E.03238
G1 X112.503 Y116.042 E.03238
G1 X111.276 Y116.414 E.03238
G1 X110.04 Y116.536 E.03137
G1 E-.84 F2400
;WIPE_START
G1 F3600
G1 X109.044 Y116.443 E-.36
;WIPE_END
G17
G3 Z4.08 I1.199 J.207 P1  F9000
G1 X111.169 Y104.121 Z4.08
G1 Z3.68
G1 E1.2 F1800
;WIDTH:0.542377
G1 F2772
G1 X112.294 Y104.462 E.02969
G1 X113.33 Y105.016 E.02968
G1 X114.239 Y105.761 E.02968
G1 X114.984 Y106.67 E.02968
G1 X115.538 Y107.706 E.02968
G1 X115.879 Y108.831 E.02968
G1 X115.994 Y110 E.02968
G1 X115.879 Y111.169 E.02968
G1 X115.538 Y112.294 E.02968
G1 X114.984 Y113.33 E.02968
G1 X114.239 Y114.239 E.02968
G1 X113.33 Y114.984 E.02968
G1 X112.294 Y115.538 E.02968
G1 X111.169 Y115.879 E.02968
G1 X110 Y115.994 E.02968
G1 X108.831 Y115.879 E.02968
G1 X107.706 Y115.538 E.02968
G1 X106.67 Y114.984 E.02968
G1 X105.761 Y114.239 E.02968
G1 X105.016 Y113.33 E.02968
G1 X104.462 Y112.294 E.02968
G1 X104.121 Y111.169 E.02968
G1 X104.006 Y110 E.02968
G1 X104.121 Y108.831 E.02968
G1 X104.462 Y107.706 E.02968
;WIDTH:0.542378
G1 X105.016 Y106.67 E.02968
G1 X105.761 Y105.761 E.02968
G1 X106.67 Y105.016 E.02968
G1 X107.706 Y104.462 E.02968
G1 X108.831 Y104.121 E.02968
;WIDTH:0.543003
G1 X109.995 Y104.006 E.02959
G1 X111.13 Y104.117 E.02883
G1 X111.654 Y106.007 F9000
M204 P2000
;TYPE:Inner wall
;WIDTH:0.449999
G1 F2772
G1 X112.401 Y106.406 E.01757
G1 X113.056 Y106.944 E.01757
G1 X113.594 Y107.599 E.01757
G1 X113.993 Y108.346 E.01757
G1 X114.239 Y109.157 E.01757
G1 X114.322 Y110 E.01757
G1 X114.239 Y110.843 E.01757
G1 X113.993 Y111.654 E.01757
G1 X113.594 Y112.401 E.01757
G1 X113.056 Y113.056 E.01757
G1 X112.401 Y113.594 E.01757
G1 X111.654 Y113.993 E.01757
G1 X110.843 Y114.239 E.01757
G1 X110 Y114.322 E.01757
G1 X109.157 Y114.239 E.01757
G1 X108.346 Y113.993 E.01757
G1 X107.599 Y113.594 E.01757
G1 X106.944 Y113.056 E.01757
G1 X106.406 Y112.401 E.01757
G1 X106.007 Y111.654 E.01757
G1 X105.761 Y110.843 E.01757
G1 X105.678 Y110 E.01757
G1 X105.761 Y109.157 E.01757
G1 X106.007 Y108.346 E.01757
G1 X106.406 Y107.599 E.01757
G1 X106.944 Y106.944 E.01757
G1 X107.599 Y106.406 E.01758
G1 X108.346 Y106.007 E.01757
G1 X109.157 Y105.761 E.01757
G1 X110 Y105.678 E.01757
G1 X110.843 Y105.761 E.01757
G1 X111.616 Y105.995 E.01675
G1 X111.8 Y105.61 F9000
M204 P1000
;TYPE:Outer wall
;WIDTH:0.419999
G1 F2772
G1 X111.816 Y105.615 E.00034
G1 X112.637 Y106.054 E.01793
G1 X113.356 Y106.644 E.01793
G1 X113.946 Y107.363 E.01793
G1 X114.385 Y108.184 E.01793
G1 X114.655 Y109.074 E.01793
G1 X114.746 Y110 E.01793
G1 X114.655 Y110.926 E.01793
G1 X114.385 Y111.816 E.01793
G1 X113.946 Y112.637 E.01793
G1 X113.356 Y113.356 E.01793
G1 X112.637 Y113.946 E.01793
G1 X111.816 Y114.385 E.01793
G1 X110.926 Y114.655 E.01793
G1 X110 Y114.746 E.01793
G1 X109.074 Y114.655 E.01793
G1 X108.184 Y114.385 E.01793
G1 X107.363 Y113.946 E.01793
G1 X106.644 Y113.356 E.01793
G1 X106.054 Y112.637 E.01793
G1 X105.615 Y111.816 E.01793
G1 X105.345 Y110.926 E.01793
G1 X105.254 Y110 E.01793
G1 X105.345 Y109.074 E.01793
G1 X105.615 Y108.184 E.01793
G1 X106.054 Y107.363 E.01793
G1 X106.644 Y106.644 E.01793
G1 X107.363 Y106.054 E.01793
G1 X108.184 Y105.615 E.01793
G1 X109.074 Y105.345 E.01793
G1 X110 Y105.254 E.01793
G1 X110.926 Y105.345 E.01793
G1 X111.761 Y105.598 E.01683
G1 E-.84 F2400
;WIPE_START
G1 F3600
G1 X111.816 Y105.615 E-.02071
G1 X112.637 Y106.054 E-.33495
G1 X112.646 Y106.061 E-.00434
;WIPE_END
G1 Z4.08 F9000
G1 X113.401 Y111.997 Z4.08
G1 Z3.68
G1 E1.2 F1800
M204 P2500
;TYPE:Sparse infill
;WIDTH:0.45
G1 F2772
G1 X113.658 Y111.515 E.01132
G1 X113.884 Y110.773 E.0161
G1 X113.92 Y110.399 E.00778
G1 X110.399 Y113.92 E.10329
G1 X110 Y113.96 E.00832
G1 X109.227 Y113.884 E.0161
G1 X108.485 Y113.658 E.0161
G1 X107.8 Y113.292 E.0161
G1 X107.2 Y112.8 E.0161
G1 X112.8 Y107.2 E.16427
G1 X112.2 Y106.708 E.0161
G1 X111.515 Y106.342 E.0161
G1 X110.773 Y106.116 E.0161
G1 X110 Y106.04 E.0161
G1 X109.601 Y106.08 E.00832
G1 X106.08 Y109.601 E.10329
G1 X106.116 Y109.227 E.00778
G1 X106.342 Y108.485 E.0161
G1 X106.599 Y108.003 E.01132
; stop printing object JOYSTICK.stl id:15 copy 0
;LAYER_CHANGE
;Z:3.8
;HEIGHT:0.12
;BEFORE_LAYER_CHANGE
;3.8
G92 E0

G1 E-.97778 F2400
;WIPE_START
G1 F10800
G1 X106.342 Y108.485 E-.12129
G1 X106.21 Y108.919 E-.10093
;WIPE_END
;_SET_FAN_SPEED_CHANGING_LAYER
; printing object JOYSTICK.stl id:15 copy 0
G17
G3 Z4.2 I-1.09 J.542 P1  F9000
G1 X110 Y116.542 Z4.2
G1 Z3.8
G1 E1.2 F1800
M204 P1000
;TYPE:Outer wall
;WIDTH:0.536496
G1 F2784
G1 X108.724 Y116.417 E.03203
G1 X107.496 Y116.044 E.03203
G1 X106.365 Y115.44 E.03203
G1 X105.374 Y114.626 E.03203
G1 X104.56 Y113.635 E.03203
G1 X103.956 Y112.504 E.03203
G1 X103.583 Y111.276 E.03203
G1 X103.458 Y110 E.03203
G1 X103.583 Y108.724 E.03203
G1 X103.956 Y107.496 E.03203
G1 X104.56 Y106.365 E.03203
G1 X105.374 Y105.374 E.03203
G1 X106.365 Y104.56 E.03203
G1 X107.496 Y103.956 E.03203
G1 X108.724 Y103.583 E.03203
G1 X110 Y103.458 E.03203
G1 X111.276 Y103.583 E.03203
G1 X112.504 Y103.956 E.03203
G1 X113.635 Y104.56 E.03203
G1 X114.626 Y105.374 E.03203
G1 X115.44 Y106.365 E.03203
G1 X116.044 Y107.496 E.03203
G1 X116.417 Y108.724 E.03203
G1 X116.542 Y110 E.03203
G1 X116.417 Y111.276 E.03203
G1 X116.044 Y112.504 E.03203
G1 X115.44 Y113.635 E.03203
G1 X114.626 Y114.626 E.03203
G1 X113.635 Y115.44 E.03203
G1 X112.504 Y116.044 E.03203
G1 X111.276 Y116.417 E.03203
G1 X110.04 Y116.539 E.03103
G1 E-.84 F2400
;WIPE_START
G1 F3600
G1 X109.044 Y116.446 E-.36
;WIPE_END
G17
G3 Z4.2 I1.199 J.207 P1  F9000
G1 X111.171 Y104.112 Z4.2
G1 Z3.8
G1 E1.2 F1800
;WIDTH:0.536497
G1 F2784
G1 X112.297 Y104.454 E.02939
G1 X113.335 Y105.008 E.02939
G1 X114.245 Y105.755 E.02939
G1 X114.992 Y106.665 E.02939
G1 X115.546 Y107.703 E.02939
G1 X115.888 Y108.829 E.02939
G1 X116.003 Y110 E.02939
G1 X115.888 Y111.171 E.02939
G1 X115.546 Y112.297 E.02939
G1 X114.992 Y113.335 E.02939
G1 X114.245 Y114.245 E.02939
G1 X113.335 Y114.992 E.02939
G1 X112.297 Y115.546 E.02939
G1 X111.171 Y115.888 E.02939
G1 X110 Y116.003 E.02939
G1 X108.829 Y115.888 E.02939
G1 X107.703 Y115.546 E.02939
G1 X106.665 Y114.992 E.02939
G1 X105.755 Y114.245 E.02939
G1 X105.008 Y113.335 E.02939
G1 X104.454 Y112.297 E.02939
G1 X104.112 Y111.171 E.02939
G1 X103.997 Y110 E.02939
G1 X104.112 Y108.829 E.02939
G1 X104.454 Y107.703 E.02939
G1 X105.008 Y106.665 E.02939
G1 X105.755 Y105.755 E.02939
G1 X106.665 Y105.008 E.02939
G1 X107.703 Y104.454 E.02939
G1 X108.829 Y104.112 E.02939
G1 X110 Y103.997 E.02939
G1 X111.131 Y104.108 E.02839
G1 X111.668 Y105.973 F9000
M204 P2000
;TYPE:Inner wall
;WIDTH:0.449999
G1 F2784
G1 X112.421 Y106.376 E.01772
G1 X113.082 Y106.918 E.01772
G1 X113.624 Y107.579 E.01772
G1 X114.027 Y108.332 E.01772
G1 X114.275 Y109.15 E.01772
G1 X114.359 Y110 E.01772
G1 X114.275 Y110.85 E.01772
G1 X114.027 Y111.668 E.01772
G1 X113.624 Y112.421 E.01772
G1 X113.082 Y113.082 E.01772
G1 X112.421 Y113.624 E.01772
G1 X111.668 Y114.027 E.01772
G1 X110.85 Y114.275 E.01772
G1 X110 Y114.359 E.01772
G1 X109.15 Y114.275 E.01772
G1 X108.332 Y114.027 E.01772
G1 X107.579 Y113.624 E.01772
G1 X106.918 Y113.082 E.01772
G1 X106.376 Y112.421 E.01772
G1 X105.973 Y111.668 E.01772
G1 X105.725 Y110.85 E.01772
G1 X105.641 Y110 E.01772
G1 X105.725 Y109.15 E.01772
G1 X105.973 Y108.332 E.01772
G1 X106.376 Y107.579 E.01772
G1 X106.918 Y106.918 E.01772
G1 X107.579 Y106.376 E.01772
G1 X108.332 Y105.973 E.01772
G1 X109.15 Y105.725 E.01772
G1 X110 Y105.641 E.01772
G1 X110.85 Y105.725 E.01772
G1 X111.63 Y105.962 E.01689
G1 X111.82 Y105.578 F9000
M204 P1000
;TYPE:Outer wall
;WIDTH:0.419999
G1 F2784
G1 X111.83 Y105.581 E.00021
G1 X112.657 Y106.023 E.01807
G1 X113.382 Y106.618 E.01807
G1 X113.977 Y107.343 E.01807
G1 X114.419 Y108.17 E.01807
G1 X114.691 Y109.067 E.01807
G1 X114.783 Y110 E.01807
G1 X114.691 Y110.933 E.01807
G1 X114.419 Y111.83 E.01807
G1 X113.977 Y112.657 E.01807
G1 X113.382 Y113.382 E.01807
G1 X112.657 Y113.977 E.01807
G1 X111.83 Y114.419 E.01807
G1 X110.933 Y114.691 E.01807
G1 X110 Y114.783 E.01807
G1 X109.067 Y114.691 E.01807
G1 X108.17 Y114.419 E.01807
G1 X107.343 Y113.977 E.01807
G1 X106.618 Y113.382 E.01807
G1 X106.023 Y112.657 E.01807
G1 X105.581 Y111.83 E.01807
G1 X105.309 Y110.933 E.01807
G1 X105.217 Y110 E.01807
G1 X105.309 Y109.067 E.01807
G1 X105.581 Y108.17 E.01807
G1 X106.023 Y107.343 E.01807
G1 X106.618 Y106.618 E.01807
G1 X107.343 Y106.023 E.01807
G1 X108.17 Y105.581 E.01807
G1 X109.067 Y105.309 E.01807
G1 X110 Y105.217 E.01807
G1 X110.933 Y105.309 E.01807
G1 X111.782 Y105.567 E.01709
G1 E-.84 F2400
;WIPE_START
G1 F3600
G1 X111.83 Y105.581 E-.01832
G1 X112.657 Y106.023 E-.33752
G1 X112.666 Y106.031 E-.00416
;WIPE_END
G1 Z4.2 F9000
G1 X113.461 Y111.962 Z4.2
G1 Z3.8
G1 E1.2 F1800
M204 P2500
;TYPE:Sparse infill
;WIDTH:0.45
G1 F2784
G1 X113.692 Y111.529 E.01018
G1 X113.919 Y110.78 E.01625
G1 X113.961 Y110.359 E.00877
G1 X110.359 Y113.961 E.10566
G1 X110 Y113.996 E.00748
G1 X109.22 Y113.919 E.01625
G1 X108.471 Y113.692 E.01625
G1 X107.78 Y113.323 E.01625
G1 X107.174 Y112.826 E.01625
G1 X112.826 Y107.174 E.16578
G1 X112.22 Y106.677 E.01625
G1 X111.529 Y106.308 E.01625
G1 X110.78 Y106.081 E.01625
G1 X110 Y106.004 E.01625
G1 X109.641 Y106.039 E.00748
G1 X106.039 Y109.641 E.10566
G1 X106.081 Y109.22 E.00877
G1 X106.308 Y108.471 E.01625
G1 X106.539 Y108.038 E.01018
; stop printing object JOYSTICK.stl id:15 copy 0
;LAYER_CHANGE
;Z:3.92
;HEIGHT:0.12
;BEFORE_LAYER_CHANGE
;3.92
G92 E0

G1 E-.97778 F2400
;WIPE_START
G1 F10800
G1 X106.308 Y108.471 E-.10911
G1 X106.16 Y108.958 E-.11312
;WIPE_END
;_SET_FAN_SPEED_CHANGING_LAYER
; printing object JOYSTICK.stl id:15 copy 0
G17
G3 Z4.32 I-1.086 J.549 P1  F9000
G1 X110 Y116.545 Z4.32
G1 Z3.92
G1 E1.2 F1800
M204 P1000
;TYPE:Outer wall
;WIDTH:0.530614
G1 F2797
G1 X108.723 Y116.42 E.03167
G1 X107.495 Y116.047 E.03167
G1 X106.364 Y115.442 E.03167
G1 X105.372 Y114.628 E.03167
G1 X104.558 Y113.636 E.03167
G1 X103.953 Y112.505 E.03167
G1 X103.58 Y111.277 E.03167
G1 X103.455 Y110 E.03167
G1 X103.58 Y108.723 E.03167
G1 X103.953 Y107.495 E.03167
G1 X104.558 Y106.364 E.03167
G1 X105.372 Y105.372 E.03167
G1 X106.364 Y104.558 E.03167
G1 X107.495 Y103.953 E.03167
G1 X108.723 Y103.58 E.03167
G1 X110 Y103.455 E.03167
G1 X111.277 Y103.58 E.03167
G1 X112.505 Y103.953 E.03167
G1 X113.636 Y104.558 E.03167
G1 X114.628 Y105.372 E.03167
G1 X115.442 Y106.364 E.03167
G1 X116.047 Y107.495 E.03167
G1 X116.42 Y108.723 E.03167
G1 X116.545 Y110 E.03167
G1 X116.42 Y111.277 E.03167
G1 X116.047 Y112.505 E.03167
G1 X115.442 Y113.636 E.03167
G1 X114.628 Y114.628 E.03167
G1 X113.636 Y115.442 E.03167
G1 X112.505 Y116.047 E.03167
G1 X111.277 Y116.42 E.03167
G1 X110.04 Y116.541 E.03069
G1 E-.84 F2400
;WIPE_START
G1 F3600
G1 X109.044 Y116.449 E-.36
;WIPE_END
G17
G3 Z4.32 I1.199 J.207 P1  F9000
G1 X111.173 Y104.103 Z4.32
G1 Z3.92
G1 E1.2 F1800
;WIDTH:0.530618
G1 F2797
G1 X112.301 Y104.445 E.02909
G1 X113.34 Y105.001 E.02909
G1 X114.251 Y105.749 E.02909
G1 X114.999 Y106.66 E.02909
G1 X115.555 Y107.699 E.02909
G1 X115.897 Y108.827 E.02909
G1 X116.012 Y110 E.02909
G1 X115.897 Y111.173 E.02909
G1 X115.555 Y112.301 E.02909
G1 X114.999 Y113.34 E.02909
G1 X114.251 Y114.251 E.02909
G1 X113.34 Y114.999 E.02909
G1 X112.301 Y115.555 E.02909
G1 X111.173 Y115.897 E.02909
G1 X110 Y116.012 E.02909
G1 X108.827 Y115.897 E.02909
G1 X107.699 Y115.555 E.02909
G1 X106.66 Y114.999 E.02909
G1 X105.749 Y114.251 E.02909
G1 X105.001 Y113.34 E.02909
G1 X104.445 Y112.301 E.02909
G1 X104.103 Y111.173 E.02909
G1 X103.988 Y110 E.02909
G1 X104.103 Y108.827 E.02909
G1 X104.445 Y107.699 E.02909
G1 X105.001 Y106.66 E.02909
G1 X105.749 Y105.749 E.02909
G1 X106.66 Y105.001 E.02909
G1 X107.699 Y104.445 E.02909
G1 X108.827 Y104.103 E.02909
G1 X110 Y103.988 E.02909
G1 X111.133 Y104.099 E.02811
G1 X111.682 Y105.94 F9000
M204 P2000
;TYPE:Inner wall
;WIDTH:0.449999
G1 F2797
G1 X112.442 Y106.346 E.01787
G1 X113.108 Y106.892 E.01787
G1 X113.654 Y107.558 E.01787
G1 X114.06 Y108.318 E.01787
G1 X114.31 Y109.143 E.01787
G1 X114.395 Y110 E.01787
G1 X114.31 Y110.857 E.01787
G1 X114.06 Y111.682 E.01787
G1 X113.654 Y112.442 E.01787
G1 X113.108 Y113.108 E.01787
G1 X112.442 Y113.654 E.01787
G1 X111.682 Y114.06 E.01787
G1 X110.857 Y114.31 E.01787
G1 X110 Y114.395 E.01787
G1 X109.143 Y114.31 E.01787
G1 X108.318 Y114.06 E.01787
G1 X107.558 Y113.654 E.01787
G1 X106.892 Y113.108 E.01787
G1 X106.346 Y112.442 E.01787
G1 X105.94 Y111.682 E.01787
G1 X105.69 Y110.857 E.01787
G1 X105.605 Y110 E.01787
G1 X105.69 Y109.143 E.01787
G1 X105.94 Y108.318 E.01787
G1 X106.346 Y107.558 E.01787
G1 X106.892 Y106.892 E.01787
G1 X107.558 Y106.346 E.01787
G1 X108.318 Y105.94 E.01787
G1 X109.143 Y105.69 E.01787
G1 X110 Y105.605 E.01787
G1 X110.857 Y105.69 E.01787
G1 X111.644 Y105.928 E.01704
G1 X111.84 Y105.546 F9000
M204 P1000
;TYPE:Outer wall
;WIDTH:0.419999
G1 F2797
G1 X111.844 Y105.548 E.00009
G1 X112.677 Y105.993 E.01821
G1 X113.408 Y106.592 E.01821
G1 X114.007 Y107.323 E.01821
G1 X114.452 Y108.156 E.01821
G1 X114.726 Y109.06 E.01821
G1 X114.819 Y110 E.01821
G1 X114.726 Y110.94 E.01821
G1 X114.452 Y111.844 E.01821
G1 X114.007 Y112.677 E.01821
G1 X113.408 Y113.408 E.01821
G1 X112.677 Y114.007 E.01821
G1 X111.844 Y114.452 E.01821
G1 X110.94 Y114.726 E.01821
G1 X110 Y114.819 E.01821
G1 X109.06 Y114.726 E.01821
G1 X108.156 Y114.452 E.01821
G1 X107.323 Y114.007 E.01821
G1 X106.592 Y113.408 E.01821
G1 X105.993 Y112.677 E.01821
G1 X105.548 Y111.844 E.01821
G1 X105.274 Y110.94 E.01821
G1 X105.181 Y110 E.01821
G1 X105.274 Y109.06 E.01821
G1 X105.548 Y108.156 E.01821
G1 X105.993 Y107.323 E.01821
G1 X106.592 Y106.592 E.01821
G1 X107.323 Y105.993 E.01821
G1 X108.156 Y105.548 E.01821
G1 X109.06 Y105.274 E.01821
G1 X110 Y105.181 E.01821
G1 X110.94 Y105.274 E.01821
G1 X111.801 Y105.535 E.01735
G1 E-.84 F2400
;WIPE_START
G1 F3600
G1 X111.844 Y105.548 E-.0161
G1 X112.677 Y105.993 E-.34009
G1 X112.686 Y106 E-.00381
;WIPE_END
G1 Z4.32 F9000
G1 X113.52 Y111.928 Z4.32
G1 Z3.92
G1 E1.2 F1800
M204 P2500
;TYPE:Sparse infill
;WIDTH:0.45
G1 F2797
G1 X113.726 Y111.543 E.00905
G1 X113.955 Y110.787 E.0164
G1 X114.001 Y110.319 E.00976
G1 X110.319 Y114.001 E.10802
G1 X110 Y114.033 E.00664
G1 X109.213 Y113.955 E.0164
G1 X108.457 Y113.726 E.0164
G1 X107.76 Y113.353 E.0164
G1 X107.149 Y112.851 E.0164
G1 X112.851 Y107.149 E.16729
G1 X112.24 Y106.647 E.0164
G1 X111.543 Y106.274 E.0164
G1 X110.787 Y106.045 E.0164
G1 X110 Y105.967 E.0164
G1 X109.681 Y105.999 E.00664
G1 X105.999 Y109.681 E.10802
G1 X106.045 Y109.213 E.00976
G1 X106.274 Y108.457 E.0164
G1 X106.48 Y108.072 E.00905
; stop printing object JOYSTICK.stl id:15 copy 0
;LAYER_CHANGE
;Z:4.04
;HEIGHT:0.12
;BEFORE_LAYER_CHANGE
;4.04
G92 E0

G1 E-.97778 F2400
;WIPE_START
G1 F10800
G1 X106.274 Y108.457 E-.09692
G1 X106.111 Y108.996 E-.1253
;WIPE_END
;_SET_FAN_SPEED_CHANGING_LAYER
; printing object JOYSTICK.stl id:15 copy 0
G17
G3 Z4.44 I-1.082 J.557 P1  F9000
G1 X110 Y116.548 Z4.44
G1 Z4.04
G1 E1.2 F1800
M204 P1000
;TYPE:Outer wall
;WIDTH:0.524734
G1 F2811
G1 X108.722 Y116.423 E.03131
G1 X107.494 Y116.05 E.03132
G1 X106.362 Y115.445 E.03132
G1 X105.37 Y114.63 E.03132
G1 X104.555 Y113.638 E.03132
G1 X103.95 Y112.506 E.03132
G1 X103.577 Y111.278 E.03132
G1 X103.452 Y110 E.03132
G1 X103.577 Y108.722 E.03132
G1 X103.95 Y107.494 E.03132
G1 X104.555 Y106.362 E.03132
G1 X105.37 Y105.37 E.03132
G1 X106.362 Y104.555 E.03132
G1 X107.494 Y103.95 E.03132
G1 X108.722 Y103.577 E.03132
G1 X110 Y103.452 E.03132
G1 X111.278 Y103.577 E.03132
G1 X112.506 Y103.95 E.03132
G1 X113.638 Y104.555 E.03132
G1 X114.63 Y105.37 E.03132
G1 X115.445 Y106.362 E.03132
G1 X116.05 Y107.494 E.03132
G1 X116.423 Y108.722 E.03132
G1 X116.548 Y110 E.03132
G1 X116.423 Y111.278 E.03132
G1 X116.05 Y112.506 E.03132
G1 X115.445 Y113.638 E.03132
G1 X114.63 Y114.63 E.03132
G1 X113.638 Y115.445 E.03132
G1 X112.506 Y116.05 E.03132
G1 X111.278 Y116.423 E.03132
G1 X110.039 Y116.544 E.03035
G1 E-.84 F2400
;WIPE_START
G1 F3600
G1 X109.044 Y116.452 E-.36
;WIPE_END
G17
G3 Z4.44 I1.199 J.207 P1  F9000
G1 X111.175 Y104.095 Z4.44
G1 Z4.04
G1 E1.2 F1800
;WIDTH:0.524735
G1 F2811
G1 X112.304 Y104.437 E.0288
G1 X113.345 Y104.994 E.0288
G1 X114.258 Y105.742 E.0288
G1 X115.006 Y106.655 E.0288
G1 X115.563 Y107.696 E.0288
G1 X115.905 Y108.825 E.0288
G1 X116.021 Y110 E.0288
G1 X115.905 Y111.175 E.0288
G1 X115.563 Y112.304 E.0288
G1 X115.006 Y113.345 E.0288
G1 X114.258 Y114.258 E.0288
G1 X113.345 Y115.006 E.0288
G1 X112.304 Y115.563 E.0288
G1 X111.175 Y115.905 E.0288
G1 X110 Y116.021 E.0288
G1 X108.825 Y115.905 E.0288
G1 X107.696 Y115.563 E.0288
G1 X106.655 Y115.006 E.0288
G1 X105.742 Y114.258 E.0288
G1 X104.994 Y113.345 E.0288
G1 X104.437 Y112.304 E.0288
G1 X104.095 Y111.175 E.0288
G1 X103.979 Y110 E.0288
G1 X104.095 Y108.825 E.0288
G1 X104.437 Y107.696 E.0288
G1 X104.994 Y106.655 E.0288
G1 X105.742 Y105.742 E.0288
G1 X106.655 Y104.994 E.0288
G1 X107.696 Y104.437 E.0288
G1 X108.825 Y104.095 E.0288
G1 X110 Y103.979 E.0288
G1 X111.135 Y104.091 E.02782
G1 X111.696 Y105.906 F9000
M204 P2000
;TYPE:Inner wall
;WIDTH:0.449999
G1 F2811
G1 X112.462 Y106.315 E.01802
G1 X113.133 Y106.867 E.01802
G1 X113.685 Y107.538 E.01802
G1 X114.094 Y108.304 E.01802
G1 X114.346 Y109.135 E.01802
G1 X114.431 Y110 E.01802
G1 X114.346 Y110.865 E.01802
G1 X114.094 Y111.696 E.01802
G1 X113.685 Y112.462 E.01802
G1 X113.133 Y113.133 E.01802
G1 X112.462 Y113.685 E.01802
G1 X111.696 Y114.094 E.01802
G1 X110.865 Y114.346 E.01802
G1 X110 Y114.431 E.01802
G1 X109.135 Y114.346 E.01802
G1 X108.304 Y114.094 E.01802
G1 X107.538 Y113.685 E.01802
G1 X106.867 Y113.133 E.01802
G1 X106.315 Y112.462 E.01802
G1 X105.906 Y111.696 E.01802
G1 X105.654 Y110.865 E.01802
G1 X105.569 Y110 E.01802
G1 X105.654 Y109.135 E.01802
G1 X105.906 Y108.304 E.01802
G1 X106.315 Y107.538 E.01802
G1 X106.867 Y106.867 E.01802
G1 X107.538 Y106.315 E.01802
G1 X108.304 Y105.906 E.01802
G1 X109.135 Y105.654 E.01802
G1 X110 Y105.569 E.01802
G1 X110.865 Y105.654 E.01802
G1 X111.658 Y105.894 E.01719
G1 X111.858 Y105.514 F9000
M204 P1000
;TYPE:Outer wall
;WIDTH:0.419999
G1 F2811
G1 X112.698 Y105.963 E.01835
G1 X113.433 Y106.567 E.01835
G1 X114.037 Y107.302 E.01835
G1 X114.486 Y108.142 E.01835
G1 X114.762 Y109.053 E.01835
G1 X114.855 Y110 E.01835
G1 X114.762 Y110.947 E.01835
G1 X114.486 Y111.858 E.01835
G1 X114.037 Y112.698 E.01835
G1 X113.433 Y113.433 E.01835
G1 X112.698 Y114.037 E.01835
G1 X111.858 Y114.486 E.01835
G1 X110.947 Y114.762 E.01835
G1 X110 Y114.855 E.01835
G1 X109.053 Y114.762 E.01835
G1 X108.142 Y114.486 E.01835
G1 X107.302 Y114.037 E.01835
G1 X106.567 Y113.433 E.01835
G1 X105.963 Y112.698 E.01835
G1 X105.514 Y111.858 E.01835
G1 X105.238 Y110.947 E.01835
G1 X105.145 Y110 E.01835
G1 X105.238 Y109.053 E.01835
G1 X105.514 Y108.142 E.01835
G1 X105.963 Y107.302 E.01835
G1 X106.567 Y106.567 E.01835
G1 X107.302 Y105.963 E.01835
G1 X108.142 Y105.514 E.01835
G1 X109.053 Y105.238 E.01835
G1 X110 Y105.145 E.01835
G1 X110.947 Y105.238 E.01835
G1 X111.82 Y105.502 E.01758
G1 E-.84 F2400
;WIPE_START
G1 F3600
G1 X112.698 Y105.963 E-.35679
G1 X112.704 Y105.968 E-.00321
;WIPE_END
G1 Z4.44 F9000
G1 X113.58 Y111.893 Z4.44
G1 Z4.04
G1 E1.2 F1800
M204 P2500
;TYPE:Sparse infill
;WIDTH:0.45
G1 F2811
G1 X113.759 Y111.557 E.00791
G1 X113.991 Y110.794 E.01655
G1 X114.042 Y110.278 E.01075
G1 X110.278 Y114.042 E.11039
G1 X110 Y114.069 E.0058
G1 X109.206 Y113.991 E.01655
G1 X108.443 Y113.759 E.01655
G1 X107.739 Y113.383 E.01655
G1 X107.123 Y112.877 E.01655
G1 X112.877 Y107.123 E.1688
G1 X112.261 Y106.617 E.01655
G1 X111.557 Y106.241 E.01655
G1 X110.794 Y106.009 E.01655
G1 X110 Y105.931 E.01655
G1 X109.722 Y105.958 E.0058
G1 X105.958 Y109.722 E.11039
G1 X106.009 Y109.206 E.01075
G1 X106.241 Y108.443 E.01655
G1 X106.42 Y108.107 E.00791
; stop printing object JOYSTICK.stl id:15 copy 0
;LAYER_CHANGE
;Z:4.16
;HEIGHT:0.12
;BEFORE_LAYER_CHANGE
;4.16
G92 E0

G1 E-.97778 F2400
;WIPE_START
G1 F10800
G1 X106.241 Y108.443 E-.08473
G1 X106.061 Y109.035 E-.13749
;WIPE_END
;_SET_FAN_SPEED_CHANGING_LAYER
; printing object JOYSTICK.stl id:15 copy 0
G17
G3 Z4.56 I-1.078 J.565 P1  F9000
G1 X109.999 Y116.551 Z4.56
G1 Z4.16
G1 E1.2 F1800
M204 P1000
;TYPE:Outer wall
;WIDTH:0.518853
G1 F2824
G1 X108.722 Y116.425 E.03094
G1 X107.493 Y116.053 E.03096
G1 X106.36 Y115.447 E.03096
G1 X105.368 Y114.632 E.03096
G1 X104.553 Y113.64 E.03096
G1 X103.947 Y112.507 E.03096
G1 X103.575 Y111.278 E.03096
G1 X103.449 Y110 E.03096
G1 X103.575 Y108.722 E.03096
G1 X103.947 Y107.493 E.03096
G1 X104.553 Y106.36 E.03096
G1 X105.368 Y105.368 E.03096
G1 X106.36 Y104.553 E.03096
G1 X107.493 Y103.947 E.03096
G1 X108.722 Y103.575 E.03096
G1 X110 Y103.449 E.03096
G1 X111.278 Y103.575 E.03096
G1 X112.507 Y103.947 E.03096
G1 X113.64 Y104.553 E.03096
G1 X114.632 Y105.368 E.03096
G1 X115.447 Y106.36 E.03096
G1 X116.053 Y107.493 E.03096
G1 X116.425 Y108.722 E.03096
G1 X116.551 Y110 E.03096
G1 X116.425 Y111.278 E.03096
G1 X116.053 Y112.507 E.03096
G1 X115.447 Y113.64 E.03096
G1 X114.632 Y114.632 E.03096
G1 X113.64 Y115.447 E.03096
G1 X112.507 Y116.053 E.03096
G1 X111.278 Y116.425 E.03096
G1 X110.039 Y116.547 E.03002
G1 E-.84 F2400
;WIPE_START
G1 F3600
G1 X109.043 Y116.455 E-.36
;WIPE_END
G17
G3 Z4.56 I1.199 J.207 P1  F9000
G1 X111.176 Y104.086 Z4.56
G1 Z4.16
G1 E1.2 F1800
;WIDTH:0.518854
G1 F2824
G1 X112.308 Y104.429 E.0285
G1 X113.35 Y104.986 E.0285
G1 X114.264 Y105.736 E.0285
G1 X115.014 Y106.65 E.0285
G1 X115.571 Y107.692 E.0285
G1 X115.914 Y108.824 E.0285
G1 X116.03 Y110 E.0285
G1 X115.914 Y111.176 E.0285
G1 X115.571 Y112.308 E.0285
G1 X115.014 Y113.35 E.0285
G1 X114.264 Y114.264 E.0285
G1 X113.35 Y115.014 E.0285
G1 X112.308 Y115.571 E.0285
G1 X111.176 Y115.914 E.0285
G1 X110 Y116.03 E.0285
G1 X108.824 Y115.914 E.0285
G1 X107.692 Y115.571 E.0285
G1 X106.65 Y115.014 E.0285
G1 X105.736 Y114.264 E.0285
G1 X104.986 Y113.35 E.0285
G1 X104.429 Y112.308 E.0285
G1 X104.086 Y111.176 E.0285
G1 X103.97 Y110 E.0285
G1 X104.086 Y108.824 E.0285
G1 X104.429 Y107.692 E.0285
G1 X104.986 Y106.65 E.0285
G1 X105.736 Y105.736 E.0285
G1 X106.65 Y104.986 E.0285
G1 X107.692 Y104.429 E.0285
G1 X108.824 Y104.086 E.0285
G1 X110 Y103.97 E.0285
G1 X111.137 Y104.082 E.02753
G1 X111.71 Y105.872 F9000
M204 P2000
;TYPE:Inner wall
;WIDTH:0.449999
G1 F2824
G1 X112.482 Y106.285 E.01817
G1 X113.159 Y106.841 E.01817
G1 X113.715 Y107.518 E.01817
G1 X114.128 Y108.29 E.01817
G1 X114.382 Y109.128 E.01817
G1 X114.468 Y110 E.01817
G1 X114.382 Y110.872 E.01817
G1 X114.128 Y111.71 E.01817
G1 X113.715 Y112.482 E.01817
G1 X113.159 Y113.159 E.01817
G1 X112.482 Y113.715 E.01817
G1 X111.71 Y114.128 E.01817
G1 X110.872 Y114.382 E.01817
G1 X110 Y114.468 E.01817
G1 X109.128 Y114.382 E.01817
G1 X108.29 Y114.128 E.01817
G1 X107.518 Y113.715 E.01817
G1 X106.841 Y113.159 E.01817
G1 X106.285 Y112.482 E.01817
G1 X105.872 Y111.71 E.01817
G1 X105.618 Y110.872 E.01817
G1 X105.532 Y110 E.01817
G1 X105.618 Y109.128 E.01817
G1 X105.872 Y108.29 E.01817
G1 X106.285 Y107.518 E.01817
G1 X106.841 Y106.841 E.01817
G1 X107.518 Y106.285 E.01817
G1 X108.29 Y105.872 E.01817
G1 X109.128 Y105.618 E.01817
G1 X110 Y105.532 E.01817
G1 X110.872 Y105.618 E.01817
G1 X111.671 Y105.861 E.01734
G1 X111.872 Y105.48 F9000
M204 P1000
;TYPE:Outer wall
;WIDTH:0.419999
G1 F2824
G1 X112.718 Y105.933 E.01848
G1 X113.459 Y106.541 E.01848
G1 X114.067 Y107.282 E.01849
G1 X114.52 Y108.128 E.01848
G1 X114.798 Y109.046 E.01849
G1 X114.892 Y110 E.01849
G1 X114.798 Y110.954 E.01848
G1 X114.52 Y111.872 E.01849
G1 X114.067 Y112.718 E.01848
G1 X113.459 Y113.459 E.01849
G1 X112.718 Y114.067 E.01849
G1 X111.872 Y114.52 E.01848
G1 X110.954 Y114.798 E.01849
G1 X110 Y114.892 E.01848
G1 X109.046 Y114.798 E.01848
G1 X108.128 Y114.52 E.01849
G1 X107.282 Y114.067 E.01848
G1 X106.541 Y113.459 E.01849
G1 X105.933 Y112.718 E.01849
G1 X105.48 Y111.872 E.01848
G1 X105.202 Y110.954 E.01849
G1 X105.108 Y110 E.01849
G1 X105.202 Y109.046 E.01848
G1 X105.48 Y108.128 E.01849
G1 X105.933 Y107.282 E.01848
G1 X106.541 Y106.541 E.01849
G1 X107.282 Y105.933 E.01849
G1 X108.128 Y105.48 E.01848
G1 X109.046 Y105.202 E.01849
G1 X110 Y105.108 E.01848
G1 X110.954 Y105.202 E.01849
G1 X111.834 Y105.469 E.01771
G1 E-.84 F2400
;WIPE_START
G1 F3600
G1 X112.718 Y105.933 E-.35936
G1 X112.719 Y105.934 E-.00064
;WIPE_END
G1 Z4.56 F9000
G1 X113.639 Y111.859 Z4.56
G1 Z4.16
G1 E1.2 F1800
M204 P2500
;TYPE:Sparse infill
;WIDTH:0.45
G1 F2824
G1 X113.793 Y111.571 E.00677
G1 X114.026 Y110.801 E.01669
G1 X114.082 Y110.238 E.01174
G1 X110.238 Y114.082 E.11276
G1 X110 Y114.105 E.00496
G1 X109.199 Y114.026 E.01669
G1 X108.429 Y113.793 E.01669
G1 X107.719 Y113.413 E.01669
G1 X107.097 Y112.903 E.01669
G1 X112.903 Y107.097 E.17031
G1 X112.281 Y106.587 E.01669
G1 X111.571 Y106.207 E.01669
G1 X110.801 Y105.974 E.01669
G1 X110 Y105.895 E.01669
G1 X109.762 Y105.918 E.00496
G1 X105.918 Y109.762 E.11276
G1 X105.974 Y109.199 E.01174
G1 X106.207 Y108.429 E.01669
G1 X106.361 Y108.141 E.00677
; stop printing object JOYSTICK.stl id:15 copy 0
;LAYER_CHANGE
;Z:4.28
;HEIGHT:0.12
;BEFORE_LAYER_CHANGE
;4.28
G92 E0

G1 E-.97778 F2400
;WIPE_START
G1 F10800
G1 X106.207 Y108.429 E-.07254
G1 X106.012 Y109.073 E-.14968
;WIPE_END
;_SET_FAN_SPEED_CHANGING_LAYER
; printing object JOYSTICK.stl id:15 copy 0
G17
G3 Z4.68 I-1.074 J.572 P1  F9000
G1 X109.998 Y116.554 Z4.68
G1 Z4.28
G1 E1.2 F1800
M204 P1000
;TYPE:Outer wall
;WIDTH:0.512972
G1 F2838
G1 X108.721 Y116.428 E.03057
G1 X107.492 Y116.055 E.03061
G1 X106.359 Y115.45 E.03061
G1 X105.365 Y114.635 E.03061
G1 X104.55 Y113.641 E.03061
G1 X103.945 Y112.508 E.03061
G1 X103.572 Y111.279 E.03061
G1 X103.446 Y110 E.03061
G1 X103.572 Y108.721 E.03061
G1 X103.945 Y107.492 E.03061
G1 X104.55 Y106.359 E.03061
G1 X105.365 Y105.365 E.03061
G1 X106.359 Y104.55 E.03061
G1 X107.492 Y103.945 E.03061
G1 X108.721 Y103.572 E.03061
G1 X110 Y103.446 E.03061
G1 X111.279 Y103.572 E.03061
G1 X112.508 Y103.945 E.03061
G1 X113.641 Y104.55 E.03061
G1 X114.635 Y105.365 E.03061
G1 X115.45 Y106.359 E.03061
G1 X116.055 Y107.492 E.03061
G1 X116.428 Y108.721 E.03061
G1 X116.554 Y110 E.03061
G1 X116.428 Y111.279 E.03061
G1 X116.055 Y112.508 E.03061
G1 X115.45 Y113.641 E.03061
G1 X114.635 Y114.635 E.03061
G1 X113.641 Y115.45 E.03061
G1 X112.508 Y116.055 E.03061
G1 X111.279 Y116.428 E.03061
G1 X110.038 Y116.55 E.02969
G1 E-.84 F2400
;WIPE_START
G1 F3600
G1 X109.042 Y116.458 E-.36
;WIPE_END
G17
G3 Z4.68 I1.199 J.207 P1  F9000
G1 X111.178 Y104.077 Z4.68
G1 Z4.28
G1 E1.2 F1800
;WIDTH:0.512975
G1 F2838
G1 X112.311 Y104.421 E.0282
G1 X113.355 Y104.979 E.0282
G1 X114.27 Y105.73 E.0282
G1 X115.021 Y106.645 E.0282
G1 X115.579 Y107.689 E.0282
G1 X115.923 Y108.822 E.0282
G1 X116.039 Y110 E.0282
G1 X115.923 Y111.178 E.0282
G1 X115.579 Y112.311 E.0282
G1 X115.021 Y113.355 E.0282
G1 X114.27 Y114.27 E.0282
G1 X113.355 Y115.021 E.0282
G1 X112.311 Y115.579 E.0282
G1 X111.178 Y115.923 E.0282
G1 X110 Y116.039 E.0282
G1 X108.822 Y115.923 E.0282
G1 X107.689 Y115.579 E.0282
G1 X106.645 Y115.021 E.0282
G1 X105.73 Y114.27 E.0282
G1 X104.979 Y113.355 E.0282
G1 X104.421 Y112.311 E.0282
G1 X104.077 Y111.178 E.0282
G1 X103.961 Y110 E.0282
G1 X104.077 Y108.822 E.0282
G1 X104.421 Y107.689 E.0282
G1 X104.979 Y106.645 E.0282
G1 X105.73 Y105.73 E.0282
G1 X106.645 Y104.979 E.0282
G1 X107.689 Y104.421 E.0282
G1 X108.822 Y104.077 E.0282
G1 X110 Y103.961 E.0282
G1 X111.138 Y104.073 E.02725
G1 X111.724 Y105.839 F9000
M204 P2000
;TYPE:Inner wall
;WIDTH:0.449999
G1 F2838
G1 X112.502 Y106.255 E.01831
G1 X113.185 Y106.815 E.01831
G1 X113.745 Y107.498 E.01831
G1 X114.161 Y108.276 E.01831
G1 X114.418 Y109.121 E.01831
G1 X114.504 Y110 E.01831
G1 X114.418 Y110.879 E.01831
G1 X114.161 Y111.724 E.01831
G1 X113.745 Y112.502 E.01831
G1 X113.185 Y113.185 E.01831
G1 X112.502 Y113.745 E.01832
G1 X111.724 Y114.161 E.01831
G1 X110.879 Y114.418 E.01831
G1 X110 Y114.504 E.01831
G1 X109.121 Y114.418 E.01831
G1 X108.276 Y114.161 E.01831
G1 X107.498 Y113.745 E.01831
G1 X106.815 Y113.185 E.01831
G1 X106.255 Y112.502 E.01831
G1 X105.839 Y111.724 E.01831
G1 X105.582 Y110.879 E.01831
G1 X105.496 Y110 E.01831
G1 X105.582 Y109.121 E.01831
G1 X105.839 Y108.276 E.01831
G1 X106.255 Y107.498 E.01831
G1 X106.815 Y106.815 E.01831
G1 X107.498 Y106.255 E.01832
G1 X108.276 Y105.839 E.01831
G1 X109.121 Y105.582 E.01831
G1 X110 Y105.496 E.01831
G1 X110.879 Y105.582 E.01831
G1 X111.685 Y105.827 E.01749
G1 X111.886 Y105.447 F9000
M204 P1000
;TYPE:Outer wall
;WIDTH:0.419999
G1 F2838
G1 X112.738 Y105.902 E.01862
G1 X113.485 Y106.515 E.01862
G1 X114.098 Y107.262 E.01862
G1 X114.553 Y108.114 E.01862
G1 X114.834 Y109.039 E.01862
G1 X114.928 Y110 E.01862
G1 X114.834 Y110.961 E.01862
G1 X114.553 Y111.886 E.01862
G1 X114.098 Y112.738 E.01862
G1 X113.485 Y113.485 E.01862
G1 X112.738 Y114.098 E.01862
G1 X111.886 Y114.553 E.01862
G1 X110.961 Y114.834 E.01862
G1 X110 Y114.928 E.01862
G1 X109.039 Y114.834 E.01862
G1 X108.114 Y114.553 E.01862
G1 X107.262 Y114.098 E.01862
G1 X106.515 Y113.485 E.01862
G1 X105.902 Y112.738 E.01862
G1 X105.447 Y111.886 E.01862
G1 X105.166 Y110.961 E.01862
G1 X105.072 Y110 E.01862
G1 X105.166 Y109.039 E.01862
G1 X105.447 Y108.114 E.01862
G1 X105.902 Y107.262 E.01862
G1 X106.515 Y106.515 E.01862
G1 X107.262 Y105.902 E.01862
G1 X108.114 Y105.447 E.01862
G1 X109.039 Y105.166 E.01862
G1 X110 Y105.072 E.01862
G1 X110.961 Y105.166 E.01862
G1 X111.848 Y105.435 E.01785
G1 E-.84 F2400
;WIPE_START
G1 F3600
G1 X112.733 Y105.9 E-.36
;WIPE_END
G1 Z4.68 F9000
G1 X113.698 Y111.825 Z4.68
G1 Z4.28
G1 E1.2 F1800
M204 P2500
;TYPE:Sparse infill
;WIDTH:0.45
G1 F2838
G1 X113.827 Y111.585 E.00563
G1 X114.062 Y110.808 E.01684
G1 X114.122 Y110.198 E.01272
G1 X110.198 Y114.122 E.11513
G1 X110 Y114.142 E.00412
G1 X109.192 Y114.062 E.01684
G1 X108.415 Y113.827 E.01684
G1 X107.699 Y113.444 E.01684
G1 X107.071 Y112.929 E.01684
G1 X112.929 Y107.071 E.17182
G1 X112.301 Y106.556 E.01684
G1 X111.585 Y106.173 E.01684
G1 X110.808 Y105.938 E.01684
G1 X110 Y105.858 E.01684
G1 X109.802 Y105.878 E.00412
G1 X105.878 Y109.802 E.11513
G1 X105.938 Y109.192 E.01272
G1 X106.173 Y108.415 E.01684
G1 X106.302 Y108.175 E.00563
; stop printing object JOYSTICK.stl id:15 copy 0
;LAYER_CHANGE
;Z:4.4
;HEIGHT:0.12
;BEFORE_LAYER_CHANGE
;4.4
G92 E0

G1 E-.97778 F2400
;WIPE_START
G1 F10800
G1 X106.173 Y108.415 E-.06035
G1 X105.962 Y109.112 E-.16187
;WIPE_END
;_SET_FAN_SPEED_CHANGING_LAYER
; printing object JOYSTICK.stl id:15 copy 0
G17
G3 Z4.8 I-1.07 J.58 P1  F9000
G1 X109.998 Y116.557 Z4.8
G1 Z4.4
G1 E1.2 F1800
M204 P1000
;TYPE:Outer wall
;WIDTH:0.50709
G1 F2851
G1 X108.721 Y116.431 E.0302
G1 X107.491 Y116.058 E.03025
G1 X106.357 Y115.452 E.03025
G1 X105.363 Y114.637 E.03025
G1 X104.548 Y113.643 E.03025
G1 X103.942 Y112.509 E.03025
G1 X103.569 Y111.279 E.03025
G1 X103.443 Y110 E.03025
G1 X103.569 Y108.721 E.03025
G1 X103.942 Y107.491 E.03025
G1 X104.548 Y106.357 E.03025
G1 X105.363 Y105.363 E.03025
G1 X106.357 Y104.548 E.03025
G1 X107.491 Y103.942 E.03025
G1 X108.721 Y103.569 E.03025
G1 X110 Y103.443 E.03025
G1 X111.279 Y103.569 E.03025
G1 X112.509 Y103.942 E.03025
G1 X113.643 Y104.548 E.03025
G1 X114.637 Y105.363 E.03025
G1 X115.452 Y106.357 E.03025
G1 X116.058 Y107.491 E.03025
G1 X116.431 Y108.721 E.03025
G1 X116.557 Y110 E.03025
G1 X116.431 Y111.279 E.03025
G1 X116.058 Y112.509 E.03025
G1 X115.452 Y113.643 E.03025
G1 X114.637 Y114.637 E.03025
G1 X113.643 Y115.452 E.03025
G1 X112.509 Y116.058 E.03025
G1 X111.279 Y116.431 E.03025
G1 X110.038 Y116.553 E.02936
G1 E-.84 F2400
;WIPE_START
G1 F3600
G1 X109.042 Y116.461 E-.36
;WIPE_END
G17
G3 Z4.8 I1.199 J.207 P1  F9000
G1 X111.18 Y104.069 Z4.8
G1 Z4.4
G1 E1.2 F1800
;WIDTH:0.507094
G1 F2851
G1 X112.314 Y104.413 E.0279
G1 X113.36 Y104.972 E.0279
G1 X114.276 Y105.724 E.0279
G1 X115.028 Y106.64 E.0279
G1 X115.587 Y107.686 E.0279
G1 X115.931 Y108.82 E.0279
G1 X116.048 Y110 E.0279
G1 X115.931 Y111.18 E.0279
G1 X115.587 Y112.314 E.0279
G1 X115.028 Y113.36 E.0279
G1 X114.276 Y114.276 E.0279
G1 X113.36 Y115.028 E.0279
G1 X112.314 Y115.587 E.0279
G1 X111.18 Y115.931 E.0279
G1 X110 Y116.048 E.0279
G1 X108.82 Y115.931 E.0279
G1 X107.686 Y115.587 E.0279
G1 X106.64 Y115.028 E.0279
G1 X105.724 Y114.276 E.0279
G1 X104.972 Y113.36 E.0279
G1 X104.413 Y112.314 E.0279
G1 X104.069 Y111.18 E.0279
G1 X103.952 Y110 E.0279
G1 X104.069 Y108.82 E.0279
G1 X104.413 Y107.686 E.0279
G1 X104.972 Y106.64 E.0279
G1 X105.724 Y105.724 E.0279
G1 X106.64 Y104.972 E.0279
G1 X107.686 Y104.413 E.0279
G1 X108.82 Y104.069 E.0279
G1 X110 Y103.952 E.0279
G1 X111.14 Y104.065 E.02696
G1 X111.738 Y105.805 F9000
M204 P2000
;TYPE:Inner wall
;WIDTH:0.449999
G1 F2851
G1 X112.523 Y106.225 E.01846
G1 X113.211 Y106.789 E.01846
G1 X113.775 Y107.477 E.01846
G1 X114.195 Y108.262 E.01846
G1 X114.453 Y109.114 E.01846
G1 X114.541 Y110 E.01846
G1 X114.453 Y110.886 E.01846
G1 X114.195 Y111.738 E.01846
G1 X113.775 Y112.523 E.01846
G1 X113.211 Y113.211 E.01846
G1 X112.523 Y113.775 E.01846
G1 X111.738 Y114.195 E.01846
G1 X110.886 Y114.453 E.01846
G1 X110 Y114.541 E.01846
G1 X109.114 Y114.453 E.01846
G1 X108.262 Y114.195 E.01846
G1 X107.477 Y113.775 E.01846
G1 X106.789 Y113.211 E.01846
G1 X106.225 Y112.523 E.01846
G1 X105.805 Y111.738 E.01846
G1 X105.547 Y110.886 E.01846
G1 X105.459 Y110 E.01846
G1 X105.547 Y109.114 E.01846
G1 X105.805 Y108.262 E.01846
G1 X106.225 Y107.477 E.01846
G1 X106.789 Y106.789 E.01846
G1 X107.477 Y106.225 E.01846
G1 X108.262 Y105.805 E.01846
G1 X109.114 Y105.547 E.01845
G1 X110.009 Y105.46 E.01866
G1 X110.886 Y105.547 E.01827
G1 X111.699 Y105.793 E.01763
G1 X111.9 Y105.413 F9000
M204 P1000
;TYPE:Outer wall
;WIDTH:0.419999
G1 F2851
G1 X112.758 Y105.872 E.01876
G1 X113.511 Y106.489 E.01876
G1 X114.128 Y107.242 E.01876
G1 X114.587 Y108.1 E.01876
G1 X114.869 Y109.031 E.01876
G1 X114.965 Y110 E.01876
G1 X114.869 Y110.969 E.01876
G1 X114.587 Y111.9 E.01876
G1 X114.128 Y112.758 E.01876
G1 X113.511 Y113.511 E.01876
G1 X112.758 Y114.128 E.01876
G1 X111.9 Y114.587 E.01876
G1 X110.969 Y114.869 E.01876
G1 X110 Y114.965 E.01876
G1 X109.031 Y114.869 E.01876
G1 X108.1 Y114.587 E.01876
G1 X107.242 Y114.128 E.01876
G1 X106.489 Y113.511 E.01876
G1 X105.872 Y112.758 E.01876
G1 X105.413 Y111.9 E.01876
G1 X105.131 Y110.969 E.01876
G1 X105.035 Y110 E.01876
G1 X105.131 Y109.031 E.01876
G1 X105.413 Y108.1 E.01876
G1 X105.872 Y107.242 E.01876
G1 X106.489 Y106.489 E.01876
G1 X107.242 Y105.872 E.01876
G1 X108.1 Y105.413 E.01876
G1 X109.031 Y105.131 E.01876
G1 X110.009 Y105.036 E.01894
G1 X110.969 Y105.131 E.01858
G1 X111.862 Y105.402 E.01799
G1 E-.84 F2400
;WIPE_START
G1 F3600
G1 X112.747 Y105.866 E-.36
;WIPE_END
G1 Z4.8 F9000
G1 X113.758 Y111.79 Z4.8
G1 Z4.4
G1 E1.2 F1800
M204 P2500
;TYPE:Sparse infill
;WIDTH:0.45
G1 F2851
G1 X113.86 Y111.599 E.0045
G1 X114.098 Y110.815 E.01699
G1 X114.163 Y110.157 E.01371
G1 X110.157 Y114.163 E.1175
G1 X110 Y114.178 E.00327
G1 X109.185 Y114.098 E.01699
G1 X108.401 Y113.86 E.01699
G1 X107.679 Y113.474 E.01699
G1 X107.046 Y112.954 E.01699
G1 X112.954 Y107.046 E.17333
G1 X112.321 Y106.526 E.01699
G1 X111.599 Y106.14 E.01699
G1 X110.815 Y105.902 E.01699
G1 X110.009 Y105.823 E.01681
G1 X109.841 Y105.839 E.00349
G1 X105.837 Y109.843 E.11745
G1 X105.902 Y109.185 E.01371
G1 X106.14 Y108.401 E.01699
G1 X106.242 Y108.21 E.0045
; stop printing object JOYSTICK.stl id:15 copy 0
;LAYER_CHANGE
;Z:4.52
;HEIGHT:0.12
;BEFORE_LAYER_CHANGE
;4.52
G92 E0

G1 E-.97778 F2400
;WIPE_START
G1 F10800
G1 X106.14 Y108.401 E-.04817
G1 X105.913 Y109.151 E-.17406
;WIPE_END
;_SET_FAN_SPEED_CHANGING_LAYER
; printing object JOYSTICK.stl id:15 copy 0
G17
G3 Z4.92 I-1.066 J.588 P1  F9000
G1 X109.997 Y116.56 Z4.92
G1 Z4.52
G1 E1.2 F1800
M204 P1000
;TYPE:Outer wall
;WIDTH:0.50121
G1 F2857
G1 X108.72 Y116.434 E.02983
G1 X107.49 Y116.061 E.0299
G1 X106.355 Y115.455 E.02989
G1 X105.361 Y114.639 E.0299
G1 X104.545 Y113.645 E.02989
G1 X103.939 Y112.51 E.02989
G1 X103.566 Y111.28 E.0299
G1 X103.44 Y110 E.0299
G1 X103.566 Y108.72 E.0299
G1 X103.939 Y107.49 E.0299
G1 X104.545 Y106.355 E.02989
G1 X105.361 Y105.361 E.0299
G1 X106.355 Y104.545 E.0299
G1 X107.49 Y103.939 E.02989
G1 X108.72 Y103.566 E.02989
G1 X110 Y103.44 E.0299
G1 X111.28 Y103.566 E.02989
G1 X112.51 Y103.939 E.0299
G1 X113.645 Y104.545 E.02989
G1 X114.639 Y105.361 E.0299
G1 X115.455 Y106.355 E.0299
G1 X116.061 Y107.49 E.02989
G1 X116.434 Y108.72 E.0299
G1 X116.56 Y110 E.0299
G1 X116.434 Y111.28 E.0299
G1 X116.061 Y112.51 E.0299
G1 X115.455 Y113.645 E.02989
G1 X114.639 Y114.639 E.0299
G1 X113.645 Y115.455 E.0299
G1 X112.51 Y116.061 E.02989
G1 X111.28 Y116.434 E.0299
G1 X110.037 Y116.557 E.02903
G1 E-.84 F2400
;WIPE_START
G1 F3600
G1 X109.041 Y116.464 E-.36
;WIPE_END
G17
G3 Z4.92 I1.199 J.207 P1  F9000
G1 X111.182 Y104.06 Z4.92
G1 Z4.52
G1 E1.2 F1800
;WIDTH:0.501212
G1 F2857
G1 X112.318 Y104.405 E.0276
G1 X113.365 Y104.964 E.0276
G1 X114.283 Y105.717 E.0276
G1 X115.036 Y106.635 E.0276
G1 X115.595 Y107.682 E.0276
G1 X115.94 Y108.818 E.0276
G1 X116.057 Y110 E.0276
G1 X115.94 Y111.182 E.0276
G1 X115.595 Y112.318 E.0276
G1 X115.036 Y113.365 E.0276
G1 X114.283 Y114.283 E.0276
G1 X113.365 Y115.036 E.0276
G1 X112.318 Y115.595 E.0276
G1 X111.182 Y115.94 E.0276
G1 X110 Y116.057 E.0276
G1 X108.818 Y115.94 E.0276
G1 X107.682 Y115.595 E.0276
G1 X106.635 Y115.036 E.0276
G1 X105.717 Y114.283 E.0276
G1 X104.964 Y113.365 E.0276
G1 X104.405 Y112.318 E.0276
G1 X104.06 Y111.182 E.0276
G1 X103.943 Y110 E.0276
G1 X104.06 Y108.818 E.0276
G1 X104.405 Y107.682 E.0276
G1 X104.964 Y106.635 E.0276
G1 X105.717 Y105.717 E.0276
G1 X106.635 Y104.964 E.0276
G1 X107.682 Y104.405 E.0276
G1 X108.818 Y104.06 E.0276
G1 X110 Y103.943 E.0276
G1 X111.142 Y104.056 E.02667
G1 X111.743 Y105.792 F9000
M204 P2000
;TYPE:Inner wall
;WIDTH:0.449999
G1 F2857
G1 X112.53 Y106.213 E.01852
G1 X113.22 Y106.78 E.01852
G1 X113.787 Y107.47 E.01852
G1 X114.208 Y108.257 E.01852
G1 X114.467 Y109.111 E.01852
G1 X114.554 Y110 E.01852
G1 X114.467 Y110.889 E.01852
G1 X114.208 Y111.743 E.01852
G1 X113.787 Y112.53 E.01852
G1 X113.22 Y113.22 E.01852
G1 X112.53 Y113.787 E.01852
G1 X111.743 Y114.208 E.01852
G1 X110.889 Y114.467 E.01852
G1 X110 Y114.554 E.01852
G1 X109.111 Y114.467 E.01852
G1 X108.257 Y114.208 E.01852
G1 X107.47 Y113.787 E.01852
G1 X106.78 Y113.22 E.01852
G1 X106.213 Y112.53 E.01852
G1 X105.792 Y111.743 E.01852
G1 X105.533 Y110.889 E.01852
G1 X105.446 Y110 E.01852
G1 X105.533 Y109.111 E.01852
G1 X105.792 Y108.257 E.01852
G1 X106.213 Y107.47 E.01852
G1 X106.78 Y106.78 E.01852
G1 X107.47 Y106.213 E.01852
G1 X108.257 Y105.792 E.01852
G1 X109.111 Y105.533 E.01852
G1 X110 Y105.446 E.01852
G1 X110.889 Y105.533 E.01852
G1 X111.705 Y105.781 E.01769
G1 X111.905 Y105.4 F9000
M204 P1000
;TYPE:Outer wall
;WIDTH:0.419999
G1 F2857
G1 X112.766 Y105.86 E.01881
G1 X113.52 Y106.48 E.01881
G1 X114.14 Y107.234 E.01881
G1 X114.6 Y108.095 E.01881
G1 X114.883 Y109.029 E.01881
G1 X114.979 Y110 E.01881
G1 X114.883 Y110.971 E.01881
G1 X114.6 Y111.905 E.01881
G1 X114.14 Y112.766 E.01881
G1 X113.52 Y113.52 E.01881
G1 X112.766 Y114.14 E.01881
G1 X111.905 Y114.6 E.01881
G1 X110.971 Y114.883 E.01881
G1 X110 Y114.979 E.01881
G1 X109.029 Y114.883 E.01881
G1 X108.095 Y114.6 E.01881
G1 X107.234 Y114.14 E.01881
G1 X106.48 Y113.52 E.01881
G1 X105.86 Y112.766 E.01881
G1 X105.4 Y111.905 E.01881
G1 X105.117 Y110.971 E.01881
G1 X105.021 Y110 E.01881
G1 X105.117 Y109.029 E.01881
G1 X105.4 Y108.095 E.01881
G1 X105.86 Y107.234 E.01881
G1 X106.48 Y106.48 E.01881
G1 X107.234 Y105.86 E.01881
G1 X108.095 Y105.4 E.01881
G1 X109.029 Y105.117 E.01881
G1 X110 Y105.021 E.01881
G1 X110.971 Y105.117 E.01881
G1 X111.867 Y105.389 E.01804
G1 E-.84 F2400
;WIPE_START
G1 F3600
G1 X112.752 Y105.853 E-.36
;WIPE_END
G1 Z4.92 F9000
G1 X113.781 Y111.777 Z4.92
G1 Z4.52
G1 E1.2 F1800
M204 P2500
;TYPE:Sparse infill
;WIDTH:0.45
G1 F2857
G1 X113.873 Y111.604 E.00406
G1 X114.112 Y110.818 E.01705
G1 X114.178 Y110.142 E.01409
G1 X110.142 Y114.178 E.1184
G1 X110 Y114.192 E.00295
G1 X109.182 Y114.112 E.01705
G1 X108.396 Y113.873 E.01705
G1 X107.671 Y113.486 E.01705
G1 X107.036 Y112.964 E.01705
G1 X112.964 Y107.036 E.17391
G1 X112.329 Y106.514 E.01705
G1 X111.604 Y106.127 E.01705
G1 X110.818 Y105.888 E.01705
G1 X110 Y105.808 E.01705
G1 X109.858 Y105.822 E.00295
G1 X105.822 Y109.858 E.1184
G1 X105.888 Y109.182 E.01409
G1 X106.127 Y108.396 E.01705
G1 X106.219 Y108.223 E.00406
; stop printing object JOYSTICK.stl id:15 copy 0
;LAYER_CHANGE
;Z:4.64
;HEIGHT:0.12
;BEFORE_LAYER_CHANGE
;4.64
G92 E0

G1 E-.97778 F2400
;WIPE_START
G1 F10800
G1 X106.127 Y108.396 E-.04352
G1 X105.894 Y109.165 E-.1787
;WIPE_END
;_SET_FAN_SPEED_CHANGING_LAYER
; printing object JOYSTICK.stl id:15 copy 0
G17
G3 Z5.04 I-1.064 J.59 P1  F9000
G1 X109.997 Y116.563 Z5.04
G1 Z4.64
G1 E1.2 F1800
M204 P1000
;TYPE:Outer wall
;WIDTH:0.495328
G1 F2862
G1 X108.72 Y116.437 E.02946
G1 X107.488 Y116.064 E.02954
G1 X106.354 Y115.457 E.02954
G1 X105.359 Y114.641 E.02954
G1 X104.543 Y113.646 E.02954
G1 X103.936 Y112.512 E.02954
G1 X103.563 Y111.28 E.02954
G1 X103.437 Y110 E.02954
G1 X103.563 Y108.72 E.02954
G1 X103.936 Y107.488 E.02954
G1 X104.543 Y106.354 E.02954
G1 X105.359 Y105.359 E.02954
G1 X106.354 Y104.543 E.02954
G1 X107.488 Y103.936 E.02954
G1 X108.72 Y103.563 E.02954
G1 X110 Y103.437 E.02954
G1 X111.28 Y103.563 E.02954
G1 X112.512 Y103.936 E.02954
G1 X113.646 Y104.543 E.02954
G1 X114.641 Y105.359 E.02954
G1 X115.457 Y106.354 E.02954
G1 X116.064 Y107.488 E.02954
G1 X116.437 Y108.72 E.02954
G1 X116.563 Y110 E.02954
G1 X116.437 Y111.28 E.02954
G1 X116.064 Y112.512 E.02954
G1 X115.457 Y113.646 E.02954
G1 X114.641 Y114.641 E.02954
G1 X113.646 Y115.457 E.02954
G1 X112.512 Y116.064 E.02954
G1 X111.28 Y116.437 E.02954
G1 X110.036 Y116.56 E.0287
G1 E-.84 F2400
;WIPE_START
G1 F3600
G1 X109.041 Y116.467 E-.36
;WIPE_END
G17
G3 Z5.04 I1.199 J.207 P1  F9000
G1 X111.183 Y104.051 Z5.04
G1 Z4.64
G1 E1.2 F1800
;WIDTH:0.495332
G1 F2862
G1 X112.321 Y104.396 E.0273
G1 X113.37 Y104.957 E.0273
G1 X114.289 Y105.711 E.0273
G1 X115.043 Y106.63 E.0273
G1 X115.604 Y107.679 E.0273
G1 X115.949 Y108.817 E.0273
G1 X116.065 Y110 E.0273
G1 X115.949 Y111.183 E.0273
G1 X115.604 Y112.321 E.0273
G1 X115.043 Y113.37 E.0273
G1 X114.289 Y114.289 E.0273
G1 X113.37 Y115.043 E.0273
G1 X112.321 Y115.604 E.0273
G1 X111.183 Y115.949 E.0273
G1 X110 Y116.065 E.0273
G1 X108.817 Y115.949 E.0273
G1 X107.679 Y115.604 E.0273
G1 X106.63 Y115.043 E.0273
G1 X105.711 Y114.289 E.0273
G1 X104.957 Y113.37 E.0273
G1 X104.396 Y112.321 E.0273
G1 X104.051 Y111.183 E.0273
G1 X103.935 Y110 E.0273
G1 X104.051 Y108.817 E.0273
G1 X104.396 Y107.679 E.0273
G1 X104.957 Y106.63 E.0273
G1 X105.711 Y105.711 E.0273
G1 X106.63 Y104.957 E.0273
G1 X107.679 Y104.396 E.0273
G1 X108.817 Y104.051 E.0273
G1 X110 Y103.935 E.0273
G1 X111.143 Y104.047 E.02638
G1 X111.747 Y105.781 F9000
M204 P2000
;TYPE:Inner wall
;WIDTH:0.449999
G1 F2862
G1 X112.537 Y106.203 E.01857
G1 X113.229 Y106.771 E.01857
G1 X113.797 Y107.463 E.01857
G1 X114.219 Y108.253 E.01857
G1 X114.478 Y109.109 E.01857
G1 X114.566 Y110 E.01857
G1 X114.478 Y110.891 E.01857
G1 X114.219 Y111.747 E.01857
G1 X113.797 Y112.537 E.01857
G1 X113.229 Y113.229 E.01857
G1 X112.537 Y113.797 E.01857
G1 X111.747 Y114.219 E.01857
G1 X110.891 Y114.478 E.01857
G1 X110 Y114.566 E.01857
G1 X109.109 Y114.478 E.01857
G1 X108.253 Y114.219 E.01857
G1 X107.463 Y113.797 E.01857
G1 X106.771 Y113.229 E.01857
G1 X106.203 Y112.537 E.01857
G1 X105.781 Y111.747 E.01857
G1 X105.522 Y110.891 E.01857
G1 X105.434 Y110 E.01857
G1 X105.522 Y109.109 E.01857
G1 X105.781 Y108.253 E.01857
G1 X106.203 Y107.463 E.01857
G1 X106.771 Y106.771 E.01857
G1 X107.463 Y106.203 E.01857
G1 X108.253 Y105.781 E.01857
G1 X109.109 Y105.522 E.01857
G1 X110 Y105.434 E.01857
G1 X110.891 Y105.522 E.01857
G1 X111.709 Y105.77 E.01774
G1 X111.91 Y105.389 F9000
M204 P1000
;TYPE:Outer wall
;WIDTH:0.419999
G1 F2862
G1 X112.773 Y105.851 E.01886
G1 X113.529 Y106.471 E.01886
G1 X114.149 Y107.227 E.01886
G1 X114.611 Y108.09 E.01886
G1 X114.895 Y109.026 E.01886
G1 X114.99 Y110 E.01886
G1 X114.895 Y110.974 E.01886
G1 X114.611 Y111.91 E.01886
G1 X114.149 Y112.773 E.01886
G1 X113.529 Y113.529 E.01886
G1 X112.773 Y114.149 E.01886
G1 X111.91 Y114.611 E.01886
G1 X110.974 Y114.895 E.01886
G1 X110 Y114.99 E.01886
G1 X109.026 Y114.895 E.01886
G1 X108.09 Y114.611 E.01886
G1 X107.227 Y114.149 E.01886
G1 X106.471 Y113.529 E.01886
G1 X105.851 Y112.773 E.01886
G1 X105.389 Y111.91 E.01886
G1 X105.105 Y110.974 E.01886
G1 X105.01 Y110 E.01886
G1 X105.105 Y109.026 E.01886
G1 X105.389 Y108.09 E.01886
G1 X105.851 Y107.227 E.01886
G1 X106.471 Y106.471 E.01886
G1 X107.227 Y105.851 E.01886
G1 X108.09 Y105.389 E.01886
G1 X109.026 Y105.105 E.01886
G1 X110 Y105.01 E.01886
G1 X110.974 Y105.105 E.01886
G1 X111.871 Y105.378 E.01809
G1 E-.84 F2400
;WIPE_START
G1 F3600
G1 X112.757 Y105.842 E-.36
;WIPE_END
G1 Z5.04 F9000
G1 X113.8 Y111.766 Z5.04
G1 Z4.64
G1 E1.2 F1800
M204 P2500
;TYPE:Sparse infill
;WIDTH:0.45
G1 F2862
G1 X113.884 Y111.609 E.00369
G1 X114.123 Y110.82 E.01709
G1 X114.191 Y110.129 E.01441
G1 X110.129 Y114.191 E.11917
G1 X110 Y114.204 E.00268
G1 X109.18 Y114.123 E.01709
G1 X108.391 Y113.884 E.01709
G1 X107.664 Y113.495 E.01709
G1 X107.027 Y112.973 E.01709
G1 X112.973 Y107.027 E.1744
G1 X112.336 Y106.505 E.01709
G1 X111.609 Y106.116 E.01709
G1 X110.82 Y105.877 E.01709
G1 X110 Y105.796 E.01709
G1 X109.871 Y105.809 E.00268
G1 X105.809 Y109.871 E.11917
G1 X105.877 Y109.18 E.01441
G1 X106.116 Y108.391 E.01709
G1 X106.2 Y108.234 E.00369
; stop printing object JOYSTICK.stl id:15 copy 0
;LAYER_CHANGE
;Z:4.76
;HEIGHT:0.12
;BEFORE_LAYER_CHANGE
;4.76
G92 E0

G1 E-.97778 F2400
;WIPE_START
G1 F10800
G1 X106.116 Y108.391 E-.03956
G1 X105.878 Y109.178 E-.18266
;WIPE_END
;_SET_FAN_SPEED_CHANGING_LAYER
; printing object JOYSTICK.stl id:15 copy 0
G17
G3 Z5.16 I-1.063 J.593 P1  F9000
G1 X109.996 Y116.566 Z5.16
G1 Z4.76
G1 E1.2 F1800
M204 P1000
;TYPE:Outer wall
;WIDTH:0.489448
G1 F2869
G1 X108.719 Y116.44 E.02909
G1 X107.487 Y116.066 E.02918
G1 X106.352 Y115.459 E.02918
G1 X105.357 Y114.643 E.02918
G1 X104.541 Y113.648 E.02918
G1 X103.934 Y112.513 E.02918
G1 X103.56 Y111.281 E.02918
G1 X103.434 Y110 E.02918
G1 X103.56 Y108.719 E.02918
G1 X103.934 Y107.487 E.02918
G1 X104.541 Y106.352 E.02918
G1 X105.357 Y105.357 E.02918
G1 X106.352 Y104.541 E.02918
G1 X107.488 Y103.933 E.0292
;WIDTH:0.494397
G1 X108.732 Y103.559 E.02977
G1 X110 Y103.434 E.02919
;WIDTH:0.489449
G1 X111.281 Y103.56 E.02918
G1 X112.513 Y103.934 E.02918
G1 X113.648 Y104.541 E.02918
G1 X114.643 Y105.357 E.02918
G1 X115.459 Y106.352 E.02918
G1 X116.066 Y107.487 E.02918
G1 X116.44 Y108.719 E.02918
G1 X116.566 Y110 E.02918
;WIDTH:0.489448
G1 X116.44 Y111.281 E.02918
G1 X116.066 Y112.513 E.02918
G1 X115.459 Y113.648 E.02918
G1 X114.643 Y114.643 E.02918
G1 X113.648 Y115.459 E.02918
G1 X112.513 Y116.066 E.02918
G1 X111.281 Y116.44 E.02918
G1 X110.036 Y116.563 E.02836
G1 E-.84 F2400
;WIPE_START
G1 F3600
G1 X109.04 Y116.47 E-.36
;WIPE_END
G17
G3 Z5.16 I1.199 J.207 P1  F9000
G1 X111.185 Y104.042 Z5.16
G1 Z4.76
G1 E1.2 F1800
;WIDTH:0.489449
G1 F2869
G1 X112.325 Y104.388 E.027
G1 X113.375 Y104.949 E.027
G1 X114.295 Y105.705 E.027
G1 X115.051 Y106.625 E.027
G1 X115.612 Y107.675 E.027
G1 X115.958 Y108.815 E.027
G1 X116.074 Y110 E.027
G1 X115.958 Y111.185 E.027
G1 X115.612 Y112.325 E.027
G1 X115.051 Y113.375 E.027
G1 X114.295 Y114.295 E.027
G1 X113.375 Y115.051 E.027
G1 X112.325 Y115.612 E.027
G1 X111.185 Y115.958 E.027
G1 X110 Y116.074 E.027
G1 X108.815 Y115.958 E.027
G1 X107.675 Y115.612 E.027
G1 X106.625 Y115.051 E.027
G1 X105.705 Y114.295 E.027
G1 X104.949 Y113.375 E.027
G1 X104.388 Y112.325 E.027
G1 X104.042 Y111.185 E.027
G1 X103.926 Y110 E.027
G1 X104.042 Y108.815 E.027
G1 X104.388 Y107.675 E.027
G1 X104.949 Y106.625 E.027
G1 X105.705 Y105.705 E.027
G1 X106.625 Y104.949 E.027
G1 X107.676 Y104.388 E.02701
G1 X108.853 Y104.039 E.02784
G1 X110 Y103.926 E.02612
G1 X111.145 Y104.039 E.02609
G1 X111.752 Y105.77 F9000
M204 P2000
;TYPE:Inner wall
;WIDTH:0.449999
G1 F2869
G1 X112.543 Y106.193 E.01862
G1 X113.237 Y106.763 E.01862
G1 X113.807 Y107.457 E.01862
G1 X114.23 Y108.248 E.01862
G1 X114.49 Y109.107 E.01862
G1 X114.578 Y110 E.01862
G1 X114.49 Y110.893 E.01862
G1 X114.23 Y111.752 E.01862
G1 X113.807 Y112.543 E.01862
G1 X113.237 Y113.237 E.01862
G1 X112.543 Y113.807 E.01862
G1 X111.752 Y114.23 E.01862
G1 X110.893 Y114.49 E.01862
G1 X110 Y114.578 E.01862
G1 X109.107 Y114.49 E.01862
G1 X108.248 Y114.23 E.01862
G1 X107.457 Y113.807 E.01862
G1 X106.763 Y113.237 E.01862
G1 X106.193 Y112.543 E.01862
G1 X105.77 Y111.752 E.01862
G1 X105.51 Y110.893 E.01862
G1 X105.422 Y110 E.01862
G1 X105.51 Y109.107 E.01862
G1 X105.77 Y108.248 E.01862
G1 X106.193 Y107.457 E.01862
G1 X106.763 Y106.763 E.01862
G1 X107.457 Y106.193 E.01862
G1 X108.248 Y105.77 E.01862
G1 X109.107 Y105.51 E.01862
G1 X110 Y105.422 E.01862
G1 X110.893 Y105.51 E.01862
G1 X111.714 Y105.759 E.01779
G1 X111.914 Y105.379 F9000
M204 P1000
;TYPE:Outer wall
;WIDTH:0.419999
G1 F2869
G1 X112.779 Y105.841 E.0189
G1 X113.537 Y106.463 E.0189
G1 X114.159 Y107.221 E.0189
G1 X114.621 Y108.086 E.0189
G1 X114.906 Y109.024 E.0189
G1 X115.002 Y110 E.0189
G1 X114.906 Y110.976 E.0189
G1 X114.621 Y111.914 E.0189
G1 X114.159 Y112.779 E.0189
G1 X113.537 Y113.537 E.0189
G1 X112.779 Y114.159 E.0189
G1 X111.914 Y114.621 E.0189
G1 X110.976 Y114.906 E.0189
G1 X110 Y115.002 E.0189
G1 X109.024 Y114.906 E.0189
G1 X108.086 Y114.621 E.0189
G1 X107.221 Y114.159 E.0189
G1 X106.463 Y113.537 E.0189
G1 X105.841 Y112.779 E.0189
G1 X105.379 Y111.914 E.0189
G1 X105.094 Y110.976 E.0189
G1 X104.998 Y110 E.0189
G1 X105.094 Y109.024 E.0189
G1 X105.379 Y108.086 E.0189
G1 X105.841 Y107.221 E.0189
G1 X106.463 Y106.463 E.0189
G1 X107.221 Y105.841 E.0189
G1 X108.086 Y105.379 E.0189
G1 X109.024 Y105.094 E.0189
G1 X110 Y104.998 E.0189
G1 X110.976 Y105.094 E.0189
G1 X111.876 Y105.367 E.01813
G1 E-.84 F2400
;WIPE_START
G1 F3600
G1 X112.761 Y105.832 E-.36
;WIPE_END
G1 Z5.16 F9000
G1 X113.819 Y111.755 Z5.16
G1 Z4.76
G1 E1.2 F1800
M204 P2500
;TYPE:Sparse infill
;WIDTH:0.45
G1 F2869
G1 X113.895 Y111.613 E.00332
G1 X114.135 Y110.822 E.01714
G1 X114.204 Y110.116 E.01473
G1 X110.116 Y114.204 E.11994
G1 X110 Y114.216 E.00241
G1 X109.178 Y114.135 E.01714
G1 X108.387 Y113.895 E.01714
G1 X107.658 Y113.505 E.01714
G1 X107.019 Y112.981 E.01714
G1 X112.981 Y107.019 E.17489
G1 X112.342 Y106.495 E.01714
G1 X111.613 Y106.105 E.01714
G1 X110.822 Y105.865 E.01714
G1 X110 Y105.784 E.01714
G1 X109.884 Y105.796 E.00241
G1 X105.796 Y109.884 E.11994
G1 X105.865 Y109.178 E.01473
G1 X106.105 Y108.387 E.01714
G1 X106.181 Y108.245 E.00332
; stop printing object JOYSTICK.stl id:15 copy 0
;LAYER_CHANGE
;Z:4.88
;HEIGHT:0.12
;BEFORE_LAYER_CHANGE
;4.88
G92 E0

G1 E-.97778 F2400
;WIPE_START
G1 F10800
G1 X106.105 Y108.387 E-.0356
G1 X105.865 Y109.178 E-.18365
G1 X105.864 Y109.191 E-.00297
;WIPE_END
;_SET_FAN_SPEED_CHANGING_LAYER
; printing object JOYSTICK.stl id:15 copy 0
G17
G3 Z5.28 I-1.062 J.595 P1  F9000
G1 X109.996 Y116.565 Z5.28
G1 Z4.88
G1 E1.2 F1800
M204 P1000
;TYPE:Outer wall
;WIDTH:0.490265
G1 F2871
G1 X108.719 Y116.439 E.02914
G1 X107.487 Y116.066 E.02923
G1 X106.352 Y115.459 E.02923
G1 X105.357 Y114.643 E.02923
G1 X104.541 Y113.648 E.02923
G1 X103.934 Y112.513 E.02923
G1 X103.561 Y111.281 E.02923
G1 X103.434 Y110 E.02923
G1 X103.561 Y108.719 E.02923
G1 X103.934 Y107.487 E.02923
G1 X104.541 Y106.352 E.02923
G1 X105.357 Y105.357 E.02923
G1 X106.352 Y104.541 E.02923
G1 X107.487 Y103.934 E.02923
G1 X108.719 Y103.561 E.02923
G1 X110 Y103.434 E.02923
G1 X111.281 Y103.561 E.02923
G1 X112.513 Y103.934 E.02923
G1 X113.648 Y104.541 E.02923
G1 X114.643 Y105.357 E.02923
G1 X115.459 Y106.352 E.02923
G1 X116.066 Y107.487 E.02923
G1 X116.439 Y108.719 E.02923
G1 X116.566 Y110 E.02923
G1 X116.439 Y111.281 E.02923
G1 X116.066 Y112.513 E.02923
G1 X115.459 Y113.648 E.02923
G1 X114.643 Y114.643 E.02923
G1 X113.648 Y115.459 E.02923
G1 X112.513 Y116.066 E.02923
G1 X111.281 Y116.439 E.02923
G1 X110.036 Y116.562 E.02842
G1 E-.84 F2400
;WIPE_START
G1 F3600
G1 X109.04 Y116.469 E-.36
;WIPE_END
G17
G3 Z5.28 I1.199 J.207 P1  F9000
G1 X111.185 Y104.044 Z5.28
G1 Z4.88
G1 E1.2 F1800
;WIDTH:0.490268
G1 F2871
G1 X112.324 Y104.389 E.02704
G1 X113.374 Y104.95 E.02704
G1 X114.294 Y105.706 E.02704
G1 X115.05 Y106.626 E.02704
G1 X115.611 Y107.676 E.02704
G1 X115.956 Y108.815 E.02704
G1 X116.073 Y110 E.02704
G1 X115.956 Y111.185 E.02704
G1 X115.611 Y112.324 E.02704
G1 X115.05 Y113.374 E.02704
G1 X114.294 Y114.294 E.02704
G1 X113.374 Y115.05 E.02704
G1 X112.324 Y115.611 E.02704
G1 X111.185 Y115.956 E.02704
G1 X110 Y116.073 E.02704
G1 X108.815 Y115.956 E.02704
G1 X107.676 Y115.611 E.02704
G1 X106.626 Y115.05 E.02704
G1 X105.706 Y114.294 E.02704
G1 X104.95 Y113.374 E.02704
G1 X104.389 Y112.324 E.02704
G1 X104.044 Y111.185 E.02704
G1 X103.927 Y110 E.02704
G1 X104.044 Y108.815 E.02704
G1 X104.389 Y107.676 E.02704
G1 X104.95 Y106.626 E.02704
G1 X105.706 Y105.706 E.02704
G1 X106.626 Y104.95 E.02704
G1 X107.676 Y104.389 E.02704
G1 X108.815 Y104.044 E.02704
G1 X110 Y103.927 E.02704
G1 X111.145 Y104.04 E.02613
G1 X111.756 Y105.76 F9000
M204 P2000
;TYPE:Inner wall
;WIDTH:0.449999
G1 F2871
G1 X112.55 Y106.184 E.01866
G1 X113.246 Y106.754 E.01866
G1 X113.816 Y107.45 E.01866
G1 X114.24 Y108.244 E.01866
G1 X114.502 Y109.105 E.01866
G1 X114.59 Y110 E.01866
G1 X114.502 Y110.895 E.01866
G1 X114.24 Y111.756 E.01866
G1 X113.816 Y112.55 E.01866
G1 X113.246 Y113.246 E.01866
G1 X112.55 Y113.816 E.01866
G1 X111.756 Y114.24 E.01866
G1 X110.895 Y114.502 E.01866
G1 X110 Y114.59 E.01866
G1 X109.105 Y114.502 E.01866
G1 X108.244 Y114.24 E.01866
G1 X107.45 Y113.816 E.01866
G1 X106.754 Y113.246 E.01866
G1 X106.184 Y112.55 E.01866
G1 X105.76 Y111.756 E.01866
G1 X105.498 Y110.895 E.01866
G1 X105.41 Y110 E.01866
G1 X105.498 Y109.105 E.01866
G1 X105.76 Y108.244 E.01866
G1 X106.184 Y107.45 E.01866
G1 X106.754 Y106.754 E.01866
G1 X107.45 Y106.184 E.01866
G1 X108.244 Y105.76 E.01866
G1 X109.105 Y105.498 E.01866
G1 X110 Y105.41 E.01866
G1 X110.895 Y105.498 E.01866
G1 X111.718 Y105.748 E.01783
G1 X111.919 Y105.368 F9000
M204 P1000
;TYPE:Outer wall
;WIDTH:0.419999
G1 F2871
G1 X112.786 Y105.831 E.01895
G1 X113.545 Y106.455 E.01895
G1 X114.169 Y107.214 E.01895
G1 X114.632 Y108.081 E.01895
G1 X114.918 Y109.022 E.01895
G1 X115.014 Y110 E.01895
G1 X114.918 Y110.978 E.01895
G1 X114.632 Y111.919 E.01895
G1 X114.169 Y112.786 E.01895
G1 X113.545 Y113.545 E.01895
G1 X112.786 Y114.169 E.01895
G1 X111.919 Y114.632 E.01895
G1 X110.978 Y114.918 E.01895
G1 X110 Y115.014 E.01895
G1 X109.022 Y114.918 E.01895
G1 X108.081 Y114.632 E.01895
G1 X107.214 Y114.169 E.01895
G1 X106.455 Y113.545 E.01895
G1 X105.831 Y112.786 E.01895
G1 X105.368 Y111.919 E.01895
G1 X105.082 Y110.978 E.01895
G1 X104.986 Y110 E.01895
G1 X105.082 Y109.022 E.01895
G1 X105.368 Y108.081 E.01895
G1 X105.831 Y107.214 E.01895
G1 X106.455 Y106.455 E.01895
G1 X107.214 Y105.831 E.01895
G1 X108.081 Y105.368 E.01895
G1 X109.022 Y105.082 E.01895
G1 X110 Y104.986 E.01895
G1 X110.978 Y105.082 E.01895
G1 X111.881 Y105.356 E.01818
G1 E-.84 F2400
;WIPE_START
G1 F3600
G1 X112.766 Y105.821 E-.36
;WIPE_END
G1 Z5.28 F9000
G1 X113.839 Y111.743 Z5.28
G1 Z4.88
G1 E1.2 F1800
M204 P2500
;TYPE:Sparse infill
;WIDTH:0.45
G1 F2871
G1 X113.906 Y111.618 E.00295
G1 X114.146 Y110.825 E.01719
G1 X114.217 Y110.102 E.01506
G1 X110.102 Y114.217 E.12071
G1 X110 Y114.228 E.00213
G1 X109.175 Y114.146 E.01719
G1 X108.382 Y113.906 E.01719
G1 X107.651 Y113.515 E.01719
G1 X107.011 Y112.989 E.01719
G1 X112.989 Y107.011 E.17538
G1 X112.349 Y106.485 E.01719
G1 X111.618 Y106.094 E.01719
G1 X110.825 Y105.854 E.01719
G1 X110 Y105.772 E.01719
G1 X109.898 Y105.783 E.00213
G1 X105.783 Y109.898 E.12071
G1 X105.854 Y109.175 E.01506
G1 X106.094 Y108.382 E.01719
G1 X106.161 Y108.257 E.00295
; stop printing object JOYSTICK.stl id:15 copy 0
;LAYER_CHANGE
;Z:5
;HEIGHT:0.12
;BEFORE_LAYER_CHANGE
;5
G92 E0

G1 E-.97778 F2400
;WIPE_START
G1 F10800
G1 X106.094 Y108.382 E-.03165
G1 X105.854 Y109.175 E-.18416
G1 X105.851 Y109.204 E-.00641
;WIPE_END
;_SET_FAN_SPEED_CHANGING_LAYER
; printing object JOYSTICK.stl id:15 copy 0
G17
G3 Z5.4 I-1.06 J.597 P1  F9000
G1 X109.996 Y116.562 Z5.4
G1 Z5
G1 E1.2 F1800
M204 P1000
;TYPE:Outer wall
;WIDTH:0.496147
G1 F2874
G1 X108.72 Y116.437 E.02949
G1 X107.489 Y116.063 E.02959
G1 X106.354 Y115.457 E.02959
G1 X105.359 Y114.641 E.02959
G1 X104.543 Y113.646 E.02959
G1 X103.937 Y112.511 E.02959
G1 X103.563 Y111.28 E.02959
G1 X103.437 Y110 E.02959
G1 X103.563 Y108.72 E.02959
G1 X103.937 Y107.489 E.02959
G1 X104.543 Y106.354 E.02959
G1 X105.359 Y105.359 E.02959
G1 X106.354 Y104.543 E.02959
G1 X107.489 Y103.937 E.02959
G1 X108.72 Y103.563 E.02959
G1 X110 Y103.437 E.02959
G1 X111.28 Y103.563 E.02959
G1 X112.511 Y103.937 E.02959
G1 X113.646 Y104.543 E.02959
G1 X114.641 Y105.359 E.02959
G1 X115.457 Y106.354 E.02959
G1 X116.063 Y107.489 E.02959
G1 X116.437 Y108.72 E.02959
G1 X116.563 Y110 E.02959
G1 X116.437 Y111.28 E.02959
G1 X116.063 Y112.511 E.02959
G1 X115.457 Y113.646 E.02959
G1 X114.641 Y114.641 E.02959
G1 X113.646 Y115.457 E.02959
G1 X112.511 Y116.063 E.02959
G1 X111.28 Y116.437 E.02959
G1 X110.036 Y116.559 E.02876
G1 E-.84 F2400
;WIPE_START
G1 F3600
G1 X109.04 Y116.466 E-.36
;WIPE_END
G17
G3 Z5.4 I1.199 J.207 P1  F9000
G1 X111.183 Y104.052 Z5.4
G1 Z5
G1 E1.2 F1800
;WIDTH:0.49615
G1 F2874
G1 X112.321 Y104.397 E.02734
G1 X113.369 Y104.958 E.02734
G1 X114.288 Y105.712 E.02734
G1 X115.042 Y106.631 E.02734
G1 X115.603 Y107.679 E.02734
G1 X115.948 Y108.817 E.02734
G1 X116.064 Y110 E.02734
G1 X115.948 Y111.183 E.02734
G1 X115.603 Y112.321 E.02734
G1 X115.042 Y113.369 E.02734
G1 X114.288 Y114.288 E.02734
G1 X113.369 Y115.042 E.02734
G1 X112.321 Y115.603 E.02734
G1 X111.183 Y115.948 E.02734
G1 X110 Y116.064 E.02734
G1 X108.817 Y115.948 E.02734
G1 X107.679 Y115.603 E.02734
G1 X106.631 Y115.042 E.02734
G1 X105.712 Y114.288 E.02734
G1 X104.958 Y113.369 E.02734
G1 X104.397 Y112.321 E.02734
G1 X104.052 Y111.183 E.02734
G1 X103.936 Y110 E.02734
G1 X104.052 Y108.817 E.02734
G1 X104.397 Y107.679 E.02734
G1 X104.958 Y106.631 E.02734
G1 X105.712 Y105.712 E.02734
G1 X106.631 Y104.958 E.02734
G1 X107.679 Y104.397 E.02734
G1 X108.817 Y104.052 E.02734
G1 X110 Y103.936 E.02734
G1 X111.143 Y104.048 E.02642
G1 X111.761 Y105.749 F9000
M204 P2000
;TYPE:Inner wall
;WIDTH:0.449999
G1 F2874
G1 X112.557 Y106.174 E.01871
G1 X113.254 Y106.746 E.01871
G1 X113.826 Y107.443 E.01871
G1 X114.251 Y108.239 E.01871
G1 X114.513 Y109.102 E.01871
G1 X114.602 Y110 E.01871
G1 X114.513 Y110.898 E.01871
G1 X114.251 Y111.761 E.01871
G1 X113.826 Y112.557 E.01871
G1 X113.254 Y113.254 E.01871
G1 X112.557 Y113.826 E.01871
G1 X111.761 Y114.251 E.01871
G1 X110.898 Y114.513 E.01871
G1 X110 Y114.602 E.01871
G1 X109.102 Y114.513 E.01871
G1 X108.239 Y114.251 E.01871
G1 X107.443 Y113.826 E.01871
G1 X106.746 Y113.254 E.01871
G1 X106.174 Y112.557 E.01871
G1 X105.749 Y111.761 E.01871
G1 X105.487 Y110.898 E.01871
G1 X105.398 Y110 E.01871
G1 X105.487 Y109.102 E.01871
G1 X105.749 Y108.239 E.01871
G1 X106.174 Y107.443 E.01871
G1 X106.746 Y106.746 E.01871
G1 X107.443 Y106.174 E.01871
G1 X108.239 Y105.749 E.01871
G1 X109.102 Y105.487 E.01871
G1 X110 Y105.398 E.01871
G1 X110.898 Y105.487 E.01871
G1 X111.723 Y105.737 E.01788
G1 X111.923 Y105.357 F9000
M204 P1000
;TYPE:Outer wall
;WIDTH:0.419999
G1 F2874
G1 X112.792 Y105.821 E.01899
G1 X113.554 Y106.446 E.01899
G1 X114.179 Y107.208 E.01899
G1 X114.643 Y108.077 E.01899
G1 X114.929 Y109.02 E.01899
G1 X115.026 Y110 E.01899
G1 X114.929 Y110.98 E.01899
G1 X114.643 Y111.923 E.01899
G1 X114.179 Y112.792 E.01899
G1 X113.554 Y113.554 E.01899
G1 X112.792 Y114.179 E.01899
G1 X111.923 Y114.643 E.01899
G1 X110.98 Y114.929 E.01899
G1 X110 Y115.026 E.01899
G1 X109.02 Y114.929 E.01899
G1 X108.077 Y114.643 E.01899
G1 X107.208 Y114.179 E.01899
G1 X106.446 Y113.554 E.01899
G1 X105.821 Y112.792 E.01899
G1 X105.357 Y111.923 E.01899
G1 X105.071 Y110.98 E.01899
G1 X104.974 Y110 E.01899
G1 X105.071 Y109.02 E.01899
G1 X105.357 Y108.077 E.01899
G1 X105.821 Y107.208 E.01899
G1 X106.446 Y106.446 E.01899
G1 X107.208 Y105.821 E.01899
G1 X108.077 Y105.357 E.01899
G1 X109.02 Y105.071 E.01899
G1 X110 Y104.974 E.01899
G1 X110.98 Y105.071 E.01899
G1 X111.885 Y105.345 E.01822
G1 E-.84 F2400
;WIPE_START
G1 F3600
G1 X112.771 Y105.81 E-.36
;WIPE_END
G1 Z5.4 F9000
G1 X113.858 Y111.732 Z5.4
G1 Z5
G1 E1.2 F1800
M204 P2500
;TYPE:Sparse infill
;WIDTH:0.45
G1 F2874
G1 X113.917 Y111.622 E.00258
G1 X114.158 Y110.827 E.01724
G1 X114.231 Y110.089 E.01538
G1 X110.089 Y114.231 E.12148
G1 X110 Y114.239 E.00186
G1 X109.173 Y114.158 E.01724
G1 X108.378 Y113.917 E.01724
G1 X107.645 Y113.525 E.01724
G1 X107.002 Y112.998 E.01724
G1 X112.998 Y107.002 E.17587
G1 X112.355 Y106.475 E.01724
G1 X111.622 Y106.083 E.01724
G1 X110.827 Y105.842 E.01724
G1 X110 Y105.761 E.01724
G1 X109.911 Y105.769 E.00186
G1 X105.769 Y109.911 E.12148
G1 X105.842 Y109.173 E.01538
G1 X106.083 Y108.378 E.01724
G1 X106.142 Y108.268 E.00258
; stop printing object JOYSTICK.stl id:15 copy 0
;LAYER_CHANGE
;Z:5.12
;HEIGHT:0.12
;BEFORE_LAYER_CHANGE
;5.12
G92 E0

G1 E-.97778 F2400
;WIPE_START
G1 F10800
G1 X106.083 Y108.378 E-.02769
G1 X105.842 Y109.173 E-.18468
G1 X105.838 Y109.217 E-.00985
;WIPE_END
;_SET_FAN_SPEED_CHANGING_LAYER
; printing object JOYSTICK.stl id:15 copy 0
G17
G3 Z5.52 I-1.059 J.6 P1  F9000
G1 X109.996 Y116.559 Z5.52
G1 Z5.12
G1 E1.2 F1800
M204 P1000
;TYPE:Outer wall
;WIDTH:0.502027
G1 F2876
G1 X108.72 Y116.434 E.02985
G1 X107.49 Y116.06 E.02994
G1 X106.356 Y115.454 E.02994
G1 X105.362 Y114.638 E.02994
G1 X104.546 Y113.644 E.02994
G1 X103.94 Y112.51 E.02994
G1 X103.566 Y111.28 E.02994
G1 X103.44 Y110 E.02994
G1 X103.566 Y108.72 E.02994
G1 X103.94 Y107.49 E.02994
G1 X104.546 Y106.356 E.02994
G1 X105.362 Y105.362 E.02994
G1 X106.356 Y104.546 E.02994
G1 X107.49 Y103.94 E.02994
G1 X108.72 Y103.566 E.02994
G1 X110 Y103.44 E.02994
G1 X111.28 Y103.566 E.02994
G1 X112.51 Y103.94 E.02994
G1 X113.644 Y104.546 E.02994
G1 X114.638 Y105.362 E.02994
G1 X115.454 Y106.356 E.02994
G1 X116.06 Y107.49 E.02994
G1 X116.434 Y108.72 E.02994
G1 X116.56 Y110 E.02994
G1 X116.434 Y111.28 E.02994
G1 X116.06 Y112.51 E.02994
G1 X115.454 Y113.644 E.02994
G1 X114.638 Y114.638 E.02994
G1 X113.644 Y115.454 E.02994
G1 X112.51 Y116.06 E.02994
G1 X111.28 Y116.434 E.02994
G1 X110.036 Y116.556 E.02911
G1 E-.84 F2400
;WIPE_START
G1 F3600
G1 X109.04 Y116.463 E-.36
;WIPE_END
G17
G3 Z5.52 I1.199 J.207 P1  F9000
G1 X111.181 Y104.061 Z5.52
G1 Z5.12
G1 E1.2 F1800
;WIDTH:0.50203
G1 F2876
G1 X112.317 Y104.406 E.02764
G1 X113.364 Y104.965 E.02764
G1 X114.282 Y105.718 E.02764
G1 X115.035 Y106.636 E.02764
G1 X115.594 Y107.683 E.02764
G1 X115.939 Y108.819 E.02764
G1 X116.055 Y110 E.02764
G1 X115.939 Y111.181 E.02764
G1 X115.594 Y112.317 E.02764
G1 X115.035 Y113.364 E.02764
G1 X114.282 Y114.282 E.02764
G1 X113.364 Y115.035 E.02764
G1 X112.317 Y115.594 E.02764
G1 X111.181 Y115.939 E.02764
G1 X110 Y116.055 E.02764
G1 X108.819 Y115.939 E.02764
G1 X107.683 Y115.594 E.02764
G1 X106.636 Y115.035 E.02764
G1 X105.718 Y114.282 E.02764
G1 X104.965 Y113.364 E.02764
G1 X104.406 Y112.317 E.02764
G1 X104.061 Y111.181 E.02764
G1 X103.945 Y110 E.02764
G1 X104.061 Y108.819 E.02764
G1 X104.406 Y107.683 E.02764
G1 X104.965 Y106.636 E.02764
G1 X105.718 Y105.718 E.02764
G1 X106.636 Y104.965 E.02764
G1 X107.683 Y104.406 E.02764
G1 X108.819 Y104.061 E.02764
G1 X110 Y103.945 E.02764
G1 X111.142 Y104.057 E.02671
G1 X111.766 Y105.738 F9000
M204 P2000
;TYPE:Inner wall
;WIDTH:0.449999
G1 F2876
G1 X112.563 Y106.164 E.01876
G1 X113.262 Y106.738 E.01876
G1 X113.836 Y107.437 E.01876
G1 X114.262 Y108.234 E.01876
G1 X114.525 Y109.1 E.01876
G1 X114.614 Y110 E.01876
G1 X114.525 Y110.9 E.01876
G1 X114.262 Y111.766 E.01876
G1 X113.836 Y112.563 E.01876
G1 X113.262 Y113.262 E.01876
G1 X112.563 Y113.836 E.01876
G1 X111.766 Y114.262 E.01876
G1 X110.9 Y114.525 E.01876
G1 X110 Y114.614 E.01876
G1 X109.1 Y114.525 E.01876
G1 X108.234 Y114.262 E.01876
G1 X107.437 Y113.836 E.01876
G1 X106.738 Y113.262 E.01876
G1 X106.164 Y112.563 E.01876
G1 X105.738 Y111.766 E.01876
G1 X105.475 Y110.9 E.01876
G1 X105.386 Y110 E.01876
G1 X105.475 Y109.1 E.01876
G1 X105.738 Y108.234 E.01876
G1 X106.164 Y107.437 E.01876
G1 X106.738 Y106.738 E.01876
G1 X107.437 Y106.164 E.01876
G1 X108.234 Y105.738 E.01876
G1 X109.1 Y105.475 E.01876
G1 X110 Y105.386 E.01876
G1 X110.9 Y105.475 E.01876
G1 X111.727 Y105.726 E.01793
G1 X111.928 Y105.346 F9000
M204 P1000
;TYPE:Outer wall
;WIDTH:0.419999
G1 F2876
G1 X112.799 Y105.811 E.01904
G1 X113.562 Y106.438 E.01904
G1 X114.189 Y107.201 E.01904
G1 X114.654 Y108.072 E.01904
G1 X114.941 Y109.017 E.01904
G1 X115.038 Y110 E.01904
G1 X114.941 Y110.983 E.01904
G1 X114.654 Y111.928 E.01904
G1 X114.189 Y112.799 E.01904
G1 X113.562 Y113.562 E.01904
G1 X112.799 Y114.189 E.01904
G1 X111.928 Y114.654 E.01904
G1 X110.983 Y114.941 E.01904
G1 X110 Y115.038 E.01904
G1 X109.017 Y114.941 E.01904
G1 X108.072 Y114.654 E.01904
G1 X107.201 Y114.189 E.01904
G1 X106.438 Y113.562 E.01904
G1 X105.811 Y112.799 E.01904
G1 X105.346 Y111.928 E.01904
G1 X105.059 Y110.983 E.01904
G1 X104.962 Y110 E.01904
G1 X105.059 Y109.017 E.01904
G1 X105.346 Y108.072 E.01904
G1 X105.811 Y107.201 E.01904
G1 X106.438 Y106.438 E.01904
G1 X107.201 Y105.811 E.01904
G1 X108.072 Y105.346 E.01904
G1 X109.017 Y105.059 E.01904
G1 X110 Y104.962 E.01904
G1 X110.983 Y105.059 E.01904
G1 X111.89 Y105.334 E.01826
G1 E-.84 F2400
;WIPE_START
G1 F3600
G1 X112.775 Y105.799 E-.36
;WIPE_END
G1 Z5.52 F9000
G1 X113.877 Y111.721 Z5.52
G1 Z5.12
G1 E1.2 F1800
M204 P2500
;TYPE:Sparse infill
;WIDTH:0.45
G1 F2876
G1 X113.928 Y111.627 E.00222
G1 X114.169 Y110.829 E.01729
G1 X114.244 Y110.076 E.0157
G1 X110.076 Y114.244 E.12225
G1 X110 Y114.251 E.00159
G1 X109.171 Y114.169 E.01729
G1 X108.373 Y113.928 E.01729
G1 X107.638 Y113.535 E.01729
G1 X106.994 Y113.006 E.01729
G1 X113.006 Y106.994 E.17636
G1 X112.362 Y106.465 E.01729
G1 X111.627 Y106.072 E.01729
G1 X110.829 Y105.831 E.01729
G1 X110 Y105.749 E.01729
G1 X109.924 Y105.756 E.00159
G1 X105.756 Y109.924 E.12225
G1 X105.831 Y109.171 E.0157
G1 X106.072 Y108.373 E.01729
G1 X106.123 Y108.279 E.00222
; stop printing object JOYSTICK.stl id:15 copy 0
;LAYER_CHANGE
;Z:5.24
;HEIGHT:0.12
;BEFORE_LAYER_CHANGE
;5.24
G92 E0

G1 E-.97778 F2400
;WIPE_START
G1 F10800
G1 X106.072 Y108.373 E-.02373
G1 X105.831 Y109.171 E-.18519
G1 X105.825 Y109.23 E-.0133
;WIPE_END
;_SET_FAN_SPEED_CHANGING_LAYER
; printing object JOYSTICK.stl id:15 copy 0
G17
G3 Z5.64 I-1.058 J.602 P1  F9000
G1 X109.996 Y116.556 Z5.64
G1 Z5.24
G1 E1.2 F1800
M204 P1000
;TYPE:Outer wall
;WIDTH:0.507908
G1 F2879
G1 X108.721 Y116.431 E.0302
G1 X107.491 Y116.058 E.0303
G1 X106.357 Y115.452 E.0303
G1 X105.364 Y114.636 E.0303
G1 X104.548 Y113.643 E.0303
G1 X103.942 Y112.509 E.0303
G1 X103.569 Y111.279 E.0303
G1 X103.443 Y110 E.0303
G1 X103.569 Y108.721 E.0303
G1 X103.942 Y107.491 E.0303
G1 X104.548 Y106.357 E.0303
G1 X105.364 Y105.364 E.0303
G1 X106.357 Y104.548 E.0303
G1 X107.491 Y103.942 E.0303
G1 X108.721 Y103.569 E.0303
G1 X110 Y103.443 E.0303
G1 X111.279 Y103.569 E.0303
G1 X112.509 Y103.942 E.0303
G1 X113.643 Y104.548 E.0303
G1 X114.636 Y105.364 E.0303
G1 X115.452 Y106.357 E.0303
G1 X116.058 Y107.491 E.0303
G1 X116.431 Y108.721 E.0303
G1 X116.557 Y110 E.0303
G1 X116.431 Y111.279 E.0303
G1 X116.058 Y112.509 E.0303
G1 X115.452 Y113.643 E.0303
G1 X114.636 Y114.636 E.0303
G1 X113.643 Y115.452 E.0303
G1 X112.509 Y116.058 E.0303
G1 X111.279 Y116.431 E.0303
G1 X110.036 Y116.553 E.02946
G1 E-.84 F2400
;WIPE_START
G1 F3600
G1 X109.04 Y116.461 E-.36
;WIPE_END
G17
G3 Z5.64 I1.199 J.207 P1  F9000
G1 X111.18 Y104.07 Z5.64
G1 Z5.24
G1 E1.2 F1800
;WIDTH:0.50791
G1 F2879
G1 X112.314 Y104.414 E.02794
G1 X113.359 Y104.973 E.02794
G1 X114.275 Y105.725 E.02794
G1 X115.027 Y106.641 E.02794
G1 X115.586 Y107.686 E.02794
G1 X115.93 Y108.82 E.02794
G1 X116.046 Y110 E.02794
G1 X115.93 Y111.18 E.02794
G1 X115.586 Y112.314 E.02794
G1 X115.027 Y113.359 E.02794
G1 X114.275 Y114.275 E.02794
G1 X113.359 Y115.027 E.02794
G1 X112.314 Y115.586 E.02794
G1 X111.18 Y115.93 E.02794
G1 X110 Y116.046 E.02794
G1 X108.82 Y115.93 E.02794
G1 X107.686 Y115.586 E.02794
G1 X106.641 Y115.027 E.02794
G1 X105.725 Y114.275 E.02794
G1 X104.973 Y113.359 E.02794
G1 X104.414 Y112.314 E.02794
G1 X104.07 Y111.18 E.02794
G1 X103.954 Y110 E.02794
G1 X104.07 Y108.82 E.02794
G1 X104.414 Y107.686 E.02794
G1 X104.973 Y106.641 E.02794
G1 X105.725 Y105.725 E.02794
G1 X106.641 Y104.973 E.02794
G1 X107.686 Y104.414 E.02794
G1 X108.82 Y104.07 E.02794
G1 X110 Y103.954 E.02794
G1 X111.14 Y104.066 E.027
G1 X111.77 Y105.727 F9000
M204 P2000
;TYPE:Inner wall
;WIDTH:0.449999
G1 F2879
G1 X112.57 Y106.154 E.01881
G1 X113.271 Y106.729 E.01881
G1 X113.846 Y107.43 E.01881
G1 X114.273 Y108.23 E.01881
G1 X114.536 Y109.098 E.01881
G1 X114.625 Y110 E.01881
G1 X114.536 Y110.902 E.01881
G1 X114.273 Y111.77 E.01881
G1 X113.846 Y112.57 E.01881
G1 X113.271 Y113.271 E.01881
G1 X112.57 Y113.846 E.01881
G1 X111.77 Y114.273 E.01881
G1 X110.902 Y114.536 E.01881
G1 X110 Y114.625 E.01881
G1 X109.098 Y114.536 E.01881
G1 X108.23 Y114.273 E.01881
G1 X107.43 Y113.846 E.01881
G1 X106.729 Y113.271 E.01881
G1 X106.154 Y112.57 E.01881
G1 X105.727 Y111.77 E.01881
G1 X105.464 Y110.902 E.01881
G1 X105.375 Y110 E.01881
G1 X105.464 Y109.098 E.01881
G1 X105.727 Y108.23 E.01881
G1 X106.154 Y107.43 E.01881
G1 X106.729 Y106.729 E.01881
G1 X107.43 Y106.154 E.01881
G1 X108.23 Y105.727 E.01881
G1 X109.098 Y105.464 E.01881
G1 X110 Y105.375 E.01881
G1 X110.902 Y105.464 E.01881
G1 X111.732 Y105.715 E.01798
G1 X111.932 Y105.335 F9000
M204 P1000
;TYPE:Outer wall
;WIDTH:0.419999
G1 F2879
G1 X112.805 Y105.801 E.01908
G1 X113.571 Y106.429 E.01908
G1 X114.199 Y107.195 E.01908
G1 X114.665 Y108.068 E.01908
G1 X114.952 Y109.015 E.01908
G1 X115.049 Y110 E.01908
G1 X114.952 Y110.985 E.01908
G1 X114.665 Y111.932 E.01908
G1 X114.199 Y112.805 E.01908
G1 X113.571 Y113.571 E.01908
G1 X112.805 Y114.199 E.01908
G1 X111.932 Y114.665 E.01908
G1 X110.985 Y114.952 E.01908
G1 X110 Y115.049 E.01908
G1 X109.015 Y114.952 E.01908
G1 X108.068 Y114.665 E.01908
G1 X107.195 Y114.199 E.01908
G1 X106.429 Y113.571 E.01908
G1 X105.801 Y112.805 E.01908
G1 X105.335 Y111.932 E.01908
G1 X105.048 Y110.985 E.01908
G1 X104.951 Y110 E.01908
G1 X105.048 Y109.015 E.01908
G1 X105.335 Y108.068 E.01908
G1 X105.801 Y107.195 E.01908
G1 X106.429 Y106.429 E.01908
G1 X107.195 Y105.801 E.01908
G1 X108.068 Y105.335 E.01908
G1 X109.015 Y105.048 E.01908
G1 X110 Y104.951 E.01908
G1 X110.985 Y105.048 E.01908
G1 X111.894 Y105.323 E.01831
G1 E-.84 F2400
;WIPE_START
G1 F3600
G1 X112.78 Y105.788 E-.36
;WIPE_END
G1 Z5.64 F9000
G1 X113.897 Y111.71 Z5.64
G1 Z5.24
G1 E1.2 F1800
M204 P2500
;TYPE:Sparse infill
;WIDTH:0.45
G1 F2879
G1 X113.938 Y111.631 E.00185
G1 X114.181 Y110.832 E.01733
G1 X114.257 Y110.063 E.01602
G1 X110.063 Y114.257 E.12302
G1 X109.168 Y114.181 E.01863
G1 X108.369 Y113.938 E.01733
G1 X107.632 Y113.545 E.01733
G1 X106.986 Y113.014 E.01733
G1 X113.014 Y106.986 E.17685
G1 X112.368 Y106.455 E.01733
G1 X111.631 Y106.062 E.01733
G1 X110.832 Y105.819 E.01733
G1 X109.937 Y105.743 E.01863
G1 X105.743 Y109.937 E.12302
G1 X105.819 Y109.168 E.01602
G1 X106.062 Y108.369 E.01733
G1 X106.103 Y108.29 E.00185
; stop printing object JOYSTICK.stl id:15 copy 0
;LAYER_CHANGE
;Z:5.36
;HEIGHT:0.12
;BEFORE_LAYER_CHANGE
;5.36
G92 E0

G1 E-.97778 F2400
;WIPE_START
G1 F10800
G1 X106.062 Y108.369 E-.01978
G1 X105.819 Y109.168 E-.18571
G1 X105.812 Y109.243 E-.01674
;WIPE_END
;_SET_FAN_SPEED_CHANGING_LAYER
; printing object JOYSTICK.stl id:15 copy 0
G17
G3 Z5.76 I-1.056 J.605 P1  F9000
G1 X109.996 Y116.553 Z5.76
G1 Z5.36
G1 E1.2 F1800
M204 P1000
;TYPE:Outer wall
;WIDTH:0.513789
G1 F2871
G1 X108.721 Y116.428 E.03056
G1 X107.492 Y116.055 E.03066
G1 X106.359 Y115.449 E.03066
G1 X105.366 Y114.634 E.03066
G1 X104.551 Y113.641 E.03066
G1 X103.945 Y112.508 E.03066
G1 X103.572 Y111.279 E.03066
G1 X103.446 Y110 E.03066
G1 X103.572 Y108.721 E.03066
G1 X103.945 Y107.492 E.03066
G1 X104.551 Y106.359 E.03066
G1 X105.366 Y105.366 E.03066
G1 X106.359 Y104.551 E.03066
G1 X107.492 Y103.945 E.03066
G1 X108.721 Y103.572 E.03066
G1 X110 Y103.446 E.03066
G1 X111.279 Y103.572 E.03066
G1 X112.508 Y103.945 E.03066
G1 X113.641 Y104.551 E.03066
G1 X114.634 Y105.366 E.03066
G1 X115.449 Y106.359 E.03066
G1 X116.055 Y107.492 E.03066
G1 X116.428 Y108.721 E.03066
G1 X116.554 Y110 E.03066
G1 X116.428 Y111.279 E.03066
G1 X116.055 Y112.508 E.03066
G1 X115.449 Y113.641 E.03066
G1 X114.634 Y114.634 E.03066
G1 X113.641 Y115.449 E.03066
G1 X112.508 Y116.055 E.03066
G1 X111.279 Y116.428 E.03066
G1 X110.036 Y116.55 E.0298
G1 E-.84 F2400
;WIPE_START
G1 F3600
G1 X109.04 Y116.458 E-.36
;WIPE_END
G17
G3 Z5.76 I1.199 J.207 P1  F9000
G1 X111.178 Y104.078 Z5.76
G1 Z5.36
G1 E1.2 F1800
;WIDTH:0.513792
G1 F2871
G1 X112.31 Y104.422 E.02824
G1 X113.354 Y104.98 E.02824
G1 X114.269 Y105.731 E.02824
G1 X115.02 Y106.646 E.02824
G1 X115.578 Y107.69 E.02824
G1 X115.922 Y108.822 E.02824
G1 X116.038 Y110 E.02824
G1 X115.922 Y111.178 E.02824
G1 X115.578 Y112.31 E.02824
G1 X115.02 Y113.354 E.02824
G1 X114.269 Y114.269 E.02824
G1 X113.354 Y115.02 E.02824
G1 X112.31 Y115.578 E.02824
G1 X111.178 Y115.922 E.02824
G1 X110 Y116.038 E.02824
G1 X108.822 Y115.922 E.02824
G1 X107.69 Y115.578 E.02824
G1 X106.646 Y115.02 E.02824
G1 X105.731 Y114.269 E.02824
G1 X104.98 Y113.354 E.02824
G1 X104.422 Y112.31 E.02824
G1 X104.078 Y111.178 E.02824
G1 X103.962 Y110 E.02824
G1 X104.078 Y108.822 E.02824
G1 X104.422 Y107.69 E.02824
G1 X104.98 Y106.646 E.02824
G1 X105.731 Y105.731 E.02824
G1 X106.646 Y104.98 E.02824
G1 X107.69 Y104.422 E.02824
G1 X108.822 Y104.078 E.02824
G1 X110 Y103.962 E.02824
G1 X111.138 Y104.075 E.02729
G1 X111.775 Y105.716 F9000
M204 P2000
;TYPE:Inner wall
;WIDTH:0.449999
G1 F2871
G1 X112.576 Y106.144 E.01886
G1 X113.279 Y106.721 E.01886
G1 X113.856 Y107.424 E.01886
G1 X114.284 Y108.225 E.01886
G1 X114.548 Y109.095 E.01886
G1 X114.637 Y110 E.01886
G1 X114.548 Y110.905 E.01886
G1 X114.284 Y111.775 E.01886
G1 X113.856 Y112.576 E.01886
G1 X113.279 Y113.279 E.01886
G1 X112.576 Y113.856 E.01886
G1 X111.775 Y114.284 E.01886
G1 X110.905 Y114.548 E.01886
G1 X110 Y114.637 E.01886
G1 X109.095 Y114.548 E.01886
G1 X108.225 Y114.284 E.01886
G1 X107.424 Y113.856 E.01886
G1 X106.721 Y113.279 E.01886
G1 X106.144 Y112.576 E.01886
G1 X105.716 Y111.775 E.01886
G1 X105.452 Y110.905 E.01886
G1 X105.363 Y110 E.01886
G1 X105.452 Y109.095 E.01886
G1 X105.716 Y108.225 E.01886
G1 X106.144 Y107.424 E.01886
G1 X106.721 Y106.721 E.01886
G1 X107.424 Y106.144 E.01886
G1 X108.225 Y105.716 E.01886
G1 X109.095 Y105.452 E.01886
G1 X110 Y105.363 E.01886
G1 X110.905 Y105.452 E.01886
G1 X111.736 Y105.704 E.01803
G1 X111.937 Y105.324 F9000
M204 P1000
;TYPE:Outer wall
;WIDTH:0.419999
G1 F2871
G1 X112.812 Y105.792 E.01912
G1 X113.579 Y106.421 E.01913
G1 X114.208 Y107.188 E.01913
G1 X114.676 Y108.063 E.01912
G1 X114.964 Y109.013 E.01913
G1 X115.061 Y110 E.01913
G1 X114.964 Y110.987 E.01913
G1 X114.676 Y111.937 E.01913
G1 X114.208 Y112.812 E.01913
G1 X113.579 Y113.579 E.01913
G1 X112.812 Y114.208 E.01913
G1 X111.937 Y114.676 E.01912
G1 X110.987 Y114.964 E.01913
G1 X110 Y115.061 E.01913
G1 X109.013 Y114.964 E.01913
G1 X108.063 Y114.676 E.01913
G1 X107.188 Y114.208 E.01912
G1 X106.421 Y113.579 E.01913
G1 X105.792 Y112.812 E.01913
G1 X105.324 Y111.937 E.01912
G1 X105.036 Y110.987 E.01913
G1 X104.939 Y110 E.01913
G1 X105.036 Y109.013 E.01913
G1 X105.324 Y108.063 E.01913
G1 X105.792 Y107.188 E.01913
G1 X106.421 Y106.421 E.01913
G1 X107.188 Y105.792 E.01913
G1 X108.063 Y105.324 E.01912
G1 X109.013 Y105.036 E.01913
G1 X110 Y104.939 E.01913
G1 X110.987 Y105.036 E.01913
G1 X111.899 Y105.312 E.01835
G1 E-.84 F2400
;WIPE_START
G1 F3600
G1 X112.784 Y105.777 E-.36
;WIPE_END
G1 Z5.76 F9000
G1 X108.319 Y106.075 Z5.76
G1 Z5.36
G1 E1.2 F1800
M204 P2500
;TYPE:Sparse infill
;WIDTH:0.45
G1 F2871
G1 X109.166 Y105.807 E.01842
G1 X109.97 Y105.728 E.01676
G1 X109.329 Y106.76 E.02521
G1 X108.92 Y107.169 E.01198
G1 X106.76 Y108.512 E.05275
G1 X106.352 Y108.92 E.01198
G1 X105.734 Y109.914 E.02427
G1 X105.725 Y110 E.00179
G1 X105.807 Y110.834 E.01738
G1 X106.051 Y111.636 E.01738
G1 X106.446 Y112.375 E.01738
G1 X106.8 Y112.807 E.01158
G1 X108.92 Y111.488 E.05178
G1 X109.329 Y111.08 E.01198
G1 X110.671 Y108.92 E.05275
G1 X111.08 Y108.512 E.01198
G1 X113.2 Y107.193 E.05178
G1 X113.554 Y107.625 E.01158
G1 X113.949 Y108.364 E.01738
G1 X114.193 Y109.166 E.01738
G1 X114.275 Y110 E.01738
G1 X114.266 Y110.086 E.00179
G1 X113.648 Y111.08 E.02427
G1 X113.24 Y111.488 E.01198
G1 X111.08 Y112.831 E.05275
G1 X110.671 Y113.24 E.01198
G1 X110.03 Y114.272 E.02521
G1 X110.834 Y114.193 E.01676
G1 X111.681 Y113.925 E.01842
; stop printing object JOYSTICK.stl id:15 copy 0
;LAYER_CHANGE
;Z:5.48
;HEIGHT:0.12
;BEFORE_LAYER_CHANGE
;5.48
G92 E0

G1 E-.97778 F2400
;WIPE_START
G1 F10800
G1 X110.834 Y114.193 E-.19734
G1 X110.723 Y114.204 E-.02488
;WIPE_END
;_SET_FAN_SPEED_CHANGING_LAYER
; printing object JOYSTICK.stl id:15 copy 0
G17
G3 Z5.88 I-1.163 J-.36 P1  F9000
G1 X109.996 Y116.55 Z5.88
G1 Z5.48
G1 E1.2 F1800
M204 P1000
;TYPE:Outer wall
;WIDTH:0.519671
G1 F2878
G1 X108.722 Y116.425 E.03091
G1 X107.493 Y116.052 E.03101
G1 X106.361 Y115.447 E.03101
G1 X105.368 Y114.632 E.03101
G1 X104.553 Y113.639 E.03101
G1 X103.948 Y112.507 E.03101
G1 X103.575 Y111.278 E.03101
G1 X103.449 Y110 E.03101
G1 X103.575 Y108.722 E.03101
G1 X103.948 Y107.493 E.03101
G1 X104.553 Y106.361 E.03101
G1 X105.368 Y105.368 E.03101
G1 X106.361 Y104.553 E.03101
G1 X107.493 Y103.948 E.03101
G1 X108.722 Y103.575 E.03101
G1 X110 Y103.449 E.03101
G1 X111.278 Y103.575 E.03101
G1 X112.507 Y103.948 E.03101
G1 X113.639 Y104.553 E.03101
G1 X114.632 Y105.368 E.03101
G1 X115.447 Y106.361 E.03101
G1 X116.052 Y107.493 E.03101
G1 X116.425 Y108.722 E.03101
G1 X116.551 Y110 E.03101
G1 X116.425 Y111.278 E.03101
G1 X116.052 Y112.507 E.03101
G1 X115.447 Y113.639 E.03101
G1 X114.632 Y114.632 E.03101
G1 X113.639 Y115.447 E.03101
G1 X112.507 Y116.052 E.03101
G1 X111.278 Y116.425 E.03101
G1 X110.036 Y116.547 E.03015
G1 E-.84 F2400
;WIPE_START
G1 F3600
G1 X109.04 Y116.455 E-.36
;WIPE_END
G17
G3 Z5.88 I1.199 J.207 P1  F9000
G1 X111.176 Y104.087 Z5.88
G1 Z5.48
G1 E1.2 F1800
;WIDTH:0.519672
G1 F2878
G1 X112.307 Y104.43 E.02854
G1 X113.349 Y104.987 E.02854
G1 X114.263 Y105.737 E.02854
G1 X115.013 Y106.651 E.02854
G1 X115.57 Y107.693 E.02854
G1 X115.913 Y108.824 E.02854
G1 X116.029 Y110 E.02854
G1 X115.913 Y111.176 E.02854
G1 X115.57 Y112.307 E.02854
G1 X115.013 Y113.349 E.02854
G1 X114.263 Y114.263 E.02854
G1 X113.349 Y115.013 E.02854
G1 X112.307 Y115.57 E.02854
G1 X111.176 Y115.913 E.02854
G1 X110 Y116.029 E.02854
G1 X108.824 Y115.913 E.02854
G1 X107.693 Y115.57 E.02854
G1 X106.651 Y115.013 E.02854
G1 X105.737 Y114.263 E.02854
G1 X104.987 Y113.349 E.02854
G1 X104.43 Y112.307 E.02854
G1 X104.087 Y111.176 E.02854
G1 X103.971 Y110 E.02854
G1 X104.087 Y108.824 E.02854
G1 X104.43 Y107.693 E.02854
G1 X104.987 Y106.651 E.02854
G1 X105.737 Y105.737 E.02854
G1 X106.651 Y104.987 E.02854
G1 X107.693 Y104.43 E.02854
G1 X108.824 Y104.087 E.02854
G1 X110 Y103.971 E.02854
G1 X111.136 Y104.083 E.02757
G1 X111.778 Y105.713 F9000
M204 P2000
;TYPE:Inner wall
;WIDTH:0.449999
G1 F2878
G1 X112.578 Y106.141 E.01882
G1 X113.282 Y106.718 E.01887
G1 X113.859 Y107.422 E.01887
G1 X114.288 Y108.224 E.01887
G1 X114.552 Y109.095 E.01887
G1 X114.641 Y110 E.01887
G1 X114.552 Y110.905 E.01887
G1 X114.288 Y111.776 E.01887
G1 X113.859 Y112.578 E.01887
G1 X113.282 Y113.282 E.01887
G1 X112.578 Y113.859 E.01887
G1 X111.776 Y114.288 E.01887
G1 X110.905 Y114.552 E.01887
G1 X110 Y114.641 E.01887
G1 X109.095 Y114.552 E.01887
G1 X108.224 Y114.288 E.01887
G1 X107.422 Y113.859 E.01887
G1 X106.718 Y113.282 E.01887
G1 X106.141 Y112.578 E.01887
G1 X105.712 Y111.776 E.01887
G1 X105.448 Y110.905 E.01887
G1 X105.359 Y110 E.01887
G1 X105.448 Y109.095 E.01887
G1 X105.712 Y108.224 E.01887
G1 X106.141 Y107.422 E.01887
G1 X106.718 Y106.718 E.01887
G1 X107.422 Y106.141 E.01887
G1 X108.224 Y105.712 E.01887
G1 X109.095 Y105.448 E.01887
G1 X110 Y105.359 E.01887
G1 X110.869 Y105.444 E.01811
G1 X111.74 Y105.702 E.01884
G1 X111.939 Y105.321 F9000
M204 P1000
;TYPE:Outer wall
;WIDTH:0.419999
G1 F2878
G1 X112.814 Y105.788 E.01913
G1 X113.582 Y106.418 E.01914
G1 X114.212 Y107.186 E.01914
G1 X114.68 Y108.062 E.01914
G1 X114.968 Y109.012 E.01914
G1 X115.065 Y110 E.01914
G1 X114.968 Y110.988 E.01914
G1 X114.68 Y111.938 E.01914
G1 X114.212 Y112.814 E.01914
G1 X113.582 Y113.582 E.01914
G1 X112.814 Y114.212 E.01914
G1 X111.938 Y114.68 E.01914
G1 X110.988 Y114.968 E.01914
G1 X110 Y115.065 E.01914
G1 X109.012 Y114.968 E.01914
G1 X108.062 Y114.68 E.01914
G1 X107.186 Y114.212 E.01914
G1 X106.418 Y113.582 E.01914
G1 X105.788 Y112.814 E.01914
G1 X105.32 Y111.938 E.01914
G1 X105.032 Y110.988 E.01914
G1 X104.935 Y110 E.01914
G1 X105.032 Y109.012 E.01914
G1 X105.32 Y108.062 E.01914
G1 X105.788 Y107.186 E.01914
G1 X106.418 Y106.418 E.01914
G1 X107.186 Y105.788 E.01914
G1 X108.062 Y105.32 E.01914
G1 X109.012 Y105.032 E.01914
G1 X110 Y104.935 E.01914
G1 X110.95 Y105.028 E.0184
G1 X111.901 Y105.309 E.01911
G1 E-.84 F2400
;WIPE_START
G1 F3600
G1 X112.786 Y105.774 E-.36
;WIPE_END
G1 Z5.88 F9000
G1 X108.329 Y106.065 Z5.88
G1 Z5.48
G1 E1.2 F1800
M204 P2500
;TYPE:Sparse infill
;WIDTH:0.45
G1 F2878
G1 X109.165 Y105.803 E.01817
G1 X109.982 Y105.723 E.01702
G1 X109.541 Y106.76 E.02338
G1 X108.92 Y107.381 E.01821
G1 X106.76 Y108.299 E.04869
G1 X106.139 Y108.92 E.01821
G1 X105.734 Y109.874 E.02151
G1 X105.721 Y110 E.00262
G1 X105.803 Y110.835 E.0174
G1 X106.047 Y111.637 E.0174
G1 X106.442 Y112.377 E.0174
G1 X106.695 Y112.685 E.00825
G1 X106.76 Y112.619 E.00192
G1 X108.92 Y111.701 E.04869
G1 X109.541 Y111.08 E.01821
G1 X110.459 Y108.92 E.04869
G1 X111.08 Y108.299 E.01821
G1 X113.24 Y107.381 E.04869
G1 X113.305 Y107.315 E.00192
G1 X113.558 Y107.623 E.00825
G1 X113.953 Y108.363 E.0174
G1 X114.197 Y109.165 E.0174
G1 X114.279 Y110 E.0174
G1 X114.266 Y110.126 E.00262
G1 X113.861 Y111.08 E.02151
G1 X113.24 Y111.701 E.01821
G1 X111.08 Y112.619 E.04869
G1 X110.459 Y113.24 E.01821
G1 X110.018 Y114.277 E.02338
G1 X110.835 Y114.197 E.01702
G1 X111.671 Y113.935 E.01817
; stop printing object JOYSTICK.stl id:15 copy 0
;LAYER_CHANGE
;Z:5.6
;HEIGHT:0.12
;BEFORE_LAYER_CHANGE
;5.6
G92 E0

G1 E-.97778 F2400
;WIPE_START
G1 F10800
G1 X110.835 Y114.197 E-.19463
G1 X110.711 Y114.209 E-.02759
;WIPE_END
;_SET_FAN_SPEED_CHANGING_LAYER
; printing object JOYSTICK.stl id:15 copy 0
G17
G3 Z6 I-1.164 J-.356 P1  F9000
G1 X109.996 Y116.548 Z6
G1 Z5.6
G1 E1.2 F1800
M204 P1000
;TYPE:Outer wall
;WIDTH:0.525551
G1 F2887
G1 X108.723 Y116.422 E.03127
G1 X107.494 Y116.049 E.03137
G1 X106.362 Y115.444 E.03137
G1 X105.37 Y114.63 E.03137
G1 X104.556 Y113.638 E.03137
G1 X103.951 Y112.506 E.03137
G1 X103.578 Y111.277 E.03137
G1 X103.452 Y110 E.03137
G1 X103.578 Y108.723 E.03137
G1 X103.951 Y107.494 E.03137
G1 X104.556 Y106.362 E.03137
G1 X105.37 Y105.37 E.03137
G1 X106.362 Y104.556 E.03137
G1 X107.494 Y103.951 E.03137
G1 X108.723 Y103.578 E.03137
G1 X110 Y103.452 E.03137
G1 X111.277 Y103.578 E.03137
G1 X112.506 Y103.951 E.03137
G1 X113.638 Y104.556 E.03137
G1 X114.63 Y105.37 E.03137
G1 X115.444 Y106.362 E.03137
G1 X116.049 Y107.494 E.03137
G1 X116.422 Y108.723 E.03137
G1 X116.548 Y110 E.03137
G1 X116.422 Y111.277 E.03137
G1 X116.049 Y112.506 E.03137
G1 X115.444 Y113.638 E.03137
G1 X114.63 Y114.63 E.03137
G1 X113.638 Y115.444 E.03137
G1 X112.506 Y116.049 E.03137
G1 X111.277 Y116.422 E.03137
G1 X110.036 Y116.544 E.03049
G1 E-.84 F2400
;WIPE_START
G1 F3600
G1 X109.04 Y116.452 E-.36
;WIPE_END
G17
G3 Z6 I1.199 J.207 P1  F9000
G1 X111.175 Y104.096 Z6
G1 Z5.6
G1 E1.2 F1800
;WIDTH:0.525553
G1 F2887
G1 X112.304 Y104.438 E.02883
G1 X113.344 Y104.995 E.02884
G1 X114.257 Y105.743 E.02884
G1 X115.005 Y106.656 E.02884
G1 X115.562 Y107.696 E.02884
G1 X115.904 Y108.826 E.02884
G1 X116.02 Y110 E.02884
G1 X115.904 Y111.174 E.02884
G1 X115.562 Y112.304 E.02884
G1 X115.005 Y113.344 E.02884
G1 X114.257 Y114.257 E.02884
G1 X113.344 Y115.005 E.02884
G1 X112.304 Y115.562 E.02884
G1 X111.174 Y115.904 E.02884
G1 X110 Y116.02 E.02884
G1 X108.826 Y115.904 E.02884
G1 X107.696 Y115.562 E.02884
G1 X106.656 Y115.005 E.02884
G1 X105.743 Y114.257 E.02884
G1 X104.995 Y113.344 E.02884
G1 X104.438 Y112.304 E.02884
G1 X104.096 Y111.174 E.02884
G1 X103.98 Y110 E.02884
G1 X104.096 Y108.826 E.02884
G1 X104.438 Y107.696 E.02884
G1 X104.995 Y106.656 E.02884
G1 X105.743 Y105.743 E.02884
G1 X106.656 Y104.995 E.02884
G1 X107.696 Y104.438 E.02884
G1 X108.826 Y104.096 E.02884
G1 X110 Y103.98 E.02884
G1 X111.135 Y104.092 E.02787
G1 X111.772 Y105.723 F9000
M204 P2000
;TYPE:Inner wall
;WIDTH:0.449999
G1 F2887
G1 X112.572 Y106.151 E.01882
G1 X113.273 Y106.727 E.01882
G1 X113.849 Y107.428 E.01882
G1 X114.277 Y108.228 E.01882
G1 X114.54 Y109.097 E.01882
G1 X114.629 Y110 E.01882
G1 X114.54 Y110.903 E.01882
G1 X114.277 Y111.772 E.01882
G1 X113.849 Y112.572 E.01882
G1 X113.273 Y113.273 E.01882
G1 X112.572 Y113.849 E.01882
G1 X111.772 Y114.277 E.01882
G1 X110.903 Y114.54 E.01882
G1 X110 Y114.629 E.01882
G1 X109.097 Y114.54 E.01882
G1 X108.228 Y114.277 E.01882
G1 X107.428 Y113.849 E.01882
G1 X106.727 Y113.273 E.01882
G1 X106.151 Y112.572 E.01882
G1 X105.723 Y111.772 E.01882
G1 X105.46 Y110.903 E.01882
G1 X105.371 Y110 E.01882
G1 X105.46 Y109.097 E.01882
G1 X105.723 Y108.228 E.01882
G1 X106.151 Y107.428 E.01882
G1 X106.727 Y106.727 E.01882
G1 X107.428 Y106.151 E.01882
G1 X108.228 Y105.723 E.01882
G1 X109.097 Y105.46 E.01882
G1 X110 Y105.371 E.01882
G1 X110.903 Y105.46 E.01882
G1 X111.733 Y105.711 E.01799
G1 X111.934 Y105.331 F9000
M204 P1000
;TYPE:Outer wall
;WIDTH:0.419999
G1 F2887
G1 X112.808 Y105.798 E.0191
G1 X113.573 Y106.427 E.0191
G1 X114.202 Y107.192 E.0191
G1 X114.669 Y108.066 E.0191
G1 X114.956 Y109.014 E.0191
G1 X115.053 Y110 E.0191
G1 X114.956 Y110.986 E.0191
G1 X114.669 Y111.934 E.0191
G1 X114.202 Y112.808 E.0191
G1 X113.573 Y113.573 E.0191
G1 X112.808 Y114.202 E.0191
G1 X111.934 Y114.669 E.0191
G1 X110.986 Y114.956 E.0191
G1 X110 Y115.053 E.0191
G1 X109.014 Y114.956 E.0191
G1 X108.066 Y114.669 E.0191
G1 X107.192 Y114.202 E.0191
G1 X106.427 Y113.573 E.0191
G1 X105.798 Y112.808 E.0191
G1 X105.331 Y111.934 E.0191
G1 X105.044 Y110.986 E.0191
G1 X104.947 Y110 E.0191
G1 X105.044 Y109.014 E.0191
G1 X105.331 Y108.066 E.0191
G1 X105.798 Y107.192 E.0191
G1 X106.427 Y106.427 E.0191
G1 X107.192 Y105.798 E.0191
G1 X108.066 Y105.331 E.0191
G1 X109.014 Y105.044 E.0191
G1 X110 Y104.947 E.0191
G1 X110.986 Y105.044 E.0191
G1 X111.896 Y105.32 E.01832
G1 E-.84 F2400
;WIPE_START
G1 F3600
G1 X112.781 Y105.784 E-.36
;WIPE_END
G1 Z6 F9000
G1 X108.335 Y106.075 Z6
G1 Z5.6
G1 E1.2 F1800
M204 P2500
;TYPE:Sparse infill
;WIDTH:0.45
G1 F2887
G1 X109.168 Y105.815 E.01809
G1 X109.988 Y105.734 E.01709
G1 X109.753 Y106.76 E.02183
G1 X108.92 Y107.593 E.02443
G1 X106.76 Y108.087 E.04596
G1 X105.927 Y108.92 E.02443
G1 X105.773 Y109.594 E.01435
G1 X105.733 Y110 E.00845
G1 X105.815 Y110.832 E.01735
G1 X106.058 Y111.633 E.01735
G1 X106.452 Y112.371 E.01735
G1 X106.607 Y112.56 E.00508
G1 X106.76 Y112.407 E.00448
G1 X108.92 Y111.913 E.04596
G1 X109.753 Y111.08 E.02443
G1 X110.247 Y108.92 E.04596
G1 X111.08 Y108.087 E.02443
G1 X113.24 Y107.593 E.04596
G1 X113.393 Y107.44 E.00448
G1 X113.548 Y107.629 E.00508
G1 X113.942 Y108.367 E.01735
G1 X114.185 Y109.168 E.01735
G1 X114.267 Y110 E.01735
G1 X114.227 Y110.406 E.00845
G1 X114.073 Y111.08 E.01435
G1 X113.24 Y111.913 E.02443
G1 X111.08 Y112.407 E.04596
G1 X110.247 Y113.24 E.02443
G1 X110.012 Y114.266 E.02183
G1 X110.832 Y114.185 E.01709
G1 X111.665 Y113.925 E.01809
; stop printing object JOYSTICK.stl id:15 copy 0
;LAYER_CHANGE
;Z:5.72
;HEIGHT:0.12
;BEFORE_LAYER_CHANGE
;5.72
G92 E0

G1 E-.97778 F2400
;WIPE_START
G1 F10800
G1 X110.832 Y114.185 E-.19384
G1 X110.705 Y114.197 E-.02838
;WIPE_END
;_SET_FAN_SPEED_CHANGING_LAYER
; printing object JOYSTICK.stl id:15 copy 0
G17
G3 Z6.12 I1.199 J.211 P1  F9000
G1 X112.505 Y103.953 Z6.12
G1 Z5.72
G1 E1.2 F1800
M204 P1000
;TYPE:Outer wall
;WIDTH:0.531432
G1 F2719
G1 X113.636 Y104.558 E.03172
G1 X114.628 Y105.372 E.03172
G1 X115.442 Y106.364 E.03172
G1 X116.047 Y107.495 E.03172
G1 X116.419 Y108.723 E.03172
G1 X116.545 Y110 E.03172
G1 X116.419 Y111.277 E.03172
G1 X116.047 Y112.505 E.03172
G1 X115.442 Y113.636 E.03172
G1 X114.628 Y114.628 E.03172
G1 X113.636 Y115.442 E.03172
G1 X112.505 Y116.047 E.03172
G1 X111.277 Y116.419 E.03172
G1 X110 Y116.545 E.03172
G1 X108.723 Y116.419 E.03172
G1 X107.495 Y116.047 E.03172
G1 X106.364 Y115.442 E.03172
G1 X105.372 Y114.628 E.03172
G1 X104.558 Y113.636 E.03172
G1 X103.953 Y112.505 E.03172
G1 X103.581 Y111.277 E.03172
G1 X103.455 Y110 E.03172
G1 X103.581 Y108.723 E.03172
G1 X103.953 Y107.495 E.03172
G1 X104.558 Y106.364 E.03172
G1 X105.372 Y105.372 E.03172
G1 X106.364 Y104.558 E.03172
G1 X107.495 Y103.953 E.03172
G1 X108.723 Y103.581 E.03172
G1 X110 Y103.455 E.03172
G1 X111.277 Y103.581 E.03172
G1 X112.466 Y103.942 E.03073
G1 X111.175 Y104.105 F9000
;WIDTH:0.531434
G1 F2719
G1 X112.3 Y104.447 E.02908
G1 X113.34 Y105.002 E.02913
G1 X114.25 Y105.75 E.02913
G1 X114.998 Y106.66 E.02913
G1 X115.553 Y107.7 E.02913
G1 X115.895 Y108.827 E.02913
G1 X116.011 Y110 E.02913
G1 X115.895 Y111.173 E.02913
G1 X115.553 Y112.3 E.02913
G1 X114.998 Y113.34 E.02913
G1 X114.25 Y114.25 E.02913
G1 X113.34 Y114.998 E.02913
G1 X112.3 Y115.553 E.02913
G1 X111.173 Y115.895 E.02913
G1 X110 Y116.011 E.02913
G1 X108.827 Y115.895 E.02913
G1 X107.7 Y115.553 E.02913
G1 X106.66 Y114.998 E.02913
G1 X105.75 Y114.25 E.02913
G1 X105.002 Y113.34 E.02913
G1 X104.447 Y112.3 E.02913
G1 X104.105 Y111.173 E.02913
G1 X103.989 Y110 E.02913
G1 X104.105 Y108.827 E.02913
G1 X104.447 Y107.7 E.02913
G1 X105.002 Y106.66 E.02913
G1 X105.75 Y105.75 E.02913
G1 X106.66 Y105.002 E.02913
G1 X107.7 Y104.447 E.02913
G1 X108.827 Y104.105 E.02913
G1 X110 Y103.989 E.02913
G1 X111.135 Y104.101 E.0282
G1 X111.767 Y105.734 F9000
M204 P2000
;TYPE:Inner wall
;WIDTH:0.449999
G1 F2719
G1 X112.565 Y106.161 E.01878
G1 X113.265 Y106.735 E.01878
G1 X113.839 Y107.435 E.01878
G1 X114.266 Y108.233 E.01878
G1 X114.529 Y109.099 E.01878
G1 X114.617 Y110 E.01878
G1 X114.529 Y110.901 E.01878
G1 X114.266 Y111.767 E.01878
G1 X113.839 Y112.565 E.01878
G1 X113.265 Y113.265 E.01878
G1 X112.565 Y113.839 E.01878
G1 X111.767 Y114.266 E.01878
G1 X110.901 Y114.529 E.01878
G1 X110 Y114.617 E.01878
G1 X109.099 Y114.529 E.01878
G1 X108.233 Y114.266 E.01878
G1 X107.435 Y113.839 E.01878
G1 X106.735 Y113.265 E.01878
G1 X106.161 Y112.565 E.01878
G1 X105.734 Y111.767 E.01878
G1 X105.471 Y110.901 E.01878
G1 X105.383 Y110 E.01878
G1 X105.471 Y109.099 E.01878
G1 X105.734 Y108.233 E.01878
G1 X106.161 Y107.435 E.01878
G1 X106.735 Y106.735 E.01878
G1 X107.435 Y106.161 E.01878
G1 X108.233 Y105.734 E.01878
G1 X109.099 Y105.471 E.01878
G1 X110 Y105.383 E.01878
G1 X110.901 Y105.471 E.01878
G1 X111.729 Y105.722 E.01795
G1 X111.929 Y105.342 F9000
M204 P1000
;TYPE:Outer wall
;WIDTH:0.419999
G1 F2719
G1 X112.801 Y105.808 E.01905
G1 X113.565 Y106.435 E.01905
G1 X114.192 Y107.199 E.01905
G1 X114.658 Y108.071 E.01905
G1 X114.945 Y109.016 E.01905
G1 X115.042 Y110 E.01905
G1 X114.945 Y110.984 E.01905
G1 X114.658 Y111.929 E.01905
G1 X114.192 Y112.801 E.01905
G1 X113.565 Y113.565 E.01905
G1 X112.801 Y114.192 E.01905
G1 X111.929 Y114.658 E.01905
G1 X110.984 Y114.945 E.01905
G1 X110 Y115.042 E.01905
G1 X109.016 Y114.945 E.01905
G1 X108.071 Y114.658 E.01905
G1 X107.199 Y114.192 E.01905
G1 X106.435 Y113.565 E.01905
G1 X105.808 Y112.801 E.01905
G1 X105.342 Y111.929 E.01905
G1 X105.055 Y110.984 E.01905
G1 X104.958 Y110 E.01905
G1 X105.055 Y109.016 E.01905
G1 X105.342 Y108.071 E.01905
G1 X105.808 Y107.199 E.01905
G1 X106.435 Y106.435 E.01905
G1 X107.199 Y105.808 E.01905
G1 X108.071 Y105.342 E.01905
G1 X109.016 Y105.055 E.01905
G1 X110 Y104.958 E.01905
G1 X110.984 Y105.055 E.01905
G1 X111.891 Y105.331 E.01828
G1 E-.84 F2400
;WIPE_START
G1 F3600
G1 X112.777 Y105.795 E-.36
;WIPE_END
G1 Z6.12 F9000
G1 X108.344 Y106.083 Z6.12
G1 Z5.72
G1 E1.2 F1800
M204 P2500
;TYPE:Sparse infill
;WIDTH:0.45
G1 F2719
G1 X109.17 Y105.827 E.01793
G1 X109.998 Y105.745 E.01726
G1 X109.965 Y106.76 E.02107
G1 X108.92 Y107.805 E.03065
G1 X106.76 Y107.875 E.04483
G1 X105.984 Y108.651 E.02277
G1 X105.827 Y109.17 E.01124
G1 X105.745 Y110 E.0173
G1 X105.827 Y110.83 E.0173
G1 X106.069 Y111.628 E.0173
G1 X106.462 Y112.364 E.0173
G1 X106.52 Y112.435 E.0019
G1 X106.76 Y112.195 E.00704
G1 X108.92 Y112.125 E.04483
G1 X109.965 Y111.08 E.03065
G1 X110.035 Y108.92 E.04483
G1 X111.08 Y107.875 E.03065
G1 X113.24 Y107.805 E.04483
G1 X113.48 Y107.565 E.00704
G1 X113.538 Y107.636 E.0019
G1 X113.931 Y108.372 E.0173
G1 X114.173 Y109.17 E.0173
G1 X114.255 Y110 E.0173
G1 X114.173 Y110.83 E.0173
G1 X114.016 Y111.349 E.01124
G1 X113.24 Y112.125 E.02277
G1 X111.08 Y112.195 E.04483
G1 X110.035 Y113.24 E.03065
G1 X110.002 Y114.255 E.02107
G1 X110.83 Y114.173 E.01726
G1 X111.656 Y113.917 E.01793
; stop printing object JOYSTICK.stl id:15 copy 0
;LAYER_CHANGE
;Z:5.84
;HEIGHT:0.12
;BEFORE_LAYER_CHANGE
;5.84
G92 E0

G1 E-.97778 F2400
;WIPE_START
G1 F10800
G1 X110.83 Y114.173 E-.19209
G1 X110.695 Y114.187 E-.03014
;WIPE_END
;_SET_FAN_SPEED_CHANGING_LAYER
; printing object JOYSTICK.stl id:15 copy 0
G17
G3 Z6.24 I.461 J-1.126 P1  F9000
G1 X103.584 Y111.276 Z6.24
G1 Z5.84
G1 E1.2 F1800
M204 P1000
;TYPE:Outer wall
;WIDTH:0.537314
G1 F3077
G1 X103.458 Y110 E.03208
G1 X103.584 Y108.724 E.03208
G1 X103.956 Y107.496 E.03208
G1 X104.561 Y106.365 E.03208
G1 X105.374 Y105.374 E.03208
G1 X106.365 Y104.561 E.03208
G1 X107.496 Y103.956 E.03208
G1 X108.724 Y103.584 E.03208
G1 X110 Y103.458 E.03208
G1 X111.276 Y103.584 E.03208
G1 X112.504 Y103.956 E.03208
G1 X113.635 Y104.561 E.03208
G1 X114.626 Y105.374 E.03208
G1 X115.439 Y106.365 E.03208
G1 X116.044 Y107.496 E.03208
G1 X116.416 Y108.724 E.03208
G1 X116.542 Y110 E.03208
G1 X116.416 Y111.276 E.03208
G1 X116.044 Y112.504 E.03208
G1 X115.439 Y113.635 E.03208
G1 X114.626 Y114.626 E.03208
G1 X113.635 Y115.439 E.03208
G1 X112.504 Y116.044 E.03208
G1 X111.276 Y116.416 E.03208
G1 X110 Y116.542 E.03208
G1 X108.724 Y116.416 E.03208
G1 X107.496 Y116.044 E.03208
G1 X106.365 Y115.439 E.03208
G1 X105.374 Y114.626 E.03208
G1 X104.561 Y113.635 E.03208
G1 X103.956 Y112.504 E.03208
G1 X103.595 Y111.315 E.03108
G1 E-.84 F2400
;WIPE_START
G1 F3600
G1 X103.491 Y110.32 E-.36
;WIPE_END
G17
G3 Z6.24 I-.8 J.917 P1  F9000
G1 X110 Y116.002 Z6.24
G1 Z5.84
G1 E1.2 F1800
;WIDTH:0.537315
G1 F3077
G1 X108.829 Y115.887 E.02943
G1 X107.703 Y115.545 E.02943
G1 X106.665 Y114.991 E.02943
G1 X105.756 Y114.244 E.02943
G1 X105.009 Y113.335 E.02943
G1 X104.455 Y112.297 E.02943
G1 X104.113 Y111.171 E.02943
G1 X103.998 Y110 E.02943
G1 X104.113 Y108.829 E.02943
G1 X104.455 Y107.703 E.02943
G1 X105.009 Y106.665 E.02943
G1 X105.756 Y105.756 E.02943
G1 X106.665 Y105.009 E.02943
G1 X107.703 Y104.455 E.02943
G1 X108.829 Y104.113 E.02943
G1 X110 Y103.998 E.02943
G1 X111.171 Y104.113 E.02943
G1 X112.297 Y104.455 E.02943
G1 X113.335 Y105.009 E.02943
G1 X114.244 Y105.756 E.02943
G1 X114.991 Y106.665 E.02943
G1 X115.545 Y107.703 E.02943
G1 X115.887 Y108.829 E.02943
G1 X116.002 Y110 E.02943
G1 X115.887 Y111.171 E.02943
G1 X115.545 Y112.297 E.02943
G1 X114.991 Y113.335 E.02943
G1 X114.244 Y114.244 E.02943
G1 X113.335 Y114.991 E.02943
G1 X112.297 Y115.545 E.02943
G1 X111.171 Y115.887 E.02943
G1 X110.04 Y115.998 E.02843
G1 E-.84 F2400
;WIPE_START
G1 F3600
G1 X109.044 Y115.907 E-.36
;WIPE_END
G17
G3 Z6.24 I1.176 J.315 P1  F9000
G1 X111.763 Y105.745 Z6.24
G1 Z5.84
G1 E1.2 F1800
M204 P2000
;TYPE:Inner wall
;WIDTH:0.449999
G1 F3077
G1 X112.559 Y106.171 E.01873
G1 X113.257 Y106.743 E.01873
G1 X113.829 Y107.441 E.01873
G1 X114.255 Y108.237 E.01873
G1 X114.517 Y109.101 E.01873
G1 X114.606 Y110 E.01873
G1 X114.517 Y110.899 E.01873
G1 X114.255 Y111.763 E.01873
G1 X113.829 Y112.559 E.01873
G1 X113.257 Y113.257 E.01873
G1 X112.559 Y113.829 E.01873
G1 X111.763 Y114.255 E.01873
G1 X110.899 Y114.517 E.01873
G1 X110 Y114.606 E.01873
G1 X109.101 Y114.517 E.01873
G1 X108.237 Y114.255 E.01873
G1 X107.441 Y113.829 E.01873
G1 X106.743 Y113.257 E.01873
G1 X106.171 Y112.559 E.01873
G1 X105.745 Y111.763 E.01873
G1 X105.483 Y110.899 E.01873
G1 X105.394 Y110 E.01873
G1 X105.483 Y109.101 E.01873
G1 X105.745 Y108.237 E.01873
G1 X106.171 Y107.441 E.01873
G1 X106.743 Y106.743 E.01873
G1 X107.441 Y106.171 E.01873
G1 X108.237 Y105.745 E.01873
G1 X109.101 Y105.483 E.01873
G1 X110 Y105.394 E.01873
G1 X110.899 Y105.483 E.01873
G1 X111.724 Y105.733 E.0179
G1 X111.925 Y105.353 F9000
M204 P1000
;TYPE:Outer wall
;WIDTH:0.419999
G1 F3077
G1 X112.794 Y105.818 E.01901
G1 X113.557 Y106.443 E.01901
G1 X114.182 Y107.206 E.01901
G1 X114.647 Y108.075 E.01901
G1 X114.933 Y109.019 E.01901
G1 X115.03 Y110 E.01901
G1 X114.933 Y110.981 E.01901
G1 X114.647 Y111.925 E.01901
G1 X114.182 Y112.794 E.01901
G1 X113.557 Y113.557 E.01901
G1 X112.794 Y114.182 E.01901
G1 X111.925 Y114.647 E.01901
G1 X110.981 Y114.933 E.01901
G1 X110 Y115.03 E.01901
G1 X109.019 Y114.933 E.01901
G1 X108.075 Y114.647 E.01901
G1 X107.206 Y114.182 E.01901
G1 X106.443 Y113.557 E.01901
G1 X105.818 Y112.794 E.01901
G1 X105.353 Y111.925 E.01901
G1 X105.067 Y110.981 E.01901
G1 X104.97 Y110 E.01901
G1 X105.067 Y109.019 E.01901
G1 X105.353 Y108.075 E.01901
G1 X105.818 Y107.206 E.01901
G1 X106.443 Y106.443 E.01901
G1 X107.206 Y105.818 E.01901
G1 X108.075 Y105.353 E.01901
G1 X109.019 Y105.067 E.01901
G1 X110 Y104.97 E.01901
G1 X110.981 Y105.067 E.01901
G1 X111.887 Y105.341 E.01824
G1 E-.84 F2400
;WIPE_START
G1 F3600
G1 X112.772 Y105.806 E-.36
;WIPE_END
G1 Z6.24 F9000
G1 X111.665 Y106.101 Z6.24
G1 Z5.84
G1 E1.2 F1800
M204 P2500
;TYPE:Sparse infill
;WIDTH:0.45
G1 F3077
G1 X110.828 Y105.838 E.01819
G1 X110.013 Y105.758 E.01699
G1 X110.177 Y106.76 E.02107
G1 X108.92 Y108.017 E.03687
G1 X106.76 Y107.663 E.0454
G1 X106.117 Y108.306 E.01886
G1 X106.08 Y108.376 E.00165
G1 X105.838 Y109.172 E.01725
G1 X105.757 Y110 E.01725
G1 X105.838 Y110.828 E.01725
G1 X106.08 Y111.624 E.01725
G1 X106.442 Y112.301 E.01593
G1 X106.76 Y111.983 E.00934
G1 X108.92 Y112.337 E.0454
G1 X110.177 Y111.08 E.03687
G1 X109.823 Y108.92 E.0454
G1 X111.08 Y107.663 E.03687
G1 X113.24 Y108.017 E.0454
G1 X113.558 Y107.699 E.00934
G1 X113.92 Y108.376 E.01593
G1 X114.162 Y109.172 E.01725
G1 X114.243 Y110 E.01725
G1 X114.162 Y110.828 E.01725
G1 X113.92 Y111.624 E.01725
G1 X113.883 Y111.694 E.00165
G1 X113.24 Y112.337 E.01886
G1 X111.08 Y111.983 E.0454
G1 X109.823 Y113.24 E.03687
G1 X109.987 Y114.242 E.02107
G1 X109.172 Y114.162 E.01699
G1 X108.335 Y113.899 E.01819
; stop printing object JOYSTICK.stl id:15 copy 0
;LAYER_CHANGE
;Z:5.96
;HEIGHT:0.12
;BEFORE_LAYER_CHANGE
;5.96
G92 E0

G1 E-.97778 F2400
;WIPE_START
G1 F10800
G1 X109.172 Y114.162 E-.19492
G1 X109.294 Y114.174 E-.0273
;WIPE_END
;_SET_FAN_SPEED_CHANGING_LAYER
; printing object JOYSTICK.stl id:15 copy 0
G17
G3 Z6.36 I-1.167 J.346 P1  F9000
G1 X109.996 Y116.538 Z6.36
G1 Z5.96
G1 E1.2 F1800
M204 P1000
;TYPE:Outer wall
;WIDTH:0.544244
G1 F2903
G1 X108.724 Y116.413 E.03239
G1 X107.498 Y116.041 E.03249
G1 X106.367 Y115.437 E.03249
G1 X105.377 Y114.623 E.03249
G1 X104.563 Y113.633 E.03249
G1 X103.959 Y112.502 E.03249
G1 X103.587 Y111.276 E.03249
G1 X103.461 Y110 E.03249
G1 X103.587 Y108.724 E.03249
G1 X103.959 Y107.498 E.03249
G1 X104.563 Y106.367 E.03249
G1 X105.377 Y105.377 E.03249
G1 X106.367 Y104.563 E.03249
G1 X107.498 Y103.959 E.03249
G1 X108.724 Y103.587 E.03249
G1 X109.997 Y103.462 E.03243
G1 X111.275 Y103.587 E.03255
G1 X112.502 Y103.959 E.0325
G1 X113.633 Y104.563 E.03249
G1 X114.623 Y105.377 E.03249
G1 X115.437 Y106.367 E.03249
G1 X116.041 Y107.498 E.03249
G1 X116.413 Y108.724 E.03249
G1 X116.539 Y110 E.03249
G1 X116.413 Y111.276 E.03249
G1 X116.041 Y112.502 E.03249
G1 X115.437 Y113.633 E.03249
G1 X114.623 Y114.623 E.03249
G1 X113.633 Y115.437 E.03249
G1 X112.502 Y116.041 E.03249
G1 X111.276 Y116.413 E.03249
G1 X110.036 Y116.535 E.03158
G1 E-.84 F2400
;WIPE_START
G1 F3600
G1 X109.04 Y116.442 E-.36
;WIPE_END
G17
G3 Z6.36 I1.199 J.206 P1  F9000
G1 X111.161 Y104.123 Z6.36
G1 Z5.96
G1 E1.2 F1800
;WIDTH:0.545216
G1 F2903
G1 X111.169 Y104.123 E.0002
;WIDTH:0.544244
G1 X112.293 Y104.464 E.02978
G1 X113.329 Y105.018 E.02978
G1 X114.237 Y105.763 E.02978
G1 X114.982 Y106.671 E.02978
G1 X115.536 Y107.707 E.02978
G1 X115.877 Y108.831 E.02978
G1 X115.992 Y110 E.02978
G1 X115.877 Y111.169 E.02978
G1 X115.536 Y112.293 E.02978
G1 X114.982 Y113.329 E.02978
G1 X114.237 Y114.237 E.02978
G1 X113.329 Y114.982 E.02978
G1 X112.293 Y115.536 E.02978
G1 X111.169 Y115.877 E.02978
G1 X110 Y115.992 E.02978
G1 X108.831 Y115.877 E.02978
;WIDTH:0.544247
G1 X107.707 Y115.536 E.02978
G1 X106.671 Y114.982 E.02978
G1 X105.763 Y114.237 E.02978
G1 X105.018 Y113.329 E.02978
G1 X104.464 Y112.293 E.02978
G1 X104.123 Y111.169 E.02978
G1 X104.008 Y110 E.02978
G1 X104.123 Y108.831 E.02978
G1 X104.464 Y107.707 E.02978
G1 X105.018 Y106.671 E.02978
G1 X105.763 Y105.763 E.02978
G1 X106.671 Y105.018 E.02978
G1 X107.707 Y104.464 E.02978
G1 X108.831 Y104.123 E.02978
;WIDTH:0.545216
G1 X109.992 Y104.009 E.02964
G1 X111.121 Y104.119 E.0288
G1 X111.758 Y105.756 F9000
M204 P2000
;TYPE:Inner wall
;WIDTH:0.449999
G1 F2903
G1 X112.552 Y106.18 E.01868
G1 X113.248 Y106.752 E.01868
G1 X113.82 Y107.448 E.01868
G1 X114.244 Y108.242 E.01868
G1 X114.506 Y109.104 E.01868
G1 X114.594 Y110 E.01868
G1 X114.506 Y110.896 E.01868
G1 X114.244 Y111.758 E.01868
G1 X113.82 Y112.552 E.01868
G1 X113.248 Y113.248 E.01868
G1 X112.552 Y113.82 E.01868
G1 X111.758 Y114.244 E.01868
G1 X110.896 Y114.506 E.01868
G1 X110 Y114.594 E.01868
G1 X109.104 Y114.506 E.01868
G1 X108.242 Y114.244 E.01868
G1 X107.448 Y113.82 E.01868
G1 X106.752 Y113.248 E.01868
G1 X106.18 Y112.552 E.01868
G1 X105.756 Y111.758 E.01868
G1 X105.494 Y110.896 E.01868
G1 X105.406 Y110 E.01868
G1 X105.494 Y109.104 E.01868
G1 X105.756 Y108.242 E.01868
G1 X106.18 Y107.448 E.01868
G1 X106.752 Y106.752 E.01868
G1 X107.448 Y106.18 E.01868
G1 X108.242 Y105.756 E.01868
G1 X109.104 Y105.494 E.01868
G1 X110 Y105.406 E.01868
G1 X110.896 Y105.494 E.01868
G1 X111.72 Y105.744 E.01785
G1 X111.92 Y105.364 F9000
M204 P1000
;TYPE:Outer wall
;WIDTH:0.419999
G1 F2903
G1 X112.788 Y105.828 E.01896
G1 X113.548 Y106.452 E.01896
G1 X114.172 Y107.212 E.01896
G1 X114.636 Y108.08 E.01896
G1 X114.922 Y109.021 E.01896
G1 X115.018 Y110 E.01896
G1 X114.922 Y110.979 E.01896
G1 X114.636 Y111.92 E.01896
G1 X114.172 Y112.788 E.01896
G1 X113.548 Y113.548 E.01896
G1 X112.788 Y114.172 E.01896
G1 X111.92 Y114.636 E.01896
G1 X110.979 Y114.922 E.01896
G1 X110 Y115.018 E.01896
G1 X109.021 Y114.922 E.01896
G1 X108.08 Y114.636 E.01896
G1 X107.212 Y114.172 E.01896
G1 X106.452 Y113.548 E.01896
G1 X105.828 Y112.788 E.01896
G1 X105.364 Y111.92 E.01896
G1 X105.078 Y110.979 E.01896
G1 X104.982 Y110 E.01896
G1 X105.078 Y109.021 E.01896
G1 X105.364 Y108.08 E.01896
G1 X105.828 Y107.212 E.01896
G1 X106.452 Y106.452 E.01896
G1 X107.212 Y105.828 E.01896
G1 X108.08 Y105.364 E.01896
G1 X109.021 Y105.078 E.01896
G1 X110 Y104.982 E.01896
G1 X110.979 Y105.078 E.01896
G1 X111.882 Y105.352 E.01819
G1 E-.84 F2400
;WIPE_START
G1 F3600
G1 X112.768 Y105.817 E-.36
;WIPE_END
G1 Z6.36 F9000
G1 X108.344 Y106.11 Z6.36
G1 Z5.96
G1 E1.2 F1800
M204 P2500
;TYPE:Sparse infill
;WIDTH:0.45
G1 F2903
G1 X109.174 Y105.85 E.01805
G1 X109.996 Y105.769 E.01713
G1 X109.957 Y106.76 E.02058
G1 X111.08 Y107.883 E.03293
G1 X113.24 Y107.797 E.04484
G1 X113.947 Y108.504 E.02074
G1 X114.15 Y109.174 E.01452
G1 X114.231 Y110 E.01721
G1 X114.15 Y110.826 E.01721
G1 X113.909 Y111.619 E.01721
G1 X113.498 Y112.375 E.01785
G1 X113.24 Y112.117 E.00758
G1 X111.08 Y112.203 E.04484
G1 X109.957 Y111.08 E.03293
G1 X110.043 Y108.92 E.04484
G1 X108.92 Y107.797 E.03293
G1 X106.76 Y107.883 E.04484
G1 X106.502 Y107.625 E.00758
G1 X106.091 Y108.381 E.01785
G1 X105.85 Y109.174 E.01721
G1 X105.769 Y110 E.01721
G1 X105.85 Y110.826 E.01721
G1 X106.053 Y111.496 E.01453
G1 X106.76 Y112.203 E.02074
G1 X108.92 Y112.117 E.04484
G1 X110.043 Y113.24 E.03293
G1 X110.004 Y114.231 E.02058
G1 X110.826 Y114.15 E.01713
G1 X111.656 Y113.89 E.01805
; stop printing object JOYSTICK.stl id:15 copy 0
;LAYER_CHANGE
;Z:6.08
;HEIGHT:0.12
;BEFORE_LAYER_CHANGE
;6.08
G92 E0

G1 E-.97778 F2400
;WIPE_START
G1 F10800
G1 X110.826 Y114.15 E-.19339
G1 X110.696 Y114.163 E-.02883
;WIPE_END
;_SET_FAN_SPEED_CHANGING_LAYER
; printing object JOYSTICK.stl id:15 copy 0
G17
G3 Z6.48 I-1.167 J-.345 P1  F9000
G1 X109.997 Y116.529 Z6.48
G1 Z6.08
G1 E1.2 F1800
M204 P1000
;TYPE:Outer wall
;WIDTH:0.562357
G1 F2854
G1 X108.726 Y116.404 E.03349
G1 X107.501 Y116.032 E.03358
G1 X106.372 Y115.429 E.03358
G1 X105.383 Y114.617 E.03358
G1 X104.571 Y113.628 E.03358
G1 X103.968 Y112.499 E.03358
G1 X103.596 Y111.274 E.03358
G1 X103.471 Y110 E.03358
G1 X103.596 Y108.726 E.03358
G1 X103.968 Y107.501 E.03358
G1 X104.571 Y106.372 E.03358
G1 X105.383 Y105.383 E.03358
G1 X106.372 Y104.571 E.03358
G1 X107.501 Y103.968 E.03358
G1 X108.726 Y103.596 E.03358
G1 X110 Y103.471 E.03358
G1 X111.274 Y103.596 E.03358
G1 X112.499 Y103.968 E.03358
G1 X113.628 Y104.571 E.03358
G1 X114.617 Y105.383 E.03358
G1 X115.429 Y106.372 E.03358
G1 X116.032 Y107.501 E.03358
G1 X116.404 Y108.726 E.03358
G1 X116.529 Y110 E.03358
G1 X116.404 Y111.274 E.03358
G1 X116.032 Y112.499 E.03358
G1 X115.429 Y113.628 E.03358
G1 X114.617 Y114.617 E.03358
G1 X113.628 Y115.429 E.03358
G1 X112.499 Y116.032 E.03358
G1 X111.274 Y116.404 E.03358
G1 X110.036 Y116.526 E.03262
G1 E-.84 F2400
;WIPE_START
G1 F3600
G1 X109.041 Y116.433 E-.36
;WIPE_END
G17
G3 Z6.48 I1.199 J.206 P1  F9000
G1 X111.154 Y104.149 Z6.48
G1 Z6.08
G1 E1.2 F1800
;WIDTH:0.562358
G1 F2854
G1 X111.164 Y104.15 E.00026
G1 X112.282 Y104.49 E.03068
G1 X113.314 Y105.041 E.03068
G1 X114.217 Y105.783 E.03068
G1 X114.959 Y106.686 E.03068
G1 X115.51 Y107.718 E.03068
G1 X115.85 Y108.836 E.03068
G1 X115.964 Y110 E.03068
G1 X115.85 Y111.164 E.03068
G1 X115.51 Y112.282 E.03068
G1 X114.959 Y113.314 E.03068
G1 X114.217 Y114.217 E.03068
G1 X113.314 Y114.959 E.03068
G1 X112.282 Y115.51 E.03068
G1 X111.164 Y115.85 E.03068
G1 X110 Y115.964 E.03068
G1 X108.836 Y115.85 E.03068
G1 X107.718 Y115.51 E.03068
G1 X106.686 Y114.959 E.03068
G1 X105.783 Y114.217 E.03068
G1 X105.041 Y113.314 E.03068
G1 X104.49 Y112.282 E.03068
G1 X104.15 Y111.164 E.03068
G1 X104.036 Y110 E.03068
G1 X104.15 Y108.836 E.03068
G1 X104.49 Y107.718 E.03068
G1 X105.041 Y106.686 E.03068
G1 X105.783 Y105.783 E.03068
G1 X106.686 Y105.041 E.03068
G1 X107.718 Y104.49 E.03068
G1 X108.836 Y104.15 E.03068
G1 X110 Y104.036 E.03068
G1 X111.114 Y104.145 E.02937
G1 X111.753 Y105.767 F9000
M204 P2000
;TYPE:Inner wall
;WIDTH:0.449999
G1 F2854
G1 X112.546 Y106.19 E.01863
G1 X113.24 Y106.76 E.01863
G1 X113.81 Y107.454 E.01863
G1 X114.233 Y108.247 E.01863
G1 X114.494 Y109.106 E.01863
G1 X114.582 Y110 E.01863
G1 X114.494 Y110.894 E.01863
G1 X114.233 Y111.753 E.01863
G1 X113.81 Y112.546 E.01863
G1 X113.24 Y113.24 E.01863
G1 X112.546 Y113.81 E.01863
G1 X111.753 Y114.233 E.01863
G1 X110.894 Y114.494 E.01863
G1 X110 Y114.582 E.01863
G1 X109.106 Y114.494 E.01863
G1 X108.247 Y114.233 E.01863
G1 X107.454 Y113.81 E.01863
G1 X106.76 Y113.24 E.01863
G1 X106.19 Y112.546 E.01863
G1 X105.767 Y111.753 E.01863
G1 X105.506 Y110.894 E.01863
G1 X105.418 Y110 E.01863
G1 X105.506 Y109.106 E.01863
G1 X105.767 Y108.247 E.01863
G1 X106.19 Y107.454 E.01863
G1 X106.76 Y106.76 E.01863
G1 X107.454 Y106.19 E.01863
G1 X108.247 Y105.767 E.01863
G1 X109.106 Y105.506 E.01863
G1 X110 Y105.418 E.01863
G1 X110.894 Y105.506 E.01863
G1 X111.715 Y105.755 E.0178
G1 X111.916 Y105.375 F9000
M204 P1000
;TYPE:Outer wall
;WIDTH:0.419999
G1 F2854
G1 X112.781 Y105.837 E.01892
G1 X113.54 Y106.46 E.01892
G1 X114.163 Y107.219 E.01892
G1 X114.625 Y108.084 E.01892
G1 X114.91 Y109.023 E.01892
G1 X115.006 Y110 E.01892
G1 X114.91 Y110.977 E.01892
G1 X114.625 Y111.916 E.01892
G1 X114.163 Y112.781 E.01892
G1 X113.54 Y113.54 E.01892
G1 X112.781 Y114.163 E.01892
G1 X111.916 Y114.625 E.01892
G1 X110.977 Y114.91 E.01892
G1 X110 Y115.006 E.01892
G1 X109.023 Y114.91 E.01892
G1 X108.084 Y114.625 E.01892
G1 X107.219 Y114.163 E.01892
G1 X106.46 Y113.54 E.01892
G1 X105.837 Y112.781 E.01892
G1 X105.375 Y111.916 E.01892
G1 X105.09 Y110.977 E.01892
G1 X104.994 Y110 E.01892
G1 X105.09 Y109.023 E.01892
G1 X105.375 Y108.084 E.01892
G1 X105.837 Y107.219 E.01892
G1 X106.46 Y106.46 E.01892
G1 X107.219 Y105.837 E.01892
G1 X108.084 Y105.375 E.01892
G1 X109.023 Y105.09 E.01892
G1 X110 Y104.994 E.01892
G1 X110.977 Y105.09 E.01892
G1 X111.878 Y105.363 E.01815
G1 E-.84 F2400
;WIPE_START
G1 F3600
G1 X112.763 Y105.828 E-.36
;WIPE_END
G1 Z6.48 F9000
G1 X111.667 Y106.129 Z6.48
G1 Z6.08
G1 E1.2 F1800
M204 P2500
;TYPE:Sparse infill
;WIDTH:0.45
G1 F2854
G1 X110.823 Y105.861 E.01835
G1 X110.016 Y105.782 E.01683
G1 X110.169 Y106.76 E.02054
G1 X111.08 Y107.671 E.02671
G1 X113.24 Y108.009 E.04535
G1 X114.022 Y108.791 E.02293
G1 X114.139 Y109.177 E.00836
G1 X114.22 Y110 E.01716
G1 X114.139 Y110.823 E.01716
G1 X113.898 Y111.615 E.01716
G1 X113.509 Y112.344 E.01716
G1 X113.394 Y112.484 E.00374
G1 X113.24 Y112.329 E.00453
G1 X111.08 Y111.991 E.04535
G1 X110.169 Y111.08 E.02671
G1 X109.831 Y108.92 E.04535
G1 X108.92 Y108.009 E.02671
G1 X106.76 Y107.671 E.04535
G1 X106.606 Y107.516 E.00453
G1 X106.491 Y107.656 E.00374
G1 X106.102 Y108.385 E.01716
G1 X105.861 Y109.177 E.01716
G1 X105.78 Y110 E.01716
G1 X105.861 Y110.823 E.01716
G1 X105.978 Y111.209 E.00836
G1 X106.76 Y111.991 E.02293
G1 X108.92 Y112.329 E.04535
G1 X109.831 Y113.24 E.02671
G1 X109.984 Y114.218 E.02054
G1 X109.177 Y114.139 E.01683
G1 X108.334 Y113.871 E.01835
; stop printing object JOYSTICK.stl id:15 copy 0
;LAYER_CHANGE
;Z:6.2
;HEIGHT:0.12
;BEFORE_LAYER_CHANGE
;6.2
G92 E0

G1 E-.97778 F2400
;WIPE_START
G1 F10800
G1 X109.177 Y114.139 E-.19662
G1 X109.291 Y114.15 E-.02561
;WIPE_END
;_SET_FAN_SPEED_CHANGING_LAYER
; printing object JOYSTICK.stl id:15 copy 0
G17
G3 Z6.6 I-1.17 J.333 P1  F9000
G1 X109.989 Y116.6 Z6.6
G1 Z6.2
G1 E1.2 F1800
M204 P1000
;TYPE:Outer wall
;WIDTH:0.419999
G1 F3474
G1 X108.712 Y116.474 E.02474
G1 X107.474 Y116.098 E.02494
G1 X106.333 Y115.488 E.02494
G1 X105.332 Y114.668 E.02494
G1 X104.512 Y113.667 E.02494
G1 X103.902 Y112.526 E.02494
G1 X103.526 Y111.288 E.02494
G1 X103.399 Y110 E.02494
G1 X103.526 Y108.712 E.02494
G1 X103.902 Y107.474 E.02494
G1 X104.512 Y106.333 E.02494
G1 X105.332 Y105.332 E.02494
G1 X106.333 Y104.512 E.02494
G1 X107.474 Y103.902 E.02494
G1 X108.712 Y103.526 E.02494
G1 X110 Y103.399 E.02494
G1 X111.288 Y103.526 E.02494
G1 X112.526 Y103.902 E.02494
G1 X113.667 Y104.512 E.02494
G1 X114.668 Y105.332 E.02494
G1 X115.488 Y106.333 E.02494
G1 X116.098 Y107.474 E.02494
G1 X116.474 Y108.712 E.02494
G1 X116.601 Y110 E.02494
G1 X116.474 Y111.288 E.02494
G1 X116.098 Y112.526 E.02494
G1 X115.488 Y113.667 E.02494
G1 X114.668 Y114.668 E.02494
G1 X113.667 Y115.489 E.02494
G1 X112.526 Y116.098 E.02494
G1 X111.288 Y116.474 E.02494
G1 X110.029 Y116.598 E.02438
G1 E-.84 F2400
;WIPE_START
G1 F3600
G1 X109.034 Y116.504 E-.36
;WIPE_END
G17
G3 Z6.6 I1.199 J.206 P1  F9000
G1 X111.139 Y104.256 Z6.6
G1 Z6.2
G1 E1.2 F1800
G1 F3474
G1 X111.143 Y104.256 E.00007
G1 X112.241 Y104.589 E.02213
G1 X113.254 Y105.131 E.02213
G1 X114.141 Y105.859 E.02213
G1 X114.869 Y106.746 E.02213
G1 X115.411 Y107.759 E.02213
G1 X115.744 Y108.857 E.02213
G1 X115.856 Y110 E.02213
G1 X115.744 Y111.143 E.02213
G1 X115.411 Y112.241 E.02213
G1 X114.869 Y113.254 E.02213
G1 X114.141 Y114.141 E.02213
G1 X113.254 Y114.869 E.02213
G1 X112.241 Y115.411 E.02213
G1 X111.143 Y115.744 E.02213
G1 X110 Y115.856 E.02213
G1 X108.857 Y115.744 E.02213
G1 X107.759 Y115.411 E.02213
G1 X106.746 Y114.869 E.02213
G1 X105.859 Y114.141 E.02213
G1 X105.131 Y113.254 E.02213
G1 X104.589 Y112.241 E.02213
G1 X104.256 Y111.143 E.02213
G1 X104.144 Y110 E.02213
G1 X104.256 Y108.857 E.02213
G1 X104.589 Y107.759 E.02213
G1 X105.131 Y106.746 E.02213
G1 X105.859 Y105.859 E.02213
G1 X106.746 Y105.131 E.02213
G1 X107.759 Y104.589 E.02213
G1 X108.857 Y104.256 E.02213
G1 X110 Y104.144 E.02213
G1 X111.099 Y104.252 E.02128
G1 X111.175 Y103.887 F9000
M204 P2000
;TYPE:Inner wall
;WIDTH:0.346696
G1 F3474
G1 X111.215 Y103.891 E.00063
G1 X112.384 Y104.245 E.01916
G1 X113.46 Y104.821 E.01916
G1 X114.404 Y105.596 E.01916
G1 X115.179 Y106.54 E.01916
G1 X115.755 Y107.616 E.01916
G1 X116.109 Y108.785 E.01916
G1 X116.229 Y110 E.01916
G1 X116.109 Y111.215 E.01916
G1 X115.755 Y112.384 E.01916
G1 X115.179 Y113.46 E.01916
G1 X114.404 Y114.404 E.01916
G1 X113.46 Y115.179 E.01916
G1 X112.384 Y115.755 E.01916
G1 X111.215 Y116.109 E.01916
G1 X110 Y116.229 E.01916
G1 X108.785 Y116.109 E.01916
G1 X107.616 Y115.755 E.01916
G1 X106.54 Y115.179 E.01916
G1 X105.596 Y114.404 E.01916
G1 X104.821 Y113.46 E.01916
G1 X104.245 Y112.384 E.01916
G1 X103.891 Y111.215 E.01916
G1 X103.771 Y110 E.01916
G1 X103.891 Y108.785 E.01916
G1 X104.245 Y107.616 E.01916
G1 X104.821 Y106.54 E.01916
G1 X105.596 Y105.596 E.01916
G1 X106.54 Y104.821 E.01916
G1 X107.616 Y104.245 E.01916
G1 X108.785 Y103.891 E.01916
G1 X110 Y103.771 E.01916
G1 X111.135 Y103.883 E.0179
G1 X111.749 Y105.778 F9000
;WIDTH:0.449999
G1 F3474
G1 X112.539 Y106.2 E.01858
G1 X113.232 Y106.768 E.01858
G1 X113.8 Y107.461 E.01858
G1 X114.222 Y108.251 E.01858
G1 X114.482 Y109.108 E.01858
G1 X114.57 Y110 E.01858
G1 X114.482 Y110.892 E.01858
G1 X114.222 Y111.749 E.01858
G1 X113.8 Y112.539 E.01858
G1 X113.232 Y113.232 E.01858
G1 X112.539 Y113.8 E.01858
G1 X111.749 Y114.222 E.01858
G1 X110.892 Y114.482 E.01858
G1 X110 Y114.57 E.01858
G1 X109.108 Y114.482 E.01858
G1 X108.251 Y114.222 E.01858
G1 X107.461 Y113.8 E.01858
G1 X106.768 Y113.232 E.01858
G1 X106.2 Y112.539 E.01858
G1 X105.778 Y111.749 E.01858
G1 X105.518 Y110.892 E.01858
G1 X105.43 Y110 E.01858
G1 X105.518 Y109.108 E.01858
G1 X105.778 Y108.251 E.01858
G1 X106.2 Y107.461 E.01858
G1 X106.768 Y106.768 E.01858
G1 X107.461 Y106.2 E.01858
G1 X108.251 Y105.778 E.01858
G1 X109.108 Y105.518 E.01858
G1 X110 Y105.43 E.01858
G1 X110.892 Y105.518 E.01858
G1 X111.711 Y105.766 E.01775
G1 X111.916 Y105.388 F9000
M204 P1000
;TYPE:Outer wall
;WIDTH:0.419999
G1 F3474
G1 X112.775 Y105.847 E.01877
G1 X113.532 Y106.468 E.01887
G1 X114.153 Y107.225 E.01887
G1 X114.614 Y108.089 E.01887
G1 X114.898 Y109.026 E.01887
G1 X114.994 Y110 E.01887
G1 X114.898 Y110.974 E.01887
G1 X114.614 Y111.911 E.01887
G1 X114.153 Y112.775 E.01887
G1 X113.532 Y113.532 E.01887
G1 X112.775 Y114.153 E.01887
G1 X111.911 Y114.614 E.01887
G1 X110.974 Y114.898 E.01887
G1 X110 Y114.994 E.01887
G1 X109.026 Y114.898 E.01887
G1 X108.089 Y114.614 E.01887
G1 X107.225 Y114.153 E.01887
G1 X106.468 Y113.532 E.01887
G1 X105.847 Y112.775 E.01887
G1 X105.386 Y111.911 E.01887
G1 X105.102 Y110.974 E.01887
G1 X105.006 Y110 E.01887
G1 X105.102 Y109.026 E.01887
G1 X105.386 Y108.089 E.01887
G1 X105.847 Y107.225 E.01887
G1 X106.468 Y106.468 E.01887
G1 X107.225 Y105.847 E.01887
G1 X108.089 Y105.386 E.01887
G1 X109.026 Y105.102 E.01887
G1 X110 Y105.006 E.01887
G1 X110.974 Y105.102 E.01887
G1 X111.878 Y105.376 E.01821
G1 E-.84 F2400
;WIPE_START
G1 F3600
G1 X112.763 Y105.841 E-.36
;WIPE_END
G1 Z6.6 F9000
G1 X111.688 Y106.154 Z6.6
G1 Z6.2
G1 E1.2 F1800
M204 P2500
;TYPE:Sparse infill
;WIDTH:0.45
G1 F3474
G1 X111.61 Y106.112 E.00183
G1 X110.821 Y105.873 E.01711
G1 X110.041 Y105.796 E.01626
G1 X110.382 Y106.76 E.02121
G1 X111.08 Y107.459 E.02049
G1 X113.24 Y108.222 E.04752
G1 X113.938 Y108.92 E.02049
G1 X114.165 Y109.561 E.01409
G1 X114.208 Y110 E.00916
G1 X114.127 Y110.821 E.01711
G1 X113.888 Y111.61 E.01711
G1 X113.499 Y112.338 E.01711
G1 X113.29 Y112.592 E.00682
G1 X113.24 Y112.541 E.00148
G1 X111.08 Y111.778 E.04752
G1 X110.382 Y111.08 E.02049
G1 X109.618 Y108.92 E.04752
G1 X108.92 Y108.222 E.02049
G1 X106.76 Y107.459 E.04752
G1 X106.71 Y107.408 E.00148
G1 X106.501 Y107.662 E.00682
G1 X106.112 Y108.39 E.01711
G1 X105.873 Y109.179 E.01711
G1 X105.792 Y110 E.01711
G1 X105.835 Y110.44 E.00916
G1 X106.062 Y111.08 E.01409
G1 X106.76 Y111.778 E.02049
G1 X108.92 Y112.541 E.04752
G1 X109.618 Y113.24 E.02049
G1 X109.959 Y114.204 E.02121
G1 X109.179 Y114.127 E.01626
G1 X108.39 Y113.888 E.01711
G1 X108.312 Y113.846 E.00183
; stop printing object JOYSTICK.stl id:15 copy 0
;LAYER_CHANGE
;Z:6.32
;HEIGHT:0.12
;BEFORE_LAYER_CHANGE
;6.32
G92 E0

G1 E-.97778 F2400
;WIPE_START
G1 F10800
G1 X108.39 Y113.888 E-.01964
G1 X109.179 Y114.127 E-.18331
G1 X109.265 Y114.136 E-.01927
;WIPE_END
;_SET_FAN_SPEED_CHANGING_LAYER
; printing object JOYSTICK.stl id:15 copy 0
G17
G3 Z6.72 I-1.168 J.343 P1  F9000
G1 X109.989 Y116.6 Z6.72
G1 Z6.32
G1 E1.2 F1800
M204 P1000
;TYPE:Outer wall
;WIDTH:0.419999
G1 F3455
G1 X108.712 Y116.474 E.02473
G1 X107.474 Y116.098 E.02494
G1 X106.333 Y115.488 E.02494
G1 X105.332 Y114.668 E.02494
G1 X104.512 Y113.667 E.02494
G1 X103.902 Y112.526 E.02494
G1 X103.526 Y111.288 E.02494
G1 X103.399 Y110 E.02494
G1 X103.526 Y108.712 E.02494
G1 X103.902 Y107.474 E.02494
G1 X104.512 Y106.333 E.02494
G1 X105.332 Y105.332 E.02494
G1 X106.333 Y104.512 E.02494
G1 X107.474 Y103.902 E.02494
G1 X108.712 Y103.526 E.02494
G1 X110 Y103.399 E.02494
G1 X111.288 Y103.526 E.02494
G1 X112.526 Y103.902 E.02494
G1 X113.667 Y104.512 E.02494
G1 X114.668 Y105.332 E.02494
G1 X115.488 Y106.333 E.02494
G1 X116.098 Y107.474 E.02494
G1 X116.474 Y108.712 E.02494
G1 X116.601 Y110 E.02494
G1 X116.474 Y111.288 E.02494
G1 X116.098 Y112.526 E.02494
G1 X115.488 Y113.667 E.02494
G1 X114.668 Y114.668 E.02494
G1 X113.667 Y115.488 E.02494
G1 X112.526 Y116.098 E.02494
G1 X111.288 Y116.474 E.02494
G1 X110.029 Y116.598 E.02438
G1 E-.84 F2400
;WIPE_START
G1 F3600
G1 X109.033 Y116.504 E-.36
;WIPE_END
G17
G3 Z6.72 I1.199 J.206 P1  F9000
G1 X111.13 Y104.291 Z6.72
G1 Z6.32
G1 E1.2 F1800
G1 F3455
G1 X111.135 Y104.292 E.0001
G1 X112.227 Y104.623 E.02199
G1 X113.233 Y105.161 E.02199
G1 X114.115 Y105.885 E.02199
G1 X114.839 Y106.767 E.02199
G1 X115.377 Y107.773 E.02199
G1 X115.708 Y108.865 E.02199
G1 X115.82 Y110 E.02199
G1 X115.708 Y111.135 E.02199
G1 X115.377 Y112.227 E.02199
G1 X114.839 Y113.233 E.02199
G1 X114.115 Y114.115 E.02199
G1 X113.233 Y114.839 E.02199
G1 X112.227 Y115.377 E.02199
G1 X111.135 Y115.708 E.02199
G1 X110 Y115.82 E.02199
G1 X108.865 Y115.708 E.02199
G1 X107.773 Y115.377 E.02199
G1 X106.767 Y114.839 E.02199
G1 X105.885 Y114.115 E.02199
G1 X105.161 Y113.233 E.02199
G1 X104.623 Y112.227 E.02199
G1 X104.292 Y111.135 E.02199
G1 X104.18 Y110 E.02199
G1 X104.292 Y108.865 E.02199
G1 X104.623 Y107.773 E.02199
G1 X105.161 Y106.767 E.02199
G1 X105.885 Y105.885 E.02199
G1 X106.767 Y105.161 E.02199
G1 X107.773 Y104.623 E.02199
G1 X108.865 Y104.292 E.02199
G1 X110 Y104.18 E.02199
G1 X111.091 Y104.287 E.02112
G1 X111.168 Y103.905 F9000
M204 P2000
;TYPE:Inner wall
;WIDTH:0.382922
G1 F3455
G1 X111.212 Y103.909 E.00076
G1 X112.377 Y104.262 E.02126
G1 X113.45 Y104.836 E.02126
G1 X114.391 Y105.609 E.02126
G1 X115.164 Y106.55 E.02126
G1 X115.738 Y107.623 E.02126
G1 X116.091 Y108.788 E.02126
G1 X116.21 Y110 E.02126
G1 X116.091 Y111.212 E.02126
G1 X115.738 Y112.377 E.02126
G1 X115.164 Y113.45 E.02126
G1 X114.391 Y114.391 E.02126
G1 X113.45 Y115.164 E.02126
G1 X112.377 Y115.738 E.02126
G1 X111.212 Y116.091 E.02126
G1 X110 Y116.21 E.02126
G1 X108.788 Y116.091 E.02126
G1 X107.623 Y115.738 E.02126
G1 X106.55 Y115.164 E.02126
G1 X105.609 Y114.391 E.02126
G1 X104.836 Y113.45 E.02126
G1 X104.262 Y112.377 E.02126
G1 X103.909 Y111.212 E.02126
G1 X103.79 Y110 E.02126
G1 X103.909 Y108.788 E.02126
G1 X104.262 Y107.623 E.02126
G1 X104.836 Y106.55 E.02126
G1 X105.609 Y105.609 E.02126
G1 X106.55 Y104.836 E.02126
G1 X107.623 Y104.262 E.02126
G1 X108.788 Y103.909 E.02126
G1 X110 Y103.79 E.02126
G1 X111.129 Y103.901 E.0198
G1 X111.744 Y105.789 F9000
;WIDTH:0.449999
G1 F3455
G1 X112.533 Y106.21 E.01854
G1 X113.223 Y106.777 E.01854
G1 X113.79 Y107.467 E.01854
G1 X114.211 Y108.256 E.01854
G1 X114.471 Y109.111 E.01854
G1 X114.558 Y110 E.01854
G1 X114.471 Y110.889 E.01854
G1 X114.211 Y111.744 E.01854
G1 X113.79 Y112.533 E.01854
G1 X113.223 Y113.223 E.01854
G1 X112.533 Y113.79 E.01854
G1 X111.744 Y114.211 E.01854
G1 X110.889 Y114.471 E.01854
G1 X110 Y114.558 E.01854
G1 X109.111 Y114.471 E.01854
G1 X108.256 Y114.211 E.01854
G1 X107.468 Y113.79 E.01854
G1 X106.777 Y113.223 E.01854
G1 X106.21 Y112.533 E.01854
G1 X105.789 Y111.744 E.01854
G1 X105.529 Y110.889 E.01854
G1 X105.442 Y110 E.01854
G1 X105.529 Y109.111 E.01854
G1 X105.789 Y108.256 E.01854
G1 X106.21 Y107.467 E.01854
G1 X106.777 Y106.777 E.01854
G1 X107.467 Y106.21 E.01854
G1 X108.256 Y105.789 E.01854
G1 X109.111 Y105.529 E.01854
G1 X110 Y105.442 E.01854
G1 X110.889 Y105.529 E.01854
G1 X111.706 Y105.777 E.01771
G1 X111.919 Y105.403 F9000
M204 P1000
;TYPE:Outer wall
;WIDTH:0.419999
G1 F3455
G1 X112.768 Y105.857 E.01856
G1 X113.523 Y106.477 E.01883
G1 X114.143 Y107.232 E.01883
G1 X114.603 Y108.093 E.01883
G1 X114.887 Y109.028 E.01883
G1 X114.983 Y110 E.01883
G1 X114.887 Y110.972 E.01883
G1 X114.603 Y111.907 E.01883
G1 X114.143 Y112.768 E.01883
G1 X113.523 Y113.523 E.01883
G1 X112.768 Y114.143 E.01883
G1 X111.907 Y114.603 E.01883
G1 X110.972 Y114.887 E.01883
G1 X110 Y114.983 E.01883
G1 X109.028 Y114.887 E.01883
G1 X108.093 Y114.603 E.01883
G1 X107.232 Y114.143 E.01883
G1 X106.477 Y113.523 E.01883
G1 X105.857 Y112.768 E.01883
G1 X105.397 Y111.907 E.01883
G1 X105.113 Y110.972 E.01883
G1 X105.017 Y110 E.01883
G1 X105.113 Y109.028 E.01883
G1 X105.397 Y108.093 E.01883
G1 X105.857 Y107.232 E.01883
G1 X106.477 Y106.477 E.01883
G1 X107.232 Y105.857 E.01883
G1 X108.093 Y105.397 E.01883
G1 X109.028 Y105.113 E.01883
G1 X110 Y105.017 E.01883
G1 X110.972 Y105.113 E.01883
G1 X111.882 Y105.389 E.01832
G1 E-.84 F2400
;WIPE_START
G1 F3600
G1 X112.766 Y105.856 E-.36
;WIPE_END
G1 Z6.72 F9000
G1 X111.715 Y106.182 Z6.72
G1 Z6.32
G1 E1.2 F1800
M204 P2500
;TYPE:Sparse infill
;WIDTH:0.45
G1 F3455
G1 X111.606 Y106.123 E.00258
G1 X110.819 Y105.885 E.01706
G1 X110.072 Y105.811 E.01556
G1 X110.594 Y106.76 E.02246
G1 X111.08 Y107.246 E.01427
G1 X113.24 Y108.434 E.05112
G1 X113.726 Y108.92 E.01427
G1 X114.169 Y109.726 E.01907
G1 X114.196 Y110 E.00572
G1 X114.115 Y110.819 E.01706
G1 X113.877 Y111.606 E.01706
G1 X113.489 Y112.331 E.01706
G1 X113.173 Y112.717 E.01034
G1 X111.08 Y111.566 E.04953
G1 X110.594 Y111.08 E.01427
G1 X109.406 Y108.92 E.05112
G1 X108.92 Y108.434 E.01427
G1 X106.827 Y107.283 E.04953
G1 X106.511 Y107.669 E.01034
G1 X106.123 Y108.394 E.01706
G1 X105.885 Y109.181 E.01706
G1 X105.804 Y110 E.01706
G1 X105.831 Y110.274 E.00572
G1 X106.274 Y111.08 E.01907
G1 X106.76 Y111.566 E.01427
G1 X108.92 Y112.754 E.05112
G1 X109.406 Y113.24 E.01427
G1 X109.928 Y114.189 E.02246
G1 X109.181 Y114.115 E.01556
G1 X108.394 Y113.877 E.01706
G1 X108.285 Y113.818 E.00258
; stop printing object JOYSTICK.stl id:15 copy 0
;LAYER_CHANGE
;Z:6.44
;HEIGHT:0.12
;BEFORE_LAYER_CHANGE
;6.44
G92 E0

G1 E-.97778 F2400
;WIPE_START
G1 F10800
G1 X108.394 Y113.877 E-.02759
G1 X109.181 Y114.115 E-.1828
G1 X109.234 Y114.121 E-.01184
;WIPE_END
;_SET_FAN_SPEED_CHANGING_LAYER
; printing object JOYSTICK.stl id:15 copy 0
G17
G3 Z6.84 I-1.164 J.354 P1  F9000
G1 X109.989 Y116.6 Z6.84
G1 Z6.44
G1 E1.2 F1800
M204 P1000
;TYPE:Outer wall
;WIDTH:0.419999
G1 F3600
G1 X108.712 Y116.474 E.02473
G1 X107.474 Y116.098 E.02494
G1 X106.333 Y115.488 E.02494
G1 X105.332 Y114.668 E.02494
G1 X104.512 Y113.667 E.02494
G1 X103.902 Y112.526 E.02494
G1 X103.526 Y111.288 E.02494
G1 X103.399 Y110 E.02494
G1 X103.526 Y108.712 E.02494
G1 X103.902 Y107.474 E.02494
G1 X104.512 Y106.333 E.02494
G1 X105.332 Y105.332 E.02494
G1 X106.333 Y104.512 E.02494
G1 X107.474 Y103.902 E.02494
G1 X108.712 Y103.526 E.02494
G1 X110 Y103.399 E.02494
G1 X111.288 Y103.526 E.02494
G1 X112.526 Y103.902 E.02494
G1 X113.667 Y104.512 E.02494
G1 X114.668 Y105.332 E.02494
G1 X115.489 Y106.333 E.02494
G1 X116.098 Y107.474 E.02494
G1 X116.474 Y108.712 E.02494
G1 X116.601 Y110 E.02494
G1 X116.474 Y111.288 E.02494
G1 X116.098 Y112.526 E.02494
G1 X115.488 Y113.667 E.02494
G1 X114.668 Y114.668 E.02494
G1 X113.667 Y115.488 E.02494
G1 X112.526 Y116.098 E.02494
G1 X111.288 Y116.474 E.02494
G1 X110.029 Y116.598 E.02439
G1 E-.84 F2400
;WIPE_START
G1 F3600
G1 X109.033 Y116.504 E-.36
;WIPE_END
G17
G3 Z6.84 I1.199 J.206 P1  F9000
G1 X111.122 Y104.327 Z6.84
G1 Z6.44
G1 E1.2 F1800
G1 F3600
G1 X111.128 Y104.328 E.00013
G1 X112.213 Y104.657 E.02185
G1 X113.213 Y105.191 E.02185
G1 X114.09 Y105.91 E.02185
G1 X114.809 Y106.787 E.02185
G1 X115.343 Y107.787 E.02185
G1 X115.672 Y108.872 E.02185
G1 X115.784 Y110 E.02185
G1 X115.672 Y111.128 E.02185
G1 X115.343 Y112.213 E.02185
G1 X114.809 Y113.213 E.02185
G1 X114.09 Y114.09 E.02185
G1 X113.213 Y114.809 E.02185
G1 X112.213 Y115.343 E.02185
G1 X111.128 Y115.672 E.02185
G1 X110 Y115.784 E.02185
G1 X108.872 Y115.672 E.02185
G1 X107.787 Y115.343 E.02185
G1 X106.787 Y114.809 E.02185
G1 X105.91 Y114.09 E.02185
G1 X105.191 Y113.213 E.02185
G1 X104.657 Y112.213 E.02185
G1 X104.328 Y111.128 E.02185
G1 X104.216 Y110 E.02185
G1 X104.328 Y108.872 E.02185
G1 X104.657 Y107.787 E.02185
G1 X105.191 Y106.787 E.02185
G1 X105.91 Y105.91 E.02185
G1 X106.787 Y105.191 E.02185
G1 X107.787 Y104.657 E.02185
G1 X108.872 Y104.328 E.02185
G1 X110 Y104.216 E.02185
G1 X111.082 Y104.323 E.02096
G1 E-.84 F2400
;WIPE_START
G1 F3600
G1 X111.128 Y104.328 E-.01676
G1 X112.041 Y104.604 E-.34324
;WIPE_END
G17
G3 Z6.84 I-1.199 J-.211 P1  F9000
G1 X110 Y116.192 Z6.84
G1 Z6.44
G1 E1.2 F1800
M204 P2000
;TYPE:Inner wall
;WIDTH:0.419146
G1 F4362
G1 X108.792 Y116.073 E.02335
G1 X107.63 Y115.721 E.02335
G1 X106.56 Y115.149 E.02335
G1 X105.621 Y114.379 E.02335
G1 X104.851 Y113.44 E.02335
G1 X104.279 Y112.37 E.02335
G1 X103.927 Y111.208 E.02335
G1 X103.808 Y110 E.02335
G1 X103.927 Y108.792 E.02335
G1 X104.279 Y107.63 E.02335
G1 X104.851 Y106.56 E.02335
G1 X105.621 Y105.621 E.02335
G1 X106.56 Y104.851 E.02335
G1 X107.63 Y104.279 E.02335
G1 X108.792 Y103.927 E.02335
G1 X110 Y103.808 E.02335
G1 X111.208 Y103.927 E.02335
G1 X112.37 Y104.279 E.02335
G1 X113.44 Y104.851 E.02335
G1 X114.379 Y105.621 E.02335
G1 X115.149 Y106.56 E.02335
G1 X115.721 Y107.63 E.02335
G1 X116.073 Y108.792 E.02335
G1 X116.192 Y110 E.02335
G1 X116.073 Y111.208 E.02335
G1 X115.721 Y112.37 E.02335
G1 X115.149 Y113.44 E.02335
G1 X114.379 Y114.379 E.02335
G1 X113.44 Y115.149 E.02335
G1 X112.37 Y115.721 E.02335
G1 X111.208 Y116.073 E.02335
G1 X110.04 Y116.188 E.02258
G1 E-.84 F2400
;WIPE_START
G1 F5400
G1 X109.044 Y116.097 E-.36
;WIPE_END
G17
G3 Z6.84 I1.177 J.308 P1  F9000
G1 X111.74 Y105.8 Z6.84
G1 Z6.44
G1 E1.2 F1800
;WIDTH:0.449999
G1 F4362
G1 X112.526 Y106.22 E.01849
G1 X113.215 Y106.785 E.01849
G1 X113.78 Y107.474 E.01849
G1 X114.2 Y108.26 E.01849
G1 X114.459 Y109.113 E.01849
G1 X114.547 Y110 E.01849
G1 X114.459 Y110.887 E.01849
G1 X114.2 Y111.74 E.01849
G1 X113.78 Y112.526 E.01849
G1 X113.215 Y113.215 E.01849
G1 X112.526 Y113.78 E.01849
G1 X111.74 Y114.2 E.01849
G1 X110.887 Y114.459 E.01849
G1 X110 Y114.547 E.01849
G1 X109.113 Y114.459 E.01849
G1 X108.26 Y114.2 E.01849
G1 X107.474 Y113.78 E.01849
G1 X106.785 Y113.215 E.01849
G1 X106.22 Y112.526 E.01849
G1 X105.8 Y111.74 E.01849
G1 X105.541 Y110.887 E.01849
G1 X105.453 Y110 E.01849
G1 X105.541 Y109.113 E.01849
G1 X105.8 Y108.26 E.01849
G1 X106.22 Y107.474 E.01849
G1 X106.785 Y106.785 E.01849
G1 X107.474 Y106.22 E.01849
G1 X108.26 Y105.8 E.01849
G1 X109.111 Y105.541 E.01845
G1 X110.029 Y105.456 E.01911
G1 X110.887 Y105.541 E.01789
G1 X111.702 Y105.788 E.01766
G1 X111.922 Y105.418 F9000
M204 P1000
;TYPE:Outer wall
;WIDTH:0.419999
G1 F3600
G1 X112.762 Y105.867 E.01835
G1 X113.515 Y106.485 E.01878
G1 X114.133 Y107.238 E.01878
G1 X114.592 Y108.098 E.01878
G1 X114.875 Y109.03 E.01878
G1 X114.971 Y110 E.01878
G1 X114.875 Y110.97 E.01878
G1 X114.592 Y111.902 E.01878
G1 X114.133 Y112.762 E.01878
G1 X113.515 Y113.515 E.01878
G1 X112.762 Y114.133 E.01878
G1 X111.902 Y114.592 E.01878
G1 X110.97 Y114.875 E.01878
G1 X110 Y114.971 E.01878
G1 X109.03 Y114.875 E.01878
G1 X108.098 Y114.592 E.01878
G1 X107.238 Y114.133 E.01878
G1 X106.485 Y113.515 E.01878
G1 X105.867 Y112.762 E.01878
G1 X105.408 Y111.902 E.01878
G1 X105.125 Y110.97 E.01878
G1 X105.029 Y110 E.01878
G1 X105.125 Y109.03 E.01878
G1 X105.408 Y108.098 E.01878
G1 X105.867 Y107.238 E.01878
G1 X106.485 Y106.485 E.01878
G1 X107.238 Y105.867 E.01878
G1 X108.098 Y105.408 E.01878
G1 X109.03 Y105.125 E.01877
G1 X110.03 Y105.032 E.01936
G1 X110.97 Y105.125 E.01821
G1 X111.886 Y105.403 E.01845
G1 E-.84 F2400
;WIPE_START
G1 F3600
G1 X112.762 Y105.867 E-.35695
G1 X112.768 Y105.872 E-.00305
;WIPE_END
G1 Z6.84 F9000
G1 X111.748 Y106.213 Z6.84
G1 Z6.44
G1 E1.2 F1800
M204 P2500
;TYPE:Sparse infill
;WIDTH:0.45
G1 F4362
G1 X111.601 Y106.134 E.00345
G1 X110.816 Y105.896 E.01701
G1 X110.109 Y105.827 E.01474
G1 X110.806 Y106.76 E.02416
G1 X111.08 Y107.034 E.00804
G1 X113.24 Y108.646 E.0559
G1 X113.514 Y108.92 E.00804
G1 X114.164 Y109.791 E.02253
G1 X114.184 Y110 E.00436
G1 X114.104 Y110.816 E.01701
G1 X113.866 Y111.601 E.01701
G1 X113.479 Y112.325 E.01701
G1 X113.062 Y112.833 E.01364
G1 X111.08 Y111.354 E.05129
G1 X110.806 Y111.08 E.00804
G1 X109.194 Y108.92 E.0559
G1 X108.92 Y108.646 E.00804
G1 X106.938 Y107.167 E.05129
G1 X106.521 Y107.675 E.01364
G1 X106.134 Y108.399 E.01701
G1 X105.896 Y109.184 E.01701
G1 X105.816 Y110 E.01701
G1 X105.836 Y110.209 E.00436
G1 X106.486 Y111.08 E.02253
G1 X106.76 Y111.354 E.00804
G1 X108.92 Y112.966 E.0559
G1 X109.194 Y113.24 E.00804
G1 X109.891 Y114.173 E.02416
G1 X109.184 Y114.104 E.01474
G1 X108.399 Y113.866 E.01701
G1 X108.252 Y113.787 E.00345
; stop printing object JOYSTICK.stl id:15 copy 0
;LAYER_CHANGE
;Z:6.56
;HEIGHT:0.12
;BEFORE_LAYER_CHANGE
;6.56
G92 E0

G1 E-.97778 F2400
;WIPE_START
G1 F10800
G1 X108.399 Y113.866 E-.03694
G1 X109.184 Y114.104 E-.18228
G1 X109.197 Y114.105 E-.003
;WIPE_END
;_SET_FAN_SPEED_CHANGING_LAYER
; printing object JOYSTICK.stl id:15 copy 0
G17
G3 Z6.96 I-1.16 J.368 P1  F9000
G1 X109.989 Y116.6 Z6.96
G1 Z6.56
G1 E1.2 F1800
M204 P1000
;TYPE:Outer wall
;WIDTH:0.419999
G1 F3600
G1 X108.712 Y116.474 E.02472
G1 X107.474 Y116.098 E.02494
G1 X106.333 Y115.488 E.02494
G1 X105.332 Y114.668 E.02494
G1 X104.512 Y113.667 E.02494
G1 X103.902 Y112.526 E.02494
G1 X103.526 Y111.288 E.02494
G1 X103.399 Y110 E.02494
G1 X103.526 Y108.712 E.02494
G1 X103.902 Y107.474 E.02494
G1 X104.512 Y106.333 E.02494
G1 X105.332 Y105.332 E.02494
G1 X106.333 Y104.512 E.02494
G1 X107.474 Y103.902 E.02494
G1 X108.712 Y103.526 E.02494
G1 X110 Y103.399 E.02494
G1 X111.288 Y103.526 E.02494
G1 X112.526 Y103.902 E.02494
G1 X113.667 Y104.512 E.02494
G1 X114.668 Y105.332 E.02494
G1 X115.488 Y106.333 E.02494
G1 X116.098 Y107.474 E.02494
G1 X116.474 Y108.712 E.02494
G1 X116.601 Y110 E.02494
G1 X116.474 Y111.288 E.02494
G1 X116.098 Y112.526 E.02494
G1 X115.488 Y113.667 E.02494
G1 X114.668 Y114.668 E.02494
G1 X113.667 Y115.488 E.02494
G1 X112.526 Y116.098 E.02494
G1 X111.288 Y116.474 E.02494
G1 X110.028 Y116.598 E.02439
G1 E-.84 F2400
;WIPE_START
G1 F3600
G1 X109.033 Y116.504 E-.36
;WIPE_END
G17
G3 Z6.96 I1.199 J.206 P1  F9000
G1 X111.113 Y104.362 Z6.96
G1 Z6.56
G1 E1.2 F1800
G1 F3600
G1 X111.121 Y104.363 E.00016
G1 X112.199 Y104.69 E.02172
G1 X113.193 Y105.221 E.02172
G1 X114.064 Y105.936 E.02172
G1 X114.779 Y106.807 E.02172
G1 X115.31 Y107.801 E.02172
G1 X115.637 Y108.879 E.02172
G1 X115.747 Y110 E.02172
G1 X115.637 Y111.121 E.02172
G1 X115.31 Y112.199 E.02172
G1 X114.779 Y113.193 E.02172
G1 X114.064 Y114.064 E.02172
G1 X113.193 Y114.779 E.02172
G1 X112.199 Y115.31 E.02172
G1 X111.121 Y115.637 E.02172
G1 X110 Y115.747 E.02172
G1 X108.879 Y115.637 E.02172
G1 X107.801 Y115.31 E.02172
G1 X106.807 Y114.779 E.02172
G1 X105.936 Y114.064 E.02172
G1 X105.221 Y113.193 E.02172
G1 X104.69 Y112.199 E.02172
G1 X104.363 Y111.121 E.02172
G1 X104.253 Y110 E.02172
G1 X104.363 Y108.879 E.02172
G1 X104.69 Y107.801 E.02172
G1 X105.221 Y106.807 E.02172
G1 X105.936 Y105.936 E.02172
G1 X106.807 Y105.221 E.02172
G1 X107.801 Y104.69 E.02172
G1 X108.879 Y104.363 E.02172
G1 X110 Y104.253 E.02172
G1 X111.073 Y104.358 E.02079
G1 E-.84 F2400
;WIPE_START
G1 F3600
G1 X111.121 Y104.363 E-.01733
G1 X112.032 Y104.64 E-.34267
;WIPE_END
G17
G3 Z6.96 I-1.199 J-.211 P1  F9000
G1 X110 Y116.174 Z6.96
G1 Z6.56
G1 E1.2 F1800
M204 P2000
;TYPE:Inner wall
;WIDTH:0.455372
G1 F4347
G1 X108.795 Y116.055 E.02542
G1 X107.637 Y115.704 E.02542
G1 X106.57 Y115.134 E.02542
G1 X105.634 Y114.366 E.02542
G1 X104.866 Y113.43 E.02542
G1 X104.296 Y112.363 E.02542
G1 X103.945 Y111.205 E.02542
G1 X103.826 Y110 E.02542
G1 X103.945 Y108.795 E.02542
G1 X104.296 Y107.637 E.02542
G1 X104.866 Y106.57 E.02542
G1 X105.634 Y105.634 E.02542
G1 X106.57 Y104.866 E.02542
G1 X107.637 Y104.296 E.02542
G1 X108.795 Y103.945 E.02542
G1 X110 Y103.826 E.02542
G1 X111.205 Y103.945 E.02542
G1 X112.363 Y104.296 E.02542
G1 X113.43 Y104.866 E.02542
G1 X114.366 Y105.634 E.02542
G1 X115.134 Y106.57 E.02542
G1 X115.704 Y107.637 E.02542
G1 X116.055 Y108.795 E.02542
G1 X116.174 Y110 E.02542
G1 X116.055 Y111.205 E.02542
G1 X115.704 Y112.363 E.02542
G1 X115.134 Y113.43 E.02542
G1 X114.366 Y114.366 E.02542
G1 X113.43 Y115.134 E.02542
G1 X112.363 Y115.704 E.02542
G1 X111.205 Y116.055 E.02542
G1 X110.04 Y116.17 E.02458
G1 E-.84 F2400
;WIPE_START
G1 F5400
G1 X109.044 Y116.078 E-.36
;WIPE_END
G17
G3 Z6.96 I1.177 J.308 P1  F9000
G1 X111.728 Y105.827 Z6.96
G1 Z6.56
G1 E1.2 F1800
;WIDTH:0.449999
G1 F4347
G1 X112.509 Y106.245 E.01836
G1 X113.194 Y106.806 E.01836
G1 X113.755 Y107.491 E.01836
G1 X114.173 Y108.272 E.01836
G1 X114.43 Y109.119 E.01836
G1 X114.516 Y110 E.01836
G1 X114.43 Y110.881 E.01836
G1 X114.173 Y111.728 E.01836
G1 X113.755 Y112.509 E.01836
G1 X113.194 Y113.194 E.01836
G1 X112.509 Y113.755 E.01836
G1 X111.728 Y114.173 E.01836
G1 X110.881 Y114.43 E.01836
G1 X110 Y114.516 E.01836
G1 X109.119 Y114.43 E.01836
G1 X108.272 Y114.173 E.01836
G1 X107.491 Y113.755 E.01836
G1 X106.806 Y113.194 E.01836
G1 X106.245 Y112.509 E.01836
G1 X105.827 Y111.728 E.01836
G1 X105.57 Y110.881 E.01836
G1 X105.484 Y110 E.01836
G1 X105.57 Y109.119 E.01836
G1 X105.827 Y108.272 E.01836
G1 X106.245 Y107.491 E.01836
G1 X106.806 Y106.806 E.01836
G1 X107.491 Y106.245 E.01836
G1 X108.272 Y105.827 E.01836
G1 X109.119 Y105.57 E.01836
G1 X110 Y105.484 E.01836
G1 X110.881 Y105.57 E.01836
G1 X111.69 Y105.816 E.01754
G1 X111.917 Y105.45 F9000
M204 P1000
;TYPE:Outer wall
;WIDTH:0.419999
G1 F3600
G1 X112.745 Y105.892 E.01809
G1 X113.493 Y106.507 E.01867
G1 X114.108 Y107.255 E.01867
G1 X114.564 Y108.109 E.01867
G1 X114.846 Y109.036 E.01867
G1 X114.941 Y110 E.01867
G1 X114.846 Y110.964 E.01867
G1 X114.564 Y111.891 E.01867
G1 X114.108 Y112.745 E.01867
G1 X113.493 Y113.493 E.01867
G1 X112.745 Y114.108 E.01867
G1 X111.891 Y114.564 E.01867
G1 X110.964 Y114.846 E.01867
G1 X110 Y114.941 E.01867
G1 X109.036 Y114.846 E.01867
G1 X108.109 Y114.564 E.01867
G1 X107.255 Y114.108 E.01867
G1 X106.507 Y113.493 E.01867
G1 X105.892 Y112.745 E.01867
G1 X105.436 Y111.891 E.01867
G1 X105.154 Y110.964 E.01867
G1 X105.059 Y110 E.01867
G1 X105.154 Y109.036 E.01867
G1 X105.436 Y108.109 E.01867
G1 X105.892 Y107.255 E.01867
G1 X106.507 Y106.507 E.01867
G1 X107.255 Y105.892 E.01867
G1 X108.109 Y105.436 E.01867
G1 X109.036 Y105.154 E.01867
G1 X110 Y105.059 E.01867
G1 X110.964 Y105.154 E.01867
G1 X111.881 Y105.433 E.01848
G1 E-.84 F2400
;WIPE_START
G1 F3600
G1 X112.745 Y105.892 E-.3522
G1 X112.762 Y105.906 E-.0078
;WIPE_END
G1 Z6.96 F9000
G1 X113.718 Y108.187 Z6.96
G1 Z6.56
G1 E1.2 F1800
M204 P2500
;TYPE:Sparse infill
;WIDTH:0.45
G1 F4347
G1 X113.838 Y108.41 E.00525
G1 X114.074 Y109.19 E.01689
G1 X114.136 Y109.816 E.01306
G1 X110.184 Y105.864 E.11593
G1 X110 Y105.846 E.00383
G1 X109.19 Y105.926 E.01689
G1 X108.41 Y106.162 E.01689
G1 X107.692 Y106.546 E.01689
G1 X107.063 Y107.063 E.01689
G1 X112.937 Y112.937 E.17233
G1 X112.308 Y113.454 E.01689
G1 X111.59 Y113.838 E.01689
G1 X110.81 Y114.074 E.01689
G1 X110 Y114.154 E.01689
G1 X109.816 Y114.136 E.00383
G1 X105.864 Y110.184 E.11593
G1 X105.926 Y110.81 E.01306
G1 X106.162 Y111.59 E.01689
G1 X106.282 Y111.813 E.00525
; stop printing object JOYSTICK.stl id:15 copy 0
;LAYER_CHANGE
;Z:6.68
;HEIGHT:0.12
;BEFORE_LAYER_CHANGE
;6.68
G92 E0

G1 E-.97778 F2400
;WIPE_START
G1 F10800
G1 X106.162 Y111.59 E-.05625
G1 X105.945 Y110.875 E-.16597
;WIPE_END
;_SET_FAN_SPEED_CHANGING_LAYER
; printing object JOYSTICK.stl id:15 copy 0
G17
G3 Z7.08 I-.994 J.702 P1  F9000
G1 X109.988 Y116.6 Z7.08
G1 Z6.68
G1 E1.2 F1800
M204 P1000
;TYPE:Outer wall
;WIDTH:0.419999
G1 F3559
G1 X108.712 Y116.474 E.02472
G1 X107.474 Y116.098 E.02494
G1 X106.333 Y115.488 E.02494
G1 X105.332 Y114.668 E.02494
G1 X104.512 Y113.667 E.02494
G1 X103.902 Y112.526 E.02494
G1 X103.526 Y111.288 E.02494
G1 X103.399 Y110 E.02494
G1 X103.526 Y108.712 E.02494
G1 X103.902 Y107.474 E.02494
G1 X104.512 Y106.333 E.02494
G1 X105.332 Y105.332 E.02494
G1 X106.333 Y104.512 E.02494
G1 X107.474 Y103.902 E.02494
G1 X108.712 Y103.526 E.02494
G1 X110 Y103.399 E.02494
G1 X111.288 Y103.526 E.02494
G1 X112.526 Y103.902 E.02494
G1 X113.667 Y104.512 E.02494
G1 X114.668 Y105.332 E.02494
G1 X115.488 Y106.333 E.02494
G1 X116.098 Y107.474 E.02494
G1 X116.474 Y108.712 E.02494
G1 X116.601 Y110 E.02494
G1 X116.474 Y111.288 E.02494
G1 X116.098 Y112.526 E.02494
G1 X115.488 Y113.667 E.02494
G1 X114.668 Y114.668 E.02494
G1 X113.667 Y115.488 E.02494
G1 X112.526 Y116.098 E.02494
G1 X111.288 Y116.474 E.02494
G1 X110.028 Y116.598 E.0244
G1 E-.84 F2400
;WIPE_START
G1 F3600
G1 X109.033 Y116.504 E-.36
;WIPE_END
G17
G3 Z7.08 I1.2 J.205 P1  F9000
G1 X111.104 Y104.398 Z7.08
G1 Z6.68
G1 E1.2 F1800
G1 F3559
G1 X111.114 Y104.399 E.00019
G1 X112.185 Y104.724 E.02158
G1 X113.173 Y105.252 E.02158
G1 X114.038 Y105.962 E.02158
G1 X114.748 Y106.827 E.02158
G1 X115.276 Y107.815 E.02158
G1 X115.601 Y108.886 E.02158
G1 X115.711 Y110 E.02158
G1 X115.601 Y111.114 E.02158
G1 X115.276 Y112.185 E.02158
G1 X114.748 Y113.173 E.02158
G1 X114.038 Y114.038 E.02158
G1 X113.173 Y114.748 E.02158
G1 X112.185 Y115.276 E.02158
G1 X111.114 Y115.601 E.02158
G1 X110 Y115.711 E.02158
G1 X108.886 Y115.601 E.02158
G1 X107.815 Y115.276 E.02158
G1 X106.827 Y114.748 E.02158
G1 X105.962 Y114.038 E.02158
G1 X105.252 Y113.173 E.02158
G1 X104.724 Y112.185 E.02158
G1 X104.399 Y111.114 E.02158
G1 X104.289 Y110 E.02158
G1 X104.399 Y108.886 E.02158
G1 X104.724 Y107.815 E.02158
G1 X105.252 Y106.827 E.02158
G1 X105.962 Y105.962 E.02158
G1 X106.827 Y105.252 E.02158
G1 X107.815 Y104.724 E.02158
G1 X108.886 Y104.399 E.02158
G1 X110 Y104.289 E.02158
G1 X111.065 Y104.394 E.02062
G1 X111.148 Y103.957 F9000
M204 P2000
;TYPE:Inner wall
;WIDTH:0.491598
G1 F3559
G1 X111.201 Y103.962 E.00122
G1 X112.356 Y104.313 E.02749
G1 X113.42 Y104.882 E.02749
G1 X114.353 Y105.647 E.02749
G1 X115.118 Y106.58 E.02749
G1 X115.687 Y107.644 E.02749
G1 X116.038 Y108.799 E.02749
G1 X116.156 Y110 E.02749
G1 X116.038 Y111.201 E.02749
G1 X115.687 Y112.356 E.02749
G1 X115.118 Y113.42 E.02749
G1 X114.353 Y114.353 E.02749
G1 X113.42 Y115.118 E.02749
G1 X112.356 Y115.687 E.02749
G1 X111.201 Y116.038 E.02749
G1 X110 Y116.156 E.02749
G1 X108.799 Y116.038 E.02749
G1 X107.644 Y115.687 E.02749
G1 X106.58 Y115.118 E.02749
G1 X105.647 Y114.353 E.02749
G1 X104.882 Y113.42 E.02749
G1 X104.313 Y112.356 E.02749
G1 X103.962 Y111.201 E.02749
G1 X103.844 Y110 E.02749
G1 X103.962 Y108.799 E.02749
G1 X104.313 Y107.644 E.02749
G1 X104.882 Y106.58 E.02749
G1 X105.647 Y105.647 E.02749
G1 X106.58 Y104.882 E.02749
G1 X107.644 Y104.313 E.02749
G1 X108.799 Y103.962 E.02749
G1 X110 Y103.844 E.02749
G1 X111.108 Y103.953 E.02536
G1 E-.84 F2400
;WIPE_START
G1 F5400
G1 X111.201 Y103.962 E-.03363
G1 X112.068 Y104.226 E-.32637
;WIPE_END
G17
G3 Z7.08 I-1.189 J-.257 P1  F9000
G1 X111.714 Y105.861 Z7.08
G1 Z6.68
G1 E1.2 F1800
;WIDTH:0.449999
G1 F3559
G1 X112.489 Y106.275 E.01822
G1 X113.168 Y106.832 E.01822
G1 X113.725 Y107.511 E.01822
G1 X114.139 Y108.286 E.01822
G1 X114.394 Y109.126 E.01822
G1 X114.48 Y110 E.01822
G1 X114.394 Y110.874 E.01822
G1 X114.139 Y111.714 E.01822
G1 X113.725 Y112.489 E.01822
G1 X113.168 Y113.168 E.01822
G1 X112.489 Y113.725 E.01822
G1 X111.714 Y114.139 E.01822
G1 X110.874 Y114.394 E.01822
G1 X110 Y114.48 E.01822
G1 X109.126 Y114.394 E.01822
G1 X108.286 Y114.139 E.01822
G1 X107.511 Y113.725 E.01822
G1 X106.832 Y113.168 E.01822
G1 X106.275 Y112.489 E.01822
G1 X105.861 Y111.714 E.01822
G1 X105.606 Y110.874 E.01822
G1 X105.52 Y110 E.01822
G1 X105.606 Y109.126 E.01822
G1 X105.861 Y108.286 E.01822
G1 X106.275 Y107.511 E.01822
G1 X106.832 Y106.832 E.01822
G1 X107.511 Y106.275 E.01822
G1 X108.286 Y105.861 E.01822
G1 X109.126 Y105.606 E.01822
G1 X110 Y105.52 E.01822
G1 X110.874 Y105.606 E.01822
G1 X111.676 Y105.849 E.01739
G1 X111.91 Y105.487 F9000
M204 P1000
;TYPE:Outer wall
;WIDTH:0.419999
G1 F3559
G1 X112.725 Y105.922 E.01781
G1 X113.468 Y106.532 E.01853
G1 X114.078 Y107.275 E.01853
G1 X114.531 Y108.123 E.01853
G1 X114.81 Y109.043 E.01853
G1 X114.904 Y110 E.01853
G1 X114.81 Y110.957 E.01853
G1 X114.531 Y111.877 E.01853
G1 X114.078 Y112.725 E.01853
G1 X113.468 Y113.468 E.01853
G1 X112.725 Y114.078 E.01853
G1 X111.877 Y114.531 E.01853
G1 X110.957 Y114.81 E.01853
G1 X110 Y114.904 E.01853
G1 X109.043 Y114.81 E.01853
G1 X108.123 Y114.531 E.01853
G1 X107.275 Y114.078 E.01853
G1 X106.532 Y113.468 E.01853
G1 X105.922 Y112.725 E.01853
G1 X105.469 Y111.877 E.01853
G1 X105.19 Y110.957 E.01853
G1 X105.096 Y110 E.01853
G1 X105.19 Y109.043 E.01853
G1 X105.469 Y108.123 E.01853
G1 X105.922 Y107.275 E.01853
G1 X106.532 Y106.532 E.01853
G1 X107.275 Y105.922 E.01853
G1 X108.123 Y105.469 E.01853
G1 X109.043 Y105.19 E.01853
G1 X110 Y105.096 E.01853
G1 X110.957 Y105.19 E.01853
G1 X111.874 Y105.468 E.01848
G1 E-.84 F2400
;WIPE_START
G1 F3600
G1 X112.725 Y105.922 E-.34709
G1 X112.752 Y105.945 E-.01291
;WIPE_END
G1 Z7.08 F9000
G1 X111.847 Y106.341 Z7.08
G1 Z6.68
G1 E1.2 F1800
M204 P2500
;TYPE:Sparse infill
;WIDTH:0.45
G1 F3559
G1 X111.576 Y106.196 E.00639
G1 X110.803 Y105.961 E.01674
G1 X110.224 Y105.904 E.01207
G1 X114.096 Y109.776 E.11356
G1 X114.118 Y110 E.00467
G1 X114.039 Y110.803 E.01674
G1 X113.804 Y111.576 E.01674
G1 X113.424 Y112.288 E.01674
G1 X112.912 Y112.912 E.01674
G1 X107.088 Y107.088 E.17082
G1 X106.576 Y107.712 E.01674
G1 X106.196 Y108.424 E.01674
G1 X105.961 Y109.197 E.01674
G1 X105.882 Y110 E.01674
G1 X105.904 Y110.224 E.00467
G1 X109.776 Y114.096 E.11356
G1 X109.197 Y114.039 E.01207
G1 X108.424 Y113.804 E.01674
G1 X108.153 Y113.659 E.00639
; stop printing object JOYSTICK.stl id:15 copy 0
;LAYER_CHANGE
;Z:6.8
;HEIGHT:0.12
;BEFORE_LAYER_CHANGE
;6.8
G92 E0

G1 E-.97778 F2400
;WIPE_START
G1 F10800
G1 X108.424 Y113.804 E-.06844
G1 X109.086 Y114.005 E-.15378
;WIPE_END
;_SET_FAN_SPEED_CHANGING_LAYER
; printing object JOYSTICK.stl id:15 copy 0
G17
G3 Z7.2 I-1.15 J.399 P1  F9000
G1 X109.988 Y116.6 Z7.2
G1 Z6.8
G1 E1.2 F1800
M204 P1000
;TYPE:Outer wall
;WIDTH:0.419999
G1 F3600
G1 X108.712 Y116.474 E.02471
G1 X107.474 Y116.098 E.02494
G1 X106.333 Y115.488 E.02494
G1 X105.332 Y114.668 E.02494
G1 X104.512 Y113.667 E.02494
G1 X103.902 Y112.526 E.02494
G1 X103.526 Y111.288 E.02494
G1 X103.399 Y110 E.02494
G1 X103.526 Y108.712 E.02494
G1 X103.902 Y107.474 E.02494
G1 X104.512 Y106.333 E.02494
G1 X105.332 Y105.332 E.02494
G1 X106.333 Y104.512 E.02494
G1 X107.474 Y103.902 E.02494
G1 X108.712 Y103.526 E.02494
G1 X110 Y103.399 E.02494
G1 X111.288 Y103.526 E.02494
G1 X112.526 Y103.902 E.02494
G1 X113.667 Y104.512 E.02494
G1 X114.668 Y105.332 E.02494
G1 X115.488 Y106.333 E.02494
G1 X116.098 Y107.474 E.02494
G1 X116.474 Y108.712 E.02494
G1 X116.601 Y110 E.02494
G1 X116.474 Y111.288 E.02494
G1 X116.098 Y112.526 E.02494
G1 X115.488 Y113.667 E.02494
G1 X114.668 Y114.668 E.02494
G1 X113.667 Y115.488 E.02494
G1 X112.526 Y116.098 E.02494
G1 X111.288 Y116.474 E.02494
G1 X110.028 Y116.598 E.0244
G1 E-.84 F2400
;WIPE_START
G1 F3600
G1 X109.032 Y116.504 E-.36
;WIPE_END
G17
G3 Z7.2 I1.2 J.205 P1  F9000
G1 X111.096 Y104.433 Z7.2
G1 Z6.8
G1 E1.2 F1800
G1 F3600
G1 X111.107 Y104.435 E.00022
G1 X112.172 Y104.758 E.02144
G1 X113.153 Y105.282 E.02144
G1 X114.012 Y105.988 E.02144
G1 X114.718 Y106.847 E.02144
G1 X115.242 Y107.828 E.02144
G1 X115.565 Y108.893 E.02144
G1 X115.674 Y110 E.02144
G1 X115.565 Y111.107 E.02144
G1 X115.242 Y112.172 E.02144
G1 X114.718 Y113.153 E.02144
G1 X114.012 Y114.012 E.02144
G1 X113.153 Y114.718 E.02144
G1 X112.172 Y115.242 E.02144
G1 X111.107 Y115.565 E.02144
G1 X110 Y115.674 E.02144
G1 X108.893 Y115.565 E.02144
G1 X107.828 Y115.242 E.02144
G1 X106.847 Y114.718 E.02144
G1 X105.988 Y114.012 E.02144
G1 X105.282 Y113.153 E.02144
G1 X104.758 Y112.172 E.02144
G1 X104.435 Y111.107 E.02144
G1 X104.326 Y110 E.02144
G1 X104.435 Y108.893 E.02144
G1 X104.758 Y107.828 E.02144
G1 X105.282 Y106.847 E.02144
G1 X105.988 Y105.988 E.02144
G1 X106.847 Y105.282 E.02144
G1 X107.828 Y104.758 E.02144
G1 X108.893 Y104.435 E.02144
G1 X110 Y104.326 E.02144
G1 X111.056 Y104.43 E.02045
G1 E-.84 F2400
;WIPE_START
G1 F3600
G1 X111.107 Y104.435 E-.01856
G1 X112.015 Y104.71 E-.34144
;WIPE_END
G17
G3 Z7.2 I-1.198 J-.211 P1  F9000
G1 X110 Y116.138 Z7.2
G1 Z6.8
G1 E1.2 F1800
M204 P2000
;TYPE:Inner wall
;WIDTH:0.527826
G1 F4237
G1 X108.803 Y116.02 E.02954
G1 X107.651 Y115.67 E.02954
G1 X106.59 Y115.103 E.02954
G1 X105.66 Y114.34 E.02954
G1 X104.897 Y113.41 E.02954
G1 X104.33 Y112.349 E.02954
G1 X103.98 Y111.197 E.02954
G1 X103.862 Y110 E.02954
G1 X103.98 Y108.803 E.02954
G1 X104.33 Y107.651 E.02954
G1 X104.897 Y106.59 E.02954
G1 X105.66 Y105.66 E.02954
G1 X106.59 Y104.897 E.02954
G1 X107.651 Y104.33 E.02954
G1 X108.803 Y103.98 E.02954
G1 X110 Y103.862 E.02954
G1 X111.197 Y103.98 E.02954
G1 X112.349 Y104.33 E.02954
G1 X113.41 Y104.897 E.02954
G1 X114.34 Y105.66 E.02954
G1 X115.103 Y106.59 E.02954
G1 X115.67 Y107.651 E.02954
G1 X116.02 Y108.803 E.02954
G1 X116.138 Y110 E.02954
G1 X116.02 Y111.197 E.02954
G1 X115.67 Y112.349 E.02954
G1 X115.103 Y113.41 E.02954
G1 X114.34 Y114.34 E.02954
G1 X113.41 Y115.103 E.02954
G1 X112.349 Y115.67 E.02954
G1 X111.197 Y116.02 E.02954
G1 X110.04 Y116.134 E.02855
G1 E-.84 F2400
;WIPE_START
G1 F5400
G1 X109.044 Y116.042 E-.36
;WIPE_END
G17
G3 Z7.2 I1.177 J.309 P1  F9000
G1 X111.703 Y105.896 Z7.2
G1 Z6.8
G1 E1.2 F1800
;WIDTH:0.449999
G1 F4237
G1 X112.469 Y106.305 E.018
G1 X113.142 Y106.858 E.01807
G1 X113.695 Y107.531 E.01807
G1 X114.105 Y108.3 E.01807
G1 X114.358 Y109.133 E.01807
G1 X114.444 Y110 E.01807
G1 X114.358 Y110.867 E.01807
G1 X114.105 Y111.7 E.01807
G1 X113.695 Y112.469 E.01807
G1 X113.142 Y113.142 E.01807
G1 X112.469 Y113.695 E.01807
G1 X111.7 Y114.105 E.01807
G1 X110.867 Y114.358 E.01807
G1 X110 Y114.444 E.01807
G1 X109.133 Y114.358 E.01807
G1 X108.3 Y114.105 E.01807
G1 X107.531 Y113.695 E.01807
G1 X106.858 Y113.142 E.01807
G1 X106.305 Y112.469 E.01807
G1 X105.895 Y111.7 E.01807
G1 X105.642 Y110.867 E.01807
G1 X105.556 Y110 E.01807
G1 X105.642 Y109.133 E.01807
G1 X105.895 Y108.3 E.01807
G1 X106.305 Y107.531 E.01807
G1 X106.858 Y106.858 E.01807
G1 X107.531 Y106.305 E.01807
G1 X108.3 Y105.895 E.01807
G1 X109.133 Y105.642 E.01807
G1 X110 Y105.556 E.01807
G1 X110.867 Y105.642 E.01807
G1 X111.665 Y105.884 E.0173
G1 X111.902 Y105.524 F9000
M204 P1000
;TYPE:Outer wall
;WIDTH:0.419999
G1 F3600
G1 X112.704 Y105.953 E.01753
G1 X113.442 Y106.558 E.01839
G1 X114.047 Y107.296 E.01839
G1 X114.497 Y108.137 E.01839
G1 X114.774 Y109.05 E.01839
G1 X114.868 Y110 E.01839
G1 X114.774 Y110.95 E.01839
G1 X114.497 Y111.863 E.01839
G1 X114.047 Y112.704 E.01839
G1 X113.442 Y113.442 E.01839
G1 X112.704 Y114.047 E.01839
G1 X111.863 Y114.497 E.01839
G1 X110.95 Y114.774 E.01839
G1 X110 Y114.868 E.01839
G1 X109.05 Y114.774 E.01839
G1 X108.137 Y114.497 E.01839
G1 X107.296 Y114.047 E.01839
G1 X106.558 Y113.442 E.01839
G1 X105.953 Y112.704 E.01839
G1 X105.503 Y111.863 E.01839
G1 X105.226 Y110.95 E.01839
G1 X105.132 Y110 E.01839
G1 X105.226 Y109.05 E.01839
G1 X105.503 Y108.137 E.01839
G1 X105.953 Y107.296 E.01839
G1 X106.558 Y106.558 E.01839
G1 X107.296 Y105.953 E.01839
G1 X108.137 Y105.503 E.01839
G1 X109.05 Y105.226 E.01839
G1 X110 Y105.132 E.01839
G1 X110.95 Y105.226 E.01839
G1 X111.863 Y105.503 E.01839
G1 X111.867 Y105.505 E.00009
G1 E-.84 F2400
;WIPE_START
G1 F3600
G1 X112.704 Y105.953 E-.34183
G1 X112.743 Y105.985 E-.01817
;WIPE_END
G1 Z7.2 F9000
G1 X113.6 Y108.118 Z7.2
G1 Z6.8
G1 E1.2 F1800
M204 P2500
;TYPE:Sparse infill
;WIDTH:0.45
G1 F4237
G1 X113.771 Y108.438 E.00753
G1 X114.003 Y109.204 E.0166
G1 X114.055 Y109.735 E.01108
G1 X110.265 Y105.945 E.11119
G1 X110 Y105.919 E.00552
G1 X109.204 Y105.997 E.0166
G1 X108.438 Y106.229 E.0166
G1 X107.733 Y106.607 E.0166
G1 X107.114 Y107.114 E.0166
G1 X112.886 Y112.886 E.16931
G1 X112.267 Y113.393 E.0166
G1 X111.562 Y113.771 E.01659
G1 X110.796 Y114.003 E.0166
G1 X110 Y114.081 E.0166
G1 X109.735 Y114.055 E.00552
G1 X105.945 Y110.265 E.11119
G1 X105.997 Y110.796 E.01108
G1 X106.229 Y111.562 E.0166
G1 X106.4 Y111.882 E.00753
; stop printing object JOYSTICK.stl id:15 copy 0
;LAYER_CHANGE
;Z:6.92
;HEIGHT:0.12
;BEFORE_LAYER_CHANGE
;6.92
G92 E0

G1 E-.97778 F2400
;WIPE_START
G1 F10800
G1 X106.229 Y111.562 E-.08063
G1 X106.044 Y110.952 E-.14159
;WIPE_END
;_SET_FAN_SPEED_CHANGING_LAYER
; printing object JOYSTICK.stl id:15 copy 0
G17
G3 Z7.32 I-.998 J.697 P1  F9000
G1 X109.988 Y116.6 Z7.32
G1 Z6.92
G1 E1.2 F1800
M204 P1000
;TYPE:Outer wall
;WIDTH:0.419999
G1 F3600
G1 X108.712 Y116.474 E.02471
G1 X107.474 Y116.098 E.02494
G1 X106.333 Y115.488 E.02494
G1 X105.332 Y114.668 E.02494
G1 X104.512 Y113.667 E.02494
G1 X103.902 Y112.526 E.02494
G1 X103.526 Y111.288 E.02494
G1 X103.399 Y110 E.02494
G1 X103.526 Y108.712 E.02494
G1 X103.902 Y107.474 E.02494
G1 X104.512 Y106.333 E.02494
G1 X105.332 Y105.332 E.02494
G1 X106.333 Y104.512 E.02494
G1 X107.474 Y103.902 E.02494
G1 X108.712 Y103.526 E.02494
G1 X110 Y103.399 E.02494
G1 X111.288 Y103.526 E.02494
G1 X112.526 Y103.902 E.02494
G1 X113.667 Y104.512 E.02494
G1 X114.668 Y105.332 E.02494
G1 X115.488 Y106.333 E.02494
G1 X116.098 Y107.474 E.02494
G1 X116.474 Y108.712 E.02494
G1 X116.601 Y110 E.02494
G1 X116.474 Y111.288 E.02494
G1 X116.098 Y112.526 E.02494
G1 X115.488 Y113.667 E.02494
G1 X114.668 Y114.668 E.02494
G1 X113.667 Y115.488 E.02494
G1 X112.526 Y116.098 E.02494
G1 X111.288 Y116.474 E.02494
G1 X110.028 Y116.598 E.02441
G1 E-.84 F2400
;WIPE_START
G1 F3600
G1 X109.032 Y116.504 E-.36
;WIPE_END
G17
G3 Z7.32 I1.2 J.205 P1  F9000
G1 X111.087 Y104.469 Z7.32
G1 Z6.92
G1 E1.2 F1800
G1 F3600
G1 X111.1 Y104.47 E.00026
G1 X112.158 Y104.791 E.0213
G1 X113.132 Y105.312 E.0213
G1 X113.987 Y106.013 E.0213
G1 X114.688 Y106.868 E.0213
G1 X115.209 Y107.842 E.0213
G1 X115.53 Y108.9 E.0213
G1 X115.638 Y110 E.0213
G1 X115.53 Y111.1 E.0213
G1 X115.209 Y112.158 E.0213
G1 X114.688 Y113.132 E.0213
G1 X113.987 Y113.987 E.0213
G1 X113.132 Y114.688 E.0213
G1 X112.158 Y115.209 E.0213
G1 X111.1 Y115.53 E.0213
G1 X110 Y115.638 E.0213
G1 X108.9 Y115.53 E.0213
G1 X107.842 Y115.209 E.0213
G1 X106.868 Y114.688 E.0213
G1 X106.013 Y113.987 E.0213
G1 X105.312 Y113.132 E.0213
G1 X104.791 Y112.158 E.0213
G1 X104.47 Y111.1 E.0213
G1 X104.362 Y110 E.0213
G1 X104.47 Y108.9 E.0213
G1 X104.791 Y107.842 E.0213
G1 X105.312 Y106.868 E.0213
G1 X106.013 Y106.013 E.0213
G1 X106.868 Y105.312 E.0213
G1 X107.842 Y104.791 E.0213
G1 X108.9 Y104.47 E.0213
G1 X110 Y104.362 E.0213
G1 X111.047 Y104.465 E.02028
G1 E-.84 F2400
;WIPE_START
G1 F3600
G1 X111.1 Y104.47 E-.01921
G1 X112.006 Y104.745 E-.34079
;WIPE_END
G17
G3 Z7.32 I-1.198 J-.211 P1  F9000
G1 X110 Y116.119 Z7.32
G1 Z6.92
G1 E1.2 F1800
M204 P2000
;TYPE:Inner wall
;WIDTH:0.564052
G1 F4184
G1 X108.806 Y116.002 E.03157
G1 X107.658 Y115.654 E.03157
G1 X106.6 Y115.088 E.03157
G1 X105.673 Y114.327 E.03157
G1 X104.912 Y113.4 E.03157
G1 X104.346 Y112.342 E.03157
G1 X103.998 Y111.194 E.03157
G1 X103.881 Y110 E.03157
G1 X103.998 Y108.806 E.03157
G1 X104.346 Y107.658 E.03157
G1 X104.912 Y106.6 E.03157
G1 X105.673 Y105.673 E.03157
G1 X106.6 Y104.912 E.03157
G1 X107.658 Y104.346 E.03157
G1 X108.806 Y103.998 E.03157
G1 X110 Y103.881 E.03157
G1 X111.194 Y103.998 E.03157
G1 X112.342 Y104.346 E.03157
G1 X113.4 Y104.912 E.03157
G1 X114.327 Y105.673 E.03157
G1 X115.088 Y106.6 E.03157
G1 X115.654 Y107.658 E.03157
G1 X116.002 Y108.806 E.03157
G1 X116.119 Y110 E.03157
G1 X116.002 Y111.194 E.03157
G1 X115.654 Y112.342 E.03157
G1 X115.088 Y113.4 E.03157
G1 X114.327 Y114.327 E.03157
G1 X113.4 Y115.088 E.03157
G1 X112.342 Y115.654 E.03157
G1 X111.194 Y116.002 E.03157
G1 X110.04 Y116.116 E.03052
G1 E-.84 F2400
;WIPE_START
G1 F5400
G1 X109.044 Y116.024 E-.36
;WIPE_END
G17
G3 Z7.32 I1.177 J.309 P1  F9000
G1 X111.696 Y105.933 Z7.32
G1 Z6.92
G1 E1.2 F1800
;WIDTH:0.449999
G1 F4184
G1 X112.448 Y106.336 E.01769
G1 X113.116 Y106.884 E.01792
G1 X113.664 Y107.552 E.01792
G1 X114.072 Y108.313 E.01792
G1 X114.322 Y109.14 E.01792
G1 X114.407 Y110 E.01792
G1 X114.322 Y110.86 E.01792
G1 X114.072 Y111.687 E.01792
G1 X113.664 Y112.448 E.01792
G1 X113.116 Y113.116 E.01792
G1 X112.448 Y113.664 E.01792
G1 X111.687 Y114.072 E.01792
G1 X110.86 Y114.322 E.01792
G1 X110 Y114.407 E.01792
G1 X109.14 Y114.322 E.01792
G1 X108.313 Y114.072 E.01792
G1 X107.552 Y113.664 E.01792
G1 X106.884 Y113.116 E.01792
G1 X106.336 Y112.448 E.01792
G1 X105.928 Y111.687 E.01792
G1 X105.678 Y110.86 E.01792
G1 X105.593 Y110 E.01792
G1 X105.678 Y109.14 E.01792
G1 X105.928 Y108.313 E.01792
G1 X106.336 Y107.552 E.01792
G1 X106.884 Y106.884 E.01792
G1 X107.552 Y106.336 E.01792
G1 X108.313 Y105.928 E.01792
G1 X109.14 Y105.678 E.01792
G1 X110 Y105.593 E.01792
G1 X110.86 Y105.678 E.01792
G1 X111.659 Y105.92 E.01732
G1 X111.895 Y105.561 F9000
M204 P1000
;TYPE:Outer wall
;WIDTH:0.419999
G1 F3600
G1 X112.684 Y105.983 E.01724
G1 X113.416 Y106.584 E.01826
G1 X114.017 Y107.316 E.01826
G1 X114.464 Y108.151 E.01826
G1 X114.739 Y109.057 E.01826
G1 X114.831 Y110 E.01826
G1 X114.739 Y110.943 E.01826
G1 X114.464 Y111.849 E.01826
G1 X114.017 Y112.684 E.01826
G1 X113.416 Y113.416 E.01826
G1 X112.684 Y114.017 E.01826
G1 X111.849 Y114.464 E.01826
G1 X110.943 Y114.739 E.01826
G1 X110 Y114.831 E.01826
G1 X109.057 Y114.739 E.01826
G1 X108.151 Y114.464 E.01826
G1 X107.316 Y114.017 E.01826
G1 X106.584 Y113.416 E.01826
G1 X105.983 Y112.684 E.01826
G1 X105.536 Y111.849 E.01826
G1 X105.261 Y110.943 E.01826
G1 X105.169 Y110 E.01826
G1 X105.261 Y109.057 E.01826
G1 X105.536 Y108.151 E.01826
G1 X105.983 Y107.316 E.01826
G1 X106.584 Y106.584 E.01826
G1 X107.316 Y105.983 E.01826
G1 X108.151 Y105.536 E.01826
G1 X109.057 Y105.261 E.01826
G1 X110 Y105.169 E.01826
G1 X110.943 Y105.261 E.01826
G1 X111.849 Y105.536 E.01826
G1 X111.86 Y105.542 E.00024
G1 E-.84 F2400
;WIPE_START
G1 F3600
G1 X112.684 Y105.983 E-.33644
G1 X112.735 Y106.024 E-.02356
;WIPE_END
G1 Z7.32 F9000
G1 X113.54 Y108.084 Z7.32
G1 Z6.92
G1 E1.2 F1800
M204 P2500
;TYPE:Sparse infill
;WIDTH:0.45
G1 F4184
G1 X113.737 Y108.452 E.00866
G1 X113.967 Y109.211 E.01645
G1 X114.015 Y109.695 E.01009
G1 X110.305 Y105.985 E.10882
G1 X110 Y105.955 E.00636
G1 X109.211 Y106.033 E.01645
G1 X108.452 Y106.263 E.01645
G1 X107.753 Y106.637 E.01645
G1 X107.14 Y107.14 E.01645
G1 X112.86 Y112.86 E.1678
G1 X112.247 Y113.363 E.01645
G1 X111.548 Y113.737 E.01645
G1 X110.789 Y113.967 E.01645
G1 X110 Y114.045 E.01645
G1 X109.695 Y114.015 E.00636
G1 X105.985 Y110.305 E.10882
G1 X106.033 Y110.789 E.01009
G1 X106.263 Y111.548 E.01645
G1 X106.46 Y111.916 E.00866
; stop printing object JOYSTICK.stl id:15 copy 0
;LAYER_CHANGE
;Z:7.04
;HEIGHT:0.12
;BEFORE_LAYER_CHANGE
;7.04
G92 E0

G1 E-.97778 F2400
;WIPE_START
G1 F10800
G1 X106.263 Y111.548 E-.09282
G1 X106.094 Y110.991 E-.12941
;WIPE_END
;_SET_FAN_SPEED_CHANGING_LAYER
; printing object JOYSTICK.stl id:15 copy 0
G17
G3 Z7.44 I-1 J.694 P1  F9000
G1 X109.988 Y116.6 Z7.44
G1 Z7.04
G1 E1.2 F1800
M204 P1000
;TYPE:Outer wall
;WIDTH:0.419999
G1 F3600
G1 X108.712 Y116.474 E.0247
G1 X107.474 Y116.098 E.02494
G1 X106.333 Y115.488 E.02494
G1 X105.332 Y114.668 E.02494
G1 X104.512 Y113.667 E.02494
G1 X103.902 Y112.526 E.02494
G1 X103.526 Y111.288 E.02494
G1 X103.399 Y110 E.02494
G1 X103.526 Y108.712 E.02494
G1 X103.902 Y107.474 E.02494
G1 X104.512 Y106.333 E.02494
G1 X105.332 Y105.332 E.02494
G1 X106.333 Y104.512 E.02494
G1 X107.474 Y103.902 E.02494
G1 X108.712 Y103.526 E.02494
G1 X110 Y103.399 E.02494
G1 X111.288 Y103.526 E.02494
G1 X112.526 Y103.902 E.02494
G1 X113.667 Y104.512 E.02494
G1 X114.668 Y105.332 E.02494
G1 X115.488 Y106.333 E.02494
G1 X116.098 Y107.474 E.02494
G1 X116.474 Y108.712 E.02494
G1 X116.601 Y110 E.02494
G1 X116.474 Y111.288 E.02494
G1 X116.098 Y112.526 E.02494
G1 X115.488 Y113.667 E.02494
G1 X114.668 Y114.668 E.02494
G1 X113.667 Y115.488 E.02494
G1 X112.526 Y116.098 E.02494
G1 X111.288 Y116.474 E.02494
G1 X110.027 Y116.598 E.02441
G1 E-.84 F2400
;WIPE_START
G1 F3600
G1 X109.032 Y116.504 E-.36
;WIPE_END
G17
G3 Z7.44 I1.2 J.205 P1  F9000
G1 X111.078 Y104.505 Z7.44
G1 Z7.04
G1 E1.2 F1800
G1 F3600
G1 X111.093 Y104.506 E.00029
G1 X112.144 Y104.825 E.02117
G1 X113.112 Y105.342 E.02117
G1 X113.961 Y106.039 E.02117
G1 X114.658 Y106.888 E.02117
G1 X115.175 Y107.856 E.02117
G1 X115.494 Y108.907 E.02117
G1 X115.602 Y110 E.02117
G1 X115.494 Y111.093 E.02117
G1 X115.175 Y112.144 E.02117
G1 X114.658 Y113.112 E.02117
G1 X113.961 Y113.961 E.02117
G1 X113.112 Y114.658 E.02117
G1 X112.144 Y115.175 E.02117
G1 X111.093 Y115.494 E.02117
G1 X110 Y115.602 E.02117
G1 X108.907 Y115.494 E.02117
G1 X107.856 Y115.175 E.02117
G1 X106.888 Y114.658 E.02117
G1 X106.039 Y113.961 E.02117
G1 X105.342 Y113.112 E.02117
G1 X104.825 Y112.144 E.02117
G1 X104.506 Y111.093 E.02117
G1 X104.398 Y110 E.02117
G1 X104.506 Y108.907 E.02117
G1 X104.825 Y107.856 E.02117
G1 X105.342 Y106.888 E.02117
G1 X106.039 Y106.039 E.02117
G1 X106.888 Y105.342 E.02117
G1 X107.856 Y104.825 E.02117
G1 X108.907 Y104.506 E.02117
G1 X110 Y104.398 E.02117
G1 X111.038 Y104.501 E.0201
G1 E-.84 F2400
;WIPE_START
G1 F3600
G1 X111.093 Y104.506 E-.01988
G1 X111.997 Y104.78 E-.34012
;WIPE_END
G17
G3 Z7.44 I-1.198 J-.211 P1  F9000
G1 X110 Y116.101 Z7.44
G1 Z7.04
G1 E1.2 F1800
M204 P2000
;TYPE:Inner wall
;WIDTH:0.600278
G1 F5108
G1 X108.81 Y115.984 E.0336
G1 X107.665 Y115.637 E.0336
G1 X106.61 Y115.073 E.0336
G1 X105.686 Y114.314 E.0336
G1 X104.927 Y113.39 E.0336
G1 X104.363 Y112.335 E.0336
G1 X104.016 Y111.19 E.0336
G1 X103.899 Y110 E.0336
G1 X104.016 Y108.81 E.0336
G1 X104.363 Y107.665 E.0336
G1 X104.927 Y106.61 E.0336
G1 X105.686 Y105.686 E.0336
G1 X106.61 Y104.927 E.0336
G1 X107.665 Y104.363 E.0336
G1 X108.81 Y104.016 E.0336
G1 X110 Y103.899 E.0336
G1 X111.19 Y104.016 E.0336
G1 X112.335 Y104.363 E.0336
G1 X113.39 Y104.927 E.0336
G1 X114.314 Y105.686 E.0336
G1 X115.073 Y106.61 E.0336
G1 X115.637 Y107.665 E.0336
G1 X115.984 Y108.81 E.0336
G1 X116.101 Y110 E.0336
G1 X115.984 Y111.19 E.0336
G1 X115.637 Y112.335 E.0336
G1 X115.073 Y113.39 E.0336
G1 X114.314 Y114.314 E.0336
G1 X113.39 Y115.073 E.0336
G1 X112.335 Y115.637 E.0336
G1 X111.19 Y115.984 E.0336
G1 X110.04 Y116.097 E.03247
G1 E-.84 F2400
;WIPE_START
G1 F5400
G1 X109.044 Y116.006 E-.36
;WIPE_END
G17
G3 Z7.44 I1.177 J.31 P1  F9000
G1 X111.689 Y105.971 Z7.44
G1 Z7.04
G1 E1.2 F1800
;WIDTH:0.449999
G1 F5108
G1 X112.428 Y106.366 E.01738
G1 X113.091 Y106.909 E.01777
G1 X113.634 Y107.572 E.01777
G1 X114.038 Y108.327 E.01777
G1 X114.287 Y109.147 E.01777
G1 X114.371 Y110 E.01777
G1 X114.287 Y110.853 E.01777
G1 X114.038 Y111.673 E.01777
G1 X113.634 Y112.428 E.01777
G1 X113.091 Y113.091 E.01777
G1 X112.428 Y113.634 E.01777
G1 X111.673 Y114.038 E.01777
G1 X110.853 Y114.287 E.01777
G1 X110 Y114.371 E.01777
G1 X109.147 Y114.287 E.01777
G1 X108.327 Y114.038 E.01777
G1 X107.572 Y113.634 E.01777
G1 X106.909 Y113.091 E.01777
G1 X106.366 Y112.428 E.01777
G1 X105.962 Y111.673 E.01777
G1 X105.713 Y110.853 E.01777
G1 X105.629 Y110 E.01777
G1 X105.713 Y109.147 E.01777
G1 X105.962 Y108.327 E.01777
G1 X106.366 Y107.572 E.01777
G1 X106.909 Y106.909 E.01777
G1 X107.572 Y106.366 E.01777
G1 X108.327 Y105.962 E.01777
G1 X109.147 Y105.713 E.01777
G1 X110 Y105.629 E.01777
G1 X110.853 Y105.713 E.01777
G1 X111.653 Y105.956 E.01734
G1 X111.888 Y105.599 F9000
M204 P1000
;TYPE:Outer wall
;WIDTH:0.419999
G1 F3600
G1 X112.664 Y106.013 E.01695
G1 X113.391 Y106.609 E.01812
G1 X113.987 Y107.336 E.01812
G1 X114.43 Y108.165 E.01812
G1 X114.703 Y109.065 E.01812
G1 X114.795 Y110 E.01812
G1 X114.703 Y110.935 E.01812
G1 X114.43 Y111.835 E.01812
G1 X113.987 Y112.664 E.01812
G1 X113.391 Y113.391 E.01812
G1 X112.664 Y113.987 E.01812
G1 X111.835 Y114.43 E.01812
G1 X110.935 Y114.703 E.01812
G1 X110 Y114.795 E.01812
G1 X109.065 Y114.703 E.01812
G1 X108.165 Y114.43 E.01812
G1 X107.336 Y113.987 E.01812
G1 X106.609 Y113.391 E.01812
G1 X106.013 Y112.664 E.01812
G1 X105.57 Y111.835 E.01812
G1 X105.297 Y110.935 E.01812
G1 X105.205 Y110 E.01812
G1 X105.297 Y109.065 E.01812
G1 X105.57 Y108.165 E.01812
G1 X106.013 Y107.336 E.01812
G1 X106.609 Y106.609 E.01812
G1 X107.336 Y106.013 E.01812
G1 X108.165 Y105.57 E.01812
G1 X109.065 Y105.297 E.01812
G1 X110 Y105.205 E.01812
G1 X110.935 Y105.297 E.01812
G1 X111.835 Y105.57 E.01812
G1 X111.853 Y105.58 E.0004
G1 E-.84 F2400
;WIPE_START
G1 F3600
G1 X112.664 Y106.013 E-.33096
G1 X112.726 Y106.064 E-.02904
;WIPE_END
G1 Z7.44 F9000
G1 X110.023 Y105.998 Z7.44
G1 Z7.04
G1 E1.2 F1800
M204 P2500
;TYPE:Internal solid infill
;WIDTH:0.365752
G1 F5108
G1 X109.226 Y106.073 E.01331
G1 X108.474 Y106.299 E.01305
G1 X107.782 Y106.668 E.01304
G1 X107.174 Y107.165 E.01304
G1 X106.675 Y107.771 E.01304
G1 X106.304 Y108.462 E.01304
G1 X106.075 Y109.213 E.01304
G1 X105.997 Y109.993 E.01304
G1 X106.073 Y110.774 E.01304
G1 X106.299 Y111.526 E.01304
G1 X106.668 Y112.218 E.01304
G1 X107.165 Y112.826 E.01304
G1 X107.771 Y113.325 E.01304
G1 X108.462 Y113.696 E.01304
G1 X109.213 Y113.925 E.01304
G1 X109.993 Y114.003 E.01304
G1 X110.774 Y113.927 E.01304
G1 X111.526 Y113.701 E.01304
G1 X112.218 Y113.332 E.01304
G1 X112.826 Y112.835 E.01304
G1 X113.325 Y112.229 E.01304
G1 X113.696 Y111.538 E.01304
G1 X113.925 Y110.787 E.01304
G1 X114.003 Y110.007 E.01304
G1 X113.927 Y109.226 E.01304
G1 X113.701 Y108.474 E.01304
G1 X113.332 Y107.782 E.01304
G1 X112.835 Y107.174 E.01304
G1 X112.229 Y106.675 E.01304
G1 X111.538 Y106.304 E.01304
G1 X110.787 Y106.075 E.01304
G1 X110.063 Y106.002 E.0121
G1 X109.092 Y106.492 F9000
;TYPE:Sparse infill
;WIDTH:0.45
G1 F5108
G1 X109.29 Y106.432 E.0043
G1 X110 Y106.362 E.01479
G1 X110.771 Y106.451 E.01609
G1 X113.549 Y109.229 E.08151
G1 X113.568 Y109.29 E.00132
G1 X113.638 Y110 E.01479
G1 X113.568 Y110.71 E.01479
G1 X113.361 Y111.392 E.01479
G1 X113.025 Y112.021 E.01479
G1 X112.572 Y112.572 E.01479
G1 X107.428 Y107.428 E.15091
G1 X106.975 Y107.979 E.01479
G1 X106.639 Y108.608 E.01479
G1 X106.432 Y109.29 E.01479
G1 X106.362 Y110 E.01479
G1 X106.451 Y110.771 E.01609
G1 X109.229 Y113.549 E.08151
G1 X110 Y113.638 E.01609
G1 X110.71 Y113.568 E.01479
G1 X110.908 Y113.508 E.0043
; stop printing object JOYSTICK.stl id:15 copy 0
;LAYER_CHANGE
;Z:7.16
;HEIGHT:0.12
;BEFORE_LAYER_CHANGE
;7.16
G92 E0

G1 E-.97778 F2400
;WIPE_START
G1 F10800
G1 X110.71 Y113.568 E-.04604
G1 X110 Y113.638 E-.15847
G1 X109.921 Y113.629 E-.01771
;WIPE_END
;_SET_FAN_SPEED_CHANGING_LAYER
; printing object JOYSTICK.stl id:15 copy 0
G17
G3 Z7.56 I-1.217 J.027 P1  F9000
G1 X109.987 Y116.6 Z7.56
G1 Z7.16
G1 E1.2 F1800
M204 P1000
;TYPE:Outer wall
;WIDTH:0.419999
G1 F3600
G1 X108.712 Y116.474 E.0247
G1 X107.474 Y116.098 E.02494
G1 X106.333 Y115.488 E.02494
G1 X105.332 Y114.668 E.02494
G1 X104.512 Y113.667 E.02494
G1 X103.902 Y112.526 E.02494
G1 X103.526 Y111.288 E.02494
G1 X103.399 Y110 E.02494
G1 X103.526 Y108.712 E.02494
G1 X103.902 Y107.474 E.02494
G1 X104.512 Y106.333 E.02494
G1 X105.332 Y105.332 E.02494
G1 X106.333 Y104.512 E.02494
G1 X107.474 Y103.902 E.02494
G1 X108.712 Y103.526 E.02494
G1 X110 Y103.399 E.02494
G1 X111.288 Y103.526 E.02494
G1 X112.526 Y103.902 E.02494
G1 X113.667 Y104.512 E.02494
G1 X114.668 Y105.332 E.02494
G1 X115.488 Y106.333 E.02494
G1 X116.098 Y107.474 E.02494
G1 X116.474 Y108.712 E.02494
G1 X116.601 Y110 E.02494
G1 X116.474 Y111.288 E.02494
G1 X116.098 Y112.526 E.02494
G1 X115.488 Y113.667 E.02494
G1 X114.668 Y114.668 E.02494
G1 X113.667 Y115.488 E.02494
G1 X112.526 Y116.098 E.02494
G1 X111.288 Y116.474 E.02494
G1 X110.027 Y116.598 E.02442
G1 E-.84 F2400
;WIPE_START
G1 F3600
G1 X109.032 Y116.504 E-.36
;WIPE_END
G17
G3 Z7.56 I1.2 J.204 P1  F9000
G1 X111.066 Y104.567 Z7.56
G1 Z7.16
G1 E1.2 F1800
G1 F3600
G1 X111.08 Y104.568 E.00028
G1 X112.119 Y104.883 E.02093
G1 X113.077 Y105.395 E.02093
G1 X113.916 Y106.084 E.02093
G1 X114.605 Y106.923 E.02093
G1 X115.117 Y107.881 E.02093
G1 X115.432 Y108.92 E.02093
G1 X115.538 Y110 E.02093
G1 X115.432 Y111.08 E.02093
G1 X115.117 Y112.119 E.02093
G1 X114.605 Y113.077 E.02093
G1 X113.916 Y113.916 E.02093
G1 X113.077 Y114.605 E.02093
G1 X112.119 Y115.117 E.02093
G1 X111.08 Y115.432 E.02093
G1 X110 Y115.538 E.02093
G1 X108.92 Y115.432 E.02093
G1 X107.881 Y115.117 E.02093
G1 X106.923 Y114.605 E.02093
G1 X106.084 Y113.916 E.02093
G1 X105.395 Y113.077 E.02093
G1 X104.883 Y112.119 E.02093
G1 X104.568 Y111.08 E.02093
G1 X104.462 Y110 E.02093
G1 X104.568 Y108.92 E.02093
G1 X104.883 Y107.881 E.02093
G1 X105.395 Y106.923 E.02093
G1 X106.084 Y106.084 E.02093
G1 X106.923 Y105.395 E.02093
G1 X107.881 Y104.883 E.02093
G1 X108.92 Y104.568 E.02093
G1 X110 Y104.462 E.02093
G1 X111.026 Y104.563 E.01988
G1 E-.84 F2400
;WIPE_START
G1 F3600
G1 X111.08 Y104.568 E-.0196
G1 X111.985 Y104.842 E-.3404
;WIPE_END
G17
G3 Z7.56 I-1.198 J-.212 P1  F9000
G1 X110 Y116.07 Z7.56
G1 Z7.16
G1 E1.2 F1800
M204 P2000
;TYPE:Inner wall
;WIDTH:0.663186
G1 F5007
G1 X108.816 Y115.953 E.03708
G1 X107.677 Y115.608 E.03708
G1 X106.628 Y115.047 E.03708
G1 X105.708 Y114.292 E.03708
G1 X104.953 Y113.372 E.03708
G1 X104.392 Y112.323 E.03708
G1 X104.047 Y111.184 E.03708
G1 X103.93 Y110 E.03708
G1 X104.047 Y108.816 E.03708
G1 X104.392 Y107.677 E.03708
G1 X104.953 Y106.628 E.03708
G1 X105.708 Y105.708 E.03708
G1 X106.628 Y104.953 E.03708
G1 X107.677 Y104.392 E.03708
G1 X108.816 Y104.047 E.03708
G1 X110 Y103.93 E.03708
G1 X111.184 Y104.047 E.03708
G1 X112.323 Y104.392 E.03708
G1 X113.372 Y104.953 E.03708
G1 X114.292 Y105.708 E.03708
G1 X115.047 Y106.628 E.03708
G1 X115.608 Y107.677 E.03708
G1 X115.953 Y108.816 E.03708
G1 X116.07 Y110 E.03708
G1 X115.953 Y111.184 E.03708
G1 X115.608 Y112.323 E.03708
G1 X115.047 Y113.372 E.03708
G1 X114.292 Y114.292 E.03708
G1 X113.372 Y115.047 E.03708
G1 X112.323 Y115.608 E.03708
G1 X111.184 Y115.953 E.03708
G1 X110.04 Y116.066 E.03584
G1 E-.84 F2400
;WIPE_START
G1 F5400
G1 X109.044 Y115.974 E-.36
;WIPE_END
G17
G3 Z7.56 I1.176 J.312 P1  F9000
G1 X111.683 Y106.008 Z7.56
G1 Z7.16
G1 E1.2 F1800
;WIDTH:0.449999
G1 F5007
G1 X112.408 Y106.396 E.01706
G1 X113.065 Y106.935 E.01762
G1 X113.604 Y107.592 E.01762
G1 X114.004 Y108.341 E.01762
G1 X114.251 Y109.154 E.01762
G1 X114.334 Y110 E.01762
G1 X114.251 Y110.846 E.01762
G1 X114.004 Y111.659 E.01762
G1 X113.604 Y112.408 E.01762
G1 X113.065 Y113.065 E.01762
G1 X112.408 Y113.604 E.01762
G1 X111.659 Y114.004 E.01762
G1 X110.846 Y114.251 E.01762
G1 X110 Y114.334 E.01762
G1 X109.154 Y114.251 E.01762
G1 X108.341 Y114.004 E.01762
G1 X107.592 Y113.604 E.01762
G1 X106.935 Y113.065 E.01762
G1 X106.396 Y112.408 E.01762
G1 X105.996 Y111.659 E.01762
G1 X105.749 Y110.846 E.01762
G1 X105.666 Y110 E.01762
G1 X105.749 Y109.154 E.01762
G1 X105.996 Y108.341 E.01762
G1 X106.396 Y107.592 E.01762
G1 X106.935 Y106.935 E.01762
G1 X107.592 Y106.396 E.01762
G1 X108.341 Y105.996 E.01762
G1 X109.154 Y105.749 E.01762
G1 X110 Y105.666 E.01762
G1 X110.846 Y105.749 E.01762
G1 X111.647 Y105.992 E.01736
G1 X111.882 Y105.636 F9000
M204 P1000
;TYPE:Outer wall
;WIDTH:0.419999
G1 F3600
G1 X112.644 Y106.043 E.01665
G1 X113.365 Y106.635 E.01798
G1 X113.957 Y107.356 E.01798
G1 X114.396 Y108.179 E.01798
G1 X114.667 Y109.072 E.01798
G1 X114.759 Y110 E.01798
G1 X114.667 Y110.928 E.01798
G1 X114.396 Y111.821 E.01798
G1 X113.957 Y112.644 E.01798
G1 X113.365 Y113.365 E.01798
G1 X112.644 Y113.957 E.01798
G1 X111.821 Y114.396 E.01798
G1 X110.928 Y114.667 E.01798
G1 X110 Y114.759 E.01798
G1 X109.072 Y114.667 E.01798
G1 X108.179 Y114.396 E.01798
G1 X107.356 Y113.957 E.01798
G1 X106.635 Y113.365 E.01798
G1 X106.043 Y112.644 E.01798
G1 X105.604 Y111.821 E.01798
G1 X105.333 Y110.928 E.01798
G1 X105.241 Y110 E.01798
G1 X105.333 Y109.072 E.01798
G1 X105.604 Y108.179 E.01798
G1 X106.043 Y107.356 E.01798
G1 X106.635 Y106.635 E.01798
G1 X107.356 Y106.043 E.01798
G1 X108.179 Y105.604 E.01798
G1 X109.072 Y105.333 E.01798
G1 X110 Y105.241 E.01798
G1 X110.928 Y105.333 E.01798
G1 X111.821 Y105.604 E.01798
G1 X111.847 Y105.617 E.00056
G1 E-.84 F2400
;WIPE_START
G1 F3600
G1 X112.644 Y106.043 E-.3254
G1 X112.718 Y106.104 E-.0346
;WIPE_END
G1 Z7.56 F9000
G1 X110.024 Y106.048 Z7.56
G1 Z7.16
G1 E1.2 F1800
M204 P2500
;TYPE:Internal solid infill
;WIDTH:0.365752
G1 F5007
G1 X109.237 Y106.122 E.01315
G1 X108.495 Y106.345 E.01289
G1 X107.811 Y106.709 E.01288
G1 X107.211 Y107.2 E.01288
G1 X106.718 Y107.798 E.01288
G1 X106.352 Y108.48 E.01288
G1 X106.125 Y109.221 E.01288
G1 X106.048 Y109.992 E.01288
G1 X106.122 Y110.763 E.01288
G1 X106.345 Y111.505 E.01288
G1 X106.709 Y112.189 E.01288
G1 X107.2 Y112.789 E.01288
G1 X107.798 Y113.282 E.01288
G1 X108.48 Y113.648 E.01288
G1 X109.221 Y113.875 E.01288
G1 X109.992 Y113.952 E.01288
G1 X110.763 Y113.878 E.01288
G1 X111.505 Y113.655 E.01288
G1 X112.189 Y113.291 E.01288
G1 X112.789 Y112.8 E.01288
G1 X113.282 Y112.202 E.01288
G1 X113.648 Y111.52 E.01288
G1 X113.875 Y110.779 E.01288
G1 X113.952 Y110.008 E.01288
G1 X113.878 Y109.237 E.01288
G1 X113.655 Y108.495 E.01288
G1 X113.291 Y107.811 E.01288
G1 X112.8 Y107.211 E.01288
G1 X112.202 Y106.718 E.01288
G1 X111.52 Y106.352 E.01288
G1 X110.779 Y106.125 E.01288
G1 X110.064 Y106.053 E.01194
G1 X109.189 Y106.53 F9000
;TYPE:Sparse infill
;WIDTH:0.45
G1 F5007
G1 X109.303 Y106.495 E.00247
G1 X110 Y106.426 E.01453
G1 X110.697 Y106.495 E.01453
G1 X110.866 Y106.546 E.00367
G1 X113.454 Y109.134 E.0759
G1 X113.505 Y109.303 E.00367
G1 X113.574 Y110 E.01453
G1 X113.505 Y110.697 E.01453
G1 X113.301 Y111.368 E.01453
G1 X112.971 Y111.985 E.01453
G1 X112.527 Y112.527 E.01453
G1 X107.473 Y107.473 E.14825
G1 X107.029 Y108.015 E.01453
G1 X106.699 Y108.632 E.01453
G1 X106.495 Y109.303 E.01453
G1 X106.426 Y110 E.01453
G1 X106.495 Y110.697 E.01453
G1 X106.546 Y110.866 E.00367
G1 X109.134 Y113.454 E.0759
G1 X109.303 Y113.505 E.00367
G1 X110 Y113.574 E.01453
G1 X110.697 Y113.505 E.01453
G1 X110.811 Y113.47 E.00247
; stop printing object JOYSTICK.stl id:15 copy 0
;LAYER_CHANGE
;Z:7.28
;HEIGHT:0.12
;BEFORE_LAYER_CHANGE
;7.28
G92 E0

G1 E-.97778 F2400
;WIPE_START
G1 F10800
G1 X110.697 Y113.505 E-.02649
G1 X110 Y113.574 E-.15568
G1 X109.821 Y113.556 E-.04006
;WIPE_END
;_SET_FAN_SPEED_CHANGING_LAYER
; printing object JOYSTICK.stl id:15 copy 0
G17
G3 Z7.68 I-1.214 J.082 P1  F9000
G1 X110 Y116.214 Z7.68
G1 Z7.28
G1 E1.2 F1800
M204 P2000
;TYPE:Inner wall
;WIDTH:0.376386
G1 F5035
G1 X108.788 Y116.094 E.02088
G1 X107.622 Y115.741 E.02088
G1 X106.548 Y115.167 E.02088
G1 X105.606 Y114.394 E.02088
G1 X104.833 Y113.452 E.02088
G1 X104.259 Y112.378 E.02088
G1 X103.906 Y111.212 E.02088
G1 X103.786 Y110 E.02088
G1 X103.906 Y108.788 E.02088
G1 X104.259 Y107.622 E.02088
G1 X104.833 Y106.548 E.02088
G1 X105.606 Y105.606 E.02088
G1 X106.548 Y104.833 E.02088
G1 X107.622 Y104.259 E.02088
G1 X108.788 Y103.906 E.02088
G1 X110 Y103.786 E.02088
G1 X111.212 Y103.906 E.02088
G1 X112.378 Y104.259 E.02088
G1 X113.452 Y104.833 E.02088
G1 X114.394 Y105.606 E.02088
G1 X115.167 Y106.548 E.02088
G1 X115.741 Y107.622 E.02088
G1 X116.094 Y108.788 E.02088
G1 X116.214 Y110 E.02088
G1 X116.094 Y111.212 E.02088
G1 X115.741 Y112.378 E.02088
G1 X115.167 Y113.452 E.02088
G1 X114.394 Y114.394 E.02088
G1 X113.452 Y115.167 E.02088
G1 X112.378 Y115.741 E.02088
G1 X111.212 Y116.094 E.02088
G1 X110.04 Y116.21 E.0202
G1 X109.987 Y116.6 F9000
M204 P1000
;TYPE:Outer wall
;WIDTH:0.419999
G1 F3600
G1 X108.712 Y116.474 E.02469
G1 X107.474 Y116.098 E.02494
G1 X106.333 Y115.488 E.02494
G1 X105.332 Y114.668 E.02494
G1 X104.512 Y113.667 E.02494
G1 X103.902 Y112.526 E.02494
G1 X103.526 Y111.288 E.02494
G1 X103.399 Y110 E.02494
G1 X103.526 Y108.712 E.02494
G1 X103.902 Y107.474 E.02494
G1 X104.512 Y106.333 E.02494
G1 X105.332 Y105.332 E.02494
G1 X106.333 Y104.512 E.02494
G1 X107.474 Y103.902 E.02494
G1 X108.712 Y103.526 E.02494
G1 X110 Y103.399 E.02494
G1 X111.288 Y103.526 E.02494
G1 X112.526 Y103.902 E.02494
G1 X113.667 Y104.512 E.02494
G1 X114.668 Y105.332 E.02494
G1 X115.488 Y106.333 E.02494
G1 X116.098 Y107.474 E.02494
G1 X116.474 Y108.712 E.02494
G1 X116.601 Y110 E.02494
G1 X116.474 Y111.288 E.02494
G1 X116.098 Y112.526 E.02494
G1 X115.488 Y113.667 E.02494
G1 X114.668 Y114.668 E.02494
G1 X113.667 Y115.488 E.02494
G1 X112.526 Y116.098 E.02494
G1 X111.288 Y116.474 E.02494
G1 X110.027 Y116.598 E.02442
G1 E-.84 F2400
;WIPE_START
G1 F3600
G1 X109.031 Y116.504 E-.36
;WIPE_END
G17
G3 Z7.68 I1.2 J.202 P1  F9000
G1 X111.092 Y104.246 Z7.68
G1 Z7.28
G1 E1.2 F1800
M204 P2000
;TYPE:Inner wall
;WIDTH:0.376387
G1 F5035
G1 X111.144 Y104.251 E.00088
G1 X112.243 Y104.585 E.0197
G1 X113.256 Y105.126 E.0197
G1 X114.145 Y105.855 E.0197
G1 X114.874 Y106.744 E.0197
G1 X115.415 Y107.757 E.0197
G1 X115.749 Y108.856 E.0197
G1 X115.861 Y110 E.0197
G1 X115.749 Y111.144 E.0197
G1 X115.415 Y112.243 E.0197
G1 X114.874 Y113.256 E.0197
G1 X114.145 Y114.145 E.0197
G1 X113.256 Y114.874 E.0197
G1 X112.243 Y115.415 E.0197
G1 X111.144 Y115.749 E.0197
G1 X110 Y115.861 E.0197
G1 X108.856 Y115.749 E.0197
G1 X107.757 Y115.415 E.0197
G1 X106.744 Y114.874 E.0197
G1 X105.855 Y114.145 E.0197
G1 X105.126 Y113.256 E.0197
G1 X104.585 Y112.243 E.0197
G1 X104.251 Y111.144 E.0197
G1 X104.139 Y110 E.0197
G1 X104.251 Y108.856 E.0197
G1 X104.585 Y107.757 E.0197
G1 X105.126 Y106.744 E.0197
G1 X105.855 Y105.855 E.0197
G1 X106.744 Y105.126 E.0197
G1 X107.757 Y104.585 E.0197
G1 X108.856 Y104.251 E.0197
G1 X110 Y104.139 E.0197
G1 X111.052 Y104.242 E.01813
G1 X111.054 Y104.63 F9000
M204 P1000
;TYPE:Outer wall
;WIDTH:0.419999
G1 F3600
G1 X111.068 Y104.631 E.00026
G1 X112.095 Y104.942 E.02069
G1 X113.041 Y105.448 E.02069
G1 X113.871 Y106.129 E.02069
G1 X114.552 Y106.959 E.02069
G1 X115.058 Y107.905 E.02069
G1 X115.369 Y108.932 E.02069
G1 X115.474 Y110 E.02069
G1 X115.369 Y111.068 E.02069
G1 X115.058 Y112.095 E.02069
G1 X114.552 Y113.041 E.02069
G1 X113.871 Y113.871 E.02069
G1 X113.041 Y114.552 E.02069
G1 X112.095 Y115.058 E.02069
G1 X111.068 Y115.369 E.02069
G1 X110 Y115.474 E.02069
G1 X108.932 Y115.369 E.02069
G1 X107.905 Y115.058 E.02069
G1 X106.959 Y114.552 E.02069
G1 X106.129 Y113.871 E.02069
G1 X105.448 Y113.041 E.02069
G1 X104.942 Y112.095 E.02069
G1 X104.631 Y111.068 E.02069
G1 X104.526 Y110 E.02069
G1 X104.631 Y108.932 E.02069
G1 X104.942 Y107.905 E.02069
G1 X105.448 Y106.959 E.02069
G1 X106.129 Y106.129 E.02069
G1 X106.959 Y105.448 E.02069
G1 X107.905 Y104.942 E.02069
G1 X108.932 Y104.631 E.02069
G1 X110 Y104.526 E.02069
G1 X111.015 Y104.626 E.01965
G1 X111.676 Y106.046 F9000
M204 P2000
;TYPE:Inner wall
;WIDTH:0.449999
G1 F5035
G1 X112.388 Y106.426 E.01673
G1 X113.039 Y106.961 E.01748
G1 X113.574 Y107.612 E.01748
G1 X113.971 Y108.355 E.01748
G1 X114.215 Y109.162 E.01748
G1 X114.298 Y110 E.01748
G1 X114.215 Y110.838 E.01748
G1 X113.971 Y111.645 E.01748
G1 X113.574 Y112.388 E.01748
G1 X113.039 Y113.039 E.01748
G1 X112.388 Y113.574 E.01748
G1 X111.645 Y113.971 E.01748
G1 X110.838 Y114.215 E.01748
G1 X110 Y114.298 E.01748
G1 X109.162 Y114.215 E.01748
G1 X108.355 Y113.971 E.01748
G1 X107.612 Y113.574 E.01748
G1 X106.961 Y113.039 E.01748
G1 X106.426 Y112.388 E.01748
G1 X106.029 Y111.645 E.01748
G1 X105.785 Y110.838 E.01748
G1 X105.702 Y110 E.01748
G1 X105.785 Y109.162 E.01748
G1 X106.029 Y108.355 E.01748
G1 X106.426 Y107.612 E.01748
G1 X106.961 Y106.961 E.01748
G1 X107.612 Y106.426 E.01748
G1 X108.355 Y106.029 E.01748
G1 X109.162 Y105.785 E.01748
G1 X110 Y105.702 E.01748
G1 X110.838 Y105.785 E.01748
G1 X111.641 Y106.028 E.01739
G1 X111.875 Y105.674 F9000
M204 P1000
;TYPE:Outer wall
;WIDTH:0.419999
G1 F3600
G1 X112.623 Y106.074 E.01635
G1 X113.339 Y106.661 E.01784
G1 X113.926 Y107.377 E.01784
G1 X114.363 Y108.193 E.01784
G1 X114.631 Y109.079 E.01784
G1 X114.722 Y110 E.01784
G1 X114.631 Y110.921 E.01784
G1 X114.363 Y111.807 E.01784
G1 X113.926 Y112.623 E.01784
G1 X113.339 Y113.339 E.01784
G1 X112.623 Y113.926 E.01784
G1 X111.807 Y114.363 E.01784
G1 X110.921 Y114.631 E.01784
G1 X110 Y114.722 E.01784
G1 X109.079 Y114.631 E.01784
G1 X108.193 Y114.363 E.01784
G1 X107.377 Y113.926 E.01784
G1 X106.661 Y113.339 E.01784
G1 X106.074 Y112.623 E.01784
G1 X105.637 Y111.807 E.01784
G1 X105.369 Y110.921 E.01784
G1 X105.278 Y110 E.01784
G1 X105.369 Y109.079 E.01784
G1 X105.637 Y108.193 E.01784
G1 X106.074 Y107.377 E.01784
G1 X106.661 Y106.661 E.01784
G1 X107.377 Y106.074 E.01784
G1 X108.193 Y105.637 E.01784
G1 X109.079 Y105.369 E.01784
G1 X110 Y105.278 E.01784
G1 X110.921 Y105.369 E.01784
G1 X111.807 Y105.637 E.01784
G1 X111.84 Y105.655 E.00072
G1 E-.84 F2400
;WIPE_START
G1 F3600
G1 X112.623 Y106.074 E-.31979
G1 X112.71 Y106.145 E-.04021
;WIPE_END
G1 Z7.68 F9000
G1 X109.285 Y106.567 Z7.68
G1 Z7.28
G1 E1.2 F1800
M204 P2500
;TYPE:Sparse infill
;WIDTH:0.45
G1 F5035
G1 X110 Y106.491 E.01491
G1 X110.685 Y106.558 E.01427
G1 X110.962 Y106.642 E.00601
G1 X113.358 Y109.038 E.07028
G1 X113.442 Y109.315 E.00601
G1 X113.509 Y110 E.01427
G1 X113.442 Y110.685 E.01427
G1 X113.242 Y111.343 E.01427
G1 X112.918 Y111.95 E.01427
G1 X112.482 Y112.482 E.01427
G1 X107.518 Y107.518 E.14559
G1 X107.082 Y108.05 E.01427
G1 X106.758 Y108.657 E.01427
G1 X106.558 Y109.315 E.01427
G1 X106.491 Y110 E.01427
G1 X106.558 Y110.685 E.01427
G1 X106.642 Y110.962 E.00601
G1 X109.038 Y113.358 E.07028
G1 X109.315 Y113.442 E.00601
G1 X110 Y113.509 E.01427
G1 X110.715 Y113.433 E.01491
G1 X113.902 Y110.009 F9000
;TYPE:Internal solid infill
;WIDTH:0.387858
G1 F5035
G1 X113.829 Y109.248 E.01354
G1 X113.608 Y108.515 E.01354
G1 X113.249 Y107.84 E.01354
G1 X112.766 Y107.247 E.01354
G1 X112.175 Y106.761 E.01354
G1 X111.502 Y106.399 E.01354
G1 X110.77 Y106.175 E.01354
G1 X110.026 Y106.099 E.01325
G1 X109.248 Y106.171 E.01383
G1 X108.515 Y106.392 E.01355
G1 X107.84 Y106.751 E.01354
G1 X107.247 Y107.234 E.01354
G1 X106.761 Y107.825 E.01354
G1 X106.399 Y108.498 E.01354
G1 X106.175 Y109.23 E.01354
G1 X106.098 Y109.991 E.01354
G1 X106.171 Y110.752 E.01354
G1 X106.392 Y111.485 E.01354
G1 X106.751 Y112.16 E.01354
G1 X107.234 Y112.753 E.01354
G1 X107.825 Y113.239 E.01354
G1 X108.498 Y113.601 E.01354
G1 X109.23 Y113.825 E.01354
G1 X109.991 Y113.902 E.01354
G1 X110.752 Y113.829 E.01354
G1 X111.485 Y113.608 E.01354
G1 X112.16 Y113.249 E.01354
G1 X112.753 Y112.766 E.01354
G1 X113.239 Y112.175 E.01354
G1 X113.601 Y111.502 E.01354
G1 X113.825 Y110.77 E.01354
G1 X113.898 Y110.049 E.01283
; stop printing object JOYSTICK.stl id:15 copy 0
;LAYER_CHANGE
;Z:7.4
;HEIGHT:0.12
;BEFORE_LAYER_CHANGE
;7.4
G92 E0

G1 E-.97778 F2400
;WIPE_START
G1 F10800
G1 X113.825 Y110.77 E-.16109
G1 X113.745 Y111.033 E-.06113
;WIPE_END
;_SET_FAN_SPEED_CHANGING_LAYER
; printing object JOYSTICK.stl id:15 copy 0
G17
G3 Z7.8 I-.985 J-.714 P1  F9000
G1 X110 Y116.198 Z7.8
G1 Z7.4
G1 E1.2 F1800
M204 P2000
;TYPE:Inner wall
;WIDTH:0.408303
G1 F4894
G1 X108.791 Y116.079 E.02272
G1 X107.628 Y115.726 E.02272
G1 X106.557 Y115.153 E.02272
G1 X105.618 Y114.382 E.02272
G1 X104.847 Y113.443 E.02272
G1 X104.274 Y112.372 E.02272
G1 X103.921 Y111.209 E.02272
G1 X103.802 Y110 E.02272
G1 X103.921 Y108.791 E.02272
G1 X104.274 Y107.628 E.02272
G1 X104.847 Y106.557 E.02272
G1 X105.618 Y105.618 E.02272
G1 X106.557 Y104.847 E.02272
G1 X107.628 Y104.274 E.02272
G1 X108.791 Y103.921 E.02272
G1 X110 Y103.802 E.02272
G1 X111.209 Y103.921 E.02272
G1 X112.372 Y104.274 E.02272
G1 X113.443 Y104.847 E.02272
G1 X114.382 Y105.618 E.02272
G1 X115.153 Y106.557 E.02272
G1 X115.726 Y107.628 E.02272
G1 X116.079 Y108.791 E.02272
G1 X116.198 Y110 E.02272
G1 X116.079 Y111.209 E.02272
G1 X115.726 Y112.372 E.02272
G1 X115.153 Y113.443 E.02272
G1 X114.382 Y114.382 E.02272
G1 X113.443 Y115.153 E.02272
G1 X112.372 Y115.726 E.02272
G1 X111.209 Y116.079 E.02272
G1 X110.04 Y116.194 E.02198
G1 X109.987 Y116.6 F9000
M204 P1000
;TYPE:Outer wall
;WIDTH:0.419999
G1 F3600
G1 X108.712 Y116.474 E.02469
G1 X107.474 Y116.098 E.02494
G1 X106.333 Y115.488 E.02494
G1 X105.332 Y114.668 E.02494
G1 X104.512 Y113.667 E.02494
G1 X103.902 Y112.526 E.02494
G1 X103.526 Y111.288 E.02494
G1 X103.399 Y110 E.02494
G1 X103.526 Y108.712 E.02494
G1 X103.902 Y107.474 E.02494
G1 X104.512 Y106.333 E.02494
G1 X105.332 Y105.332 E.02494
G1 X106.333 Y104.512 E.02494
G1 X107.474 Y103.902 E.02494
G1 X108.712 Y103.526 E.02494
G1 X110 Y103.399 E.02494
G1 X111.288 Y103.526 E.02494
G1 X112.526 Y103.902 E.02494
G1 X113.667 Y104.512 E.02494
G1 X114.668 Y105.332 E.02494
G1 X115.488 Y106.333 E.02494
G1 X116.098 Y107.474 E.02494
G1 X116.474 Y108.712 E.02494
G1 X116.601 Y110 E.02494
G1 X116.474 Y111.288 E.02494
G1 X116.098 Y112.526 E.02494
G1 X115.488 Y113.667 E.02494
G1 X114.668 Y114.668 E.02494
G1 X113.667 Y115.488 E.02494
G1 X112.526 Y116.098 E.02494
G1 X111.288 Y116.474 E.02494
G1 X110.027 Y116.598 E.02442
G1 E-.84 F2400
;WIPE_START
G1 F3600
G1 X109.031 Y116.504 E-.36
;WIPE_END
G17
G3 Z7.8 I1.2 J.202 P1  F9000
G1 X111.082 Y104.293 Z7.8
G1 Z7.4
G1 E1.2 F1800
M204 P2000
;TYPE:Inner wall
;WIDTH:0.408304
G1 F4894
G1 X111.134 Y104.298 E.00098
G1 X112.225 Y104.629 E.02132
G1 X113.23 Y105.166 E.02132
G1 X114.111 Y105.889 E.02132
G1 X114.834 Y106.77 E.02132
G1 X115.371 Y107.775 E.02131
G1 X115.702 Y108.866 E.02132
G1 X115.813 Y110 E.02132
G1 X115.702 Y111.134 E.02132
G1 X115.371 Y112.225 E.02132
G1 X114.834 Y113.23 E.02132
G1 X114.111 Y114.111 E.02132
G1 X113.23 Y114.834 E.02132
G1 X112.225 Y115.371 E.02132
G1 X111.134 Y115.702 E.02132
G1 X110 Y115.813 E.02132
G1 X108.866 Y115.702 E.02132
G1 X107.775 Y115.371 E.02132
G1 X106.77 Y114.834 E.02132
G1 X105.889 Y114.111 E.02132
G1 X105.166 Y113.23 E.02132
G1 X104.629 Y112.225 E.02132
G1 X104.298 Y111.134 E.02132
G1 X104.187 Y110 E.02132
G1 X104.298 Y108.866 E.02132
G1 X104.629 Y107.775 E.02132
G1 X105.166 Y106.77 E.02132
G1 X105.889 Y105.889 E.02132
G1 X106.77 Y105.166 E.02132
G1 X107.775 Y104.629 E.02132
G1 X108.866 Y104.298 E.02132
G1 X110 Y104.187 E.02132
G1 X111.042 Y104.289 E.01959
G1 X111.043 Y104.693 F9000
M204 P1000
;TYPE:Outer wall
;WIDTH:0.419999
G1 F3600
G1 X111.055 Y104.694 E.00024
G1 X112.07 Y105.002 E.02044
G1 X113.006 Y105.502 E.02044
G1 X113.826 Y106.174 E.02044
G1 X114.498 Y106.994 E.02044
G1 X114.998 Y107.93 E.02044
G1 X115.306 Y108.945 E.02044
G1 X115.41 Y110 E.02044
G1 X115.306 Y111.055 E.02044
G1 X114.998 Y112.07 E.02044
G1 X114.498 Y113.006 E.02044
G1 X113.826 Y113.826 E.02044
G1 X113.006 Y114.498 E.02044
G1 X112.07 Y114.998 E.02044
G1 X111.055 Y115.306 E.02044
G1 X110 Y115.41 E.02044
G1 X108.945 Y115.306 E.02044
G1 X107.93 Y114.998 E.02044
G1 X106.994 Y114.498 E.02044
G1 X106.174 Y113.826 E.02044
G1 X105.502 Y113.006 E.02044
G1 X105.002 Y112.07 E.02044
G1 X104.694 Y111.055 E.02044
G1 X104.59 Y110 E.02044
G1 X104.694 Y108.945 E.02044
G1 X105.002 Y107.93 E.02044
G1 X105.502 Y106.994 E.02044
G1 X106.174 Y106.174 E.02044
G1 X106.994 Y105.502 E.02044
G1 X107.93 Y105.002 E.02044
G1 X108.945 Y104.694 E.02044
G1 X110 Y104.59 E.02044
G1 X111.003 Y104.689 E.01943
G1 X111.67 Y106.084 F9000
M204 P2000
;TYPE:Inner wall
;WIDTH:0.449999
G1 F4894
G1 X112.368 Y106.457 E.01641
G1 X113.013 Y106.987 E.01733
G1 X113.543 Y107.632 E.01733
G1 X113.937 Y108.369 E.01733
G1 X114.18 Y109.169 E.01733
G1 X114.262 Y110 E.01733
G1 X114.18 Y110.831 E.01733
G1 X113.937 Y111.631 E.01733
G1 X113.543 Y112.368 E.01733
G1 X113.013 Y113.013 E.01733
G1 X112.368 Y113.543 E.01733
G1 X111.631 Y113.937 E.01733
G1 X110.831 Y114.18 E.01733
G1 X110 Y114.262 E.01733
G1 X109.169 Y114.18 E.01733
G1 X108.369 Y113.937 E.01733
G1 X107.632 Y113.543 E.01733
G1 X106.987 Y113.013 E.01733
G1 X106.457 Y112.368 E.01733
G1 X106.063 Y111.631 E.01733
G1 X105.82 Y110.831 E.01733
G1 X105.738 Y110 E.01733
G1 X105.82 Y109.169 E.01733
G1 X106.063 Y108.369 E.01733
G1 X106.457 Y107.632 E.01733
G1 X106.987 Y106.987 E.01733
G1 X107.632 Y106.457 E.01733
G1 X108.369 Y106.063 E.01733
G1 X109.165 Y105.821 E.01725
G1 X110.058 Y105.744 E.0186
G1 X110.831 Y105.82 E.01611
G1 X111.631 Y106.063 E.01733
G1 X111.635 Y106.065 E.00009
G1 X111.869 Y105.711 F9000
M204 P1000
;TYPE:Outer wall
;WIDTH:0.419999
G1 F3600
G1 X112.603 Y106.104 E.01605
G1 X113.313 Y106.687 E.01771
G1 X113.896 Y107.397 E.01771
G1 X114.329 Y108.207 E.01771
G1 X114.596 Y109.086 E.01771
G1 X114.686 Y110 E.01771
G1 X114.596 Y110.914 E.01771
G1 X114.329 Y111.793 E.01771
G1 X113.896 Y112.603 E.01771
G1 X113.313 Y113.313 E.01771
G1 X112.603 Y113.896 E.01771
G1 X111.793 Y114.329 E.01771
G1 X110.914 Y114.596 E.01771
G1 X110 Y114.686 E.01771
G1 X109.086 Y114.596 E.01771
G1 X108.207 Y114.329 E.01771
G1 X107.397 Y113.896 E.01771
G1 X106.687 Y113.313 E.01771
G1 X106.104 Y112.603 E.01771
G1 X105.671 Y111.793 E.01771
G1 X105.404 Y110.914 E.01771
G1 X105.314 Y110 E.01771
G1 X105.404 Y109.086 E.01771
G1 X105.671 Y108.207 E.01771
G1 X106.104 Y107.397 E.01771
G1 X106.687 Y106.687 E.01771
G1 X107.397 Y106.104 E.01771
G1 X108.207 Y105.671 E.01771
G1 X109.085 Y105.405 E.01768
G1 X110.061 Y105.32 E.01889
G1 X110.914 Y105.404 E.01653
G1 X111.793 Y105.671 E.01771
G1 X111.834 Y105.693 E.00089
G1 E-.84 F2400
;WIPE_START
G1 F3600
G1 X112.603 Y106.104 E-.31412
G1 X112.702 Y106.185 E-.04588
;WIPE_END
G1 Z7.8 F9000
G1 X113.78 Y109.259 Z7.8
G1 Z7.4
G1 E1.2 F1800
M204 P2500
;TYPE:Internal solid infill
;WIDTH:0.41542
G1 F4894
G1 X113.562 Y108.536 E.01438
G1 X113.208 Y107.869 E.01438
G1 X112.731 Y107.284 E.01439
G1 X112.149 Y106.803 E.01439
G1 X111.484 Y106.446 E.01438
G1 X110.762 Y106.224 E.01439
G1 X110.056 Y106.152 E.01352
G1 X109.259 Y106.221 E.01523
G1 X108.536 Y106.438 E.01439
G1 X107.869 Y106.792 E.01438
G1 X107.284 Y107.269 E.01439
G1 X106.803 Y107.851 E.01439
G1 X106.446 Y108.516 E.01438
G1 X106.225 Y109.238 E.01438
G1 X106.148 Y109.989 E.01438
G1 X106.22 Y110.741 E.01439
G1 X106.438 Y111.464 E.01438
G1 X106.792 Y112.131 E.01438
G1 X107.269 Y112.716 E.01439
G1 X107.851 Y113.197 E.01439
G1 X108.516 Y113.554 E.01438
G1 X109.238 Y113.776 E.01439
G1 X109.989 Y113.852 E.01438
G1 X110.741 Y113.78 E.01439
G1 X111.464 Y113.562 E.01438
G1 X112.131 Y113.208 E.01438
G1 X112.716 Y112.731 E.01439
G1 X113.197 Y112.149 E.01439
G1 X113.554 Y111.484 E.01438
G1 X113.776 Y110.762 E.01438
G1 X113.852 Y110.011 E.01438
G1 X113.783 Y109.299 E.01362
G1 X113.385 Y110.616 F9000
;TYPE:Sparse infill
;WIDTH:0.45
G1 F4894
G1 X113.445 Y110 E.01283
G1 X113.379 Y109.328 E.01401
G1 X113.262 Y108.942 E.00836
G1 X111.058 Y106.738 E.06466
G1 X110.672 Y106.621 E.00836
G1 X110 Y106.555 E.01401
G1 X109.328 Y106.621 E.01401
G1 X108.682 Y106.817 E.01401
G1 X108.086 Y107.135 E.01401
G1 X107.564 Y107.564 E.01401
G1 X112.436 Y112.436 E.14293
G1 X111.914 Y112.865 E.01401
G1 X111.318 Y113.183 E.01401
G1 X110.672 Y113.379 E.01401
G1 X110 Y113.445 E.01401
G1 X109.328 Y113.379 E.01401
G1 X108.942 Y113.262 E.00836
G1 X106.738 Y111.058 E.06466
G1 X106.621 Y110.672 E.00836
G1 X106.555 Y110 E.01401
G1 X106.615 Y109.384 E.01283
; stop printing object JOYSTICK.stl id:15 copy 0
;LAYER_CHANGE
;Z:7.52
;HEIGHT:0.12
;BEFORE_LAYER_CHANGE
;7.52
G92 E0

G1 E-.97778 F2400
;WIPE_START
G1 F10800
G1 X106.555 Y110 E-.13747
G1 X106.592 Y110.38 E-.08476
;WIPE_END
;_SET_FAN_SPEED_CHANGING_LAYER
; printing object JOYSTICK.stl id:15 copy 0
G17
G3 Z7.92 I-1.049 J.616 P1  F9000
G1 X110 Y116.182 Z7.92
G1 Z7.52
G1 E1.2 F1800
M204 P2000
;TYPE:Inner wall
;WIDTH:0.440218
G1 F4810
G1 X108.794 Y116.063 E.02456
G1 X107.634 Y115.711 E.02456
G1 X106.566 Y115.14 E.02456
G1 X105.629 Y114.371 E.02456
G1 X104.86 Y113.434 E.02456
G1 X104.289 Y112.366 E.02456
G1 X103.937 Y111.206 E.02456
G1 X103.818 Y110 E.02456
G1 X103.937 Y108.794 E.02456
G1 X104.289 Y107.634 E.02456
G1 X104.86 Y106.566 E.02456
G1 X105.629 Y105.629 E.02456
G1 X106.566 Y104.86 E.02456
G1 X107.634 Y104.289 E.02456
G1 X108.792 Y103.938 E.02452
G1 X110.04 Y103.822 E.02539
G1 X111.206 Y103.937 E.02374
G1 X112.366 Y104.289 E.02456
G1 X113.434 Y104.86 E.02456
G1 X114.371 Y105.629 E.02456
G1 X115.14 Y106.566 E.02456
G1 X115.711 Y107.634 E.02456
G1 X116.063 Y108.794 E.02456
G1 X116.182 Y110 E.02456
G1 X116.063 Y111.206 E.02456
G1 X115.711 Y112.366 E.02456
G1 X115.14 Y113.434 E.02456
G1 X114.371 Y114.371 E.02456
G1 X113.434 Y115.14 E.02456
G1 X112.366 Y115.711 E.02456
G1 X111.206 Y116.063 E.02456
G1 X110.04 Y116.178 E.02375
G1 X109.987 Y116.6 F9000
M204 P1000
;TYPE:Outer wall
;WIDTH:0.419999
G1 F3600
G1 X108.712 Y116.474 E.02469
G1 X107.474 Y116.098 E.02494
G1 X106.333 Y115.488 E.02494
G1 X105.332 Y114.668 E.02494
G1 X104.512 Y113.667 E.02494
G1 X103.902 Y112.526 E.02494
G1 X103.526 Y111.288 E.02494
G1 X103.399 Y110 E.02494
G1 X103.526 Y108.712 E.02494
G1 X103.902 Y107.474 E.02494
G1 X104.512 Y106.333 E.02494
G1 X105.332 Y105.332 E.02494
G1 X106.333 Y104.512 E.02494
G1 X107.474 Y103.902 E.02494
G1 X108.577 Y103.567 E.02222
G1 X108.858 Y103.513 E.00551
G1 X110.055 Y103.404 E.02318
G1 X111.288 Y103.526 E.02387
G1 X112.526 Y103.902 E.02494
G1 X113.667 Y104.512 E.02494
G1 X114.668 Y105.332 E.02494
G1 X115.488 Y106.333 E.02494
G1 X116.098 Y107.474 E.02494
G1 X116.474 Y108.712 E.02494
G1 X116.601 Y110 E.02494
G1 X116.474 Y111.288 E.02494
G1 X116.098 Y112.526 E.02494
G1 X115.488 Y113.667 E.02494
G1 X114.668 Y114.668 E.02494
G1 X113.667 Y115.488 E.02494
G1 X112.526 Y116.098 E.02494
G1 X111.288 Y116.474 E.02494
G1 X110.027 Y116.598 E.02443
G1 E-.84 F2400
;WIPE_START
G1 F3600
G1 X109.031 Y116.504 E-.36
;WIPE_END
G17
G3 Z7.92 I1.2 J.201 P1  F9000
G1 X111.072 Y104.34 Z7.92
G1 Z7.52
G1 E1.2 F1800
M204 P2000
;TYPE:Inner wall
;WIDTH:0.440218
G1 F4810
G1 X111.125 Y104.346 E.00107
G1 X112.206 Y104.674 E.0229
G1 X113.203 Y105.206 E.0229
G1 X114.077 Y105.923 E.0229
G1 X114.794 Y106.797 E.0229
G1 X115.326 Y107.794 E.0229
G1 X115.654 Y108.875 E.0229
G1 X115.765 Y110 E.0229
G1 X115.654 Y111.125 E.0229
G1 X115.326 Y112.206 E.0229
G1 X114.794 Y113.203 E.0229
G1 X114.077 Y114.077 E.0229
G1 X113.203 Y114.794 E.0229
G1 X112.206 Y115.326 E.0229
G1 X111.125 Y115.654 E.0229
G1 X110 Y115.765 E.0229
G1 X108.875 Y115.654 E.0229
G1 X107.794 Y115.326 E.0229
G1 X106.797 Y114.794 E.0229
G1 X105.923 Y114.077 E.0229
G1 X105.206 Y113.203 E.0229
G1 X104.674 Y112.206 E.0229
G1 X104.346 Y111.125 E.0229
G1 X104.235 Y110 E.0229
G1 X104.346 Y108.875 E.0229
G1 X104.674 Y107.794 E.0229
G1 X105.206 Y106.797 E.0229
G1 X105.923 Y105.923 E.0229
G1 X106.797 Y105.206 E.0229
G1 X107.794 Y104.674 E.0229
G1 X108.874 Y104.346 E.02288
G1 X110.013 Y104.236 E.02318
G1 X111.032 Y104.336 E.02077
G1 X111.031 Y104.756 F9000
M204 P1000
;TYPE:Outer wall
;WIDTH:0.419999
G1 F3600
G1 X111.043 Y104.757 E.00022
G1 X112.046 Y105.061 E.0202
G1 X112.97 Y105.555 E.0202
G1 X113.78 Y106.22 E.0202
G1 X114.445 Y107.03 E.0202
G1 X114.939 Y107.954 E.0202
G1 X115.243 Y108.957 E.0202
G1 X115.346 Y110 E.0202
G1 X115.243 Y111.043 E.0202
G1 X114.939 Y112.046 E.0202
G1 X114.445 Y112.97 E.0202
G1 X113.78 Y113.78 E.0202
G1 X112.97 Y114.445 E.0202
G1 X112.046 Y114.939 E.0202
G1 X111.043 Y115.243 E.0202
G1 X110 Y115.346 E.0202
G1 X108.957 Y115.243 E.0202
G1 X107.954 Y114.939 E.0202
G1 X107.03 Y114.445 E.0202
G1 X106.22 Y113.78 E.0202
G1 X105.555 Y112.97 E.0202
G1 X105.061 Y112.046 E.0202
G1 X104.757 Y111.043 E.0202
G1 X104.654 Y110 E.0202
G1 X104.757 Y108.957 E.0202
G1 X105.061 Y107.954 E.0202
G1 X105.555 Y107.03 E.0202
G1 X106.22 Y106.22 E.0202
G1 X107.03 Y105.555 E.0202
G1 X107.954 Y105.061 E.0202
G1 X108.957 Y104.757 E.0202
G1 X110 Y104.654 E.0202
G1 X110.992 Y104.752 E.0192
G1 X111.657 Y106.133 F9000
M204 P2000
;TYPE:Inner wall
;WIDTH:0.449999
G1 F4810
G1 X112.34 Y106.498 E.01605
G1 X112.978 Y107.022 E.01713
G1 X113.502 Y107.66 E.01713
G1 X113.891 Y108.388 E.01712
G1 X114.131 Y109.178 E.01713
G1 X114.211 Y110 E.01712
G1 X114.131 Y110.822 E.01712
G1 X113.891 Y111.612 E.01712
G1 X113.502 Y112.34 E.01712
G1 X112.978 Y112.978 E.01713
G1 X112.34 Y113.502 E.01713
G1 X111.612 Y113.891 E.01712
G1 X110.822 Y114.131 E.01712
G1 X110 Y114.211 E.01712
G1 X109.178 Y114.131 E.01712
G1 X108.388 Y113.891 E.01712
G1 X107.66 Y113.502 E.01712
G1 X107.022 Y112.978 E.01713
G1 X106.498 Y112.34 E.01713
G1 X106.109 Y111.612 E.01712
G1 X105.869 Y110.822 E.01712
G1 X105.789 Y110 E.01712
G1 X105.869 Y109.178 E.01712
G1 X106.109 Y108.388 E.01712
G1 X106.498 Y107.66 E.01712
G1 X107.022 Y107.022 E.01713
G1 X107.66 Y106.498 E.01713
G1 X108.388 Y106.109 E.01712
G1 X109.178 Y105.869 E.01712
G1 X110 Y105.789 E.01712
G1 X110.77 Y105.864 E.01604
G1 X111.615 Y106.111 E.01826
G1 X111.622 Y106.115 E.00017
G1 X111.856 Y105.761 F9000
M204 P1000
;TYPE:Outer wall
;WIDTH:0.419999
G1 F3600
G1 X112.575 Y106.146 E.01572
G1 X113.278 Y106.722 E.01752
G1 X113.854 Y107.425 E.01752
G1 X114.283 Y108.226 E.01752
G1 X114.547 Y109.096 E.01752
G1 X114.636 Y110 E.01752
G1 X114.547 Y110.904 E.01752
G1 X114.283 Y111.774 E.01752
G1 X113.854 Y112.575 E.01752
G1 X113.278 Y113.278 E.01752
G1 X112.575 Y113.854 E.01752
G1 X111.774 Y114.283 E.01752
G1 X110.904 Y114.547 E.01752
G1 X110 Y114.636 E.01752
G1 X109.096 Y114.547 E.01752
G1 X108.226 Y114.283 E.01752
G1 X107.425 Y113.854 E.01752
G1 X106.722 Y113.278 E.01752
G1 X106.146 Y112.575 E.01752
G1 X105.717 Y111.774 E.01752
G1 X105.453 Y110.904 E.01752
G1 X105.364 Y110 E.01752
G1 X105.453 Y109.096 E.01752
G1 X105.717 Y108.226 E.01752
G1 X106.146 Y107.425 E.01752
G1 X106.722 Y106.722 E.01752
G1 X107.425 Y106.146 E.01752
G1 X108.226 Y105.717 E.01752
G1 X109.096 Y105.453 E.01752
G1 X110 Y105.364 E.01752
G1 X110.85 Y105.448 E.01646
G1 X111.775 Y105.718 E.01857
G1 X111.821 Y105.742 E.001
G1 E-.84 F2400
;WIPE_START
G1 F3600
G1 X112.575 Y106.146 E-.30798
G1 X112.687 Y106.237 E-.05202
;WIPE_END
G1 Z7.92 F9000
G1 X113.794 Y110.011 Z7.92
G1 Z7.52
G1 E1.2 F1800
M204 P2500
;TYPE:Internal solid infill
;WIDTH:0.429187
G1 F4810
G1 X113.724 Y109.271 E.01467
G1 X113.51 Y108.558 E.01467
G1 X113.161 Y107.901 E.01467
G1 X112.691 Y107.325 E.01467
G1 X112.117 Y106.851 E.01467
G1 X111.462 Y106.499 E.01467
G1 X110.75 Y106.285 E.01467
G1 X110.028 Y106.206 E.01433
G1 X109.271 Y106.276 E.01499
G1 X108.558 Y106.49 E.01468
G1 X107.901 Y106.839 E.01467
G1 X107.325 Y107.309 E.01467
G1 X106.851 Y107.883 E.01467
G1 X106.499 Y108.538 E.01467
G1 X106.281 Y109.249 E.01467
G1 X106.206 Y109.989 E.01467
G1 X106.276 Y110.729 E.01467
G1 X106.49 Y111.442 E.01467
G1 X106.839 Y112.099 E.01467
G1 X107.309 Y112.675 E.01467
G1 X107.883 Y113.149 E.01467
G1 X108.538 Y113.501 E.01467
G1 X109.249 Y113.719 E.01467
G1 X109.989 Y113.794 E.01467
G1 X110.729 Y113.724 E.01467
G1 X111.442 Y113.51 E.01467
G1 X112.099 Y113.161 E.01467
G1 X112.675 Y112.691 E.01467
G1 X113.149 Y112.117 E.01467
G1 X113.501 Y111.462 E.01467
G1 X113.719 Y110.751 E.01467
G1 X113.79 Y110.051 E.01388
G1 X113.33 Y110.516 F9000
;TYPE:Sparse infill
;WIDTH:0.45
G1 F4810
G1 X113.381 Y110 E.01075
G1 X113.316 Y109.34 E.01375
G1 X113.166 Y108.846 E.01071
G1 X111.154 Y106.834 E.05904
G1 X110.66 Y106.684 E.01071
G1 X110 Y106.619 E.01375
G1 X109.34 Y106.684 E.01375
G1 X108.706 Y106.876 E.01375
G1 X108.122 Y107.189 E.01375
G1 X107.609 Y107.609 E.01375
G1 X112.391 Y112.391 E.14026
G1 X111.878 Y112.811 E.01375
G1 X111.294 Y113.124 E.01375
G1 X110.66 Y113.316 E.01375
G1 X110 Y113.381 E.01375
G1 X109.34 Y113.316 E.01375
G1 X108.846 Y113.166 E.01071
G1 X106.834 Y111.154 E.05904
G1 X106.684 Y110.66 E.01071
G1 X106.619 Y110 E.01375
G1 X106.67 Y109.484 E.01075
; stop printing object JOYSTICK.stl id:15 copy 0
;LAYER_CHANGE
;Z:7.64
;HEIGHT:0.12
;BEFORE_LAYER_CHANGE
;7.64
G92 E0

G1 E-.97778 F2400
;WIPE_START
G1 F10800
G1 X106.619 Y110 E-.11512
G1 X106.666 Y110.48 E-.1071
;WIPE_END
;_SET_FAN_SPEED_CHANGING_LAYER
; printing object JOYSTICK.stl id:15 copy 0
G17
G3 Z8.04 I-1.052 J.612 P1  F9000
G1 X109.964 Y116.15 Z8.04
G1 Z7.64
G1 E1.2 F1800
M204 P2000
;TYPE:Inner wall
;WIDTH:0.472135
G1 F4716
G1 X109.896 Y116.155 E.00149
G1 X108.697 Y116.017 E.02634
G1 X107.548 Y115.647 E.02634
G1 X106.494 Y115.06 E.02634
G1 X105.574 Y114.279 E.02634
G1 X104.824 Y113.333 E.02634
G1 X104.273 Y112.259 E.02634
G1 X103.943 Y111.099 E.02634
G1 X103.845 Y109.896 E.02634
G1 X103.983 Y108.697 E.02634
G1 X104.353 Y107.548 E.02634
G1 X104.94 Y106.494 E.02634
G1 X105.721 Y105.574 E.02634
G1 X106.667 Y104.824 E.02634
G1 X107.741 Y104.273 E.02634
G1 X108.903 Y103.943 E.02636
G1 X110.104 Y103.845 E.02631
G1 X111.303 Y103.983 E.02634
G1 X112.452 Y104.353 E.02634
G1 X113.506 Y104.94 E.02634
G1 X114.426 Y105.721 E.02634
G1 X115.176 Y106.667 E.02634
G1 X115.727 Y107.741 E.02634
G1 X116.057 Y108.901 E.02634
;WIDTH:0.474163
G1 X116.164 Y110.034 E.02493
G1 X116.017 Y111.303 E.02802
;WIDTH:0.472135
G1 X115.647 Y112.452 E.02634
G1 X115.06 Y113.506 E.02634
G1 X114.279 Y114.426 E.02634
G1 X113.333 Y115.176 E.02634
G1 X112.259 Y115.727 E.02634
G1 X111.099 Y116.057 E.02634
G1 X110.004 Y116.147 E.02397
G1 X109.987 Y116.6 F9000
M204 P1000
;TYPE:Outer wall
;WIDTH:0.419999
G1 F3600
G1 X108.712 Y116.474 E.02468
G1 X107.474 Y116.098 E.02494
G1 X106.333 Y115.488 E.02494
G1 X105.332 Y114.668 E.02494
G1 X104.512 Y113.667 E.02494
G1 X103.902 Y112.526 E.02494
G1 X103.526 Y111.288 E.02494
G1 X103.399 Y110 E.02494
G1 X103.526 Y108.712 E.02494
G1 X103.902 Y107.474 E.02494
G1 X104.512 Y106.333 E.02494
G1 X105.332 Y105.332 E.02494
G1 X106.333 Y104.512 E.02494
G1 X107.474 Y103.902 E.02494
G1 X108.712 Y103.526 E.02493
G1 X110.034 Y103.402 E.0256
G1 X111.288 Y103.526 E.02428
G1 X112.526 Y103.902 E.02494
G1 X113.667 Y104.512 E.02494
G1 X114.668 Y105.332 E.02494
G1 X115.488 Y106.333 E.02494
G1 X116.098 Y107.474 E.02494
G1 X116.431 Y108.571 E.0221
G1 X116.489 Y108.859 E.00566
G1 X116.595 Y110.065 E.02333
G1 X116.474 Y111.288 E.02369
G1 X116.098 Y112.526 E.02494
G1 X115.488 Y113.667 E.02494
G1 X114.668 Y114.668 E.02494
G1 X113.667 Y115.488 E.02494
G1 X112.526 Y116.098 E.02494
G1 X111.288 Y116.474 E.02494
G1 X110.026 Y116.598 E.02443
G1 E-.84 F2400
;WIPE_START
G1 F3600
G1 X109.031 Y116.504 E-.36
;WIPE_END
G17
G3 Z8.04 I1.199 J.209 P1  F9000
G1 X111.141 Y104.412 Z8.04
G1 Z7.64
G1 E1.2 F1800
M204 P2000
;TYPE:Inner wall
;WIDTH:0.472135
G1 F4716
G1 X112.13 Y104.7 E.02248
G1 X113.123 Y105.218 E.02444
G1 X113.996 Y105.919 E.02444
G1 X114.715 Y106.777 E.02444
G1 X115.253 Y107.759 E.02444
G1 X115.59 Y108.826 E.02444
G1 X115.711 Y109.939 E.02444
G1 X115.613 Y111.055 E.02444
G1 X115.3 Y112.13 E.02444
G1 X114.782 Y113.123 E.02444
G1 X114.081 Y113.996 E.02444
G1 X113.223 Y114.715 E.02444
G1 X112.241 Y115.253 E.02444
G1 X111.174 Y115.59 E.02444
G1 X110.061 Y115.711 E.02444
G1 X108.945 Y115.613 E.02444
G1 X107.87 Y115.3 E.02444
G1 X106.877 Y114.782 E.02444
G1 X106.004 Y114.081 E.02444
G1 X105.285 Y113.223 E.02444
G1 X104.747 Y112.241 E.02444
G1 X104.41 Y111.174 E.02444
G1 X104.289 Y110.061 E.02444
G1 X104.387 Y108.945 E.02444
G1 X104.7 Y107.87 E.02444
G1 X105.218 Y106.877 E.02444
G1 X105.919 Y106.004 E.02444
G1 X106.777 Y105.285 E.02444
G1 X107.759 Y104.747 E.02444
G1 X108.826 Y104.41 E.02444
G1 X109.94 Y104.29 E.02444
G1 X111.055 Y104.387 E.02443
G1 X111.102 Y104.401 E.00108
G1 X111.022 Y104.821 F9000
M204 P1000
;TYPE:Outer wall
;WIDTH:0.419999
G1 F3600
G1 X112.004 Y105.115 E.01977
G1 X112.918 Y105.6 E.01995
G1 X113.721 Y106.254 E.01995
G1 X114.38 Y107.052 E.01995
G1 X114.871 Y107.963 E.01995
G1 X115.175 Y108.952 E.01995
G1 X115.28 Y109.982 E.01995
G1 X115.182 Y111.012 E.01995
G1 X114.885 Y112.004 E.01995
G1 X114.4 Y112.918 E.01995
G1 X113.746 Y113.721 E.01995
G1 X112.948 Y114.38 E.01995
G1 X112.037 Y114.871 E.01995
G1 X111.048 Y115.175 E.01995
G1 X110.018 Y115.28 E.01995
G1 X108.988 Y115.182 E.01995
G1 X107.996 Y114.885 E.01995
G1 X107.082 Y114.4 E.01995
G1 X106.279 Y113.746 E.01995
G1 X105.62 Y112.948 E.01995
G1 X105.129 Y112.037 E.01995
G1 X104.825 Y111.048 E.01995
G1 X104.72 Y110.018 E.01995
G1 X104.818 Y108.988 E.01995
G1 X105.115 Y107.996 E.01995
G1 X105.6 Y107.082 E.01995
G1 X106.254 Y106.279 E.01995
G1 X107.052 Y105.62 E.01995
G1 X107.963 Y105.129 E.01995
G1 X108.952 Y104.825 E.01995
G1 X109.982 Y104.72 E.01995
G1 X110.982 Y104.815 E.01937
G1 X111.638 Y106.196 F9000
M204 P2000
;TYPE:Inner wall
;WIDTH:0.449999
G1 F4716
G1 X112.304 Y106.552 E.01566
G1 X112.933 Y107.067 E.01686
G1 X113.448 Y107.696 E.01686
G1 X113.832 Y108.413 E.01686
G1 X114.068 Y109.191 E.01686
G1 X114.147 Y110 E.01686
G1 X114.068 Y110.809 E.01686
G1 X113.832 Y111.587 E.01686
G1 X113.448 Y112.304 E.01686
G1 X112.933 Y112.933 E.01686
G1 X112.304 Y113.448 E.01686
G1 X111.587 Y113.832 E.01686
G1 X110.809 Y114.068 E.01686
G1 X110 Y114.147 E.01686
G1 X109.191 Y114.068 E.01686
G1 X108.413 Y113.832 E.01686
G1 X107.696 Y113.448 E.01686
G1 X107.067 Y112.933 E.01686
G1 X106.552 Y112.304 E.01686
G1 X106.168 Y111.587 E.01686
G1 X105.932 Y110.809 E.01686
G1 X105.853 Y110 E.01686
G1 X105.932 Y109.191 E.01686
G1 X106.168 Y108.413 E.01686
G1 X106.552 Y107.696 E.01686
G1 X107.067 Y107.067 E.01686
G1 X107.696 Y106.552 E.01686
G1 X108.413 Y106.168 E.01686
G1 X109.191 Y105.932 E.01686
G1 X110 Y105.853 E.01686
G1 X110.809 Y105.932 E.01686
G1 X111.587 Y106.168 E.01686
G1 X111.603 Y106.177 E.00037
G1 X111.837 Y105.823 F9000
M204 P1000
;TYPE:Outer wall
;WIDTH:0.419999
G1 F3600
G1 X112.54 Y106.199 E.01536
G1 X113.233 Y106.767 E.01727
G1 X113.801 Y107.46 E.01727
G1 X114.224 Y108.251 E.01727
G1 X114.484 Y109.108 E.01727
G1 X114.572 Y110 E.01727
G1 X114.484 Y110.892 E.01727
G1 X114.224 Y111.749 E.01727
G1 X113.801 Y112.54 E.01727
G1 X113.233 Y113.233 E.01727
G1 X112.54 Y113.801 E.01727
G1 X111.749 Y114.224 E.01727
G1 X110.892 Y114.484 E.01727
G1 X110 Y114.572 E.01727
G1 X109.108 Y114.484 E.01727
G1 X108.251 Y114.224 E.01727
G1 X107.46 Y113.801 E.01727
G1 X106.767 Y113.233 E.01727
G1 X106.199 Y112.54 E.01727
G1 X105.776 Y111.749 E.01727
G1 X105.516 Y110.892 E.01727
G1 X105.428 Y110 E.01727
G1 X105.516 Y109.108 E.01727
G1 X105.776 Y108.251 E.01727
G1 X106.199 Y107.46 E.01727
G1 X106.767 Y106.767 E.01727
G1 X107.46 Y106.199 E.01727
G1 X108.251 Y105.776 E.01727
G1 X109.108 Y105.516 E.01727
G1 X110 Y105.428 E.01727
G1 X110.892 Y105.516 E.01727
G1 X111.749 Y105.776 E.01727
G1 X111.802 Y105.804 E.00115
G1 E-.84 F2400
;WIPE_START
G1 F3600
G1 X112.54 Y106.199 E-.30123
G1 X112.666 Y106.302 E-.05877
;WIPE_END
G1 Z8.04 F9000
G1 X113.73 Y110.011 Z8.04
G1 Z7.64
G1 E1.2 F1800
M204 P2500
;TYPE:Internal solid infill
;WIDTH:0.429525
G1 F4716
G1 X113.661 Y109.283 E.01444
G1 X113.451 Y108.583 E.01444
G1 X113.108 Y107.937 E.01444
G1 X112.646 Y107.37 E.01444
G1 X112.082 Y106.905 E.01444
G1 X111.438 Y106.558 E.01444
G1 X110.739 Y106.344 E.01444
G1 X110.024 Y106.271 E.01418
G1 X109.282 Y106.339 E.01471
G1 X108.583 Y106.549 E.01442
G1 X107.937 Y106.892 E.01444
G1 X107.37 Y107.354 E.01444
G1 X106.905 Y107.918 E.01444
G1 X106.558 Y108.562 E.01444
G1 X106.344 Y109.261 E.01444
G1 X106.27 Y109.989 E.01444
G1 X106.339 Y110.717 E.01444
G1 X106.549 Y111.417 E.01444
G1 X106.892 Y112.063 E.01444
G1 X107.354 Y112.63 E.01444
G1 X107.918 Y113.095 E.01444
G1 X108.562 Y113.442 E.01444
G1 X109.261 Y113.656 E.01444
G1 X109.989 Y113.73 E.01444
G1 X110.717 Y113.661 E.01444
G1 X111.417 Y113.451 E.01444
G1 X112.063 Y113.108 E.01444
G1 X112.63 Y112.646 E.01444
G1 X113.095 Y112.082 E.01444
G1 X113.442 Y111.438 E.01444
G1 X113.656 Y110.739 E.01444
G1 X113.726 Y110.051 E.01365
G1 X113.276 Y110.415 F9000
;TYPE:Sparse infill
;WIDTH:0.45
G1 F4716
G1 X113.317 Y110 E.00866
G1 X113.253 Y109.353 E.01349
G1 X113.071 Y108.751 E.01305
G1 X111.249 Y106.929 E.05343
G1 X110.647 Y106.747 E.01305
G1 X110.013 Y106.684 E.01323
G1 X109.351 Y106.747 E.01378
G1 X108.731 Y106.936 E.01345
G1 X108.157 Y107.242 E.01349
G1 X107.655 Y107.655 E.01349
G1 X112.345 Y112.345 E.1376
G1 X111.843 Y112.758 E.01349
G1 X111.269 Y113.064 E.01349
G1 X110.647 Y113.253 E.01349
G1 X110 Y113.317 E.01349
G1 X109.353 Y113.253 E.01349
G1 X108.751 Y113.071 E.01305
G1 X106.929 Y111.249 E.05343
G1 X106.747 Y110.647 E.01305
G1 X106.683 Y110 E.01349
G1 X106.724 Y109.585 E.00866
; stop printing object JOYSTICK.stl id:15 copy 0
;LAYER_CHANGE
;Z:7.76
;HEIGHT:0.12
;BEFORE_LAYER_CHANGE
;7.76
G92 E0

G1 E-.97778 F2400
;WIPE_START
G1 F10800
G1 X106.683 Y110 E-.09277
G1 X106.74 Y110.58 E-.12945
;WIPE_END
;_SET_FAN_SPEED_CHANGING_LAYER
; printing object JOYSTICK.stl id:15 copy 0
G17
G3 Z8.16 I-1.053 J.611 P1  F9000
G1 X109.963 Y116.133 Z8.16
G1 Z7.76
G1 E1.2 F1800
M204 P2000
;TYPE:Inner wall
;WIDTH:0.504051
G1 F4659
G1 X109.891 Y116.139 E.00169
G1 X108.695 Y116 E.02815
G1 X107.55 Y115.63 E.02815
G1 X106.499 Y115.044 E.02815
G1 X105.582 Y114.264 E.02815
G1 X104.835 Y113.32 E.02815
G1 X104.287 Y112.249 E.02815
G1 X103.958 Y111.091 E.02815
G1 X103.861 Y109.891 E.02815
G1 X104 Y108.695 E.02815
G1 X104.37 Y107.55 E.02815
G1 X104.956 Y106.499 E.02815
G1 X105.736 Y105.582 E.02815
G1 X106.68 Y104.835 E.02815
G1 X107.751 Y104.287 E.02815
G1 X108.91 Y103.958 E.02816
G1 X110.109 Y103.861 E.02814
G1 X111.305 Y104 E.02815
G1 X112.45 Y104.37 E.02815
G1 X113.501 Y104.956 E.02815
G1 X114.418 Y105.736 E.02815
G1 X115.165 Y106.68 E.02815
G1 X115.713 Y107.751 E.02815
G1 X116.042 Y108.909 E.02815
;WIDTH:0.506155
G1 X116.147 Y110.036 E.02658
G1 X116 Y111.305 E.03
;WIDTH:0.504051
G1 X115.63 Y112.45 E.02815
G1 X115.044 Y113.501 E.02815
G1 X114.264 Y114.418 E.02815
G1 X113.32 Y115.165 E.02815
G1 X112.249 Y115.713 E.02815
G1 X111.091 Y116.042 E.02815
G1 X110.003 Y116.13 E.02553
G1 X109.986 Y116.6 F9000
M204 P1000
;TYPE:Outer wall
;WIDTH:0.419999
G1 F3600
G1 X108.712 Y116.474 E.02468
G1 X107.474 Y116.098 E.02494
G1 X106.333 Y115.488 E.02494
G1 X105.332 Y114.668 E.02494
G1 X104.512 Y113.667 E.02494
G1 X103.902 Y112.526 E.02494
G1 X103.526 Y111.288 E.02494
G1 X103.399 Y110 E.02494
G1 X103.526 Y108.712 E.02494
G1 X103.902 Y107.474 E.02494
G1 X104.512 Y106.333 E.02494
G1 X105.332 Y105.332 E.02494
G1 X106.333 Y104.512 E.02494
G1 X107.474 Y103.902 E.02494
G1 X108.712 Y103.526 E.02494
G1 X110.013 Y103.4 E.02519
G1 X111.288 Y103.526 E.0247
G1 X112.526 Y103.902 E.02494
G1 X113.667 Y104.512 E.02494
G1 X114.668 Y105.332 E.02494
G1 X115.488 Y106.333 E.02494
G1 X116.098 Y107.474 E.02494
G1 X116.429 Y108.565 E.02198
G1 X116.489 Y108.865 E.0059
G1 X116.594 Y110.068 E.02327
G1 X116.474 Y111.288 E.02363
G1 X116.098 Y112.526 E.02494
G1 X115.488 Y113.667 E.02494
G1 X114.668 Y114.668 E.02494
G1 X113.667 Y115.488 E.02494
G1 X112.526 Y116.098 E.02494
G1 X111.288 Y116.474 E.02494
G1 X110.026 Y116.598 E.02444
G1 E-.84 F2400
;WIPE_START
G1 F3600
G1 X109.031 Y116.504 E-.36
;WIPE_END
G17
G3 Z8.16 I1.199 J.209 P1  F9000
G1 X111.13 Y104.459 Z8.16
G1 Z7.76
G1 E1.2 F1800
M204 P2000
;TYPE:Inner wall
;WIDTH:0.50405
G1 F4659
G1 X112.11 Y104.744 E.02385
G1 X113.095 Y105.257 E.02596
G1 X113.96 Y105.952 E.02596
G1 X114.674 Y106.802 E.02596
G1 X115.208 Y107.776 E.02596
G1 X115.542 Y108.834 E.02596
G1 X115.663 Y109.938 E.02596
G1 X115.566 Y111.044 E.02596
G1 X115.256 Y112.11 E.02596
G1 X114.743 Y113.095 E.02596
G1 X114.048 Y113.96 E.02596
G1 X113.198 Y114.674 E.02596
G1 X112.224 Y115.208 E.02596
G1 X111.166 Y115.542 E.02596
G1 X110.062 Y115.663 E.02596
G1 X108.956 Y115.566 E.02596
G1 X107.89 Y115.256 E.02596
G1 X106.905 Y114.743 E.02596
G1 X106.04 Y114.048 E.02596
G1 X105.326 Y113.198 E.02596
G1 X104.792 Y112.224 E.02596
G1 X104.458 Y111.166 E.02596
G1 X104.337 Y110.062 E.02596
G1 X104.434 Y108.956 E.02596
G1 X104.744 Y107.89 E.02596
G1 X105.257 Y106.905 E.02596
G1 X105.952 Y106.04 E.02596
G1 X106.802 Y105.326 E.02596
G1 X107.776 Y104.792 E.02596
G1 X108.834 Y104.458 E.02596
G1 X109.938 Y104.338 E.02596
G1 X111.044 Y104.434 E.02596
G1 X111.092 Y104.448 E.00117
G1 X111.007 Y104.883 F9000
M204 P1000
;TYPE:Outer wall
;WIDTH:0.419999
G1 F3600
G1 X111.979 Y105.174 E.01957
G1 X112.883 Y105.653 E.01971
G1 X113.675 Y106.299 E.01971
G1 X114.327 Y107.087 E.01971
G1 X114.812 Y107.987 E.01971
G1 X115.112 Y108.965 E.01971
G1 X115.216 Y109.982 E.01971
G1 X115.119 Y111 E.01971
G1 X114.826 Y111.979 E.01971
G1 X114.347 Y112.883 E.01971
G1 X113.701 Y113.675 E.01971
G1 X112.913 Y114.327 E.01971
G1 X112.013 Y114.812 E.01971
G1 X111.035 Y115.112 E.01971
G1 X110.018 Y115.216 E.01971
G1 X109 Y115.119 E.01971
G1 X108.021 Y114.826 E.01971
G1 X107.117 Y114.347 E.01971
G1 X106.325 Y113.701 E.01971
G1 X105.673 Y112.913 E.01971
G1 X105.188 Y112.013 E.01971
G1 X104.888 Y111.035 E.01971
G1 X104.784 Y110.018 E.01971
G1 X104.881 Y109 E.01971
G1 X105.174 Y108.021 E.01971
G1 X105.653 Y107.117 E.01971
G1 X106.299 Y106.325 E.01971
G1 X107.087 Y105.673 E.01971
G1 X107.987 Y105.188 E.01971
G1 X108.965 Y104.888 E.01971
G1 X109.982 Y104.784 E.01971
G1 X110.967 Y104.878 E.01908
G1 X111.619 Y106.258 F9000
M204 P2000
;TYPE:Inner wall
;WIDTH:0.449999
G1 F4659
G1 X112.269 Y106.605 E.01528
G1 X112.887 Y107.113 E.0166
G1 X113.395 Y107.731 E.0166
G1 X113.772 Y108.437 E.0166
G1 X114.005 Y109.203 E.0166
G1 X114.083 Y110 E.0166
G1 X114.005 Y110.797 E.0166
G1 X113.772 Y111.563 E.0166
G1 X113.395 Y112.269 E.0166
G1 X112.887 Y112.887 E.0166
G1 X112.269 Y113.395 E.0166
G1 X111.563 Y113.772 E.0166
G1 X110.797 Y114.005 E.0166
G1 X110 Y114.083 E.0166
G1 X109.203 Y114.005 E.0166
G1 X108.437 Y113.772 E.0166
G1 X107.731 Y113.395 E.0166
G1 X107.113 Y112.887 E.0166
G1 X106.605 Y112.269 E.0166
G1 X106.228 Y111.563 E.0166
G1 X105.995 Y110.797 E.0166
G1 X105.917 Y110 E.0166
G1 X105.995 Y109.203 E.0166
G1 X106.228 Y108.437 E.0166
G1 X106.605 Y107.731 E.0166
G1 X107.113 Y107.113 E.0166
G1 X107.731 Y106.605 E.0166
G1 X108.437 Y106.228 E.0166
G1 X109.203 Y105.995 E.0166
G1 X110 Y105.917 E.0166
G1 X110.797 Y105.995 E.0166
G1 X111.563 Y106.228 E.0166
G1 X111.584 Y106.239 E.0005
G1 X111.818 Y105.885 F9000
M204 P1000
;TYPE:Outer wall
;WIDTH:0.419999
G1 F3600
G1 X112.504 Y106.252 E.015
G1 X113.187 Y106.813 E.01703
G1 X113.748 Y107.496 E.01703
G1 X114.164 Y108.275 E.01703
G1 X114.421 Y109.121 E.01703
G1 X114.507 Y110 E.01703
G1 X114.421 Y110.879 E.01703
G1 X114.164 Y111.725 E.01703
G1 X113.748 Y112.504 E.01703
G1 X113.187 Y113.187 E.01703
G1 X112.504 Y113.748 E.01703
G1 X111.725 Y114.164 E.01703
G1 X110.879 Y114.421 E.01703
G1 X110 Y114.507 E.01703
G1 X109.121 Y114.421 E.01703
G1 X108.275 Y114.164 E.01703
G1 X107.496 Y113.748 E.01703
G1 X106.813 Y113.187 E.01703
G1 X106.252 Y112.504 E.01703
G1 X105.836 Y111.725 E.01703
G1 X105.579 Y110.879 E.01703
G1 X105.493 Y110 E.01703
G1 X105.579 Y109.121 E.01703
G1 X105.836 Y108.275 E.01703
G1 X106.252 Y107.496 E.01703
G1 X106.813 Y106.813 E.01703
G1 X107.496 Y106.252 E.01703
G1 X108.275 Y105.836 E.01703
G1 X109.121 Y105.579 E.01703
G1 X110 Y105.493 E.01703
G1 X110.879 Y105.579 E.01703
G1 X111.725 Y105.836 E.01703
G1 X111.783 Y105.867 E.00126
G1 E-.84 F2400
;WIPE_START
G1 F3600
G1 X112.504 Y106.252 E-.29453
G1 X112.645 Y106.368 E-.06547
;WIPE_END
G1 Z8.16 F9000
G1 X109.834 Y106.794 Z8.16
G1 Z7.76
G1 E1.2 F1800
M204 P2500
;TYPE:Sparse infill
;WIDTH:0.45
G1 F4659
G1 X110 Y106.778 E.00346
G1 X110.629 Y106.84 E.0131
G1 X111.233 Y107.023 E.0131
G1 X111.469 Y107.149 E.00554
G1 X112.851 Y108.531 E.04056
G1 X112.977 Y108.767 E.00554
G1 X113.16 Y109.371 E.0131
G1 X113.222 Y110 E.0131
G1 X113.16 Y110.629 E.0131
G1 X112.977 Y111.233 E.0131
G1 X112.679 Y111.79 E.0131
G1 X112.279 Y112.279 E.0131
G1 X107.721 Y107.721 E.13368
G1 X107.321 Y108.21 E.0131
G1 X107.023 Y108.767 E.0131
G1 X106.84 Y109.371 E.0131
G1 X106.778 Y110 E.0131
G1 X106.84 Y110.629 E.0131
G1 X107.023 Y111.233 E.0131
G1 X107.149 Y111.469 E.00554
G1 X108.531 Y112.851 E.04056
G1 X108.767 Y112.977 E.00554
G1 X109.371 Y113.16 E.0131
G1 X110 Y113.222 E.0131
G1 X110.166 Y113.206 E.00346
G1 X113.651 Y110.013 F9000
;TYPE:Internal solid infill
;WIDTH:0.459732
G1 F4659
G1 X113.583 Y109.3 E.01519
G1 X113.378 Y108.615 E.01519
G1 X113.043 Y107.982 E.01519
G1 X112.59 Y107.427 E.01519
G1 X112.039 Y106.972 E.01519
G1 X111.409 Y106.632 E.01519
G1 X110.725 Y106.422 E.01519
G1 X110.029 Y106.35 E.01483
G1 X109.301 Y106.417 E.01553
G1 X108.615 Y106.622 E.0152
G1 X107.982 Y106.957 E.01519
G1 X107.427 Y107.41 E.01519
G1 X106.972 Y107.961 E.01519
G1 X106.632 Y108.591 E.01519
G1 X106.422 Y109.275 E.01519
G1 X106.349 Y109.987 E.01519
G1 X106.417 Y110.7 E.01519
G1 X106.622 Y111.385 E.01519
G1 X106.957 Y112.018 E.01519
G1 X107.41 Y112.573 E.01519
G1 X107.961 Y113.028 E.01519
G1 X108.591 Y113.368 E.01518
G1 X109.275 Y113.578 E.01519
G1 X109.987 Y113.651 E.01519
G1 X110.7 Y113.583 E.01519
G1 X111.385 Y113.378 E.01519
G1 X112.018 Y113.043 E.01519
G1 X112.573 Y112.59 E.01519
G1 X113.028 Y112.039 E.01519
G1 X113.368 Y111.409 E.01519
G1 X113.578 Y110.725 E.01519
G1 X113.647 Y110.052 E.01434
; stop printing object JOYSTICK.stl id:15 copy 0
;LAYER_CHANGE
;Z:7.88
;HEIGHT:0.12
;BEFORE_LAYER_CHANGE
;7.88
G92 E0

G1 E-.97778 F2400
;WIPE_START
G1 F10800
G1 X113.578 Y110.725 E-.15015
G1 X113.483 Y111.035 E-.07207
;WIPE_END
;_SET_FAN_SPEED_CHANGING_LAYER
; printing object JOYSTICK.stl id:15 copy 0
G17
G3 Z8.28 I-1 J-.693 P1  F9000
G1 X109.962 Y116.113 Z8.28
G1 Z7.88
G1 E1.2 F1800
M204 P2000
;TYPE:Inner wall
;WIDTH:0.533509
G1 F4544
G1 X109.887 Y116.119 E.00186
G1 X108.695 Y115.979 E.02978
G1 X107.554 Y115.61 E.02978
G1 X106.506 Y115.025 E.02978
G1 X105.593 Y114.246 E.02978
G1 X104.85 Y113.305 E.02978
G1 X104.304 Y112.237 E.02978
G1 X103.977 Y111.083 E.02978
G1 X103.881 Y109.887 E.02978
G1 X104.021 Y108.695 E.02978
G1 X104.39 Y107.554 E.02978
G1 X104.975 Y106.506 E.02978
G1 X105.754 Y105.593 E.02978
G1 X106.695 Y104.85 E.02978
G1 X107.763 Y104.304 E.02978
G1 X108.917 Y103.977 E.02978
G1 X110.113 Y103.881 E.02978
G1 X111.304 Y104.022 E.02976
G1 X112.446 Y104.39 E.02979
G1 X113.494 Y104.975 E.02978
G1 X114.407 Y105.754 E.02978
G1 X115.15 Y106.695 E.02978
G1 X115.696 Y107.763 E.02978
G1 X116.023 Y108.917 E.02978
;WIDTH:0.535685
G1 X116.128 Y110.038 E.02806
G1 X115.979 Y111.305 E.0318
;WIDTH:0.533509
G1 X115.61 Y112.446 E.02978
G1 X115.025 Y113.494 E.02978
G1 X114.246 Y114.407 E.02978
G1 X113.305 Y115.15 E.02978
G1 X112.237 Y115.696 E.02978
G1 X111.083 Y116.023 E.02978
G1 X110.001 Y116.11 E.02693
G1 X109.987 Y116.595 F9000
M204 P1000
;TYPE:Outer wall
;WIDTH:0.419999
G1 F3600
G1 X108.713 Y116.469 E.02466
G1 X107.476 Y116.094 E.02492
G1 X106.335 Y115.484 E.02492
G1 X105.336 Y114.664 E.02492
G1 X104.516 Y113.665 E.02492
G1 X103.906 Y112.524 E.02492
G1 X103.531 Y111.287 E.02492
G1 X103.404 Y110 E.02492
G1 X103.531 Y108.713 E.02492
G1 X103.906 Y107.476 E.02492
G1 X104.516 Y106.335 E.02492
G1 X105.336 Y105.336 E.02492
G1 X106.335 Y104.516 E.02492
G1 X107.476 Y103.906 E.02492
G1 X108.713 Y103.531 E.02492
G1 X110 Y103.404 E.02492
G1 X111.273 Y103.529 E.02466
G1 X112.524 Y103.906 E.02518
G1 X113.665 Y104.516 E.02492
G1 X114.664 Y105.336 E.02492
G1 X115.484 Y106.335 E.02492
G1 X116.094 Y107.476 E.02492
G1 X116.423 Y108.561 E.02185
G1 X116.485 Y108.872 E.00612
G1 X116.589 Y110.071 E.02319
G1 X116.469 Y111.287 E.02356
G1 X116.094 Y112.524 E.02492
G1 X115.484 Y113.665 E.02492
G1 X114.664 Y114.664 E.02492
G1 X113.665 Y115.484 E.02492
G1 X112.524 Y116.094 E.02492
G1 X111.287 Y116.469 E.02492
G1 X110.026 Y116.593 E.02441
G1 E-.84 F2400
;WIPE_START
G1 F3600
G1 X109.031 Y116.499 E-.36
;WIPE_END
G17
G3 Z8.28 I1.199 J.209 P1  F9000
G1 X111.12 Y104.507 Z8.28
G1 Z7.88
G1 E1.2 F1800
M204 P2000
;TYPE:Inner wall
;WIDTH:0.533509
G1 F4544
G1 X112.089 Y104.79 E.02507
G1 X113.066 Y105.297 E.02732
G1 X113.924 Y105.986 E.02732
G1 X114.632 Y106.829 E.02732
G1 X115.162 Y107.793 E.02732
G1 X115.493 Y108.843 E.02732
G1 X115.613 Y109.936 E.02732
G1 X115.518 Y111.033 E.02732
G1 X115.21 Y112.089 E.02732
G1 X114.703 Y113.066 E.02732
G1 X114.014 Y113.924 E.02732
G1 X113.171 Y114.632 E.02732
G1 X112.207 Y115.162 E.02732
G1 X111.157 Y115.493 E.02732
G1 X110.064 Y115.613 E.02732
G1 X108.967 Y115.518 E.02732
G1 X107.911 Y115.21 E.02732
G1 X106.934 Y114.703 E.02732
G1 X106.076 Y114.014 E.02732
G1 X105.368 Y113.171 E.02732
G1 X104.838 Y112.207 E.02732
G1 X104.507 Y111.157 E.02732
G1 X104.387 Y110.064 E.02732
G1 X104.482 Y108.967 E.02732
G1 X104.79 Y107.911 E.02732
G1 X105.297 Y106.934 E.02732
G1 X105.986 Y106.076 E.02732
G1 X106.829 Y105.368 E.02732
G1 X107.793 Y104.838 E.02732
G1 X108.843 Y104.507 E.02732
G1 X109.936 Y104.387 E.02732
G1 X111.033 Y104.482 E.02732
G1 X111.081 Y104.496 E.00125
G1 X110.992 Y104.945 F9000
M204 P1000
;TYPE:Outer wall
;WIDTH:0.419999
G1 F3600
G1 X111.955 Y105.233 E.01937
G1 X112.847 Y105.706 E.01947
G1 X113.63 Y106.344 E.01947
G1 X114.274 Y107.123 E.01947
G1 X114.753 Y108.012 E.01947
G1 X115.049 Y108.977 E.01947
G1 X115.152 Y109.982 E.01947
G1 X115.056 Y110.987 E.01947
G1 X114.767 Y111.955 E.01947
G1 X114.294 Y112.847 E.01947
G1 X113.656 Y113.63 E.01947
G1 X112.877 Y114.274 E.01947
G1 X111.988 Y114.753 E.01947
G1 X111.023 Y115.049 E.01947
G1 X110.018 Y115.152 E.01947
G1 X109.013 Y115.056 E.01947
G1 X108.045 Y114.767 E.01947
G1 X107.153 Y114.294 E.01947
G1 X106.37 Y113.656 E.01947
G1 X105.726 Y112.877 E.01947
G1 X105.247 Y111.988 E.01947
G1 X104.951 Y111.023 E.01947
G1 X104.848 Y110.018 E.01947
G1 X104.944 Y109.013 E.01947
G1 X105.233 Y108.045 E.01947
G1 X105.706 Y107.153 E.01947
G1 X106.344 Y106.37 E.01947
G1 X107.123 Y105.726 E.01947
G1 X108.012 Y105.247 E.01947
G1 X108.977 Y104.951 E.01947
G1 X109.982 Y104.848 E.01947
G1 X110.952 Y104.94 E.01879
G1 X111.6 Y106.32 F9000
M204 P2000
;TYPE:Inner wall
;WIDTH:0.449999
G1 F4544
G1 X112.233 Y106.658 E.01489
G1 X112.842 Y107.158 E.01634
G1 X113.342 Y107.767 E.01634
G1 X113.713 Y108.462 E.01634
G1 X113.942 Y109.216 E.01634
G1 X114.019 Y110 E.01634
G1 X113.942 Y110.784 E.01634
G1 X113.713 Y111.538 E.01634
G1 X113.342 Y112.233 E.01634
G1 X112.842 Y112.842 E.01634
G1 X112.233 Y113.342 E.01634
G1 X111.538 Y113.713 E.01634
G1 X110.784 Y113.942 E.01634
G1 X110 Y114.019 E.01634
G1 X109.216 Y113.942 E.01634
G1 X108.462 Y113.713 E.01634
G1 X107.767 Y113.342 E.01634
G1 X107.158 Y112.842 E.01634
G1 X106.658 Y112.233 E.01634
G1 X106.287 Y111.538 E.01634
G1 X106.058 Y110.784 E.01634
G1 X105.981 Y110 E.01634
G1 X106.058 Y109.216 E.01634
G1 X106.287 Y108.462 E.01634
G1 X106.658 Y107.767 E.01634
G1 X107.158 Y107.158 E.01634
G1 X107.767 Y106.658 E.01634
G1 X108.462 Y106.287 E.01634
G1 X109.216 Y106.058 E.01634
G1 X110 Y105.981 E.01634
G1 X110.784 Y106.058 E.01634
G1 X111.538 Y106.287 E.01634
G1 X111.564 Y106.301 E.00062
G1 X111.799 Y105.948 F9000
M204 P1000
;TYPE:Outer wall
;WIDTH:0.419999
G1 F3600
G1 X112.469 Y106.306 E.01464
G1 X113.142 Y106.858 E.01679
G1 X113.694 Y107.531 E.01679
G1 X114.105 Y108.3 E.01679
G1 X114.358 Y109.133 E.01679
G1 X114.443 Y110 E.01679
G1 X114.358 Y110.867 E.01679
G1 X114.105 Y111.7 E.01679
G1 X113.694 Y112.469 E.01679
G1 X113.142 Y113.142 E.01679
G1 X112.469 Y113.694 E.01679
G1 X111.7 Y114.105 E.01679
G1 X110.867 Y114.358 E.01679
G1 X110 Y114.443 E.01679
G1 X109.133 Y114.358 E.01679
G1 X108.3 Y114.105 E.01679
G1 X107.531 Y113.694 E.01679
G1 X106.858 Y113.142 E.01679
G1 X106.306 Y112.469 E.01679
G1 X105.895 Y111.7 E.01679
G1 X105.642 Y110.867 E.01679
G1 X105.557 Y110 E.01679
G1 X105.642 Y109.133 E.01679
G1 X105.895 Y108.3 E.01679
G1 X106.306 Y107.531 E.01679
G1 X106.858 Y106.858 E.01679
G1 X107.531 Y106.306 E.01679
G1 X108.3 Y105.895 E.01679
G1 X109.133 Y105.642 E.01679
G1 X110 Y105.557 E.01679
G1 X110.867 Y105.642 E.01679
G1 X111.7 Y105.895 E.01679
G1 X111.763 Y105.929 E.00138
G1 E-.84 F2400
;WIPE_START
G1 F3600
G1 X112.469 Y106.306 E-.28783
G1 X112.623 Y106.433 E-.07217
;WIPE_END
G1 Z8.28 F9000
G1 X110.108 Y106.887 Z8.28
G1 Z7.88
G1 E1.2 F1800
M204 P2500
;TYPE:Sparse infill
;WIDTH:0.45
G1 F4544
G1 X110.609 Y106.936 E.01046
G1 X111.195 Y107.114 E.0127
G1 X111.707 Y107.387 E.01204
G1 X112.613 Y108.293 E.02656
G1 X112.886 Y108.805 E.01204
G1 X113.064 Y109.391 E.0127
G1 X113.124 Y110 E.0127
G1 X113.064 Y110.609 E.0127
G1 X112.886 Y111.195 E.0127
G1 X112.597 Y111.736 E.0127
G1 X112.209 Y112.209 E.0127
G1 X107.791 Y107.791 E.1296
G1 X107.403 Y108.264 E.0127
G1 X107.114 Y108.805 E.0127
G1 X106.936 Y109.391 E.0127
G1 X106.876 Y110 E.0127
G1 X106.936 Y110.609 E.0127
G1 X107.114 Y111.195 E.0127
G1 X107.387 Y111.707 E.01204
G1 X108.293 Y112.613 E.02656
G1 X108.805 Y112.886 E.01204
G1 X109.391 Y113.064 E.0127
G1 X109.892 Y113.113 E.01046
G1 X113.569 Y110.014 F9000
;TYPE:Internal solid infill
;WIDTH:0.493909
G1 F4544
G1 X113.503 Y109.318 E.01602
G1 X113.303 Y108.647 E.01602
G1 X112.976 Y108.029 E.01602
G1 X112.534 Y107.486 E.01602
G1 X111.995 Y107.04 E.01602
G1 X111.379 Y106.708 E.01602
G1 X110.71 Y106.502 E.01602
G1 X110.031 Y106.432 E.01563
G1 X109.318 Y106.496 E.01638
G1 X108.647 Y106.697 E.01603
G1 X108.029 Y107.024 E.01602
G1 X107.486 Y107.466 E.01602
G1 X107.04 Y108.005 E.01602
G1 X106.708 Y108.621 E.01602
G1 X106.502 Y109.29 E.01602
G1 X106.431 Y109.986 E.01602
G1 X106.497 Y110.682 E.01602
G1 X106.697 Y111.353 E.01602
G1 X107.024 Y111.971 E.01602
G1 X107.466 Y112.514 E.01602
G1 X108.005 Y112.96 E.01602
G1 X108.621 Y113.292 E.01602
G1 X109.29 Y113.498 E.01602
G1 X109.986 Y113.569 E.01602
G1 X110.682 Y113.503 E.01602
G1 X111.353 Y113.303 E.01602
G1 X111.971 Y112.976 E.01602
G1 X112.514 Y112.534 E.01602
G1 X112.96 Y111.995 E.01602
G1 X113.292 Y111.379 E.01602
G1 X113.498 Y110.71 E.01602
G1 X113.565 Y110.054 E.0151
; stop printing object JOYSTICK.stl id:15 copy 0
;LAYER_CHANGE
;Z:8
;HEIGHT:0.12
;BEFORE_LAYER_CHANGE
;8
G92 E0

G1 E-.97778 F2400
;WIPE_START
G1 F10800
G1 X113.498 Y110.71 E-.1466
G1 X113.398 Y111.036 E-.07562
;WIPE_END
;_SET_FAN_SPEED_CHANGING_LAYER
; printing object JOYSTICK.stl id:15 copy 0
G17
G3 Z8.4 I-1.004 J-.688 P1  F9000
G1 X109.957 Y116.054 Z8.4
G1 Z8
G1 E1.2 F1800
M204 P2000
;TYPE:Inner wall
;WIDTH:0.536847
G1 F4060
G1 X109.886 Y116.06 E.00177
G1 X108.706 Y115.921 E.02969
G1 X107.576 Y115.555 E.02969
G1 X106.539 Y114.975 E.02969
G1 X105.635 Y114.204 E.02969
G1 X104.898 Y113.272 E.02969
G1 X104.358 Y112.214 E.02969
G1 X104.035 Y111.071 E.02969
G1 X103.94 Y109.886 E.02969
G1 X104.079 Y108.706 E.02969
G1 X104.445 Y107.576 E.02969
G1 X105.025 Y106.539 E.02969
G1 X105.796 Y105.635 E.02969
G1 X106.728 Y104.898 E.02969
G1 X107.786 Y104.358 E.02969
;WIDTH:0.542255
G1 X108.768 Y104.063 E.02589
G1 X108.984 Y104.029 E.00553
;WIDTH:0.536848
G1 X110.114 Y103.94 E.02831
G1 X111.294 Y104.079 E.02969
G1 X112.424 Y104.445 E.02969
G1 X113.461 Y105.025 E.02969
G1 X114.365 Y105.796 E.02969
G1 X115.102 Y106.728 E.02969
G1 X115.642 Y107.786 E.02969
G1 X115.965 Y108.929 E.02969
;WIDTH:0.539031
G1 X116.068 Y110.038 E.02795
G1 X115.921 Y111.294 E.03172
;WIDTH:0.536847
G1 X115.555 Y112.424 E.02969
G1 X114.975 Y113.461 E.02969
G1 X114.204 Y114.365 E.02969
G1 X113.272 Y115.102 E.02969
G1 X112.214 Y115.642 E.02969
G1 X111.071 Y115.965 E.02969
G1 X109.997 Y116.051 E.02692
G1 X109.992 Y116.538 F9000
M204 P1000
;TYPE:Outer wall
;WIDTH:0.419999
G1 F3600
G1 X108.724 Y116.413 E.02455
G1 X107.498 Y116.041 E.02471
G1 X106.367 Y115.437 E.02471
G1 X105.377 Y114.623 E.02471
G1 X104.563 Y113.633 E.02471
G1 X103.959 Y112.502 E.02471
G1 X103.587 Y111.276 E.02471
G1 X103.461 Y110 E.02471
G1 X103.587 Y108.724 E.02471
G1 X103.959 Y107.498 E.02471
G1 X104.563 Y106.367 E.02471
G1 X105.377 Y105.377 E.02471
G1 X106.367 Y104.563 E.02471
G1 X107.498 Y103.959 E.02471
G1 X108.724 Y103.587 E.02471
G1 X110 Y103.461 E.02471
G1 X111.276 Y103.587 E.02471
G1 X112.502 Y103.959 E.02471
G1 X113.633 Y104.563 E.02471
G1 X114.623 Y105.377 E.02471
G1 X115.437 Y106.367 E.02471
G1 X116.041 Y107.498 E.02471
G1 X116.366 Y108.571 E.02162
G1 X116.429 Y108.884 E.00615
G1 X116.532 Y110.071 E.02297
G1 X116.413 Y111.276 E.02333
G1 X116.041 Y112.502 E.02471
G1 X115.437 Y113.633 E.02471
G1 X114.623 Y114.623 E.02471
G1 X113.633 Y115.437 E.02471
G1 X112.502 Y116.041 E.02471
G1 X111.276 Y116.413 E.02471
G1 X110.032 Y116.535 E.02409
G1 E-.84 F2400
;WIPE_START
G1 F3600
G1 X109.036 Y116.442 E-.36
;WIPE_END
G17
G3 Z8.4 I1.199 J.209 P1  F9000
G1 X111.105 Y104.568 Z8.4
G1 Z8
G1 E1.2 F1800
M204 P2000
;TYPE:Inner wall
;WIDTH:0.536848
G1 F4060
G1 X112.065 Y104.847 E.02499
G1 X113.031 Y105.349 E.02719
G1 X113.88 Y106.03 E.02719
G1 X114.58 Y106.863 E.02719
G1 X115.104 Y107.817 E.02719
G1 X115.432 Y108.855 E.02719
G1 X115.551 Y109.936 E.02719
G1 X115.457 Y111.02 E.02719
G1 X115.153 Y112.065 E.02719
G1 X114.651 Y113.031 E.02719
G1 X113.97 Y113.88 E.02719
G1 X113.137 Y114.58 E.02719
G1 X112.183 Y115.104 E.02719
G1 X111.145 Y115.432 E.02719
G1 X110.064 Y115.551 E.02719
G1 X108.98 Y115.457 E.02719
G1 X107.935 Y115.153 E.02719
G1 X106.969 Y114.651 E.02719
G1 X106.12 Y113.97 E.02719
G1 X105.42 Y113.137 E.02719
G1 X104.896 Y112.183 E.02719
G1 X104.568 Y111.145 E.02719
G1 X104.449 Y110.064 E.02719
G1 X104.543 Y108.98 E.02719
G1 X104.847 Y107.935 E.02719
G1 X105.349 Y106.969 E.02719
G1 X106.03 Y106.12 E.02719
;WIDTH:0.536847
G1 X106.863 Y105.42 E.02719
G1 X107.872 Y104.866 E.02878
;WIDTH:0.542255
G1 X108.915 Y104.558 E.02746
G1 X109.936 Y104.449 E.02593
;WIDTH:0.536848
G1 X111.02 Y104.543 E.02719
G1 X111.067 Y104.557 E.00121
G1 X110.977 Y105.007 F9000
M204 P1000
;TYPE:Outer wall
;WIDTH:0.419999
G1 F3600
G1 X111.93 Y105.293 E.01918
G1 X112.812 Y105.76 E.01922
G1 X113.585 Y106.39 E.01922
G1 X114.22 Y107.158 E.01922
G1 X114.693 Y108.036 E.01922
G1 X114.986 Y108.99 E.01922
G1 X115.088 Y109.982 E.01922
G1 X114.993 Y110.975 E.01922
G1 X114.707 Y111.93 E.01922
G1 X114.24 Y112.812 E.01922
G1 X113.61 Y113.585 E.01922
G1 X112.842 Y114.22 E.01922
G1 X111.964 Y114.693 E.01922
G1 X111.01 Y114.986 E.01922
G1 X110.018 Y115.088 E.01922
G1 X109.025 Y114.993 E.01922
G1 X108.07 Y114.707 E.01922
G1 X107.188 Y114.24 E.01922
G1 X106.415 Y113.61 E.01922
G1 X105.78 Y112.842 E.01922
G1 X105.307 Y111.964 E.01922
G1 X105.014 Y111.01 E.01922
G1 X104.912 Y110.018 E.01922
G1 X105.007 Y109.025 E.01922
G1 X105.293 Y108.07 E.01922
G1 X105.76 Y107.188 E.01922
G1 X106.39 Y106.415 E.01922
G1 X107.158 Y105.78 E.01922
G1 X108.053 Y105.298 E.01959
G1 X109.047 Y105.008 E.01995
G1 X109.982 Y104.912 E.01812
G1 X110.937 Y105.003 E.0185
G1 X111.58 Y106.382 F9000
M204 P2000
;TYPE:Inner wall
;WIDTH:0.449999
G1 F4060
G1 X112.197 Y106.712 E.01451
G1 X112.797 Y107.203 E.01608
G1 X113.288 Y107.803 E.01608
G1 X113.654 Y108.487 E.01608
G1 X113.879 Y109.228 E.01608
G1 X113.955 Y110 E.01608
G1 X113.879 Y110.772 E.01608
G1 X113.654 Y111.513 E.01608
G1 X113.288 Y112.197 E.01608
G1 X112.797 Y112.797 E.01608
G1 X112.197 Y113.288 E.01608
G1 X111.513 Y113.654 E.01608
G1 X110.772 Y113.879 E.01608
G1 X110 Y113.955 E.01608
G1 X109.228 Y113.879 E.01608
G1 X108.487 Y113.654 E.01608
G1 X107.803 Y113.288 E.01608
G1 X107.203 Y112.797 E.01608
G1 X106.712 Y112.197 E.01608
G1 X106.346 Y111.513 E.01608
G1 X106.121 Y110.772 E.01608
G1 X106.045 Y110 E.01608
G1 X106.121 Y109.228 E.01608
G1 X106.346 Y108.487 E.01608
G1 X106.712 Y107.803 E.01608
G1 X107.203 Y107.203 E.01608
G1 X107.803 Y106.712 E.01608
G1 X108.487 Y106.346 E.01608
G1 X109.228 Y106.121 E.01608
G1 X110 Y106.045 E.01608
G1 X110.772 Y106.121 E.01608
G1 X111.513 Y106.346 E.01608
G1 X111.545 Y106.363 E.00074
G1 X111.779 Y106.01 F9000
M204 P1000
;TYPE:Outer wall
;WIDTH:0.419999
G1 F3600
G1 X112.433 Y106.359 E.01428
G1 X113.096 Y106.904 E.01655
G1 X113.641 Y107.567 E.01655
G1 X114.046 Y108.324 E.01655
G1 X114.295 Y109.146 E.01655
G1 X114.379 Y110 E.01655
G1 X114.295 Y110.854 E.01655
G1 X114.046 Y111.676 E.01655
G1 X113.641 Y112.433 E.01655
G1 X113.096 Y113.096 E.01655
G1 X112.433 Y113.641 E.01655
G1 X111.676 Y114.046 E.01655
G1 X110.854 Y114.295 E.01655
G1 X110 Y114.379 E.01655
G1 X109.146 Y114.295 E.01655
G1 X108.324 Y114.046 E.01655
G1 X107.567 Y113.641 E.01655
G1 X106.904 Y113.096 E.01655
G1 X106.359 Y112.433 E.01655
G1 X105.954 Y111.676 E.01655
G1 X105.705 Y110.854 E.01655
G1 X105.621 Y110 E.01655
G1 X105.705 Y109.146 E.01655
G1 X105.954 Y108.324 E.01655
G1 X106.359 Y107.567 E.01655
G1 X106.904 Y106.904 E.01655
G1 X107.567 Y106.359 E.01655
G1 X108.324 Y105.954 E.01655
G1 X109.146 Y105.705 E.01655
G1 X110 Y105.621 E.01655
G1 X110.854 Y105.705 E.01655
G1 X111.676 Y105.954 E.01655
G1 X111.744 Y105.991 E.00149
G1 E-.84 F2400
;WIPE_START
G1 F3600
G1 X112.433 Y106.359 E-.28117
G1 X112.602 Y106.498 E-.07883
;WIPE_END
G1 Z8.4 F9000
G1 X113.488 Y110.016 Z8.4
G1 Z8
G1 E1.2 F1800
M204 P2500
;TYPE:Internal solid infill
;WIDTH:0.528086
G1 F4060
G1 X113.424 Y109.335 E.01679
G1 X113.228 Y108.68 E.01679
G1 X112.909 Y108.075 E.01679
G1 X112.477 Y107.545 E.01679
G1 X111.951 Y107.109 E.01679
G1 X111.349 Y106.784 E.01679
G1 X110.696 Y106.582 E.01679
G1 X110.033 Y106.513 E.01638
G1 X109.336 Y106.576 E.01719
G1 X108.68 Y106.772 E.01681
G1 X108.075 Y107.091 E.01679
G1 X107.545 Y107.523 E.01679
G1 X107.109 Y108.049 E.01679
G1 X106.784 Y108.651 E.01679
G1 X106.582 Y109.304 E.01679
G1 X106.512 Y109.984 E.01679
G1 X106.576 Y110.665 E.01679
G1 X106.772 Y111.32 E.01679
G1 X107.091 Y111.925 E.01679
G1 X107.523 Y112.455 E.01679
G1 X108.049 Y112.891 E.01679
G1 X108.651 Y113.216 E.01679
G1 X109.304 Y113.418 E.01679
G1 X109.984 Y113.488 E.01679
G1 X110.665 Y113.424 E.01679
G1 X111.32 Y113.228 E.01679
G1 X111.925 Y112.909 E.01679
G1 X112.455 Y112.477 E.01679
G1 X112.891 Y111.951 E.01679
G1 X113.216 Y111.349 E.01679
G1 X113.418 Y110.696 E.01679
G1 X113.484 Y110.056 E.01581
G1 X112.943 Y110.669 F9000
;TYPE:Sparse infill
;WIDTH:0.45
G1 F4060
G1 X112.795 Y111.158 E.0106
G1 X112.516 Y111.681 E.0123
G1 X112.139 Y112.139 E.0123
G1 X107.861 Y107.861 E.12551
G1 X107.484 Y108.319 E.0123
G1 X107.205 Y108.842 E.0123
G1 X107.057 Y109.331 E.0106
; stop printing object JOYSTICK.stl id:15 copy 0
;LAYER_CHANGE
;Z:8.12
;HEIGHT:0.12
;BEFORE_LAYER_CHANGE
;8.12
G92 E0

G1 E-.97778 F2400
;WIPE_START
G1 F10800
G1 X107.205 Y108.842 E-.11351
G1 X107.435 Y108.411 E-.10871
;WIPE_END
;_SET_FAN_SPEED_CHANGING_LAYER
; printing object JOYSTICK.stl id:15 copy 0
G17
G3 Z8.52 I-1.154 J.386 P1  F9000
G1 X109.947 Y115.93 Z8.52
G1 Z8.12
G1 E1.2 F1800
M204 P2000
;TYPE:Inner wall
;WIDTH:0.50912
G1 F3918
G1 X109.89 Y115.935 E.00134
G1 X108.735 Y115.799 E.0275
G1 X107.628 Y115.441 E.0275
G1 X106.612 Y114.874 E.0275
G1 X105.726 Y114.119 E.0275
G1 X105.004 Y113.206 E.0275
G1 X104.475 Y112.17 E.0275
G1 X104.158 Y111.05 E.0275
G1 X104.065 Y109.89 E.0275
G1 X104.201 Y108.735 E.0275
G1 X104.559 Y107.628 E.0275
G1 X105.126 Y106.612 E.0275
G1 X105.881 Y105.726 E.0275
G1 X106.794 Y105.004 E.0275
G1 X107.83 Y104.475 E.0275
G1 X108.95 Y104.158 E.0275
G1 X110.11 Y104.065 E.0275
G1 X111.265 Y104.201 E.0275
G1 X112.372 Y104.559 E.0275
G1 X113.388 Y105.126 E.0275
G1 X114.274 Y105.881 E.0275
G1 X114.996 Y106.794 E.0275
G1 X115.525 Y107.83 E.0275
G1 X115.842 Y108.95 E.0275
;WIDTH:0.511238
G1 X115.943 Y110.036 E.02591
G1 X115.799 Y111.265 E.02937
;WIDTH:0.50912
G1 X115.441 Y112.372 E.0275
G1 X114.874 Y113.388 E.0275
G1 X114.119 Y114.274 E.0275
G1 X113.206 Y114.996 E.0275
G1 X112.17 Y115.525 E.0275
G1 X111.05 Y115.842 E.0275
G1 X109.987 Y115.927 E.02521
G1 X110 Y116.399 F9000
M204 P1000
;TYPE:Outer wall
;WIDTH:0.419999
G1 F3600
G1 X108.752 Y116.276 E.02418
G1 X107.551 Y115.912 E.02418
G1 X106.445 Y115.321 E.02418
G1 X105.475 Y114.525 E.02418
G1 X104.679 Y113.555 E.02418
G1 X104.088 Y112.449 E.02418
G1 X103.724 Y111.248 E.02418
G1 X103.601 Y110 E.02418
G1 X103.724 Y108.752 E.02418
G1 X104.088 Y107.551 E.02418
G1 X104.679 Y106.445 E.02418
G1 X105.475 Y105.475 E.02418
G1 X106.445 Y104.679 E.02418
G1 X107.551 Y104.088 E.02418
G1 X108.752 Y103.724 E.02418
G1 X110 Y103.601 E.02418
G1 X111.248 Y103.724 E.02418
G1 X112.449 Y104.088 E.02418
G1 X113.555 Y104.679 E.02418
G1 X114.525 Y105.475 E.02418
G1 X115.321 Y106.445 E.02418
G1 X115.912 Y107.551 E.02418
G1 X116.232 Y108.603 E.0212
G1 X116.292 Y108.906 E.00594
G1 X116.393 Y110.068 E.0225
G1 X116.276 Y111.248 E.02286
G1 X115.912 Y112.449 E.02418
G1 X115.321 Y113.555 E.02418
G1 X114.525 Y114.525 E.02418
G1 X113.555 Y115.321 E.02418
G1 X112.449 Y115.912 E.02418
G1 X111.248 Y116.276 E.02418
G1 X110.04 Y116.395 E.02341
G1 E-.84 F2400
;WIPE_START
G1 F3600
G1 X109.044 Y116.303 E-.36
;WIPE_END
G17
G3 Z8.52 I1.199 J.21 P1  F9000
G1 X111.081 Y104.662 Z8.52
G1 Z8.12
G1 E1.2 F1800
M204 P2000
;TYPE:Inner wall
;WIDTH:0.509121
G1 F3918
G1 X112.029 Y104.938 E.02334
G1 X112.978 Y105.431 E.02527
G1 X113.812 Y106.1 E.02527
G1 X114.5 Y106.918 E.02527
G1 X115.015 Y107.855 E.02527
G1 X115.337 Y108.875 E.02527
G1 X115.454 Y109.938 E.02527
G1 X115.361 Y111.003 E.02527
G1 X115.062 Y112.029 E.02527
G1 X114.569 Y112.978 E.02527
G1 X113.9 Y113.812 E.02527
G1 X113.082 Y114.5 E.02527
G1 X112.145 Y115.015 E.02527
G1 X111.125 Y115.337 E.02527
G1 X110.062 Y115.454 E.02527
G1 X108.997 Y115.361 E.02527
G1 X107.971 Y115.062 E.02527
G1 X107.022 Y114.569 E.02527
G1 X106.188 Y113.9 E.02527
G1 X105.5 Y113.082 E.02527
G1 X104.985 Y112.145 E.02527
G1 X104.663 Y111.125 E.02527
;WIDTH:0.511239
G1 X104.541 Y110.013 E.02655
G1 X104.639 Y108.997 E.02423
;WIDTH:0.509121
G1 X104.938 Y107.971 E.02527
G1 X105.431 Y107.022 E.02527
G1 X106.1 Y106.188 E.02527
G1 X106.918 Y105.5 E.02527
G1 X107.855 Y104.985 E.02527
G1 X108.875 Y104.663 E.02527
G1 X109.938 Y104.546 E.02527
G1 X111.003 Y104.639 E.02527
G1 X111.043 Y104.651 E.00098
G1 X110.959 Y105.088 F9000
M204 P1000
;TYPE:Outer wall
;WIDTH:0.419999
G1 F3600
G1 X111.898 Y105.37 E.01891
G1 X112.765 Y105.829 E.01891
G1 X113.526 Y106.449 E.01891
G1 X114.151 Y107.205 E.01891
G1 X114.616 Y108.068 E.01891
G1 X114.905 Y109.006 E.01891
G1 X115.004 Y109.982 E.01891
G1 X114.912 Y110.959 E.01891
G1 X114.63 Y111.898 E.01891
G1 X114.171 Y112.765 E.01891
G1 X113.551 Y113.526 E.01891
G1 X112.795 Y114.151 E.01891
G1 X111.932 Y114.616 E.01891
G1 X110.994 Y114.905 E.01891
G1 X110.018 Y115.004 E.01891
G1 X109.041 Y114.912 E.01891
G1 X108.102 Y114.63 E.01891
G1 X107.235 Y114.171 E.01891
G1 X106.474 Y113.551 E.01891
G1 X105.849 Y112.795 E.01891
G1 X105.384 Y111.932 E.01891
G1 X105.095 Y110.994 E.01891
G1 X104.996 Y110.018 E.01891
G1 X105.088 Y109.041 E.01891
G1 X105.37 Y108.102 E.01891
G1 X105.829 Y107.235 E.01891
G1 X106.449 Y106.474 E.01891
G1 X107.205 Y105.849 E.01891
G1 X108.068 Y105.384 E.01891
G1 X109.006 Y105.095 E.01891
G1 X109.982 Y104.996 E.01891
G1 X110.919 Y105.085 E.01814
G1 X111.561 Y106.444 F9000
M204 P2000
;TYPE:Inner wall
;WIDTH:0.449999
G1 F3918
G1 X112.162 Y106.765 E.01413
G1 X112.751 Y107.249 E.01582
G1 X113.235 Y107.838 E.01582
G1 X113.595 Y108.511 E.01582
G1 X113.816 Y109.241 E.01582
G1 X113.891 Y110 E.01582
G1 X113.816 Y110.759 E.01582
G1 X113.595 Y111.489 E.01582
G1 X113.235 Y112.162 E.01582
G1 X112.751 Y112.751 E.01582
G1 X112.162 Y113.235 E.01582
G1 X111.489 Y113.595 E.01582
G1 X110.759 Y113.816 E.01582
G1 X110 Y113.891 E.01582
G1 X109.241 Y113.816 E.01582
G1 X108.511 Y113.595 E.01582
G1 X107.838 Y113.235 E.01582
G1 X107.249 Y112.751 E.01582
G1 X106.765 Y112.162 E.01582
G1 X106.405 Y111.489 E.01582
G1 X106.184 Y110.759 E.01582
G1 X106.109 Y110 E.01582
G1 X106.184 Y109.241 E.01582
G1 X106.405 Y108.511 E.01582
G1 X106.765 Y107.838 E.01582
G1 X107.249 Y107.249 E.01582
G1 X107.838 Y106.765 E.01582
G1 X108.511 Y106.405 E.01582
G1 X109.241 Y106.184 E.01582
G1 X110 Y106.109 E.01582
G1 X110.759 Y106.184 E.01582
G1 X111.489 Y106.405 E.01582
G1 X111.526 Y106.425 E.00086
G1 X111.76 Y106.072 F9000
M204 P1000
;TYPE:Outer wall
;WIDTH:0.419999
G1 F3600
G1 X112.397 Y106.412 E.01393
G1 X113.051 Y106.949 E.01631
G1 X113.588 Y107.603 E.01631
G1 X113.986 Y108.349 E.0163
G1 X114.232 Y109.158 E.0163
G1 X114.315 Y110 E.0163
G1 X114.232 Y110.842 E.0163
G1 X113.986 Y111.651 E.0163
G1 X113.588 Y112.397 E.0163
G1 X113.051 Y113.051 E.01631
G1 X112.397 Y113.588 E.01631
G1 X111.651 Y113.986 E.0163
G1 X110.842 Y114.232 E.0163
G1 X110 Y114.315 E.0163
G1 X109.158 Y114.232 E.0163
G1 X108.349 Y113.986 E.0163
G1 X107.603 Y113.588 E.0163
G1 X106.949 Y113.051 E.01631
G1 X106.412 Y112.397 E.01631
G1 X106.014 Y111.651 E.0163
G1 X105.768 Y110.842 E.0163
G1 X105.685 Y110 E.0163
G1 X105.768 Y109.158 E.0163
G1 X106.014 Y108.349 E.0163
G1 X106.412 Y107.603 E.0163
G1 X106.949 Y106.949 E.01631
G1 X107.603 Y106.412 E.01631
G1 X108.349 Y106.014 E.0163
G1 X109.158 Y105.768 E.0163
G1 X110 Y105.685 E.0163
G1 X110.842 Y105.768 E.0163
G1 X111.651 Y106.014 E.0163
G1 X111.725 Y106.053 E.0016
G1 E-.84 F2400
;WIPE_START
G1 F3600
G1 X112.397 Y106.412 E-.27454
G1 X112.581 Y106.563 E-.08546
;WIPE_END
G1 Z8.52 F9000
G1 X113.406 Y110.017 Z8.52
G1 Z8.12
G1 E1.2 F1800
M204 P2500
;TYPE:Internal solid infill
;WIDTH:0.562262
G1 F3918
G1 X113.344 Y109.353 E.01752
G1 X113.154 Y108.713 E.01752
G1 X112.842 Y108.122 E.01752
G1 X112.421 Y107.604 E.01752
G1 X111.907 Y107.177 E.01752
G1 X111.32 Y106.86 E.01752
G1 X110.682 Y106.663 E.01752
G1 X110.034 Y106.595 E.01707
G1 X109.353 Y106.656 E.01794
G1 X108.713 Y106.846 E.01753
G1 X108.122 Y107.158 E.01752
G1 X107.604 Y107.579 E.01752
G1 X107.177 Y108.093 E.01752
G1 X106.86 Y108.68 E.01752
G1 X106.663 Y109.318 E.01752
G1 X106.594 Y109.983 E.01752
G1 X106.656 Y110.647 E.01752
G1 X106.846 Y111.287 E.01752
G1 X107.158 Y111.878 E.01752
G1 X107.579 Y112.396 E.01752
G1 X108.093 Y112.823 E.01752
G1 X108.68 Y113.14 E.01752
G1 X109.318 Y113.337 E.01752
G1 X109.983 Y113.406 E.01752
G1 X110.647 Y113.344 E.01752
G1 X111.287 Y113.154 E.01752
G1 X111.878 Y112.842 E.01752
G1 X112.396 Y112.421 E.01752
G1 X112.823 Y111.907 E.01752
G1 X113.14 Y111.32 E.01752
G1 X113.337 Y110.682 E.01752
G1 X113.402 Y110.057 E.01647
G1 X112.858 Y110.613 F9000
;TYPE:Sparse infill
;WIDTH:0.45
G1 F3918
G1 X112.704 Y111.12 E.011
G1 X112.434 Y111.626 E.0119
G1 X112.055 Y112.082 E.01229
G1 X111.08 Y111.358 E.02518
G1 X110.801 Y111.08 E.00817
G1 X109.199 Y108.92 E.05579
G1 X108.92 Y108.642 E.00817
G1 X107.945 Y107.918 E.02518
G1 X107.566 Y108.374 E.01229
G1 X107.296 Y108.88 E.0119
G1 X107.142 Y109.387 E.011
; stop printing object JOYSTICK.stl id:15 copy 0
;LAYER_CHANGE
;Z:8.24
;HEIGHT:0.12
;BEFORE_LAYER_CHANGE
;8.24
G92 E0

G1 E-.97778 F2400
;WIPE_START
G1 F10800
G1 X107.296 Y108.88 E-.11781
G1 X107.517 Y108.466 E-.10441
;WIPE_END
;_SET_FAN_SPEED_CHANGING_LAYER
; printing object JOYSTICK.stl id:15 copy 0
G17
G3 Z8.64 I-1.157 J.378 P1  F9000
G1 X109.945 Y115.906 Z8.64
G1 Z8.24
G1 E1.2 F1800
M204 P1000
;TYPE:Outer wall
;WIDTH:0.419999
G1 F3478
G1 X109.883 Y115.911 E.0012
G1 X108.732 Y115.775 E.02234
G1 X107.63 Y115.416 E.02234
G1 X106.619 Y114.85 E.02234
G1 X105.738 Y114.097 E.02234
G1 X105.02 Y113.187 E.02234
G1 X104.494 Y112.154 E.02234
G1 X104.18 Y111.038 E.02234
G1 X104.089 Y109.883 E.02234
G1 X104.225 Y108.732 E.02234
G1 X104.584 Y107.63 E.02234
G1 X105.15 Y106.619 E.02234
G1 X105.903 Y105.738 E.02234
G1 X106.813 Y105.02 E.02234
G1 X107.846 Y104.494 E.02234
G1 X108.962 Y104.18 E.02234
G1 X110.117 Y104.089 E.02234
G1 X111.268 Y104.225 E.02234
G1 X112.37 Y104.584 E.02234
G1 X113.381 Y105.15 E.02234
G1 X114.262 Y105.903 E.02234
G1 X114.98 Y106.813 E.02234
G1 X115.506 Y107.846 E.02234
G1 X115.82 Y108.962 E.02234
G1 X115.918 Y110.056 E.02118
G1 X115.775 Y111.268 E.02352
G1 X115.416 Y112.37 E.02234
G1 X114.85 Y113.381 E.02234
G1 X114.097 Y114.262 E.02234
G1 X113.187 Y114.98 E.02234
G1 X112.154 Y115.506 E.02234
G1 X111.038 Y115.82 E.02234
G1 X109.985 Y115.903 E.02037
G1 E-.84 F2400
;WIPE_START
G1 F3600
G1 X109.883 Y115.911 E-.03688
G1 X108.992 Y115.805 E-.32312
;WIPE_END
G17
G3 Z8.64 I1.197 J.22 P1  F9000
G1 X110.939 Y105.185 Z8.64
G1 Z8.24
G1 E1.2 F1800
G1 F3478
G1 X111.861 Y105.461 E.01854
G1 X112.71 Y105.911 E.01854
G1 X113.456 Y106.518 E.01854
G1 X114.069 Y107.26 E.01854
G1 X114.525 Y108.106 E.01854
G1 X114.808 Y109.025 E.01854
G1 X114.906 Y109.982 E.01854
G1 X114.815 Y110.939 E.01854
G1 X114.539 Y111.861 E.01854
G1 X114.089 Y112.71 E.01854
G1 X113.482 Y113.456 E.01854
G1 X112.74 Y114.069 E.01854
G1 X111.894 Y114.525 E.01854
G1 X110.975 Y114.808 E.01854
G1 X110.018 Y114.906 E.01854
G1 X109.061 Y114.815 E.01854
G1 X108.139 Y114.539 E.01854
G1 X107.29 Y114.089 E.01854
G1 X106.544 Y113.482 E.01854
G1 X105.931 Y112.74 E.01854
G1 X105.475 Y111.894 E.01854
G1 X105.192 Y110.975 E.01854
G1 X105.094 Y110.018 E.01854
G1 X105.185 Y109.061 E.01854
G1 X105.461 Y108.139 E.01854
G1 X105.911 Y107.29 E.01854
G1 X106.518 Y106.544 E.01854
G1 X107.26 Y105.931 E.01854
G1 X108.106 Y105.475 E.01854
G1 X109.025 Y105.192 E.01854
G1 X109.982 Y105.094 E.01854
G1 X110.9 Y105.181 E.01777
G1 E-.84 F2400
;WIPE_START
G1 F3600
G1 X111.86 Y105.461 E-.36
;WIPE_END
G17
G3 Z8.64 I-1.195 J-.231 P1  F9000
G1 X109.932 Y115.408 Z8.64
G1 Z8.24
G1 E1.2 F1800
M204 P2000
;TYPE:Inner wall
;WIDTH:0.615888
G1 F3478
G1 X108.879 Y115.291 E.03059
G1 X107.868 Y114.971 E.03059
G1 X106.939 Y114.459 E.03059
G1 X106.128 Y113.776 E.03059
G1 X105.466 Y112.949 E.03059
G1 X104.977 Y112.007 E.03059
G1 X104.682 Y110.989 E.03059
G1 X104.592 Y109.932 E.03059
G1 X104.709 Y108.879 E.03059
G1 X105.029 Y107.868 E.03059
G1 X105.541 Y106.939 E.03059
G1 X106.224 Y106.128 E.03059
G1 X107.051 Y105.466 E.03059
G1 X107.993 Y104.977 E.03059
G1 X109.011 Y104.682 E.03059
G1 X110.068 Y104.592 E.03059
G1 X111.121 Y104.709 E.03059
G1 X112.132 Y105.029 E.03059
G1 X113.061 Y105.541 E.03059
G1 X113.872 Y106.224 E.03059
G1 X114.534 Y107.051 E.03059
G1 X115.023 Y107.993 E.03059
G1 X115.318 Y109.011 E.03059
;WIDTH:0.61921
G1 X115.408 Y110.068 E.03077
;WIDTH:0.615888
G1 X115.291 Y111.121 E.03059
G1 X114.971 Y112.132 E.03059
G1 X114.459 Y113.061 E.03059
G1 X113.776 Y113.872 E.03059
G1 X112.949 Y114.534 E.03059
G1 X112.007 Y115.023 E.03059
G1 X110.989 Y115.318 E.03059
G1 X109.972 Y115.405 E.02944
G1 E-.84 F2400
;WIPE_START
G1 F5400
G1 X108.978 Y115.302 E-.36
;WIPE_END
G17
G3 Z8.64 I1.168 J.341 P1  F9000
G1 X111.541 Y106.506 Z8.64
G1 Z8.24
G1 E1.2 F1800
;WIDTH:0.449999
G1 F3478
G1 X112.126 Y106.818 E.01375
G1 X112.706 Y107.294 E.01556
G1 X113.182 Y107.874 E.01556
G1 X113.535 Y108.536 E.01556
G1 X113.753 Y109.253 E.01556
G1 X113.827 Y110 E.01556
G1 X113.753 Y110.747 E.01556
G1 X113.535 Y111.464 E.01556
G1 X113.182 Y112.126 E.01556
G1 X112.706 Y112.706 E.01556
G1 X112.126 Y113.182 E.01556
G1 X111.464 Y113.535 E.01556
G1 X110.747 Y113.753 E.01556
G1 X110 Y113.827 E.01556
G1 X109.253 Y113.753 E.01556
G1 X108.536 Y113.535 E.01556
G1 X107.874 Y113.182 E.01556
G1 X107.294 Y112.706 E.01556
G1 X106.818 Y112.126 E.01556
G1 X106.465 Y111.464 E.01556
G1 X106.247 Y110.747 E.01556
G1 X106.173 Y110 E.01556
G1 X106.247 Y109.253 E.01556
G1 X106.465 Y108.536 E.01556
G1 X106.818 Y107.874 E.01556
G1 X107.294 Y107.294 E.01556
G1 X107.874 Y106.818 E.01556
G1 X108.536 Y106.465 E.01556
G1 X109.253 Y106.247 E.01556
G1 X110 Y106.173 E.01556
G1 X110.747 Y106.247 E.01556
G1 X111.464 Y106.465 E.01556
G1 X111.506 Y106.487 E.00098
G1 X111.74 Y106.134 F9000
M204 P1000
;TYPE:Outer wall
;WIDTH:0.419999
G1 F3478
G1 X112.362 Y106.466 E.01358
G1 X113.006 Y106.994 E.01606
G1 X113.534 Y107.638 E.01606
G1 X113.927 Y108.373 E.01606
G1 X114.169 Y109.171 E.01606
G1 X114.251 Y110 E.01606
G1 X114.169 Y110.829 E.01606
G1 X113.927 Y111.627 E.01606
G1 X113.534 Y112.362 E.01606
G1 X113.006 Y113.006 E.01606
G1 X112.362 Y113.534 E.01606
G1 X111.627 Y113.927 E.01606
G1 X110.829 Y114.169 E.01606
G1 X110 Y114.251 E.01606
G1 X109.171 Y114.169 E.01606
G1 X108.373 Y113.927 E.01606
G1 X107.638 Y113.534 E.01606
G1 X106.994 Y113.006 E.01606
G1 X106.466 Y112.362 E.01606
G1 X106.073 Y111.627 E.01606
G1 X105.831 Y110.829 E.01606
G1 X105.749 Y110 E.01606
G1 X105.831 Y109.171 E.01606
G1 X106.073 Y108.373 E.01606
G1 X106.466 Y107.638 E.01606
G1 X106.994 Y106.994 E.01606
G1 X107.638 Y106.466 E.01606
G1 X108.373 Y106.073 E.01606
G1 X109.171 Y105.831 E.01606
G1 X110 Y105.749 E.01606
G1 X110.829 Y105.831 E.01606
G1 X111.627 Y106.073 E.01606
G1 X111.705 Y106.115 E.00171
G1 E-.84 F2400
;WIPE_START
G1 F3600
G1 X112.362 Y106.466 E-.26798
G1 X112.559 Y106.628 E-.09202
;WIPE_END
G1 Z8.64 F9000
G1 X113.325 Y110.019 Z8.64
G1 Z8.24
G1 E1.2 F1800
M204 P2500
;TYPE:Internal solid infill
;WIDTH:0.596439
G1 F3478
G1 X113.265 Y109.37 E.01819
G1 X113.079 Y108.745 E.01819
G1 X112.775 Y108.169 E.01819
G1 X112.365 Y107.662 E.01819
G1 X111.863 Y107.246 E.01819
G1 X111.29 Y106.936 E.01819
G1 X110.667 Y106.743 E.01819
G1 X110.036 Y106.676 E.01771
G1 X109.371 Y106.735 E.01863
G1 X108.745 Y106.921 E.01821
G1 X108.169 Y107.225 E.01819
G1 X107.662 Y107.635 E.01819
G1 X107.246 Y108.137 E.01819
G1 X106.936 Y108.71 E.01819
G1 X106.743 Y109.333 E.01819
G1 X106.675 Y109.981 E.01819
G1 X106.735 Y110.63 E.01819
G1 X106.921 Y111.255 E.01819
G1 X107.225 Y111.831 E.01819
G1 X107.635 Y112.338 E.01819
G1 X108.137 Y112.754 E.01819
G1 X108.71 Y113.064 E.01819
G1 X109.333 Y113.257 E.01819
G1 X109.981 Y113.325 E.01819
G1 X110.63 Y113.265 E.01819
G1 X111.255 Y113.079 E.01819
G1 X111.831 Y112.775 E.01819
G1 X112.338 Y112.365 E.01819
G1 X112.754 Y111.863 E.01819
G1 X113.064 Y111.29 E.01819
G1 X113.257 Y110.667 E.01819
G1 X113.321 Y110.059 E.01707
G1 X112.764 Y110.586 F9000
;TYPE:Sparse infill
;WIDTH:0.45
G1 F3478
G1 X112.613 Y111.082 E.01077
G1 X112.352 Y111.571 E.0115
G1 X111.947 Y112.044 E.0129
G1 X111.08 Y111.571 E.02048
G1 X110.589 Y111.08 E.01439
G1 X109.411 Y108.92 E.05104
G1 X108.92 Y108.429 E.01439
G1 X108.053 Y107.956 E.02048
G1 X107.648 Y108.429 E.0129
G1 X107.387 Y108.918 E.0115
G1 X107.236 Y109.414 E.01077
; stop printing object JOYSTICK.stl id:15 copy 0
;LAYER_CHANGE
;Z:8.36
;HEIGHT:0.12
;BEFORE_LAYER_CHANGE
;8.36
G92 E0

G1 E-.97778 F2400
;WIPE_START
G1 F10800
G1 X107.387 Y108.918 E-.11539
G1 X107.613 Y108.494 E-.10683
;WIPE_END
;_SET_FAN_SPEED_CHANGING_LAYER
; printing object JOYSTICK.stl id:15 copy 0
G17
G3 Z8.76 I.538 J1.092 P1  F9000
G1 X111.522 Y106.568 Z8.76
G1 Z8.36
G1 E1.2 F1800
M204 P2000
;TYPE:Inner wall
;WIDTH:0.449999
G1 F1265
G1 X112.09 Y106.872 E.01337
G1 X112.66 Y107.34 E.0153
G1 X113.128 Y107.91 E.0153
G1 X113.476 Y108.56 E.0153
G1 X113.69 Y109.266 E.0153
G1 X113.763 Y110 E.0153
G1 X113.69 Y110.734 E.0153
G1 X113.476 Y111.44 E.0153
G1 X113.128 Y112.09 E.0153
G1 X112.66 Y112.66 E.0153
G1 X112.09 Y113.128 E.0153
G1 X111.44 Y113.476 E.0153
G1 X110.734 Y113.69 E.0153
G1 X110 Y113.763 E.0153
G1 X109.266 Y113.69 E.0153
G1 X108.56 Y113.476 E.0153
G1 X107.91 Y113.128 E.0153
G1 X107.34 Y112.66 E.0153
G1 X106.872 Y112.09 E.0153
G1 X106.524 Y111.44 E.0153
G1 X106.31 Y110.734 E.0153
G1 X106.237 Y110 E.0153
G1 X106.31 Y109.266 E.0153
G1 X106.524 Y108.56 E.0153
G1 X106.872 Y107.91 E.0153
G1 X107.34 Y107.34 E.0153
G1 X107.91 Y106.872 E.0153
G1 X108.56 Y106.524 E.0153
G1 X109.265 Y106.31 E.01528
G1 X110.013 Y106.239 E.01559
G1 X110.734 Y106.31 E.01502
G1 X111.44 Y106.524 E.0153
G1 X111.486 Y106.549 E.0011
G1 X111.721 Y106.195 F9000
M204 P1000
;TYPE:Outer wall
;WIDTH:0.419999
G1 F1265
G1 X112.326 Y106.519 E.01323
G1 X112.96 Y107.04 E.01582
G1 X113.481 Y107.674 E.01582
G1 X113.868 Y108.398 E.01582
G1 X114.106 Y109.183 E.01582
G1 X114.187 Y110 E.01582
G1 X114.106 Y110.817 E.01582
G1 X113.868 Y111.602 E.01582
G1 X113.481 Y112.326 E.01582
G1 X112.96 Y112.96 E.01582
G1 X112.326 Y113.481 E.01582
G1 X111.602 Y113.868 E.01582
G1 X110.817 Y114.106 E.01582
G1 X110 Y114.187 E.01582
G1 X109.183 Y114.106 E.01582
G1 X108.398 Y113.868 E.01582
G1 X107.674 Y113.481 E.01582
G1 X107.04 Y112.96 E.01582
G1 X106.519 Y112.326 E.01582
G1 X106.132 Y111.602 E.01582
G1 X105.894 Y110.817 E.01582
G1 X105.813 Y110 E.01582
G1 X105.894 Y109.183 E.01582
G1 X106.132 Y108.398 E.01582
G1 X106.519 Y107.674 E.01582
G1 X107.04 Y107.04 E.01582
G1 X107.674 Y106.519 E.01582
G1 X108.398 Y106.132 E.01582
G1 X109.183 Y105.894 E.01581
G1 X110.014 Y105.815 E.01609
G1 X110.817 Y105.894 E.01555
G1 X111.602 Y106.132 E.01582
G1 X111.685 Y106.177 E.00182
G1 E-.84 F2400
;WIPE_START
G1 F3600
G1 X112.326 Y106.519 E-.26148
G1 X112.538 Y106.693 E-.09852
;WIPE_END
G1 Z8.76 F9000
G1 X113.243 Y110.021 Z8.76
G1 Z8.36
G1 E1.2 F1800
M204 P2500
;TYPE:Internal solid infill
;WIDTH:0.630602
G1 F1265
G1 X113.185 Y109.388 E.0188
G1 X113.004 Y108.778 E.0188
G1 X112.708 Y108.215 E.0188
G1 X112.308 Y107.721 E.0188
G1 X111.819 Y107.315 E.0188
G1 X111.26 Y107.011 E.0188
G1 X110.653 Y106.823 E.0188
G1 X110.038 Y106.757 E.0183
G1 X109.388 Y106.815 E.01928
G1 X108.778 Y106.996 E.01883
G1 X108.215 Y107.292 E.0188
G1 X107.721 Y107.692 E.0188
G1 X107.315 Y108.181 E.0188
G1 X107.011 Y108.74 E.0188
G1 X106.823 Y109.347 E.0188
G1 X106.757 Y109.979 E.0188
G1 X106.815 Y110.612 E.0188
G1 X106.996 Y111.222 E.0188
G1 X107.292 Y111.785 E.0188
G1 X107.692 Y112.279 E.0188
G1 X108.181 Y112.685 E.0188
G1 X108.74 Y112.989 E.0188
G1 X109.347 Y113.177 E.0188
G1 X109.979 Y113.243 E.0188
G1 X110.612 Y113.185 E.0188
G1 X111.222 Y113.004 E.0188
G1 X111.785 Y112.708 E.0188
G1 X112.279 Y112.308 E.0188
G1 X112.685 Y111.819 E.0188
G1 X112.989 Y111.26 E.0188
G1 X113.177 Y110.653 E.0188
G1 X113.239 Y110.06 E.01762
G1 X112.656 Y110.603 F9000
;TYPE:Sparse infill
;WIDTH:0.45
G1 F1265
G1 X112.522 Y111.045 E.00957
G1 X112.27 Y111.517 E.0111
G1 X111.93 Y111.93 E.0111
G1 X111.803 Y112.035 E.00343
G1 X111.08 Y111.783 E.01588
G1 X110.377 Y111.08 E.02062
G1 X109.623 Y108.92 E.04746
G1 X108.92 Y108.217 E.02062
G1 X108.197 Y107.965 E.01588
G1 X108.07 Y108.07 E.00343
G1 X107.73 Y108.483 E.0111
G1 X107.478 Y108.955 E.0111
G1 X107.344 Y109.397 E.00957
; stop printing object JOYSTICK.stl id:15 copy 0
;LAYER_CHANGE
;Z:8.48
;HEIGHT:0.12
;BEFORE_LAYER_CHANGE
;8.48
G92 E0

G1 E-.97778 F2400
;WIPE_START
G1 F10800
G1 X107.478 Y108.955 E-.10255
G1 X107.73 Y108.483 E-.11893
G1 X107.732 Y108.481 E-.00074
;WIPE_END
;_SET_FAN_SPEED_CHANGING_LAYER
; printing object JOYSTICK.stl id:15 copy 0
G17
G3 Z8.88 I.532 J1.095 P1  F9000
G1 X111.488 Y106.656 Z8.88
G1 Z8.48
G1 E1.2 F1800
M204 P2000
;TYPE:Inner wall
;WIDTH:0.449999
G1 F1242
G1 X112.038 Y106.95 E.01294
G1 X112.594 Y107.406 E.01491
G1 X113.05 Y107.962 E.01491
G1 X113.389 Y108.596 E.01491
G1 X113.597 Y109.284 E.01491
G1 X113.668 Y110 E.01491
G1 X113.597 Y110.716 E.01491
G1 X113.389 Y111.404 E.01491
G1 X113.05 Y112.038 E.01491
G1 X112.594 Y112.594 E.01491
G1 X112.038 Y113.05 E.01491
G1 X111.404 Y113.389 E.01491
G1 X110.716 Y113.597 E.01491
G1 X110 Y113.668 E.01491
G1 X109.284 Y113.597 E.01491
G1 X108.596 Y113.389 E.01491
G1 X107.962 Y113.05 E.01491
G1 X107.406 Y112.594 E.01491
G1 X106.95 Y112.038 E.01491
G1 X106.611 Y111.404 E.01491
G1 X106.403 Y110.716 E.01491
G1 X106.332 Y110 E.01491
G1 X106.403 Y109.284 E.01491
G1 X106.611 Y108.596 E.01491
G1 X106.95 Y107.962 E.01491
G1 X107.406 Y107.406 E.01491
G1 X107.962 Y106.95 E.01491
G1 X108.596 Y106.611 E.01491
G1 X109.284 Y106.403 E.01491
G1 X110 Y106.332 E.01491
G1 X110.716 Y106.403 E.01491
G1 X111.404 Y106.611 E.01491
G1 X111.452 Y106.637 E.00114
G1 X111.687 Y106.284 F9000
M204 P1000
;TYPE:Outer wall
;WIDTH:0.419999
G1 F1242
G1 X112.273 Y106.598 E.01283
G1 X112.894 Y107.106 E.01546
G1 X113.402 Y107.727 E.01546
G1 X113.781 Y108.434 E.01546
G1 X114.013 Y109.202 E.01546
G1 X114.092 Y110 E.01546
G1 X114.013 Y110.798 E.01546
G1 X113.781 Y111.566 E.01546
G1 X113.402 Y112.273 E.01546
G1 X112.894 Y112.894 E.01546
G1 X112.273 Y113.402 E.01546
G1 X111.566 Y113.781 E.01546
G1 X110.798 Y114.013 E.01546
G1 X110 Y114.092 E.01546
G1 X109.202 Y114.013 E.01546
G1 X108.434 Y113.781 E.01546
G1 X107.727 Y113.402 E.01546
G1 X107.106 Y112.894 E.01546
G1 X106.598 Y112.273 E.01546
G1 X106.219 Y111.566 E.01546
G1 X105.987 Y110.798 E.01546
G1 X105.908 Y110 E.01546
G1 X105.987 Y109.202 E.01546
G1 X106.219 Y108.434 E.01546
G1 X106.598 Y107.727 E.01546
G1 X107.106 Y107.106 E.01546
G1 X107.727 Y106.598 E.01546
G1 X108.434 Y106.219 E.01546
G1 X109.202 Y105.987 E.01546
G1 X110 Y105.908 E.01546
G1 X110.798 Y105.987 E.01546
G1 X111.566 Y106.219 E.01546
G1 X111.651 Y106.265 E.00186
G1 E-.84 F2400
;WIPE_START
G1 F3600
G1 X112.273 Y106.598 E-.25399
G1 X112.501 Y106.784 E-.10601
;WIPE_END
G1 Z8.88 F9000
G1 X109.987 Y107.38 Z8.88
G1 Z8.48
G1 E1.2 F1800
M204 P2500
;TYPE:Sparse infill
;WIDTH:0.45
G1 F1242
G1 X109.489 Y107.429 E.01038
G1 X108.997 Y107.578 E.01066
G1 X108.544 Y107.821 E.01066
G1 X108.413 Y107.928 E.0035
G1 X108.92 Y108.005 E.01063
G1 X109.835 Y108.92 E.02684
G1 X110.165 Y111.08 E.04532
G1 X111.08 Y111.995 E.02684
G1 X111.587 Y112.072 E.01063
G1 X111.456 Y112.179 E.0035
G1 X111.003 Y112.422 E.01066
G1 X110.511 Y112.571 E.01066
G1 X110.013 Y112.62 E.01038
G1 X113.142 Y110.021 F9000
;TYPE:Internal solid infill
;WIDTH:0.644987
G1 F1242
G1 X113.085 Y109.408 E.01865
G1 X112.911 Y108.817 E.01865
G1 X112.624 Y108.272 E.01865
G1 X112.237 Y107.794 E.01865
G1 X111.763 Y107.4 E.01865
G1 X111.224 Y107.107 E.01858
G1 X110.613 Y106.919 E.01936
G1 X110.038 Y106.859 E.01749
G1 X109.409 Y106.914 E.01913
G1 X108.817 Y107.089 E.01867
G1 X108.272 Y107.376 E.01865
G1 X107.794 Y107.763 E.01865
G1 X107.4 Y108.237 E.01865
G1 X107.106 Y108.778 E.01865
G1 X106.923 Y109.366 E.01865
G1 X106.858 Y109.979 E.01865
G1 X106.915 Y110.592 E.01865
G1 X107.089 Y111.183 E.01865
G1 X107.376 Y111.728 E.01865
G1 X107.763 Y112.206 E.01865
G1 X108.237 Y112.6 E.01865
G1 X108.778 Y112.894 E.01865
G1 X109.366 Y113.077 E.01865
G1 X109.979 Y113.142 E.01865
G1 X110.592 Y113.085 E.01865
G1 X111.183 Y112.911 E.01865
G1 X111.728 Y112.624 E.01865
G1 X112.206 Y112.237 E.01865
G1 X112.6 Y111.763 E.01865
G1 X112.894 Y111.222 E.01865
G1 X113.077 Y110.634 E.01865
G1 X113.137 Y110.061 E.01744
; stop printing object JOYSTICK.stl id:15 copy 0
;LAYER_CHANGE
;Z:8.6
;HEIGHT:0.120001
;BEFORE_LAYER_CHANGE
;8.6
G92 E0

G1 E-.95726 F2400
;WIPE_START
G1 F9887.117
G1 X113.077 Y110.634 E-.13979
G1 X112.951 Y111.039 E-.10295
;WIPE_END
;_SET_FAN_SPEED_CHANGING_LAYER
; printing object JOYSTICK.stl id:15 copy 0
G17
G3 Z9 I1.149 J-.402 P1  F9000
G1 X111.451 Y106.748 Z9
G1 Z8.6
G1 E1.2 F1800
M204 P2000
;TYPE:Inner wall
;WIDTH:0.449999
G1 F1595
G1 X111.983 Y107.032 E.01251
G1 X112.524 Y107.476 E.01451
G1 X112.968 Y108.017 E.01451
G1 X113.298 Y108.634 E.01451
G1 X113.501 Y109.304 E.01451
G1 X113.569 Y110 E.01451
G1 X113.501 Y110.696 E.01451
G1 X113.298 Y111.366 E.01451
G1 X112.968 Y111.983 E.01451
G1 X112.524 Y112.524 E.01451
G1 X111.983 Y112.968 E.01451
G1 X111.366 Y113.298 E.01451
G1 X110.696 Y113.501 E.01451
G1 X110 Y113.569 E.01451
G1 X109.304 Y113.501 E.01451
G1 X108.634 Y113.298 E.01451
G1 X108.017 Y112.968 E.01451
G1 X107.476 Y112.524 E.01451
G1 X107.032 Y111.983 E.01451
G1 X106.702 Y111.366 E.01451
G1 X106.499 Y110.696 E.01451
G1 X106.431 Y110 E.01451
G1 X106.499 Y109.304 E.01451
G1 X106.702 Y108.634 E.01451
G1 X107.032 Y108.017 E.01451
G1 X107.476 Y107.476 E.01451
G1 X108.017 Y107.032 E.01451
G1 X108.634 Y106.702 E.01451
G1 X109.304 Y106.499 E.01451
G1 X110 Y106.431 E.01451
G1 X110.696 Y106.499 E.01451
G1 X111.366 Y106.702 E.01451
G1 X111.416 Y106.729 E.00118
G1 X111.65 Y106.376 F9000
M204 P1000
;TYPE:Outer wall
;WIDTH:0.419999
G1 F1595
G1 X112.219 Y106.679 E.01243
G1 X112.824 Y107.176 E.01509
G1 X113.321 Y107.781 E.01509
G1 X113.69 Y108.472 E.01509
G1 X113.917 Y109.221 E.01509
G1 X113.994 Y110 E.01509
G1 X113.917 Y110.779 E.01509
G1 X113.69 Y111.528 E.01509
G1 X113.321 Y112.219 E.01509
G1 X112.824 Y112.824 E.01509
G1 X112.219 Y113.321 E.01509
G1 X111.528 Y113.69 E.01509
G1 X110.779 Y113.917 E.01509
G1 X110 Y113.994 E.01509
G1 X109.221 Y113.917 E.01509
G1 X108.472 Y113.69 E.01509
G1 X107.781 Y113.321 E.01509
G1 X107.176 Y112.824 E.01509
G1 X106.679 Y112.219 E.01509
G1 X106.31 Y111.528 E.01509
G1 X106.083 Y110.779 E.01509
G1 X106.006 Y110 E.01509
G1 X106.083 Y109.221 E.01509
G1 X106.31 Y108.472 E.01509
G1 X106.679 Y107.781 E.01509
G1 X107.176 Y107.176 E.01509
G1 X107.781 Y106.679 E.01509
G1 X108.472 Y106.31 E.01509
G1 X109.221 Y106.083 E.01509
G1 X110 Y106.006 E.01509
G1 X110.779 Y106.083 E.01509
G1 X111.528 Y106.31 E.01509
G1 X111.615 Y106.357 E.00189
G1 E-.84 F2400
;WIPE_START
G1 F3600
G1 X112.219 Y106.679 E-.24646
G1 X112.463 Y106.879 E-.11354
;WIPE_END
G1 Z9 F9000
G1 X112.318 Y109.157 Z9
G1 Z8.6
G1 E1.2 F1800
M204 P2500
;TYPE:Sparse infill
;WIDTH:0.45
G1 F1595
G1 X112.287 Y109.053 E.00225
G1 X112.058 Y108.625 E.01006
G1 X111.75 Y108.25 E.01006
G1 X111.375 Y107.942 E.01006
G1 X111.258 Y107.879 E.00276
G1 X111.08 Y107.887 E.00369
G1 X110.888 Y107.696 E.00562
G1 X110.483 Y107.573 E.00879
G1 X110 Y107.525 E.01006
G1 X109.517 Y107.573 E.01006
G1 X109.053 Y107.713 E.01006
G1 X108.903 Y107.794 E.00353
G1 X108.92 Y107.793 E.00036
G1 X110.047 Y108.92 E.03306
G1 X109.953 Y111.08 E.04484
G1 X111.08 Y112.207 E.03306
G1 X111.097 Y112.206 E.00036
G1 X110.947 Y112.287 E.00353
G1 X110.483 Y112.427 E.01006
G1 X110 Y112.475 E.01006
G1 X109.517 Y112.427 E.01006
G1 X109.112 Y112.304 E.00879
G1 X108.92 Y112.113 E.00562
G1 X108.742 Y112.121 E.00369
G1 X108.625 Y112.058 E.00276
G1 X108.25 Y111.75 E.01006
G1 X107.942 Y111.375 E.01006
G1 X107.713 Y110.947 E.01006
G1 X107.682 Y110.843 E.00225
G1 X113.132 Y109.418 F9000
;TYPE:Internal solid infill
;WIDTH:0.359067
G1 F1595
G1 X112.958 Y108.818 E.01018
G1 X112.67 Y108.264 E.01018
G1 X112.28 Y107.776 E.01018
G1 X111.803 Y107.374 E.01018
G1 X111.256 Y107.073 E.01018
G1 X110.66 Y106.884 E.01018
G1 X110.057 Y106.816 E.0099
G1 X109.419 Y106.868 E.01044
G1 X108.818 Y107.042 E.01019
G1 X108.264 Y107.33 E.01018
G1 X107.776 Y107.72 E.01018
G1 X107.374 Y108.197 E.01018
G1 X107.073 Y108.744 E.01018
G1 X106.884 Y109.34 E.01018
G1 X106.815 Y109.96 E.01018
G1 X106.868 Y110.582 E.01018
G1 X107.042 Y111.182 E.01018
G1 X107.33 Y111.736 E.01018
G1 X107.72 Y112.224 E.01018
G1 X108.197 Y112.626 E.01018
G1 X108.744 Y112.927 E.01018
G1 X109.34 Y113.116 E.01018
G1 X109.96 Y113.185 E.01018
G1 X110.582 Y113.132 E.01018
G1 X111.182 Y112.958 E.01018
G1 X111.736 Y112.67 E.01018
G1 X112.224 Y112.28 E.01018
G1 X112.626 Y111.803 E.01018
G1 X112.927 Y111.256 E.01018
G1 X113.116 Y110.66 E.01018
G1 X113.185 Y110.04 E.01018
G1 X113.135 Y109.458 E.00952
G1 X108 Y112.035 F9000
;WIDTH:0.358306
G1 F1595
G1 X107.642 Y111.606 E.00909
G1 X107.374 Y111.115 E.00909
G1 X107.207 Y110.581 E.00909
G1 X107.147 Y110.025 E.00909
G1 X107.197 Y109.468 E.00909
G1 X107.355 Y108.931 E.00909
G1 X107.614 Y108.436 E.00909
G1 X107.965 Y108.001 E.00909
G1 X108.394 Y107.642 E.00909
G1 X108.885 Y107.374 E.00909
G1 X109.419 Y107.207 E.00909
G1 X109.992 Y107.147 E.00936
G1 X110.533 Y107.197 E.00883
G1 X111.069 Y107.355 E.00908
G1 X111.564 Y107.614 E.00909
G1 X112 Y107.965 E.00909
G1 X112.358 Y108.394 E.00909
G1 X112.626 Y108.885 E.00909
G1 X112.793 Y109.419 E.00909
G1 X112.853 Y109.975 E.00909
G1 X112.803 Y110.532 E.00909
G1 X112.645 Y111.069 E.00909
G1 X112.386 Y111.564 E.00909
G1 X112.035 Y112 E.00909
G1 X111.606 Y112.358 E.00909
G1 X111.115 Y112.626 E.00909
G1 X110.581 Y112.793 E.00909
G1 X110.025 Y112.853 E.00909
G1 X109.468 Y112.803 E.00909
G1 X108.931 Y112.645 E.00909
G1 X108.436 Y112.386 E.00909
G1 X108.032 Y112.06 E.00844
; stop printing object JOYSTICK.stl id:15 copy 0
;LAYER_CHANGE
;Z:8.72
;HEIGHT:0.12
;BEFORE_LAYER_CHANGE
;8.72
G92 E0

G1 E-.97778 F2400
;WIPE_START
G1 F10800
G1 X108.436 Y112.386 E-.11539
G1 X108.862 Y112.609 E-.10683
;WIPE_END
;_SET_FAN_SPEED_CHANGING_LAYER
; printing object JOYSTICK.stl id:15 copy 0
G17
G3 Z9.12 I1.113 J.492 P1  F9000
G1 X111.415 Y106.839 Z9.12
G1 Z8.72
G1 E1.2 F1800
M204 P2000
;TYPE:Inner wall
;WIDTH:0.449999
G1 F1464
G1 X111.928 Y107.114 E.01208
G1 X112.454 Y107.546 E.01411
G1 X112.886 Y108.072 E.01411
G1 X113.207 Y108.672 E.01411
G1 X113.404 Y109.323 E.01411
G1 X113.471 Y110 E.01411
G1 X113.404 Y110.677 E.01411
G1 X113.207 Y111.328 E.01411
G1 X112.886 Y111.928 E.01411
G1 X112.454 Y112.454 E.01411
G1 X111.928 Y112.886 E.01411
G1 X111.328 Y113.207 E.01411
G1 X110.677 Y113.404 E.01411
G1 X110 Y113.471 E.01411
G1 X109.323 Y113.404 E.01411
G1 X108.672 Y113.207 E.01411
G1 X108.072 Y112.886 E.01411
G1 X107.546 Y112.454 E.01411
G1 X107.114 Y111.928 E.01411
G1 X106.793 Y111.328 E.01411
G1 X106.596 Y110.677 E.01411
G1 X106.529 Y110 E.01411
G1 X106.596 Y109.323 E.01411
G1 X106.793 Y108.672 E.01411
G1 X107.114 Y108.072 E.01411
G1 X107.546 Y107.546 E.01411
G1 X108.072 Y107.114 E.01411
G1 X108.672 Y106.793 E.01411
G1 X109.323 Y106.596 E.01411
G1 X110 Y106.529 E.01411
G1 X110.677 Y106.596 E.01411
G1 X111.328 Y106.793 E.01411
G1 X111.379 Y106.821 E.0012
G1 X111.614 Y106.467 F9000
M204 P1000
;TYPE:Outer wall
;WIDTH:0.419999
G1 F1464
G1 X112.164 Y106.761 E.01203
G1 X112.754 Y107.246 E.01472
G1 X113.239 Y107.836 E.01472
G1 X113.599 Y108.509 E.01472
G1 X113.82 Y109.24 E.01472
G1 X113.895 Y110 E.01472
G1 X113.82 Y110.76 E.01472
G1 X113.599 Y111.491 E.01472
G1 X113.239 Y112.164 E.01472
G1 X112.754 Y112.754 E.01472
G1 X112.164 Y113.239 E.01472
G1 X111.491 Y113.599 E.01472
G1 X110.76 Y113.82 E.01472
G1 X110 Y113.895 E.01472
G1 X109.24 Y113.82 E.01472
G1 X108.509 Y113.599 E.01472
G1 X107.836 Y113.239 E.01472
G1 X107.246 Y112.754 E.01472
G1 X106.761 Y112.164 E.01472
G1 X106.401 Y111.491 E.01472
G1 X106.18 Y110.76 E.01472
G1 X106.105 Y110 E.01472
G1 X106.18 Y109.24 E.01472
G1 X106.401 Y108.509 E.01472
G1 X106.761 Y107.836 E.01472
G1 X107.246 Y107.246 E.01472
G1 X107.836 Y106.761 E.01472
G1 X108.509 Y106.401 E.01472
G1 X109.24 Y106.18 E.01472
G1 X110 Y106.105 E.01472
G1 X110.76 Y106.18 E.01472
G1 X111.491 Y106.401 E.01472
G1 X111.578 Y106.448 E.00192
G1 E-.84 F2400
;WIPE_START
G1 F3600
G1 X112.164 Y106.761 E-.23905
G1 X112.424 Y106.974 E-.12095
;WIPE_END
G1 Z9.12 F9000
G1 X113.024 Y109.443 Z9.12
G1 Z8.72
G1 E1.2 F1800
M204 P2500
;TYPE:Internal solid infill
;WIDTH:0.382824
G1 F1464
G1 X112.857 Y108.863 E.01052
G1 X112.58 Y108.328 E.01052
G1 X112.204 Y107.857 E.01052
G1 X111.744 Y107.468 E.01052
G1 X111.216 Y107.176 E.01052
G1 X110.642 Y106.993 E.01052
G1 X110.061 Y106.927 E.01022
G1 X109.444 Y106.976 E.0108
G1 X108.863 Y107.143 E.01054
G1 X108.328 Y107.42 E.01052
G1 X107.857 Y107.796 E.01052
G1 X107.468 Y108.256 E.01052
G1 X107.176 Y108.784 E.01052
G1 X106.993 Y109.358 E.01052
G1 X106.926 Y109.957 E.01052
G1 X106.976 Y110.557 E.01052
G1 X107.143 Y111.137 E.01052
G1 X107.42 Y111.672 E.01052
G1 X107.796 Y112.143 E.01052
G1 X108.256 Y112.532 E.01052
G1 X108.784 Y112.824 E.01052
G1 X109.358 Y113.007 E.01052
G1 X109.957 Y113.074 E.01052
G1 X110.557 Y113.024 E.01052
G1 X111.137 Y112.857 E.01052
G1 X111.672 Y112.58 E.01052
G1 X112.143 Y112.204 E.01052
G1 X112.532 Y111.744 E.01052
G1 X112.824 Y111.216 E.01052
G1 X113.007 Y110.642 E.01052
G1 X113.074 Y110.043 E.01052
G1 X113.027 Y109.483 E.00982
G1 X107.282 Y110.026 F9000
;WIDTH:0.382061
G1 F1464
G1 X107.329 Y109.495 E.00928
G1 X107.479 Y108.984 E.00928
G1 X107.725 Y108.512 E.00928
G1 X108.059 Y108.096 E.00928
G1 X108.468 Y107.754 E.00928
G1 X108.936 Y107.499 E.00928
G1 X109.444 Y107.339 E.00928
G1 X109.991 Y107.281 E.00958
G1 X110.505 Y107.329 E.009
G1 X111.016 Y107.479 E.00927
G1 X111.488 Y107.725 E.00928
G1 X111.904 Y108.059 E.00928
G1 X112.246 Y108.468 E.00928
G1 X112.501 Y108.936 E.00928
G1 X112.661 Y109.444 E.00928
G1 X112.718 Y109.974 E.00928
G1 X112.671 Y110.505 E.00928
G1 X112.521 Y111.016 E.00928
G1 X112.275 Y111.488 E.00928
G1 X111.941 Y111.904 E.00928
G1 X111.532 Y112.246 E.00928
G1 X111.064 Y112.501 E.00928
G1 X110.556 Y112.661 E.00928
G1 X110.026 Y112.718 E.00928
G1 X109.495 Y112.671 E.00928
G1 X108.984 Y112.521 E.00928
G1 X108.512 Y112.275 E.00928
G1 X108.096 Y111.941 E.00928
G1 X107.754 Y111.532 E.00928
G1 X107.499 Y111.064 E.00928
G1 X107.339 Y110.556 E.00928
G1 X107.286 Y110.066 E.00859
G1 X109.238 Y107.81 F9000
;TYPE:Sparse infill
;WIDTH:0.45
G1 F1464
G1 X109.546 Y107.716 E.00668
G1 X110 Y107.671 E.00947
G1 X110.454 Y107.716 E.00947
G1 X110.896 Y107.851 E.00958
G1 X109.827 Y108.92 E.03135
G1 X110.173 Y111.08 E.04537
G1 X109.104 Y112.149 E.03135
G1 X109.546 Y112.284 E.00958
G1 X110 Y112.329 E.00947
G1 X110.454 Y112.284 E.00947
G1 X110.762 Y112.19 E.00668
; stop printing object JOYSTICK.stl id:15 copy 0
;LAYER_CHANGE
;Z:8.84
;HEIGHT:0.12
;BEFORE_LAYER_CHANGE
;8.84
G92 E0

G1 E-.97778 F2400
;WIPE_START
G1 F10800
G1 X110.454 Y112.284 E-.07153
G1 X110 Y112.329 E-.10145
G1 X109.779 Y112.307 E-.04924
;WIPE_END
;_SET_FAN_SPEED_CHANGING_LAYER
; printing object JOYSTICK.stl id:15 copy 0
G17
G3 Z9.24 I1.167 J.347 P1  F9000
G1 X111.378 Y106.931 Z9.24
G1 Z8.84
G1 E1.2 F1800
M204 P2000
;TYPE:Inner wall
;WIDTH:0.449999
G1 F1405
G1 X111.874 Y107.196 E.01166
G1 X112.385 Y107.615 E.01371
G1 X112.804 Y108.126 E.01371
G1 X113.116 Y108.709 E.01371
G1 X113.308 Y109.342 E.01371
G1 X113.373 Y110 E.01371
G1 X113.308 Y110.658 E.01371
G1 X113.116 Y111.291 E.01371
G1 X112.804 Y111.874 E.01371
G1 X112.385 Y112.385 E.01371
G1 X111.874 Y112.804 E.01371
G1 X111.291 Y113.116 E.01371
G1 X110.658 Y113.308 E.01371
G1 X110 Y113.373 E.01371
G1 X109.342 Y113.308 E.01371
G1 X108.709 Y113.116 E.01371
G1 X108.126 Y112.804 E.01371
G1 X107.615 Y112.385 E.01371
G1 X107.196 Y111.874 E.01371
G1 X106.884 Y111.291 E.01371
G1 X106.692 Y110.658 E.01371
G1 X106.627 Y110 E.01371
G1 X106.692 Y109.342 E.01371
G1 X106.884 Y108.709 E.01371
G1 X107.196 Y108.126 E.01371
G1 X107.615 Y107.615 E.01371
G1 X108.126 Y107.196 E.01371
G1 X108.709 Y106.884 E.01371
G1 X109.342 Y106.692 E.01371
G1 X110 Y106.627 E.01371
G1 X110.658 Y106.692 E.01371
G1 X111.291 Y106.884 E.01371
G1 X111.343 Y106.912 E.00122
G1 X111.577 Y106.559 F9000
M204 P1000
;TYPE:Outer wall
;WIDTH:0.419999
G1 F1405
G1 X112.109 Y106.843 E.01164
G1 X112.685 Y107.315 E.01435
G1 X113.157 Y107.891 E.01435
G1 X113.508 Y108.547 E.01435
G1 X113.724 Y109.259 E.01435
G1 X113.797 Y110 E.01435
G1 X113.724 Y110.741 E.01435
G1 X113.508 Y111.453 E.01435
G1 X113.157 Y112.109 E.01435
G1 X112.685 Y112.685 E.01435
G1 X112.109 Y113.157 E.01435
G1 X111.453 Y113.508 E.01435
G1 X110.741 Y113.724 E.01435
G1 X110 Y113.797 E.01435
G1 X109.259 Y113.724 E.01435
G1 X108.547 Y113.508 E.01435
G1 X107.891 Y113.157 E.01435
G1 X107.315 Y112.685 E.01435
G1 X106.843 Y112.109 E.01435
G1 X106.492 Y111.453 E.01435
G1 X106.276 Y110.741 E.01435
G1 X106.203 Y110 E.01435
G1 X106.276 Y109.259 E.01435
G1 X106.492 Y108.547 E.01435
G1 X106.843 Y107.891 E.01435
G1 X107.315 Y107.315 E.01435
G1 X107.891 Y106.843 E.01435
G1 X108.547 Y106.492 E.01435
G1 X109.259 Y106.276 E.01435
G1 X110 Y106.203 E.01435
G1 X110.741 Y106.276 E.01435
G1 X111.453 Y106.492 E.01435
G1 X111.542 Y106.54 E.00194
G1 E-.84 F2400
;WIPE_START
G1 F3600
G1 X112.109 Y106.843 E-.23176
G1 X112.385 Y107.069 E-.12824
;WIPE_END
G1 Z9.24 F9000
G1 X112.916 Y109.468 Z9.24
G1 Z8.84
G1 E1.2 F1800
M204 P2500
;TYPE:Internal solid infill
;WIDTH:0.40658
G1 F1405
G1 X112.756 Y108.909 E.01082
G1 X112.49 Y108.392 E.01082
G1 X112.128 Y107.937 E.01082
G1 X111.685 Y107.562 E.01082
G1 X111.177 Y107.28 E.01082
G1 X110.624 Y107.103 E.01082
G1 X110.064 Y107.038 E.01049
G1 X109.469 Y107.084 E.01112
G1 X108.909 Y107.244 E.01084
G1 X108.392 Y107.51 E.01082
G1 X107.937 Y107.872 E.01082
G1 X107.562 Y108.315 E.01082
G1 X107.28 Y108.823 E.01082
G1 X107.103 Y109.376 E.01082
G1 X107.037 Y109.953 E.01082
G1 X107.084 Y110.532 E.01082
G1 X107.244 Y111.091 E.01082
G1 X107.51 Y111.608 E.01082
G1 X107.872 Y112.063 E.01082
G1 X108.315 Y112.438 E.01082
G1 X108.823 Y112.72 E.01082
G1 X109.376 Y112.897 E.01082
G1 X109.953 Y112.963 E.01082
G1 X110.532 Y112.916 E.01082
G1 X111.091 Y112.756 E.01082
G1 X111.608 Y112.49 E.01082
G1 X112.063 Y112.128 E.01082
G1 X112.438 Y111.685 E.01082
G1 X112.72 Y111.177 E.01082
G1 X112.897 Y110.624 E.01082
G1 X112.963 Y110.047 E.01082
G1 X112.919 Y109.507 E.01007
G1 X108.154 Y108.192 F9000
;WIDTH:0.406794
G1 F1405
G1 X108.542 Y107.867 E.00944
G1 X108.986 Y107.623 E.00944
G1 X109.469 Y107.471 E.00944
G1 X109.989 Y107.416 E.00975
G1 X110.5 Y107.463 E.00956
G1 X110.986 Y107.61 E.00944
G1 X111.433 Y107.848 E.00944
G1 X111.825 Y108.169 E.00944
G1 X112.147 Y108.56 E.00944
G1 X112.387 Y109.007 E.00944
G1 X112.535 Y109.492 E.00944
G1 X112.585 Y109.996 E.00944
G1 X112.537 Y110.5 E.00944
G1 X112.39 Y110.986 E.00944
G1 X112.152 Y111.433 E.00944
G1 X111.831 Y111.825 E.00944
G1 X111.44 Y112.147 E.00944
G1 X110.993 Y112.387 E.00944
G1 X110.508 Y112.535 E.00944
G1 X110.004 Y112.585 E.00944
G1 X109.5 Y112.537 E.00944
G1 X109.014 Y112.39 E.00944
G1 X108.567 Y112.152 E.00944
G1 X108.175 Y111.831 E.00944
G1 X107.853 Y111.44 E.00944
G1 X107.613 Y110.993 E.00944
G1 X107.465 Y110.508 E.00944
G1 X107.416 Y110.027 E.00902
G1 X107.46 Y109.523 E.00943
G1 X107.602 Y109.037 E.00944
G1 X107.836 Y108.587 E.00944
G1 X108.129 Y108.224 E.00869
G1 X109.278 Y107.949 F9000
;TYPE:Sparse infill
;WIDTH:0.45
G1 F1405
G1 X109.574 Y107.859 E.00642
G1 X110 Y107.818 E.00887
G1 X110.426 Y107.859 E.00887
G1 X110.835 Y107.984 E.00887
G1 X110.927 Y108.033 E.00215
G1 X110.039 Y108.92 E.02603
G1 X109.961 Y111.08 E.04483
G1 X109.073 Y111.967 E.02603
G1 X109.165 Y112.016 E.00215
G1 X109.574 Y112.141 E.00887
G1 X110 Y112.182 E.00887
G1 X110.426 Y112.141 E.00887
G1 X110.722 Y112.051 E.00642
; stop printing object JOYSTICK.stl id:15 copy 0
;LAYER_CHANGE
;Z:8.96
;HEIGHT:0.12
;BEFORE_LAYER_CHANGE
;8.96
G92 E0

G1 E-.97778 F2400
;WIPE_START
G1 F10800
G1 X110.426 Y112.141 E-.0688
G1 X110 Y112.182 E-.09508
G1 X109.739 Y112.157 E-.05834
;WIPE_END
;_SET_FAN_SPEED_CHANGING_LAYER
; printing object JOYSTICK.stl id:15 copy 0
G17
G3 Z9.36 I1.162 J.362 P1  F9000
G1 X111.341 Y107.022 Z9.36
G1 Z8.96
G1 E1.2 F1800
M204 P2000
;TYPE:Inner wall
;WIDTH:0.449999
G1 F1361
G1 X111.819 Y107.278 E.01125
G1 X112.315 Y107.685 E.01331
G1 X112.722 Y108.181 E.01331
G1 X113.025 Y108.747 E.01331
G1 X113.211 Y109.361 E.01331
G1 X113.274 Y110 E.01331
G1 X113.211 Y110.639 E.01331
G1 X113.025 Y111.253 E.01331
G1 X112.722 Y111.819 E.01331
G1 X112.315 Y112.315 E.01331
G1 X111.819 Y112.722 E.01331
G1 X111.253 Y113.025 E.01331
G1 X110.639 Y113.211 E.01331
G1 X110 Y113.274 E.01331
G1 X109.361 Y113.211 E.01331
G1 X108.747 Y113.025 E.01331
G1 X108.181 Y112.722 E.01331
G1 X107.685 Y112.315 E.01331
G1 X107.278 Y111.819 E.01331
G1 X106.975 Y111.253 E.01331
G1 X106.789 Y110.639 E.01331
G1 X106.726 Y110 E.01331
G1 X106.789 Y109.361 E.01331
G1 X106.975 Y108.747 E.01331
G1 X107.278 Y108.181 E.01331
G1 X107.685 Y107.685 E.01331
G1 X108.181 Y107.278 E.01331
G1 X108.747 Y106.975 E.01331
G1 X109.361 Y106.789 E.01331
G1 X110 Y106.726 E.01331
G1 X110.639 Y106.789 E.01331
G1 X111.253 Y106.975 E.01331
G1 X111.305 Y107.003 E.00123
G1 X111.54 Y106.65 F9000
M204 P1000
;TYPE:Outer wall
;WIDTH:0.419999
G1 F1361
G1 X112.055 Y106.925 E.01126
G1 X112.615 Y107.385 E.01397
G1 X113.075 Y107.945 E.01397
G1 X113.417 Y108.585 E.01397
G1 X113.627 Y109.279 E.01397
G1 X113.698 Y110 E.01397
G1 X113.627 Y110.721 E.01397
G1 X113.417 Y111.415 E.01397
G1 X113.075 Y112.055 E.01397
G1 X112.615 Y112.615 E.01397
G1 X112.055 Y113.075 E.01397
G1 X111.415 Y113.417 E.01397
G1 X110.721 Y113.627 E.01397
G1 X110 Y113.698 E.01397
G1 X109.279 Y113.627 E.01397
G1 X108.585 Y113.417 E.01397
G1 X107.945 Y113.075 E.01397
G1 X107.385 Y112.615 E.01397
G1 X106.925 Y112.055 E.01397
G1 X106.583 Y111.415 E.01397
G1 X106.373 Y110.721 E.01397
G1 X106.302 Y110 E.01397
G1 X106.373 Y109.279 E.01397
G1 X106.583 Y108.585 E.01397
G1 X106.925 Y107.945 E.01397
G1 X107.385 Y107.385 E.01397
G1 X107.945 Y106.925 E.01397
G1 X108.585 Y106.583 E.01397
G1 X109.279 Y106.373 E.01397
G1 X110 Y106.302 E.01397
G1 X110.721 Y106.373 E.01397
G1 X111.415 Y106.583 E.01397
G1 X111.504 Y106.631 E.00195
G1 E-.84 F2400
;WIPE_START
G1 F3600
G1 X112.055 Y106.925 E-.22463
G1 X112.345 Y107.164 E-.13537
;WIPE_END
G1 Z9.36 F9000
G1 X111.969 Y109.51 Z9.36
G1 Z8.96
G1 E1.2 F1800
M204 P2500
;TYPE:Sparse infill
;WIDTH:0.45
G1 F1361
G1 X111.881 Y109.221 E.00627
G1 X111.693 Y108.869 E.00828
G1 X111.44 Y108.56 E.00828
G1 X111.131 Y108.307 E.00828
G1 X110.958 Y108.214 E.00409
G1 X110.252 Y108.92 E.02071
G1 X109.748 Y111.08 E.046
G1 X109.042 Y111.786 E.02071
G1 X108.869 Y111.693 E.00409
G1 X108.56 Y111.44 E.00828
G1 X108.307 Y111.131 E.00828
G1 X108.119 Y110.779 E.00828
G1 X108.031 Y110.49 E.00627
G1 X112.853 Y110.05 F9000
;TYPE:Internal solid infill
;WIDTH:0.430337
G1 F1361
G1 X112.808 Y109.492 E.01106
G1 X112.655 Y108.954 E.01106
G1 X112.4 Y108.457 E.01106
G1 X112.052 Y108.018 E.01106
G1 X111.626 Y107.656 E.01106
G1 X111.138 Y107.384 E.01106
G1 X110.605 Y107.212 E.01106
G1 X110.067 Y107.149 E.01072
G1 X109.494 Y107.192 E.01138
G1 X108.954 Y107.345 E.01109
G1 X108.457 Y107.6 E.01106
G1 X108.018 Y107.948 E.01106
G1 X107.656 Y108.374 E.01106
G1 X107.384 Y108.862 E.01106
G1 X107.212 Y109.395 E.01106
G1 X107.147 Y109.95 E.01106
G1 X107.192 Y110.508 E.01106
G1 X107.345 Y111.046 E.01106
G1 X107.6 Y111.543 E.01106
G1 X107.948 Y111.982 E.01106
G1 X108.374 Y112.344 E.01106
G1 X108.862 Y112.616 E.01106
G1 X109.395 Y112.788 E.01106
G1 X109.95 Y112.853 E.01106
G1 X110.508 Y112.808 E.01106
G1 X111.046 Y112.655 E.01106
G1 X111.543 Y112.4 E.01106
G1 X111.982 Y112.052 E.01106
G1 X112.344 Y111.626 E.01106
G1 X112.616 Y111.138 E.01106
G1 X112.788 Y110.605 E.01106
G1 X112.848 Y110.09 E.01027
G1 X110.028 Y107.55 F9000
;WIDTH:0.430339
G1 F1361
G1 X110.489 Y107.599 E.00917
G1 X110.948 Y107.741 E.0095
G1 X111.37 Y107.969 E.0095
G1 X111.74 Y108.275 E.0095
G1 X112.043 Y108.648 E.0095
G1 X112.268 Y109.073 E.0095
G1 X112.405 Y109.533 E.0095
G1 X112.45 Y110.011 E.0095
G1 X112.401 Y110.489 E.0095
G1 X112.259 Y110.948 E.0095
G1 X112.031 Y111.37 E.0095
G1 X111.725 Y111.74 E.0095
G1 X111.352 Y112.043 E.0095
G1 X110.927 Y112.268 E.0095
G1 X110.467 Y112.405 E.0095
G1 X109.989 Y112.45 E.0095
G1 X109.511 Y112.401 E.0095
G1 X109.052 Y112.259 E.0095
G1 X108.63 Y112.031 E.0095
G1 X108.26 Y111.725 E.0095
G1 X107.957 Y111.352 E.0095
G1 X107.732 Y110.927 E.0095
G1 X107.595 Y110.467 E.0095
G1 X107.55 Y109.989 E.0095
G1 X107.595 Y109.526 E.00921
G1 X107.741 Y109.052 E.0098
G1 X107.969 Y108.63 E.0095
G1 X108.275 Y108.26 E.0095
G1 X108.648 Y107.957 E.0095
G1 X109.073 Y107.732 E.0095
G1 X109.534 Y107.595 E.00951
G1 X109.988 Y107.554 E.00903
; stop printing object JOYSTICK.stl id:15 copy 0
;LAYER_CHANGE
;Z:9.08
;HEIGHT:0.12
;BEFORE_LAYER_CHANGE
;9.08
G92 E0

G1 E-.97778 F2400
;WIPE_START
G1 F10800
G1 X109.534 Y107.595 E-.10142
G1 X109.073 Y107.732 E-.10689
G1 X109.017 Y107.762 E-.01391
;WIPE_END
;_SET_FAN_SPEED_CHANGING_LAYER
; printing object JOYSTICK.stl id:15 copy 0
G17
G3 Z9.48 I.332 J1.171 P1  F9000
G1 X111.303 Y107.113 Z9.48
G1 Z9.08
G1 E1.2 F1800
M204 P2000
;TYPE:Inner wall
;WIDTH:0.449999
G1 F1301
G1 X111.764 Y107.36 E.01085
G1 X112.245 Y107.755 E.01291
G1 X112.64 Y108.236 E.01291
G1 X112.934 Y108.785 E.01291
G1 X113.115 Y109.38 E.01291
G1 X113.176 Y110 E.01291
G1 X113.115 Y110.62 E.01291
G1 X112.934 Y111.215 E.01291
G1 X112.64 Y111.764 E.01291
G1 X112.245 Y112.245 E.01291
G1 X111.764 Y112.64 E.01291
G1 X111.215 Y112.934 E.01291
G1 X110.62 Y113.115 E.01291
G1 X110 Y113.176 E.01291
G1 X109.38 Y113.115 E.01291
G1 X108.785 Y112.934 E.01291
G1 X108.236 Y112.64 E.01291
G1 X107.755 Y112.245 E.01291
G1 X107.36 Y111.764 E.01291
G1 X107.066 Y111.215 E.01291
G1 X106.885 Y110.62 E.01291
G1 X106.824 Y110 E.01291
G1 X106.885 Y109.38 E.01291
G1 X107.066 Y108.785 E.01291
G1 X107.36 Y108.236 E.01291
G1 X107.755 Y107.755 E.01291
G1 X108.236 Y107.36 E.01291
G1 X108.785 Y107.066 E.01291
G1 X109.38 Y106.885 E.01291
G1 X110 Y106.824 E.01291
G1 X110.62 Y106.885 E.01291
G1 X111.215 Y107.066 E.01291
G1 X111.268 Y107.094 E.00123
G1 X111.502 Y106.741 F9000
M204 P1000
;TYPE:Outer wall
;WIDTH:0.419999
G1 F1301
G1 X112 Y107.007 E.01088
G1 X112.545 Y107.455 E.0136
G1 X112.993 Y108 E.0136
G1 X113.326 Y108.622 E.0136
G1 X113.531 Y109.298 E.0136
G1 X113.6 Y110 E.0136
G1 X113.531 Y110.702 E.0136
G1 X113.326 Y111.378 E.0136
G1 X112.993 Y112 E.0136
G1 X112.545 Y112.545 E.0136
G1 X112 Y112.993 E.0136
G1 X111.378 Y113.326 E.0136
G1 X110.702 Y113.531 E.0136
G1 X110 Y113.6 E.0136
G1 X109.298 Y113.531 E.0136
G1 X108.622 Y113.326 E.0136
G1 X108 Y112.993 E.0136
G1 X107.455 Y112.545 E.0136
G1 X107.007 Y112 E.0136
G1 X106.674 Y111.378 E.0136
G1 X106.469 Y110.702 E.0136
G1 X106.4 Y110 E.0136
G1 X106.469 Y109.298 E.0136
G1 X106.674 Y108.622 E.0136
G1 X107.007 Y108 E.0136
G1 X107.455 Y107.455 E.0136
G1 X108 Y107.007 E.0136
G1 X108.622 Y106.674 E.0136
G1 X109.298 Y106.469 E.0136
G1 X110 Y106.4 E.0136
G1 X110.702 Y106.469 E.0136
G1 X111.378 Y106.674 E.0136
G1 X111.467 Y106.722 E.00195
G1 E-.84 F2400
;WIPE_START
G1 F3600
G1 X112 Y107.007 E-.21765
G1 X112.306 Y107.258 E-.14235
;WIPE_END
G1 Z9.48 F9000
G1 X112.7 Y109.517 Z9.48
G1 Z9.08
G1 E1.2 F1800
M204 P2500
;TYPE:Internal solid infill
;WIDTH:0.454132
G1 F1301
G1 X112.554 Y109 E.01126
G1 X112.309 Y108.521 E.01126
G1 X111.976 Y108.099 E.01126
G1 X111.568 Y107.75 E.01126
G1 X111.098 Y107.487 E.01126
G1 X110.587 Y107.321 E.01126
G1 X110.083 Y107.261 E.01064
G1 X109.517 Y107.301 E.01189
G1 X109 Y107.446 E.01125
G1 X108.521 Y107.691 E.01126
G1 X108.099 Y108.024 E.01126
G1 X107.75 Y108.432 E.01126
G1 X107.487 Y108.902 E.01126
G1 X107.321 Y109.413 E.01126
G1 X107.258 Y109.947 E.01126
G1 X107.3 Y110.483 E.01126
G1 X107.446 Y111 E.01126
G1 X107.691 Y111.479 E.01126
G1 X108.024 Y111.901 E.01126
G1 X108.432 Y112.25 E.01126
G1 X108.902 Y112.513 E.01126
G1 X109.413 Y112.679 E.01126
G1 X109.947 Y112.742 E.01126
G1 X110.483 Y112.7 E.01126
G1 X111 Y112.554 E.01126
G1 X111.479 Y112.309 E.01126
G1 X111.901 Y111.976 E.01126
G1 X112.25 Y111.568 E.01126
G1 X112.513 Y111.098 E.01126
G1 X112.679 Y110.587 E.01126
G1 X112.742 Y110.053 E.01126
G1 X112.703 Y109.557 E.01042
G1 X110.042 Y107.687 F9000
;WIDTH:0.454083
G1 F1301
G1 X110.464 Y107.731 E.00888
G1 X110.897 Y107.865 E.00951
G1 X111.296 Y108.081 E.00951
G1 X111.646 Y108.371 E.00951
G1 X111.932 Y108.724 E.00951
G1 X112.144 Y109.125 E.00951
G1 X112.273 Y109.56 E.00951
G1 X112.316 Y110.012 E.00951
G1 X112.269 Y110.464 E.00951
G1 X112.135 Y110.897 E.00951
G1 X111.919 Y111.296 E.00951
G1 X111.629 Y111.646 E.00951
G1 X111.276 Y111.932 E.00951
G1 X110.875 Y112.144 E.00951
G1 X110.44 Y112.273 E.00951
G1 X109.988 Y112.316 E.00951
G1 X109.536 Y112.269 E.00951
G1 X109.103 Y112.135 E.00951
G1 X108.704 Y111.919 E.00951
G1 X108.354 Y111.629 E.00951
G1 X108.068 Y111.276 E.00951
G1 X107.856 Y110.875 E.00951
G1 X107.727 Y110.44 E.00951
G1 X107.684 Y109.988 E.00951
G1 X107.724 Y109.578 E.00863
G1 X107.865 Y109.103 E.01038
G1 X108.081 Y108.704 E.00951
G1 X108.371 Y108.354 E.00951
G1 X108.724 Y108.068 E.00951
G1 X109.125 Y107.856 E.00951
G1 X109.557 Y107.728 E.00945
G1 X110.002 Y107.691 E.00934
G1 X109.358 Y108.229 F9000
;TYPE:Sparse infill
;WIDTH:0.45
G1 F1301
G1 X109.626 Y108.148 E.0058
G1 X110.028 Y108.113 E.00838
G1 X110.369 Y108.146 E.0071
G1 X110.723 Y108.254 E.00769
G1 X110.988 Y108.395 E.00623
G1 X110.464 Y108.92 E.01539
G1 X109.536 Y111.08 E.04876
G1 X109.012 Y111.605 E.01539
G1 X109.277 Y111.746 E.00623
G1 X109.631 Y111.854 E.00769
G1 X110 Y111.89 E.00768
G1 X110.369 Y111.854 E.00769
G1 X110.641 Y111.771 E.00591
; stop printing object JOYSTICK.stl id:15 copy 0
;LAYER_CHANGE
;Z:9.2
;HEIGHT:0.12
;BEFORE_LAYER_CHANGE
;9.2
G92 E0

G1 E-.97778 F2400
;WIPE_START
G1 F10800
G1 X110.369 Y111.854 E-.06334
G1 X110 Y111.89 E-.08234
G1 X109.657 Y111.856 E-.07654
;WIPE_END
;_SET_FAN_SPEED_CHANGING_LAYER
; printing object JOYSTICK.stl id:15 copy 0
G17
G3 Z9.6 I1.15 J.397 P1  F9000
G1 X111.26 Y107.213 Z9.6
G1 Z9.2
G1 E1.2 F1800
M204 P2000
;TYPE:Inner wall
;WIDTH:0.449999
G1 F1236
G1 X111.704 Y107.45 E.01044
G1 X112.168 Y107.832 E.01247
G1 X112.55 Y108.296 E.01247
G1 X112.833 Y108.826 E.01247
G1 X113.008 Y109.402 E.01247
G1 X113.067 Y110 E.01247
G1 X113.008 Y110.598 E.01247
G1 X112.833 Y111.174 E.01247
G1 X112.55 Y111.704 E.01247
G1 X112.168 Y112.168 E.01247
G1 X111.704 Y112.55 E.01247
G1 X111.174 Y112.833 E.01247
G1 X110.598 Y113.008 E.01247
G1 X110 Y113.067 E.01247
G1 X109.402 Y113.008 E.01247
G1 X108.826 Y112.833 E.01247
G1 X108.296 Y112.55 E.01247
G1 X107.832 Y112.168 E.01247
G1 X107.45 Y111.704 E.01247
G1 X107.167 Y111.174 E.01247
G1 X106.992 Y110.598 E.01247
G1 X106.933 Y110 E.01247
G1 X106.992 Y109.402 E.01247
G1 X107.167 Y108.826 E.01247
G1 X107.45 Y108.296 E.01247
G1 X107.832 Y107.832 E.01247
G1 X108.296 Y107.45 E.01247
G1 X108.826 Y107.167 E.01247
G1 X109.402 Y106.992 E.01247
G1 X110 Y106.933 E.01247
G1 X110.577 Y106.99 E.01203
G1 X111.175 Y107.168 E.01294
G1 X111.225 Y107.194 E.00116
G1 X111.459 Y106.841 F9000
M204 P1000
;TYPE:Outer wall
;WIDTH:0.419999
G1 F1236
G1 X111.939 Y107.097 E.0105
G1 X112.468 Y107.532 E.01319
G1 X112.903 Y108.061 E.01319
G1 X113.225 Y108.664 E.01319
G1 X113.424 Y109.319 E.01319
G1 X113.491 Y110 E.01319
G1 X113.424 Y110.681 E.01319
G1 X113.225 Y111.336 E.01319
G1 X112.903 Y111.939 E.01319
G1 X112.468 Y112.468 E.01319
G1 X111.939 Y112.903 E.01319
G1 X111.336 Y113.225 E.01319
G1 X110.681 Y113.424 E.01319
G1 X110 Y113.491 E.01319
G1 X109.319 Y113.424 E.01319
G1 X108.664 Y113.225 E.01319
G1 X108.061 Y112.903 E.01319
G1 X107.532 Y112.468 E.01319
G1 X107.097 Y111.939 E.01319
G1 X106.775 Y111.336 E.01319
G1 X106.576 Y110.681 E.01319
G1 X106.509 Y110 E.01319
G1 X106.576 Y109.319 E.01319
G1 X106.775 Y108.664 E.01319
G1 X107.097 Y108.061 E.01319
G1 X107.532 Y107.532 E.01319
G1 X108.061 Y107.097 E.01319
G1 X108.664 Y106.775 E.01319
G1 X109.319 Y106.576 E.01319
G1 X110 Y106.509 E.01319
G1 X110.659 Y106.574 E.01276
G1 X111.336 Y106.775 E.01362
G1 X111.424 Y106.822 E.00191
G1 E-.84 F2400
;WIPE_START
G1 F3600
G1 X111.939 Y107.097 E-.21052
G1 X112.26 Y107.361 E-.14948
;WIPE_END
G1 Z9.6 F9000
G1 X110.512 Y107.446 Z9.6
G1 Z9.2
G1 E1.2 F1800
M204 P2500
;TYPE:Internal solid infill
;WIDTH:0.503197
G1 F1236
G1 X110 Y107.392 E.01201
G1 X109.49 Y107.436 E.01195
G1 X109 Y107.585 E.01196
G1 X108.548 Y107.827 E.01196
G1 X108.152 Y108.152 E.01196
G1 X107.827 Y108.548 E.01196
G1 X107.585 Y109 E.01196
G1 X107.436 Y109.49 E.01196
G1 X107.386 Y110 E.01196
G1 X107.436 Y110.51 E.01196
G1 X107.585 Y111 E.01196
G1 X107.827 Y111.452 E.01196
G1 X108.152 Y111.848 E.01196
G1 X108.548 Y112.173 E.01196
G1 X109 Y112.415 E.01196
G1 X109.49 Y112.564 E.01196
G1 X110 Y112.614 E.01196
G1 X110.51 Y112.564 E.01196
G1 X111 Y112.415 E.01196
G1 X111.452 Y112.173 E.01196
G1 X111.848 Y111.848 E.01196
G1 X112.173 Y111.452 E.01196
G1 X112.415 Y111 E.01196
G1 X112.564 Y110.51 E.01196
G1 X112.612 Y110.023 E.01141
G1 X112.566 Y109.513 E.01195
G1 X112.422 Y109.022 E.01195
G1 X112.185 Y108.568 E.01195
G1 X111.863 Y108.17 E.01195
G1 X111.47 Y107.841 E.01195
G1 X111.025 Y107.598 E.01186
G1 X110.55 Y107.457 E.01155
G1 X110.176 Y107.881 F9000
;WIDTH:0.501798
G1 F1236
G1 X110.772 Y108.012 E.0142
G1 X111.198 Y108.233 E.01115
G1 X111.52 Y108.501 E.00974
G1 X111.783 Y108.826 E.00974
G1 X111.978 Y109.196 E.00974
G1 X112.096 Y109.597 E.00974
G1 X112.135 Y110.014 E.00974
G1 X112.091 Y110.43 E.00974
G1 X111.967 Y110.83 E.00974
G1 X111.767 Y111.198 E.00974
G1 X111.499 Y111.519 E.00974
G1 X111.174 Y111.783 E.00974
G1 X110.804 Y111.978 E.00974
G1 X110.403 Y112.096 E.00974
G1 X109.986 Y112.135 E.00974
G1 X109.57 Y112.091 E.00974
G1 X109.17 Y111.967 E.00974
G1 X108.802 Y111.767 E.00974
G1 X108.481 Y111.499 E.00974
G1 X108.217 Y111.174 E.00974
G1 X108.022 Y110.804 E.00974
G1 X107.904 Y110.403 E.00974
G1 X107.865 Y109.986 E.00974
G1 X107.909 Y109.57 E.00974
G1 X108.033 Y109.17 E.00974
G1 X108.222 Y108.817 E.00932
G1 X108.501 Y108.481 E.01017
G1 X108.826 Y108.217 E.00974
G1 X109.196 Y108.022 E.00974
G1 X109.613 Y107.902 E.0101
G1 X110.136 Y107.883 E.01219
G1 X109.353 Y108.444 F9000
;TYPE:Sparse infill
;WIDTH:0.45
G1 F1236
G1 X109.671 Y108.347 E.00689
G1 X110 Y108.315 E.00685
G1 X110.329 Y108.347 E.00685
G1 X110.645 Y108.443 E.00685
G1 X110.97 Y108.626 E.00773
G1 X110.676 Y108.92 E.00862
G1 X109.324 Y111.08 E.05285
G1 X109.03 Y111.374 E.00862
G1 X109.355 Y111.557 E.00773
G1 X109.671 Y111.653 E.00685
G1 X110 Y111.685 E.00685
G1 X110.329 Y111.653 E.00685
G1 X110.647 Y111.556 E.00689
; stop printing object JOYSTICK.stl id:15 copy 0
;LAYER_CHANGE
;Z:9.32
;HEIGHT:0.12
;BEFORE_LAYER_CHANGE
;9.32
G92 E0

G1 E-.97778 F2400
;WIPE_START
G1 F10800
G1 X110.329 Y111.653 E-.0738
G1 X110 Y111.685 E-.07343
G1 X109.671 Y111.653 E-.07342
G1 X109.664 Y111.651 E-.00157
;WIPE_END
;_SET_FAN_SPEED_CHANGING_LAYER
; printing object JOYSTICK.stl id:15 copy 0
G17
G3 Z9.72 I1.146 J.409 P1  F9000
G1 X111.199 Y107.345 Z9.72
G1 Z9.32
G1 E1.2 F1800
M204 P2000
;TYPE:Inner wall
;WIDTH:0.449999
G1 F1577
G1 X111.623 Y107.572 E.00996
G1 X112.065 Y107.935 E.01188
G1 X112.428 Y108.377 E.01188
G1 X112.698 Y108.882 E.01188
G1 X112.864 Y109.43 E.01188
G1 X112.92 Y110 E.01188
G1 X112.864 Y110.57 E.01188
G1 X112.698 Y111.118 E.01188
G1 X112.428 Y111.623 E.01188
G1 X112.065 Y112.065 E.01188
G1 X111.623 Y112.428 E.01188
G1 X111.118 Y112.698 E.01188
G1 X110.57 Y112.864 E.01188
G1 X110 Y112.92 E.01188
G1 X109.43 Y112.864 E.01188
G1 X108.882 Y112.698 E.01188
G1 X108.377 Y112.428 E.01188
G1 X107.935 Y112.065 E.01188
G1 X107.572 Y111.623 E.01188
G1 X107.302 Y111.118 E.01188
G1 X107.136 Y110.57 E.01188
G1 X107.08 Y110 E.01188
G1 X107.136 Y109.43 E.01188
G1 X107.302 Y108.882 E.01188
G1 X107.572 Y108.377 E.01187
G1 X107.935 Y107.935 E.01188
G1 X108.377 Y107.572 E.01188
G1 X108.882 Y107.302 E.01188
G1 X109.43 Y107.136 E.01188
G1 X110 Y107.08 E.01188
G1 X110.57 Y107.136 E.01188
G1 X111.118 Y107.302 E.01188
G1 X111.164 Y107.327 E.00109
G1 X111.398 Y106.973 F9000
M204 P1000
;TYPE:Outer wall
;WIDTH:0.419999
G1 F1577
G1 X111.858 Y107.219 E.01005
G1 X112.365 Y107.635 E.01264
G1 X112.781 Y108.142 E.01264
G1 X113.09 Y108.72 E.01264
G1 X113.28 Y109.347 E.01264
G1 X113.345 Y110 E.01264
G1 X113.28 Y110.653 E.01264
G1 X113.09 Y111.28 E.01264
G1 X112.781 Y111.858 E.01264
G1 X112.365 Y112.365 E.01264
G1 X111.858 Y112.781 E.01264
G1 X111.28 Y113.09 E.01264
G1 X110.653 Y113.28 E.01264
G1 X110 Y113.345 E.01264
G1 X109.347 Y113.28 E.01264
G1 X108.72 Y113.09 E.01264
G1 X108.142 Y112.781 E.01264
G1 X107.635 Y112.365 E.01264
G1 X107.219 Y111.858 E.01264
G1 X106.91 Y111.28 E.01264
G1 X106.72 Y110.653 E.01264
G1 X106.655 Y110 E.01264
G1 X106.72 Y109.347 E.01264
G1 X106.91 Y108.72 E.01264
G1 X107.219 Y108.142 E.01264
G1 X107.635 Y107.635 E.01264
G1 X108.142 Y107.219 E.01264
G1 X108.72 Y106.91 E.01264
G1 X109.347 Y106.72 E.01264
G1 X110 Y106.655 E.01264
G1 X110.653 Y106.72 E.01264
G1 X111.28 Y106.91 E.01264
G1 X111.363 Y106.954 E.00181
G1 E-.84 F2400
;WIPE_START
G1 F3600
G1 X111.858 Y107.219 E-.20218
G1 X112.197 Y107.497 E-.15782
;WIPE_END
G1 Z9.72 F9000
G1 X112.604 Y110 Z9.72
G1 Z9.32
G1 E1.2 F1800
M204 P2500
;TYPE:Internal solid infill
;WIDTH:0.365752
G1 F1577
G1 X112.579 Y109.487 E.00854
G1 X112.43 Y108.993 E.00857
G1 X112.187 Y108.538 E.00857
G1 X111.86 Y108.14 E.00857
G1 X111.462 Y107.813 E.00857
G1 X111.007 Y107.57 E.00857
G1 X110.513 Y107.42 E.00857
G1 X110 Y107.369 E.00857
G1 X109.487 Y107.42 E.00857
G1 X108.993 Y107.57 E.00857
G1 X108.538 Y107.813 E.00857
G1 X108.14 Y108.14 E.00857
G1 X107.813 Y108.538 E.00857
G1 X107.57 Y108.993 E.00857
G1 X107.42 Y109.487 E.00857
G1 X107.369 Y110 E.00857
G1 X107.42 Y110.513 E.00857
G1 X107.57 Y111.007 E.00857
G1 X107.813 Y111.462 E.00857
G1 X108.14 Y111.86 E.00857
G1 X108.538 Y112.187 E.00857
G1 X108.993 Y112.43 E.00857
G1 X109.487 Y112.58 E.00857
G1 X110 Y112.631 E.00857
G1 X110.513 Y112.58 E.00857
G1 X111.007 Y112.43 E.00857
G1 X111.462 Y112.187 E.00857
G1 X111.86 Y111.86 E.00857
G1 X112.187 Y111.462 E.00857
G1 X112.43 Y111.007 E.00857
G1 X112.579 Y110.513 E.00857
G1 X112.602 Y110.04 E.00787
G1 X111.979 Y111.572 F9000
M204 P500
;TYPE:Internal Bridge
;WIDTH:0.389872
;HEIGHT:0.389872
G1 F1577
G1 X111.979 Y108.762 E.13668
G1 X111.674 Y108.368 E.02424
G1 X111.539 Y108.25 E.0087
G1 X111.539 Y111.75 E.17023
G1 X111.323 Y111.927 E.01359
G1 X111.1 Y112.053 E.0125
G1 X111.1 Y107.947 E.19976
G1 X110.867 Y107.829 E.01268
G1 X110.66 Y107.766 E.01054
G1 X110.66 Y112.234 E.21732
G1 X110.427 Y112.299 E.01175
G1 X110.22 Y112.319 E.01012
G1 X110.22 Y107.681 E.22559
G1 X110.03 Y107.662 E.00929
G1 X109.78 Y107.681 E.01218
G1 X109.78 Y112.319 E.22559
G1 X109.573 Y112.299 E.01011
G1 X109.34 Y112.234 E.01176
G1 X109.34 Y107.766 E.21732
G1 X109.133 Y107.829 E.01053
G1 X108.9 Y107.947 E.01268
G1 X108.9 Y112.053 E.19975
G1 X108.677 Y111.927 E.01249
G1 X108.46 Y111.75 E.0136
G1 X108.46 Y108.25 E.17022
G1 X108.326 Y108.368 E.00869
G1 X108.021 Y108.762 E.02425
G1 X108.021 Y111.572 E.13667
; stop printing object JOYSTICK.stl id:15 copy 0
;LAYER_CHANGE
;Z:9.44
;HEIGHT:0.12
;BEFORE_LAYER_CHANGE
;9.44
G92 E0

G1 E-.84 F2400
;WIPE_START
G1 F6154.219
G1 X108.021 Y110.572 E-.36
;WIPE_END
;_SET_FAN_SPEED_CHANGING_LAYER
; printing object JOYSTICK.stl id:15 copy 0
G17
G3 Z9.84 I.857 J.864 P1  F9000
G1 X111.138 Y107.478 Z9.84
G1 Z9.44
G1 E1.2 F1800
M204 P2000
;TYPE:Inner wall
;WIDTH:0.449999
G1 F1453
M106 S255
G1 X111.541 Y107.693 E.00949
G1 X111.962 Y108.038 E.01128
G1 X112.307 Y108.459 E.01128
G1 X112.563 Y108.938 E.01128
G1 X112.721 Y109.459 E.01128
G1 X112.774 Y110 E.01128
G1 X112.721 Y110.541 E.01128
G1 X112.563 Y111.062 E.01128
G1 X112.307 Y111.541 E.01128
G1 X111.962 Y111.962 E.01128
G1 X111.541 Y112.307 E.01128
G1 X111.062 Y112.563 E.01128
G1 X110.541 Y112.721 E.01128
G1 X110 Y112.774 E.01128
G1 X109.459 Y112.721 E.01128
G1 X108.938 Y112.563 E.01128
G1 X108.459 Y112.307 E.01128
G1 X108.038 Y111.962 E.01128
G1 X107.693 Y111.541 E.01128
G1 X107.437 Y111.062 E.01128
G1 X107.279 Y110.541 E.01128
G1 X107.226 Y110 E.01128
G1 X107.279 Y109.459 E.01128
G1 X107.437 Y108.938 E.01128
G1 X107.693 Y108.459 E.01128
G1 X108.038 Y108.038 E.01128
G1 X108.459 Y107.693 E.01128
G1 X108.938 Y107.437 E.01128
G1 X109.459 Y107.279 E.01128
G1 X110 Y107.226 E.01128
G1 X110.541 Y107.279 E.01128
G1 X111.062 Y107.437 E.01128
G1 X111.102 Y107.459 E.00096
G1 X111.337 Y107.105 F9000
M204 P1000
;TYPE:Outer wall
;WIDTH:0.419999
G1 F1453
G1 X111.777 Y107.341 E.00962
G1 X112.262 Y107.738 E.01209
G1 X112.659 Y108.223 E.01209
G1 X112.955 Y108.776 E.01209
G1 X113.137 Y109.376 E.01209
G1 X113.198 Y110 E.01209
G1 X113.137 Y110.624 E.01209
G1 X112.955 Y111.224 E.01209
G1 X112.659 Y111.777 E.01209
G1 X112.262 Y112.262 E.01209
G1 X111.777 Y112.659 E.01209
G1 X111.224 Y112.955 E.01209
G1 X110.624 Y113.137 E.01209
G1 X110 Y113.198 E.01209
G1 X109.376 Y113.137 E.01209
G1 X108.776 Y112.955 E.01209
G1 X108.223 Y112.659 E.01209
G1 X107.738 Y112.262 E.01209
G1 X107.341 Y111.777 E.01209
G1 X107.045 Y111.224 E.01209
G1 X106.863 Y110.624 E.01209
G1 X106.802 Y110 E.01209
G1 X106.863 Y109.376 E.01209
G1 X107.045 Y108.776 E.01209
G1 X107.341 Y108.223 E.01209
G1 X107.738 Y107.738 E.01209
G1 X108.223 Y107.341 E.01209
G1 X108.776 Y107.045 E.01209
G1 X109.376 Y106.863 E.01209
G1 X110 Y106.802 E.01209
G1 X110.624 Y106.863 E.01209
G1 X111.224 Y107.045 E.01209
G1 X111.301 Y107.086 E.00169
G1 E-.84 F2400
;WIPE_START
G1 F3600
G1 X111.777 Y107.341 E-.19408
G1 X112.133 Y107.633 E-.16592
;WIPE_END
G1 Z9.84 F9000
G1 X111.046 Y112.381 Z9.84
G1 Z9.44
G1 E1.2 F1800
M204 P2500
;TYPE:Internal solid infill
;WIDTH:0.429603
G1 F1453
G1 X111.741 Y111.685 E.01942
G1 X112.018 Y111.348 E.00861
G1 X112.242 Y110.929 E.00939
G1 X112.38 Y110.476 E.00934
G1 X110.476 Y112.38 E.05315
G1 X110 Y112.427 E.00945
G1 X109.87 Y112.414 E.00257
G1 X112.414 Y109.87 E.07104
G1 X112.38 Y109.527 E.00682
G1 X112.335 Y109.378 E.00306
G1 X109.378 Y112.335 E.08258
G1 X109.071 Y112.242 E.00633
G1 X108.96 Y112.183 E.0025
G1 X112.183 Y108.96 E.09
G1 X111.974 Y108.598 E.00826
G1 X108.598 Y111.974 E.09427
G1 X108.284 Y111.716 E.00801
G1 X111.716 Y108.284 E.09584
G1 X111.402 Y108.026 E.00801
G1 X108.026 Y111.402 E.09427
G1 X107.817 Y111.04 E.00826
G1 X111.04 Y107.817 E.09
G1 X110.929 Y107.758 E.0025
G1 X110.622 Y107.665 E.00633
G1 X107.665 Y110.622 E.08258
G1 X107.62 Y110.473 E.00306
G1 X107.586 Y110.13 E.00682
G1 X110.13 Y107.586 E.07103
G1 X110 Y107.573 E.00257
G1 X109.524 Y107.621 E.00945
G1 X107.621 Y109.524 E.05315
G1 X107.758 Y109.071 E.00934
G1 X107.982 Y108.652 E.00939
G1 X108.259 Y108.314 E.00863
G1 X108.954 Y107.619 E.01939
; stop printing object JOYSTICK.stl id:15 copy 0
;LAYER_CHANGE
;Z:9.56
;HEIGHT:0.120001
;BEFORE_LAYER_CHANGE
;9.56
G92 E0

G1 E-.97778 F2400
;WIPE_START
G1 F10800
G1 X108.259 Y108.314 E-.21823
G1 X108.248 Y108.328 E-.00399
;WIPE_END
;_SET_FAN_SPEED_CHANGING_LAYER
; printing object JOYSTICK.stl id:15 copy 0
G17
G3 Z9.96 I.3 J1.18 P1  F9000
G1 X111.076 Y107.61 Z9.96
G1 Z9.56
G1 E1.2 F1800
M204 P2000
;TYPE:Inner wall
;WIDTH:0.449999
G1 F1293
G1 X111.46 Y107.815 E.00904
G1 X111.858 Y108.142 E.01069
G1 X112.185 Y108.54 E.01069
G1 X112.428 Y108.994 E.01069
G1 X112.578 Y109.487 E.01069
G1 X112.628 Y110 E.01069
G1 X112.578 Y110.513 E.01069
G1 X112.428 Y111.006 E.01069
G1 X112.185 Y111.46 E.01069
G1 X111.858 Y111.858 E.01069
G1 X111.46 Y112.185 E.01069
G1 X111.006 Y112.428 E.01069
G1 X110.513 Y112.578 E.01069
G1 X110 Y112.628 E.01069
G1 X109.487 Y112.578 E.01069
G1 X108.994 Y112.428 E.01069
G1 X108.54 Y112.185 E.01069
G1 X108.142 Y111.858 E.01069
G1 X107.815 Y111.46 E.01069
G1 X107.572 Y111.006 E.01069
G1 X107.422 Y110.513 E.01069
G1 X107.372 Y110 E.01069
G1 X107.422 Y109.487 E.01069
G1 X107.572 Y108.994 E.01069
G1 X107.815 Y108.54 E.01069
G1 X108.142 Y108.142 E.01069
G1 X108.54 Y107.815 E.01069
G1 X108.994 Y107.572 E.01069
G1 X109.487 Y107.422 E.01069
G1 X110 Y107.372 E.01069
G1 X110.513 Y107.422 E.01069
G1 X111.006 Y107.572 E.01069
G1 X111.041 Y107.591 E.00082
G1 X111.275 Y107.237 F9000
M204 P1000
;TYPE:Outer wall
;WIDTH:0.419999
G1 F1293
G1 X111.696 Y107.462 E.0092
G1 X112.158 Y107.842 E.01153
G1 X112.538 Y108.304 E.01153
G1 X112.82 Y108.832 E.01153
G1 X112.994 Y109.405 E.01153
G1 X113.052 Y110 E.01153
G1 X112.994 Y110.595 E.01153
G1 X112.82 Y111.168 E.01153
G1 X112.538 Y111.696 E.01153
G1 X112.158 Y112.158 E.01153
G1 X111.696 Y112.538 E.01153
G1 X111.168 Y112.82 E.01153
G1 X110.595 Y112.994 E.01153
G1 X110 Y113.052 E.01153
G1 X109.405 Y112.994 E.01153
G1 X108.832 Y112.82 E.01153
G1 X108.304 Y112.538 E.01153
G1 X107.842 Y112.158 E.01153
G1 X107.462 Y111.696 E.01153
G1 X107.18 Y111.168 E.01153
G1 X107.006 Y110.595 E.01153
G1 X106.948 Y110 E.01153
G1 X107.006 Y109.405 E.01153
G1 X107.18 Y108.832 E.01153
G1 X107.462 Y108.304 E.01153
G1 X107.842 Y107.842 E.01153
G1 X108.304 Y107.462 E.01153
G1 X108.832 Y107.18 E.01153
G1 X109.405 Y107.006 E.01153
G1 X110 Y106.948 E.01153
G1 X110.595 Y107.006 E.01153
G1 X111.168 Y107.18 E.01153
G1 X111.24 Y107.218 E.00156
G1 E-.84 F2400
;WIPE_START
G1 F3600
G1 X111.696 Y107.462 E-.18619
G1 X112.069 Y107.768 E-.17381
;WIPE_END
G1 Z9.96 F9000
G1 X111.253 Y108.124 Z9.96
G1 Z9.56
G1 E1.2 F1800
M204 P2500
;TYPE:Internal solid infill
;WIDTH:0.365752
G1 F1293
G1 X111.848 Y108.718 E.01397
G1 X112.436 Y109.768 F9000
;WIDTH:0.441504
G1 F1293
G1 X110.43 Y107.762 E.05768
G1 X110 Y107.719 E.00877
G1 X109.817 Y107.737 E.00373
G1 X112.263 Y110.183 E.0703
G1 X112.237 Y110.445 E.00536
G1 X112.167 Y110.675 E.00489
G1 X109.325 Y107.833 E.0817
G1 X109.127 Y107.893 E.0042
G1 X108.912 Y108.008 E.00496
G1 X111.992 Y111.088 E.08854
G1 X111.896 Y111.267 E.00413
G1 X111.755 Y111.439 E.00452
G1 X108.561 Y108.245 E.09183
G1 X108.387 Y108.387 E.00457
G1 X108.265 Y108.537 E.00393
G1 X111.463 Y111.735 E.09195
G1 X111.267 Y111.896 E.00516
G1 X111.117 Y111.977 E.00346
G1 X108.023 Y108.883 E.08893
G1 X107.893 Y109.127 E.00563
G1 X107.843 Y109.291 E.00348
G1 X110.709 Y112.157 E.08238
G1 X110.445 Y112.237 E.00561
G1 X110.223 Y112.259 E.00453
G1 X107.741 Y109.777 E.07134
G1 X107.719 Y110 E.00456
G1 X107.757 Y110.38 E.00777
G1 X109.62 Y112.243 E.05355
G1 X109.127 Y112.107 E.01038
G1 X108.733 Y111.896 E.00909
G1 X108.464 Y111.676 E.00707
G1 X107.728 Y110.939 E.02117
; stop printing object JOYSTICK.stl id:15 copy 0
;LAYER_CHANGE
;Z:9.68
;HEIGHT:0.12
;BEFORE_LAYER_CHANGE
;9.68
G92 E0

G1 E-.97778 F2400
;WIPE_START
G1 F10800
G1 X108.435 Y111.646 E-.22222
;WIPE_END
;_SET_FAN_SPEED_CHANGING_LAYER
; printing object JOYSTICK.stl id:15 copy 0
G17
G3 Z10.08 I1.017 J.668 P1  F9000
G1 X110.994 Y107.751 Z10.08
G1 Z9.68
G1 E1.2 F1800
M204 P2000
;TYPE:Inner wall
;WIDTH:0.449999
G1 F1194
G1 X111.164 Y107.822 E.00383
G1 X111.567 Y108.091 E.01004
G1 X111.909 Y108.433 E.01004
G1 X112.178 Y108.836 E.01004
G1 X112.363 Y109.283 E.01004
G1 X112.458 Y109.758 E.01004
G1 X112.458 Y110.242 E.01004
G1 X112.363 Y110.717 E.01004
G1 X112.178 Y111.164 E.01004
G1 X111.909 Y111.567 E.01004
G1 X111.567 Y111.909 E.01004
G1 X111.164 Y112.178 E.01004
G1 X110.717 Y112.363 E.01004
G1 X110.242 Y112.458 E.01004
G1 X109.758 Y112.458 E.01004
G1 X109.283 Y112.363 E.01004
G1 X108.836 Y112.178 E.01004
G1 X108.433 Y111.909 E.01004
G1 X108.091 Y111.567 E.01004
G1 X107.822 Y111.164 E.01004
G1 X107.637 Y110.717 E.01004
G1 X107.542 Y110.242 E.01004
G1 X107.542 Y109.758 E.01004
G1 X107.637 Y109.283 E.01004
G1 X107.822 Y108.836 E.01004
G1 X108.091 Y108.433 E.01004
G1 X108.433 Y108.091 E.01004
G1 X108.836 Y107.822 E.01004
G1 X109.283 Y107.637 E.01004
G1 X109.758 Y107.542 E.01004
G1 X110.242 Y107.542 E.01004
G1 X110.717 Y107.637 E.01004
G1 X110.957 Y107.736 E.00539
G1 X111.212 Y107.369 F9000
M204 P1000
;TYPE:Outer wall
;WIDTH:0.419999
G1 F1194
G1 X111.614 Y107.584 E.00879
G1 X112.055 Y107.945 E.01098
G1 X112.416 Y108.386 E.01098
G1 X112.685 Y108.888 E.01098
G1 X112.85 Y109.433 E.01098
G1 X112.906 Y110 E.01098
G1 X112.85 Y110.567 E.01098
G1 X112.685 Y111.112 E.01098
G1 X112.416 Y111.614 E.01098
G1 X112.055 Y112.055 E.01098
G1 X111.614 Y112.416 E.01098
G1 X111.112 Y112.685 E.01098
G1 X110.567 Y112.85 E.01098
G1 X110 Y112.906 E.01098
G1 X109.433 Y112.85 E.01098
G1 X108.888 Y112.685 E.01098
G1 X108.386 Y112.416 E.01098
G1 X107.945 Y112.055 E.01098
G1 X107.584 Y111.614 E.01098
G1 X107.315 Y111.112 E.01098
G1 X107.15 Y110.567 E.01098
G1 X107.094 Y110 E.01098
G1 X107.15 Y109.433 E.01098
G1 X107.315 Y108.888 E.01098
G1 X107.584 Y108.386 E.01098
G1 X107.945 Y107.945 E.01098
G1 X108.386 Y107.584 E.01098
G1 X108.888 Y107.315 E.01098
G1 X109.433 Y107.15 E.01098
G1 X110 Y107.094 E.01098
G1 X110.567 Y107.15 E.01098
G1 X111.112 Y107.315 E.01098
G1 X111.177 Y107.35 E.00142
G1 E-.84 F2400
;WIPE_START
G1 F3600
G1 X111.614 Y107.584 E-.17855
G1 X112.004 Y107.904 E-.18145
;WIPE_END
G1 Z10.08 F9000
G1 X110.887 Y111.4 Z10.08
G1 Z9.68
G1 E1.2 F1800
M204 P2500
;TYPE:Internal solid infill
;WIDTH:0.436233
G1 F1194
G1 X110.249 Y112.039 E.01813
G1 X110.775 Y111.91 E.01088
G1 X111.162 Y111.703 E.0088
G1 X111.466 Y111.436 E.00811
G1 X111.725 Y111.128 E.00807
G1 X111.91 Y110.775 E.008
G1 X112.039 Y110.249 E.01088
G1 X110.916 Y111.372 E.03187
G1 X109.502 Y112.254 F9000
;WIDTH:0.446283
G1 F1194
G1 X112.101 Y109.656 E.07556
G1 X112.094 Y109.584 E.00149
G1 X111.974 Y109.188 E.0085
G1 X109.188 Y111.974 E.08099
G1 X108.814 Y111.775 E.00871
G1 X108.802 Y111.765 E.00032
G1 X111.765 Y108.802 E.08615
G1 X111.494 Y108.478 E.00868
G1 X108.478 Y111.494 E.08769
G1 X108.213 Y111.164 E.0087
G1 X111.164 Y108.213 E.08579
G1 X110.769 Y108.014 E.0091
G1 X108.014 Y110.769 E.08013
G1 X107.907 Y110.416 E.00758
G1 X107.894 Y110.294 E.00254
G1 X110.294 Y107.894 E.06976
G1 X110 Y107.865 E.00606
G1 X109.698 Y107.895 E.00624
G1 X107.895 Y109.698 E.05242
G1 X107.907 Y109.584 E.00236
G1 X108.028 Y109.183 E.0086
G1 X108.225 Y108.814 E.0086
G1 X108.412 Y108.586 E.00606
G1 X109.144 Y107.854 E.02128
; stop printing object JOYSTICK.stl id:15 copy 0
;LAYER_CHANGE
;Z:9.8
;HEIGHT:0.12
;BEFORE_LAYER_CHANGE
;9.8
G92 E0

G1 E-.97778 F2400
;WIPE_START
G1 F10800
G1 X108.437 Y108.562 E-.22222
;WIPE_END
;_SET_FAN_SPEED_CHANGING_LAYER
; printing object JOYSTICK.stl id:15 copy 0
G17
G3 Z10.2 I.318 J1.175 P1  F9000
G1 X110.936 Y107.884 Z10.2
G1 Z9.8
G1 E1.2 F1800
M204 P2000
;TYPE:Inner wall
;WIDTH:0.449999
G1 F1070
G1 X111.093 Y107.949 E.00351
G1 X111.473 Y108.202 E.00948
G1 X111.796 Y108.525 E.00946
G1 X112.05 Y108.904 E.00946
G1 X112.224 Y109.325 E.00945
G1 X112.313 Y109.772 E.00945
G1 X112.313 Y110.228 E.00945
G1 X112.224 Y110.674 E.00945
G1 X112.05 Y111.095 E.00945
G1 X111.797 Y111.474 E.00945
G1 X111.475 Y111.797 E.00945
G1 X111.096 Y112.05 E.00945
G1 X110.675 Y112.224 E.00945
G1 X110.228 Y112.313 E.00945
G1 X109.772 Y112.313 E.00945
G1 X109.325 Y112.224 E.00945
G1 X108.904 Y112.05 E.00945
G1 X108.526 Y111.797 E.00945
G1 X108.203 Y111.475 E.00945
G1 X107.95 Y111.096 E.00945
G1 X107.776 Y110.675 E.00945
G1 X107.687 Y110.228 E.00945
G1 X107.687 Y109.773 E.00945
G1 X107.776 Y109.326 E.00945
G1 X107.95 Y108.905 E.00945
G1 X108.203 Y108.526 E.00945
G1 X108.524 Y108.204 E.00944
G1 X108.902 Y107.951 E.00942
G1 X109.318 Y107.778 E.00935
G1 X109.773 Y107.69 E.00963
G1 X110.237 Y107.688 E.00961
G1 X110.666 Y107.773 E.00907
G1 X110.899 Y107.869 E.00524
G1 X111.149 Y107.5 F9000
M204 P1000
;TYPE:Outer wall
;WIDTH:0.419999
G1 F1070
G1 X111.533 Y107.705 E.00839
G1 X111.951 Y108.049 E.01043
G1 X112.295 Y108.467 E.01043
G1 X112.55 Y108.944 E.01043
G1 X112.707 Y109.462 E.01043
G1 X112.76 Y110 E.01043
G1 X112.707 Y110.538 E.01043
G1 X112.55 Y111.056 E.01043
G1 X112.295 Y111.533 E.01043
G1 X111.951 Y111.951 E.01043
G1 X111.533 Y112.295 E.01043
G1 X111.056 Y112.55 E.01043
G1 X110.538 Y112.707 E.01043
G1 X110 Y112.76 E.01043
G1 X109.462 Y112.707 E.01043
G1 X108.944 Y112.55 E.01043
G1 X108.467 Y112.295 E.01043
G1 X108.049 Y111.951 E.01043
G1 X107.705 Y111.533 E.01043
G1 X107.45 Y111.056 E.01043
G1 X107.293 Y110.538 E.01043
G1 X107.24 Y110 E.01043
G1 X107.293 Y109.462 E.01043
G1 X107.45 Y108.944 E.01043
G1 X107.705 Y108.467 E.01043
G1 X108.049 Y108.049 E.01043
G1 X108.467 Y107.705 E.01043
G1 X108.944 Y107.45 E.01043
G1 X109.461 Y107.294 E.01041
G1 X110.033 Y107.243 E.01107
G1 X110.538 Y107.293 E.00979
G1 X111.056 Y107.45 E.01043
G1 X111.114 Y107.481 E.00127
G1 E-.84 F2400
;WIPE_START
G1 F3600
G1 X111.533 Y107.705 E-.17112
G1 X111.939 Y108.038 E-.18888
;WIPE_END
G1 Z10.2 F9000
G1 X109.434 Y110.465 Z10.2
G1 Z9.8
G1 E1.2 F1800
M204 P2500
;TYPE:Internal solid infill
G1 F1070
G1 X109.655 Y110.646 E.00551
G1 X109.928 Y110.729 E.00551
G1 X110.213 Y110.701 E.00551
G1 X110.465 Y110.566 E.00551
G1 X110.646 Y110.345 E.00551
G1 X110.729 Y110.071 E.00551
G1 X110.701 Y109.787 E.00551
G1 X110.566 Y109.535 E.00552
G1 X110.343 Y109.353 E.00555
G1 X110.081 Y109.272 E.00528
G1 X109.78 Y109.301 E.00583
G1 X109.534 Y109.435 E.00539
G1 X109.354 Y109.655 E.00549
G1 X109.271 Y109.929 E.0055
G1 X109.299 Y110.213 E.00551
G1 X109.415 Y110.429 E.00474
G1 X109.743 Y110.078 F9000
;WIDTH:0.559313
G1 F1070
G1 X109.85 Y110.224 E.00472
G1 X110.026 Y110.267 E.00473
G1 X110.191 Y110.191 E.00473
G1 X110.267 Y110.026 E.00474
G1 X110.224 Y109.85 E.00472
G1 X110.069 Y109.74 E.00496
G1 X109.871 Y109.765 E.0052
G1 X109.751 Y109.897 E.00466
G1 X109.745 Y110.038 E.00369
G1 X109.77 Y108.893 F9000
;WIDTH:0.419999
G1 F1070
G1 X109.371 Y109.059 E.00832
G1 X109.059 Y109.371 E.00851
G1 X108.89 Y109.779 E.00851
G1 X108.89 Y110.221 E.00851
G1 X109.059 Y110.629 E.00851
G1 X109.371 Y110.941 E.00851
G1 X109.779 Y111.11 E.00851
G1 X110.221 Y111.11 E.00851
G1 X110.629 Y110.941 E.00851
G1 X110.941 Y110.629 E.00851
G1 X111.11 Y110.221 E.00851
G1 X111.11 Y109.779 E.00851
G1 X110.941 Y109.371 E.00851
G1 X110.629 Y109.059 E.00851
G1 X110.221 Y108.89 E.00851
G1 X109.81 Y108.892 E.00793
G1 X109.844 Y108.49 F9000
G1 F1070
G1 X109.415 Y108.588 E.00847
G1 X109.034 Y108.825 E.00865
G1 X108.729 Y109.151 E.0086
G1 X108.545 Y109.559 E.00863
G1 X108.472 Y110 E.00862
G1 X108.545 Y110.442 E.00863
G1 X108.729 Y110.849 E.00862
G1 X109.035 Y111.176 E.00863
G1 X109.415 Y111.412 E.00862
G1 X109.851 Y111.514 E.00863
G1 X110.298 Y111.499 E.00862
G1 X110.717 Y111.341 E.00863
G1 X111.081 Y111.081 E.00862
G1 X111.341 Y110.717 E.00863
G1 X111.499 Y110.298 E.00862
G1 X111.499 Y109.702 E.01149
G1 X111.341 Y109.283 E.00864
G1 X111.081 Y108.919 E.00861
G1 X110.714 Y108.657 E.00868
G1 X110.298 Y108.501 E.00857
G1 X109.884 Y108.491 E.00799
G1 X109.859 Y108.093 F9000
G1 F1070
G1 X109.437 Y108.17 E.00828
G1 X108.931 Y108.4 E.01071
G1 X108.521 Y108.784 E.01083
G1 X108.222 Y109.264 E.01089
G1 X108.094 Y109.812 E.01085
G1 X108.113 Y110.375 E.01087
G1 X108.311 Y110.903 E.01086
G1 X108.639 Y111.361 E.01087
G1 X109.097 Y111.689 E.01086
G1 X109.625 Y111.887 E.01086
G1 X110.188 Y111.906 E.01086
G1 X110.736 Y111.778 E.01086
G1 X111.215 Y111.481 E.01086
G1 X111.6 Y111.069 E.01086
G1 X111.833 Y110.556 E.01086
G1 X111.906 Y110.187 E.00725
G1 X111.887 Y109.625 E.01085
G1 X111.689 Y109.098 E.01085
G1 X111.361 Y108.639 E.01087
G1 X110.904 Y108.312 E.01083
G1 X110.375 Y108.113 E.01089
G1 X109.899 Y108.095 E.00918
; stop printing object JOYSTICK.stl id:15 copy 0
;LAYER_CHANGE
;Z:9.92
;HEIGHT:0.12
;BEFORE_LAYER_CHANGE
;9.92
G92 E0

G1 E-.97778 F2400
;WIPE_START
G1 F10800
G1 X110.375 Y108.113 E-.10586
G1 X110.865 Y108.297 E-.11636
;WIPE_END
;_SET_FAN_SPEED_CHANGING_LAYER
; printing object JOYSTICK.stl id:15 copy 0
G17
G3 Z10.32 I1.216 J-.035 P1  F9000
G1 X110.859 Y108.071 Z10.32
G1 Z9.92
G1 E1.2 F1800
M204 P2000
;TYPE:Inner wall
;WIDTH:0.449999
G1 F938
G1 X111 Y108.13 E.00316
G1 X111.345 Y108.361 E.00862
G1 X111.639 Y108.655 E.00862
G1 X111.87 Y109 E.00862
G1 X112.029 Y109.384 E.00862
G1 X112.111 Y109.792 E.00862
G1 X112.111 Y110.208 E.00862
G1 X112.029 Y110.616 E.00862
G1 X111.87 Y111 E.00862
G1 X111.639 Y111.345 E.00862
G1 X111.345 Y111.639 E.00862
G1 X111 Y111.87 E.00862
G1 X110.616 Y112.029 E.00862
G1 X110.208 Y112.111 E.00862
G1 X109.792 Y112.111 E.00862
G1 X109.384 Y112.029 E.00862
G1 X109 Y111.87 E.00862
G1 X108.655 Y111.639 E.00862
G1 X108.361 Y111.345 E.00862
G1 X108.13 Y111 E.00862
G1 X107.971 Y110.616 E.00862
G1 X107.889 Y110.208 E.00862
G1 X107.889 Y109.792 E.00862
G1 X107.971 Y109.384 E.00862
G1 X108.13 Y109 E.00862
G1 X108.361 Y108.655 E.00862
G1 X108.655 Y108.361 E.00862
G1 X109 Y108.13 E.00862
G1 X109.384 Y107.971 E.00862
G1 X109.792 Y107.889 E.00862
G1 X110.208 Y107.889 E.00862
G1 X110.616 Y107.971 E.00862
G1 X110.822 Y108.056 E.00463
G1 X111.02 Y107.683 F9000
M204 P1000
;TYPE:Outer wall
;WIDTH:0.419999
G1 F938
G1 X111.199 Y107.757 E.00373
G1 X111.613 Y108.034 E.00961
G1 X111.966 Y108.387 E.00961
G1 X112.243 Y108.801 E.00961
G1 X112.433 Y109.262 E.00961
G1 X112.531 Y109.751 E.00961
G1 X112.531 Y110.249 E.00961
G1 X112.433 Y110.738 E.00961
G1 X112.243 Y111.199 E.00961
G1 X111.966 Y111.613 E.00961
G1 X111.613 Y111.966 E.00961
G1 X111.199 Y112.243 E.00961
G1 X110.738 Y112.433 E.00961
G1 X110.249 Y112.531 E.00961
G1 X109.751 Y112.531 E.00961
G1 X109.262 Y112.433 E.00961
G1 X108.801 Y112.243 E.00961
G1 X108.387 Y111.966 E.00961
G1 X108.034 Y111.613 E.00961
G1 X107.757 Y111.199 E.00961
G1 X107.567 Y110.738 E.00961
G1 X107.469 Y110.249 E.00961
G1 X107.469 Y109.751 E.00961
G1 X107.567 Y109.262 E.00961
G1 X107.757 Y108.801 E.00961
G1 X108.034 Y108.387 E.00961
G1 X108.387 Y108.034 E.00961
G1 X108.801 Y107.757 E.00961
G1 X109.262 Y107.567 E.00961
G1 X109.751 Y107.469 E.00961
G1 X110.249 Y107.469 E.00961
G1 X110.738 Y107.567 E.00961
G1 X110.983 Y107.668 E.0051
G1 E-.84 F2400
;WIPE_START
G1 F3600
G1 X111.199 Y107.757 E-.08412
G1 X111.613 Y108.034 E-.17945
G1 X111.803 Y108.224 E-.09642
;WIPE_END
G1 Z10.32 F9000
G1 X109.665 Y110.409 Z10.32
G1 Z9.92
G1 E1.2 F1800
M204 P2500
;TYPE:Internal solid infill
G1 F938
G1 X109.896 Y110.521 E.00496
G1 X110.153 Y110.506 E.00497
G1 X110.376 Y110.376 E.00496
G1 X110.506 Y110.153 E.00497
G1 X110.526 Y109.948 E.00398
G1 X110.442 Y109.705 E.00496
G1 X110.249 Y109.534 E.00497
G1 X110 Y109.469 E.00497
G1 X109.751 Y109.534 E.00496
G1 X109.558 Y109.705 E.00497
G1 X109.474 Y109.948 E.00496
G1 X109.509 Y110.203 E.00497
G1 X109.64 Y110.377 E.00419
G1 X110.165 Y109.984 F9000
;WIDTH:0.357371
G1 F938
G1 X110.093 Y109.861 E.0023
G1 X109.952 Y109.841 E.0023
G1 X109.846 Y109.936 E.0023
G1 X109.854 Y110.078 E.0023
G1 X109.967 Y110.163 E.0023
G1 X110.105 Y110.128 E.0023
G1 X110.156 Y110.021 E.00192
G1 X110.656 Y109.344 F9000
;WIDTH:0.419999
G1 F938
G1 X110.355 Y109.143 E.00698
G1 X110 Y109.073 E.00698
G1 X109.645 Y109.143 E.00698
G1 X109.344 Y109.344 E.00698
G1 X109.143 Y109.645 E.00698
G1 X109.073 Y110 E.00698
G1 X109.143 Y110.355 E.00698
G1 X109.344 Y110.656 E.00698
G1 X109.645 Y110.857 E.00698
G1 X110 Y110.927 E.00698
G1 X110.355 Y110.857 E.00698
G1 X110.656 Y110.656 E.00698
G1 X110.857 Y110.355 E.00698
G1 X110.927 Y110 E.00698
G1 X110.857 Y109.645 E.00698
G1 X110.678 Y109.377 E.0062
G1 X111.018 Y109.164 F9000
G1 F938
G1 X110.735 Y108.899 E.00747
G1 X110.382 Y108.739 E.00747
G1 X110 Y108.676 E.00747
G1 X109.618 Y108.739 E.00747
G1 X109.265 Y108.899 E.00747
G1 X108.982 Y109.164 E.00747
G1 X108.777 Y109.493 E.00747
G1 X108.689 Y109.871 E.00747
G1 X108.702 Y110.258 E.00747
G1 X108.838 Y110.621 E.00747
G1 X109.064 Y110.936 E.00747
G1 X109.379 Y111.162 E.00747
G1 X109.742 Y111.298 E.00747
G1 X110.129 Y111.311 E.00747
G1 X110.507 Y111.223 E.00747
G1 X110.836 Y111.018 E.00747
G1 X111.101 Y110.735 E.00747
G1 X111.261 Y110.382 E.00747
G1 X111.324 Y110 E.00747
G1 X111.223 Y109.493 E.00996
G1 X111.039 Y109.198 E.0067
G1 X111.323 Y108.914 F9000
G1 F938
G1 X110.955 Y108.57 E.00971
G1 X110.497 Y108.362 E.00971
G1 X110 Y108.28 E.00971
G1 X109.503 Y108.362 E.00971
G1 X109.045 Y108.57 E.00971
G1 X108.677 Y108.914 E.00971
G1 X108.411 Y109.342 E.00971
G1 X108.297 Y109.832 E.00971
G1 X108.313 Y110.336 E.00971
G1 X108.491 Y110.807 E.00971
G1 X108.784 Y111.216 E.00971
G1 X109.193 Y111.509 E.00971
G1 X109.664 Y111.687 E.00971
G1 X110.168 Y111.703 E.00971
G1 X110.658 Y111.589 E.00971
G1 X111.086 Y111.323 E.00971
G1 X111.43 Y110.955 E.00971
G1 X111.638 Y110.497 E.00971
G1 X111.72 Y110 E.00971
G1 X111.589 Y109.342 E.01293
G1 X111.344 Y108.948 E.00893
; stop printing object JOYSTICK.stl id:15 copy 0
;LAYER_CHANGE
;Z:10.04
;HEIGHT:0.12
;BEFORE_LAYER_CHANGE
;10.04
G92 E0

G1 E-.97778 F2400
;WIPE_START
G1 F10800
G1 X111.589 Y109.342 E-.103
G1 X111.694 Y109.868 E-.11922
;WIPE_END
;_SET_FAN_SPEED_CHANGING_LAYER
; printing object JOYSTICK.stl id:15 copy 0
G17
G3 Z10.44 I1.05 J-.616 P1  F9000
G1 X110.762 Y108.28 Z10.44
G1 Z10.04
G1 E1.2 F1800
M204 P2000
;TYPE:Inner wall
;WIDTH:0.449999
G1 F785
G1 X111.059 Y108.415 E.00676
G1 X111.467 Y108.796 E.01158
G1 X111.761 Y109.27 E.01158
G1 X111.906 Y110 E.01543
G1 X111.816 Y110.551 E.01158
G1 X111.585 Y111.059 E.01158
G1 X111.204 Y111.467 E.01158
G1 X110.73 Y111.761 E.01158
G1 X110.186 Y111.888 E.01158
G1 X109.628 Y111.87 E.01158
G1 X109.106 Y111.673 E.01158
G1 X108.652 Y111.348 E.01158
G1 X108.327 Y110.894 E.01158
G1 X108.13 Y110.372 E.01158
G1 X108.112 Y109.814 E.01158
G1 X108.239 Y109.27 E.01158
G1 X108.533 Y108.796 E.01158
G1 X108.941 Y108.415 E.01158
G1 X109.449 Y108.184 E.01158
G1 X110 Y108.094 E.01158
G1 X110.551 Y108.184 E.01158
G1 X110.726 Y108.264 E.00399
G1 X110.932 Y107.888 F9000
M204 P1000
;TYPE:Outer wall
;WIDTH:0.419999
G1 F785
G1 X111.093 Y107.954 E.00336
G1 X111.471 Y108.207 E.00876
G1 X111.793 Y108.529 E.00876
G1 X112.046 Y108.907 E.00876
G1 X112.22 Y109.327 E.00876
G1 X112.308 Y109.773 E.00876
G1 X112.308 Y110.227 E.00876
G1 X112.22 Y110.673 E.00876
G1 X112.046 Y111.093 E.00876
G1 X111.793 Y111.471 E.00876
G1 X111.471 Y111.793 E.00876
G1 X111.093 Y112.046 E.00876
G1 X110.673 Y112.22 E.00876
G1 X110.227 Y112.308 E.00876
G1 X109.773 Y112.308 E.00876
G1 X109.327 Y112.22 E.00876
G1 X108.907 Y112.046 E.00876
G1 X108.529 Y111.793 E.00876
G1 X108.207 Y111.471 E.00876
G1 X107.954 Y111.093 E.00876
G1 X107.78 Y110.673 E.00876
G1 X107.692 Y110.227 E.00876
G1 X107.692 Y109.773 E.00876
G1 X107.78 Y109.327 E.00876
G1 X107.954 Y108.907 E.00876
G1 X108.207 Y108.529 E.00876
G1 X108.529 Y108.207 E.00876
G1 X108.907 Y107.954 E.00876
G1 X109.327 Y107.78 E.00876
G1 X109.773 Y107.692 E.00876
G1 X110.227 Y107.692 E.00876
G1 X110.673 Y107.78 E.00876
G1 X110.895 Y107.872 E.00463
G1 E-.84 F2400
;WIPE_START
G1 F3600
G1 X111.093 Y107.954 E-.0772
G1 X111.471 Y108.207 E-.16368
G1 X111.705 Y108.441 E-.11912
;WIPE_END
G1 Z10.44 F9000
G1 X110.541 Y109.556 Z10.44
G1 Z10.04
G1 E1.2 F1800
M204 P2500
;TYPE:Internal solid infill
G1 F785
G1 X110.33 Y109.383 E.00526
G1 X110.069 Y109.304 E.00526
G1 X109.797 Y109.331 E.00526
G1 X109.556 Y109.459 E.00526
G1 X109.383 Y109.67 E.00526
G1 X109.304 Y109.931 E.00526
G1 X109.331 Y110.203 E.00526
G1 X109.459 Y110.444 E.00526
G1 X109.67 Y110.617 E.00526
G1 X109.931 Y110.696 E.00526
G1 X110.203 Y110.669 E.00526
G1 X110.444 Y110.541 E.00526
G1 X110.617 Y110.33 E.00526
G1 X110.696 Y110.069 E.00526
G1 X110.669 Y109.797 E.00526
G1 X110.56 Y109.591 E.00449
G1 X109.79 Y110.14 F9000
;WIDTH:0.528193
G1 F785
G1 X109.951 Y110.248 E.00475
G1 X110.14 Y110.21 E.00475
G1 X110.248 Y110.049 E.00475
G1 X110.21 Y109.86 E.00475
G1 X110.049 Y109.752 E.00475
G1 X109.86 Y109.79 E.00475
G1 X109.752 Y109.951 E.00475
G1 X109.782 Y110.101 E.00376
G1 X109.389 Y110.914 F9000
;WIDTH:0.419999
G1 F785
G1 X109.786 Y111.078 E.00827
G1 X110.214 Y111.078 E.00827
G1 X110.611 Y110.914 E.00827
G1 X110.914 Y110.611 E.00827
G1 X111.078 Y110.214 E.00827
G1 X111.078 Y109.786 E.00827
G1 X110.914 Y109.389 E.00827
G1 X110.611 Y109.086 E.00827
G1 X110.214 Y108.922 E.00827
G1 X109.786 Y108.922 E.00827
G1 X109.389 Y109.086 E.00827
G1 X109.086 Y109.389 E.00827
G1 X108.922 Y109.786 E.00827
G1 X108.922 Y110.214 E.00827
G1 X109.086 Y110.611 E.00827
G1 X109.361 Y110.886 E.0075
G1 X109.056 Y111.15 F9000
G1 F785
G1 X109.428 Y111.381 E.00844
G1 X109.854 Y111.481 E.00844
G1 X110.292 Y111.467 E.00844
G1 X110.701 Y111.312 E.00844
G1 X111.057 Y111.057 E.00844
G1 X111.312 Y110.701 E.00844
G1 X111.467 Y110.292 E.00844
G1 X111.467 Y109.708 E.01125
G1 X111.312 Y109.299 E.00844
G1 X111.057 Y108.943 E.00844
G1 X110.701 Y108.688 E.00844
G1 X110.292 Y108.533 E.00844
G1 X109.854 Y108.519 E.00844
G1 X109.428 Y108.619 E.00844
G1 X109.056 Y108.85 E.00844
G1 X108.757 Y109.169 E.00844
G1 X108.576 Y109.568 E.00844
G1 X108.505 Y110 E.00844
G1 X108.576 Y110.432 E.00844
G1 X108.757 Y110.831 E.00844
G1 X109.029 Y111.121 E.00767
; stop printing object JOYSTICK.stl id:15 copy 0
;LAYER_CHANGE
;Z:10.16
;HEIGHT:0.12
;BEFORE_LAYER_CHANGE
;10.16
G92 E0

G1 E-.97778 F2400
;WIPE_START
G1 F10800
G1 X108.757 Y110.831 E-.08841
G1 X108.576 Y110.432 E-.09729
G1 X108.549 Y110.27 E-.03653
;WIPE_END
;_SET_FAN_SPEED_CHANGING_LAYER
; printing object JOYSTICK.stl id:15 copy 0
G17
G3 Z10.56 I.778 J.936 P1  F9000
G1 X110.693 Y108.488 Z10.56
G1 Z10.16
G1 E1.2 F1800
M204 P2000
;TYPE:Inner wall
;WIDTH:0.449999
G1 F658
G1 X110.789 Y108.524 E.00213
G1 X111.189 Y108.811 E.01022
G1 X111.476 Y109.211 E.01022
G1 X111.65 Y109.672 E.01022
G1 X111.65 Y110.328 E.01361
G1 X111.476 Y110.789 E.01022
G1 X111.189 Y111.189 E.01022
G1 X110.789 Y111.476 E.01022
G1 X110.328 Y111.65 E.01022
G1 X109.836 Y111.666 E.01022
G1 X109.356 Y111.554 E.01022
G1 X108.938 Y111.294 E.01021
G1 X108.601 Y110.934 E.01022
G1 X108.398 Y110.486 E.01021
G1 X108.318 Y110 E.01022
G1 X108.398 Y109.514 E.01022
G1 X108.601 Y109.066 E.01021
G1 X108.938 Y108.706 E.01022
G1 X109.356 Y108.446 E.01022
G1 X109.836 Y108.334 E.01022
G1 X110.328 Y108.35 E.01022
G1 X110.656 Y108.474 E.00726
G1 X110.844 Y108.092 F9000
M204 P1000
;TYPE:Outer wall
;WIDTH:0.419999
G1 F658
G1 X110.988 Y108.151 E.003
G1 X111.33 Y108.38 E.00792
G1 X111.62 Y108.67 E.00792
G1 X111.849 Y109.012 E.00792
G1 X112.006 Y109.392 E.00792
G1 X112.086 Y109.795 E.00792
G1 X112.086 Y110.205 E.00792
G1 X112.006 Y110.608 E.00792
G1 X111.849 Y110.988 E.00792
G1 X111.62 Y111.33 E.00792
G1 X111.33 Y111.62 E.00792
G1 X110.988 Y111.849 E.00792
G1 X110.608 Y112.006 E.00792
G1 X110.205 Y112.086 E.00792
G1 X109.795 Y112.086 E.00792
G1 X109.392 Y112.006 E.00792
G1 X109.012 Y111.849 E.00792
G1 X108.67 Y111.62 E.00792
G1 X108.38 Y111.33 E.00792
G1 X108.151 Y110.988 E.00792
G1 X107.994 Y110.608 E.00792
G1 X107.914 Y110.205 E.00792
G1 X107.914 Y109.795 E.00792
G1 X107.994 Y109.392 E.00792
G1 X108.151 Y109.012 E.00792
G1 X108.38 Y108.67 E.00792
G1 X108.67 Y108.38 E.00792
G1 X109.012 Y108.151 E.00792
G1 X109.392 Y107.994 E.00792
G1 X109.795 Y107.914 E.00792
G1 X110.205 Y107.914 E.00792
G1 X110.608 Y107.994 E.00792
G1 X110.807 Y108.077 E.00415
G1 E-.84 F2400
;WIPE_START
G1 F3600
G1 X110.988 Y108.151 E-.07036
G1 X111.33 Y108.38 E-.14792
G1 X111.608 Y108.658 E-.14173
;WIPE_END
G1 Z10.56 F9000
G1 X110.706 Y108.943 Z10.56
G1 Z10.16
G1 E1.2 F1800
M204 P2500
;TYPE:Internal solid infill
G1 F658
G1 X110.248 Y108.754 E.00956
G1 X109.752 Y108.754 E.00956
G1 X109.294 Y108.943 E.00956
G1 X108.943 Y109.294 E.00956
G1 X108.754 Y109.752 E.00956
G1 X108.754 Y110.248 E.00956
G1 X108.943 Y110.706 E.00956
G1 X109.294 Y111.057 E.00956
G1 X109.752 Y111.246 E.00956
G1 X110.248 Y111.246 E.00956
G1 X110.706 Y111.057 E.00956
G1 X111.057 Y110.706 E.00956
G1 X111.246 Y110.248 E.00956
G1 X111.246 Y109.752 E.00956
G1 X111.057 Y109.294 E.00956
G1 X110.734 Y108.972 E.00879
G1 X110.474 Y110.047 F9000
G1 F658
G1 X110.442 Y109.817 E.00447
G1 X110.266 Y109.602 E.00535
G1 X110 Y109.522 E.00535
G1 X109.734 Y109.602 E.00535
G1 X109.558 Y109.817 E.00535
G1 X109.531 Y110.093 E.00535
G1 X109.662 Y110.338 E.00535
G1 X109.907 Y110.469 E.00535
G1 X110.183 Y110.442 E.00535
G1 X110.398 Y110.266 E.00535
G1 X110.461 Y110.084 E.0037
G1 X110.035 Y109.94 F9000
;WIDTH:0.583786
G1 F658
G1 X109.965 Y109.94 E.0019
G1 X109.93 Y110 E.0019
G1 X109.965 Y110.06 E.0019
G1 X110.035 Y110.06 E.0019
G1 X110.05 Y110.035 E.00081
G1 X109.273 Y110.486 F9000
;WIDTH:0.419999
G1 F658
G1 X109.514 Y110.727 E.00658
G1 X109.829 Y110.858 E.00658
G1 X110.171 Y110.858 E.00658
G1 X110.486 Y110.727 E.00658
G1 X110.727 Y110.486 E.00658
G1 X110.858 Y110.171 E.00658
G1 X110.858 Y109.829 E.00658
G1 X110.727 Y109.514 E.00658
G1 X110.486 Y109.273 E.00658
G1 X110.171 Y109.142 E.00658
G1 X109.829 Y109.142 E.00658
G1 X109.514 Y109.273 E.00658
G1 X109.273 Y109.514 E.00658
G1 X109.142 Y109.829 E.00658
G1 X109.142 Y110.171 E.00658
G1 X109.257 Y110.449 E.00581
; stop printing object JOYSTICK.stl id:15 copy 0
;LAYER_CHANGE
;Z:10.28
;HEIGHT:0.12
;BEFORE_LAYER_CHANGE
;10.28
G92 E0

G1 E-.97778 F2400
;WIPE_START
G1 F10800
G1 X109.142 Y110.171 E-.06694
G1 X109.142 Y109.829 E-.07584
G1 X109.273 Y109.514 E-.07583
G1 X109.284 Y109.503 E-.00361
;WIPE_END
;_SET_FAN_SPEED_CHANGING_LAYER
; printing object JOYSTICK.stl id:15 copy 0
G17
G3 Z10.68 I.633 J1.039 P1  F9000
G1 X110.612 Y108.693 Z10.68
G1 Z10.28
G1 E1.2 F1800
M204 P2000
;TYPE:Inner wall
;WIDTH:0.449999
G1 F600
G1 X110.68 Y108.719 E.0015
G1 X111.031 Y108.969 E.00894
G1 X111.279 Y109.316 E.00883
G1 X111.429 Y109.716 E.00887
G1 X111.444 Y110.142 E.00884
G1 X111.347 Y110.558 E.00886
G1 X111.121 Y110.92 E.00885
G1 X110.81 Y111.212 E.00886
G1 X110.421 Y111.388 E.00885
G1 X110 Y111.457 E.00886
G1 X109.579 Y111.388 E.00885
G1 X109.19 Y111.212 E.00886
G1 X108.879 Y110.92 E.00885
G1 X108.653 Y110.558 E.00886
G1 X108.557 Y110.143 E.00884
G1 X108.571 Y109.716 E.00886
G1 X108.72 Y109.317 E.00884
G1 X108.969 Y108.969 E.00887
G1 X109.313 Y108.722 E.00878
G1 X109.71 Y108.572 E.0088
G1 X110.284 Y108.571 E.01192
G1 X110.575 Y108.679 E.00643
G1 X110.759 Y108.302 F9000
M204 P1000
;TYPE:Outer wall
;WIDTH:0.419999
G1 F600
G1 X110.885 Y108.349 E.00259
G1 X111.331 Y108.669 E.01058
G1 X111.652 Y109.118 E.01063
G1 X111.845 Y109.633 E.01061
G1 X111.864 Y110.183 E.01061
G1 X111.792 Y110.544 E.00709
G1 X111.565 Y111.045 E.01061
G1 X111.188 Y111.448 E.01062
G1 X110.72 Y111.738 E.01062
G1 X110.183 Y111.864 E.01062
G1 X109.633 Y111.845 E.01062
G1 X109.117 Y111.651 E.01062
G1 X108.669 Y111.331 E.01062
G1 X108.348 Y110.882 E.01063
G1 X108.155 Y110.367 E.01061
G1 X108.136 Y109.816 E.01063
G1 X108.262 Y109.28 E.01061
G1 X108.554 Y108.811 E.01065
G1 X108.955 Y108.435 E.01058
G1 X109.447 Y108.211 E.01043
G1 X109.866 Y108.137 E.0082
G1 X110.367 Y108.155 E.00967
G1 X110.721 Y108.288 E.0073
G1 E-.84 F2400
;WIPE_START
G1 F3600
G1 X110.885 Y108.349 E-.06277
G1 X111.331 Y108.669 E-.19761
G1 X111.492 Y108.894 E-.09962
;WIPE_END
G1 Z10.68 F9000
G1 X110.024 Y108.958 Z10.68
G1 Z10.28
G1 E1.2 F1800
M204 P2500
;TYPE:Internal solid infill
G1 F600
G1 X109.609 Y109.031 E.00813
G1 X109.262 Y109.262 E.00804
G1 X109.036 Y109.601 E.00785
G1 X108.957 Y110 E.00785
G1 X109.036 Y110.399 E.00785
G1 X109.262 Y110.738 E.00785
G1 X109.601 Y110.964 E.00785
G1 X110 Y111.043 E.00785
G1 X110.399 Y110.964 E.00785
G1 X110.738 Y110.738 E.00785
G1 X110.964 Y110.399 E.00785
G1 X111.043 Y110 E.00785
G1 X110.964 Y109.601 E.00785
G1 X110.738 Y109.262 E.00785
G1 X110.399 Y109.036 E.00786
G1 X110.064 Y108.966 E.0066
G1 X110.349 Y109.477 F9000
G1 F600
G1 X110.126 Y109.382 E.00469
G1 X109.86 Y109.366 E.00513
G1 X109.546 Y109.546 E.00696
G1 X109.407 Y109.755 E.00482
G1 X109.359 Y110 E.00482
G1 X109.407 Y110.245 E.00482
G1 X109.546 Y110.454 E.00482
G1 X109.755 Y110.593 E.00482
G1 X110 Y110.641 E.00482
G1 X110.245 Y110.593 E.00482
G1 X110.454 Y110.454 E.00482
G1 X110.593 Y110.245 E.00482
G1 X110.641 Y110 E.00482
G1 X110.523 Y109.651 E.00711
G1 X110.378 Y109.505 E.00396
G1 X110.12 Y109.82 F9000
;WIDTH:0.457677
G1 F600
G1 X109.95 Y109.774 E.00372
G1 X109.797 Y109.916 E.00441
G1 X109.797 Y110.084 E.00356
G1 X109.916 Y110.203 E.00356
G1 X110.084 Y110.203 E.00356
G1 X110.203 Y110.084 E.00356
G1 X110.212 Y109.958 E.00268
G1 X110.142 Y109.854 E.00265
; stop printing object JOYSTICK.stl id:15 copy 0
;LAYER_CHANGE
;Z:10.4
;HEIGHT:0.12
;BEFORE_LAYER_CHANGE
;10.4
G92 E0

G1 E-.97778 F2400
;WIPE_START
G1 F10800
G1 X110.212 Y109.958 E-.02784
G1 X110.203 Y110.084 E-.02815
G1 X110.084 Y110.203 E-.03745
G1 X109.916 Y110.203 E-.03745
G1 X109.797 Y110.084 E-.03745
G1 X109.797 Y109.916 E-.03745
G1 X109.851 Y109.866 E-.01642
;WIPE_END
;_SET_FAN_SPEED_CHANGING_LAYER
; printing object JOYSTICK.stl id:15 copy 0
G17
G3 Z10.8 I.988 J.711 P1  F9000
G1 X110.467 Y109.009 Z10.8
G1 Z10.4
G1 E1.2 F1800
M204 P2000
;TYPE:Inner wall
;WIDTH:0.449999
G1 F600
G1 X110.62 Y109.071 E.00343
G1 X110.929 Y109.38 E.00904
G1 X111.095 Y109.782 E.00904
G1 X111.106 Y110.108 E.00677
G1 X111.032 Y110.427 E.0068
G1 X110.79 Y110.79 E.00904
G1 X110.427 Y111.032 E.00904
G1 X110 Y111.117 E.00904
G1 X109.573 Y111.032 E.00904
G1 X109.21 Y110.79 E.00904
G1 X108.968 Y110.427 E.00904
G1 X108.883 Y110 E.00904
G1 X108.968 Y109.573 E.00904
G1 X109.21 Y109.21 E.00904
G1 X109.573 Y108.968 E.00904
G1 X109.908 Y108.892 E.00713
G1 X110.249 Y108.921 E.00711
G1 X110.43 Y108.994 E.00405
G1 X110.642 Y108.621 F9000
M204 P1000
;TYPE:Outer wall
;WIDTH:0.419999
G1 F600
G1 X110.733 Y108.653 E.00185
G1 X111.09 Y108.91 E.00848
G1 X111.351 Y109.275 E.00866
G1 X111.511 Y109.699 E.00874
G1 X111.511 Y110.301 E.01159
G1 X111.353 Y110.722 E.00869
G1 X111.09 Y111.09 E.00871
G1 X110.723 Y111.352 E.00869
G1 X110.301 Y111.511 E.0087
G1 X109.85 Y111.526 E.00869
G1 X109.41 Y111.424 E.0087
G1 X109.027 Y111.186 E.00869
G1 X108.719 Y110.856 E.0087
G1 X108.533 Y110.445 E.00869
G1 X108.459 Y110 E.0087
G1 X108.532 Y109.555 E.00869
G1 X108.719 Y109.144 E.00871
G1 X109.026 Y108.815 E.00868
G1 X109.41 Y108.576 E.00872
G1 X109.845 Y108.474 E.0086
G1 X110.249 Y108.484 E.0078
G1 X110.604 Y108.608 E.00726
G1 E-.84 F2400
;WIPE_START
G1 F3600
G1 X110.733 Y108.653 E-.04898
G1 X111.09 Y108.91 E-.15847
G1 X111.337 Y109.255 E-.15255
;WIPE_END
G1 Z10.8 F9000
G1 X109.914 Y109.307 Z10.8
G1 Z10.4
G1 E1.2 F1800
M204 P2500
;TYPE:Internal solid infill
G1 F600
G1 X109.739 Y109.345 E.00344
G1 X109.503 Y109.503 E.00548
G1 X109.351 Y109.731 E.00528
G1 X109.297 Y110 E.00528
G1 X109.351 Y110.269 E.00528
G1 X109.503 Y110.497 E.00528
G1 X109.731 Y110.649 E.00528
G1 X110 Y110.703 E.00528
G1 X110.269 Y110.649 E.00528
G1 X110.497 Y110.497 E.00528
G1 X110.649 Y110.269 E.00528
G1 X110.703 Y110 E.00528
G1 X110.649 Y109.731 E.00528
G1 X110.497 Y109.503 E.00529
G1 X110.276 Y109.354 E.00513
G1 X109.953 Y109.312 E.00627
G1 X110 Y110.251 F9000
;WIDTH:0.517761
G1 F600
G1 X110.177 Y110.177 E.00462
G1 X110.251 Y110 E.00462
G1 X110.177 Y109.822 E.00464
G1 X109.984 Y109.748 E.00496
G1 X109.823 Y109.823 E.00428
G1 X109.749 Y110 E.00462
G1 X109.823 Y110.177 E.00462
G1 X109.963 Y110.236 E.00366
; stop printing object JOYSTICK.stl id:15 copy 0
;LAYER_CHANGE
;Z:10.52
;HEIGHT:0.120001
;BEFORE_LAYER_CHANGE
;10.52
G92 E0

G1 E-.97778 F2400
;WIPE_START
G1 F10800
G1 X109.823 Y110.177 E-.03377
G1 X109.749 Y110 E-.04266
G1 X109.823 Y109.823 E-.04266
G1 X109.984 Y109.748 E-.03956
G1 X110.177 Y109.822 E-.04583
G1 X110.207 Y109.895 E-.01774
;WIPE_END
;_SET_FAN_SPEED_CHANGING_LAYER
; printing object JOYSTICK.stl id:15 copy 0
G17
G3 Z10.92 I1.181 J.293 P1  F9000
G1 X110.338 Y109.367 Z10.92
G1 Z10.52
G1 E1.2 F1800
M204 P2000
;TYPE:Inner wall
;WIDTH:0.449999
G1 F600
G1 X110.555 Y109.545 E.00581
G1 X110.687 Y109.792 E.00581
G1 X110.714 Y110.07 E.00581
G1 X110.633 Y110.338 E.00581
G1 X110.455 Y110.555 E.00581
G1 X110.208 Y110.687 E.00581
G1 X109.93 Y110.714 E.00581
G1 X109.662 Y110.633 E.00581
G1 X109.445 Y110.455 E.00581
G1 X109.313 Y110.208 E.00581
G1 X109.286 Y109.93 E.00581
G1 X109.367 Y109.662 E.00581
G1 X109.545 Y109.445 E.00581
G1 X109.792 Y109.313 E.00581
G1 X110.07 Y109.286 E.00581
G1 X110.3 Y109.355 E.00498
G1 X110.478 Y108.982 F9000
M204 P1000
;TYPE:Outer wall
;WIDTH:0.419999
G1 F600
G1 X110.636 Y109.048 E.00331
G1 X110.952 Y109.364 E.00861
G1 X111.123 Y109.777 E.00861
G1 X111.123 Y110.223 E.00861
G1 X110.952 Y110.636 E.00861
G1 X110.636 Y110.952 E.00861
G1 X110.223 Y111.123 E.00861
G1 X109.777 Y111.123 E.00861
G1 X109.364 Y110.952 E.00861
G1 X109.048 Y110.636 E.00861
G1 X108.877 Y110.223 E.00861
G1 X108.877 Y109.777 E.00861
G1 X109.048 Y109.364 E.00861
G1 X109.364 Y109.048 E.00861
G1 X109.777 Y108.877 E.00861
G1 X110.223 Y108.877 E.00861
G1 X110.441 Y108.967 E.00453
G1 E-.84 F2400
;WIPE_START
G1 F3600
G1 X110.636 Y109.048 E-.07622
G1 X110.952 Y109.364 E-.16089
G1 X111.083 Y109.679 E-.1229
;WIPE_END
G1 Z10.92 F9000
G1 X110.039 Y109.755 Z10.92
G1 Z10.52
G1 E1.2 F1800
M204 P2500
;TYPE:Internal solid infill
;WIDTH:0.520682
G1 F600
G1 X109.901 Y109.77 E.00337
G1 X109.787 Y109.858 E.00348
G1 X109.749 Y110.05 E.00474
G1 X109.858 Y110.213 E.00474
G1 X110.05 Y110.251 E.00474
G1 X110.213 Y110.142 E.00474
G1 X110.251 Y109.997 E.00362
G1 X110.213 Y109.858 E.0035
G1 X110.074 Y109.776 E.00391
; stop printing object JOYSTICK.stl id:15 copy 0
;LAYER_CHANGE
;Z:10.64
;HEIGHT:0.12
;BEFORE_LAYER_CHANGE
;10.64
G92 E0

G1 E-.97778 F2400
;WIPE_START
G1 F10800
G1 X110.213 Y109.858 E-.03586
G1 X110.251 Y109.997 E-.0321
G1 X110.213 Y110.142 E-.03328
G1 X110.05 Y110.251 E-.04349
G1 X109.858 Y110.213 E-.04349
G1 X109.773 Y110.085 E-.03399
;WIPE_END
;_SET_FAN_SPEED_CHANGING_LAYER
; printing object JOYSTICK.stl id:15 copy 0
G17
G3 Z11.04 I.959 J.75 P1  F9000
G1 X110.219 Y109.516 Z11.04
G1 Z10.64
G1 E1.2 F1800
M204 P2000
;TYPE:Inner wall
;WIDTH:0.449999
G1 F600
G1 X110.301 Y109.55 E.00185
G1 X110.45 Y109.699 E.00438
G1 X110.531 Y109.894 E.00439
G1 X110.531 Y110.106 E.00438
G1 X110.45 Y110.301 E.00438
G1 X110.301 Y110.45 E.00438
G1 X110.106 Y110.531 E.00438
G1 X109.894 Y110.531 E.00438
G1 X109.699 Y110.45 E.00438
G1 X109.55 Y110.301 E.00438
G1 X109.469 Y110.106 E.00438
G1 X109.469 Y109.894 E.00438
G1 X109.55 Y109.699 E.00438
G1 X109.699 Y109.55 E.00438
G1 X109.894 Y109.469 E.00438
G1 X110.106 Y109.469 E.00438
G1 X110.182 Y109.5 E.00171
G1 X110.376 Y109.092 F9000
M204 P1000
;TYPE:Outer wall
;WIDTH:0.419999
G1 F600
G1 X110.695 Y109.305 E.00738
G1 X110.908 Y109.624 E.00739
G1 X110.983 Y110 E.00739
G1 X110.908 Y110.376 E.00739
G1 X110.695 Y110.695 E.00739
G1 X110.376 Y110.908 E.00739
G1 X110 Y110.983 E.00739
G1 X109.624 Y110.908 E.00739
G1 X109.305 Y110.695 E.00739
G1 X109.092 Y110.376 E.00739
G1 X109.017 Y110 E.00739
G1 X109.092 Y109.624 E.00739
G1 X109.305 Y109.305 E.00739
G1 X109.624 Y109.092 E.00739
G1 X110 Y109.017 E.00739
G1 X110.337 Y109.085 E.00663
G1 E-.84 F2400
;WIPE_START
G1 F3600
G1 X110.695 Y109.305 E-.15126
G1 X110.908 Y109.624 E-.13802
G1 X110.946 Y109.817 E-.07072
;WIPE_END
G1 Z11.04 F9000
G1 X110.162 Y109.968 Z11.04
G1 Z10.64
G1 E1.2 F1800
M204 P2500
;TYPE:Internal solid infill
;WIDTH:0.35516
G1 F600
G1 X110.092 Y109.863 E.00203
G1 X109.968 Y109.838 E.00203
G1 X109.863 Y109.908 E.00203
G1 X109.838 Y110.032 E.00203
G1 X109.908 Y110.137 E.00203
G1 X110.032 Y110.162 E.00203
G1 X110.137 Y110.092 E.00203
G1 X110.154 Y110.007 E.00139
; stop printing object JOYSTICK.stl id:15 copy 0
;LAYER_CHANGE
;Z:10.76
;HEIGHT:0.12
;BEFORE_LAYER_CHANGE
;10.76
G92 E0

G1 E-.98473 F2400
;WIPE_START
G1 F10800
G1 X110.137 Y110.092 E-.01914
G1 X110.032 Y110.162 E-.02802
G1 X109.908 Y110.137 E-.02802
G1 X109.838 Y110.032 E-.02802
G1 X109.863 Y109.908 E-.02802
G1 X109.968 Y109.838 E-.028
G1 X110.092 Y109.863 E-.02806
G1 X110.162 Y109.968 E-.02799
;WIPE_END
;_SET_FAN_SPEED_CHANGING_LAYER
; printing object JOYSTICK.stl id:15 copy 0
G17
G3 Z11.16 I1.208 J.148 P1  F9000
G1 X110.217 Y109.515 Z11.16
G1 Z10.76
G1 E1.2 F1800
M204 P2000
;TYPE:Inner wall
;WIDTH:0.449999
G1 F600
G1 X110.301 Y109.55 E.00189
G1 X110.45 Y109.699 E.00438
G1 X110.531 Y109.894 E.00439
G1 X110.531 Y110.106 E.00438
G1 X110.45 Y110.301 E.00438
G1 X110.301 Y110.45 E.00438
G1 X110.106 Y110.531 E.00438
G1 X109.894 Y110.531 E.00438
G1 X109.699 Y110.45 E.00438
G1 X109.55 Y110.301 E.00438
G1 X109.469 Y110.106 E.00438
G1 X109.469 Y109.894 E.00438
G1 X109.55 Y109.699 E.00438
G1 X109.699 Y109.55 E.00438
G1 X109.894 Y109.469 E.00438
G1 X110.106 Y109.469 E.00438
G1 X110.18 Y109.5 E.00167
G1 X110.376 Y109.092 F9000
M204 P1000
;TYPE:Outer wall
;WIDTH:0.419999
G1 F600
G1 X110.695 Y109.305 E.00738
G1 X110.908 Y109.624 E.00739
G1 X110.983 Y110 E.00739
G1 X110.908 Y110.376 E.00739
G1 X110.695 Y110.695 E.00739
G1 X110.376 Y110.908 E.00739
G1 X110 Y110.983 E.00739
G1 X109.624 Y110.908 E.00739
G1 X109.305 Y110.695 E.00739
G1 X109.092 Y110.376 E.00739
G1 X109.017 Y110 E.00739
G1 X109.092 Y109.624 E.00739
G1 X109.305 Y109.305 E.00739
G1 X109.624 Y109.092 E.00739
G1 X110 Y109.017 E.00739
G1 X110.337 Y109.085 E.00663
G1 E-.84 F2400
;WIPE_START
G1 F3600
G1 X110.695 Y109.305 E-.15125
G1 X110.908 Y109.624 E-.13802
G1 X110.946 Y109.817 E-.07073
;WIPE_END
G1 Z11.16 F9000
G1 X110.162 Y109.968 Z11.16
G1 Z10.76
G1 E1.2 F1800
M204 P2500
;TYPE:Internal solid infill
;WIDTH:0.355158
G1 F600
G1 X110.092 Y109.863 E.00203
G1 X109.968 Y109.838 E.00203
G1 X109.863 Y109.908 E.00203
G1 X109.838 Y110.032 E.00203
G1 X109.908 Y110.137 E.00203
G1 X110.032 Y110.162 E.00203
G1 X110.137 Y110.092 E.00203
G1 X110.154 Y110.007 E.00139
; stop printing object JOYSTICK.stl id:15 copy 0
;LAYER_CHANGE
;Z:10.88
;HEIGHT:0.12
;BEFORE_LAYER_CHANGE
;10.88
G92 E0

G1 E-.98473 F2400
;WIPE_START
G1 F10800
G1 X110.137 Y110.092 E-.01914
G1 X110.032 Y110.162 E-.02802
G1 X109.908 Y110.137 E-.02802
G1 X109.838 Y110.032 E-.02802
G1 X109.863 Y109.908 E-.02802
G1 X109.968 Y109.838 E-.028
G1 X110.092 Y109.863 E-.02807
G1 X110.162 Y109.968 E-.02799
;WIPE_END
;_SET_FAN_SPEED_CHANGING_LAYER
; printing object JOYSTICK.stl id:15 copy 0
G17
G3 Z11.28 I1.208 J.143 P1  F9000
G1 X110.215 Y109.514 Z11.28
G1 Z10.88
G1 E1.2 F1800
M204 P2000
;TYPE:Inner wall
;WIDTH:0.449999
G1 F600
G1 X110.301 Y109.55 E.00192
G1 X110.45 Y109.699 E.00437
G1 X110.531 Y109.894 E.00439
G1 X110.531 Y110.106 E.00438
G1 X110.45 Y110.301 E.00438
G1 X110.301 Y110.45 E.00438
G1 X110.106 Y110.531 E.00438
G1 X109.894 Y110.531 E.00438
G1 X109.699 Y110.45 E.00438
G1 X109.55 Y110.301 E.00438
G1 X109.469 Y110.106 E.00438
G1 X109.469 Y109.894 E.00438
G1 X109.55 Y109.699 E.00438
G1 X109.699 Y109.55 E.00438
G1 X109.894 Y109.469 E.00438
G1 X110.106 Y109.469 E.00438
G1 X110.178 Y109.499 E.00164
G1 X110.376 Y109.092 F9000
M204 P1000
;TYPE:Outer wall
;WIDTH:0.419999
G1 F600
G1 X110.695 Y109.305 E.00738
G1 X110.908 Y109.624 E.00739
G1 X110.983 Y110 E.00739
G1 X110.908 Y110.376 E.00739
G1 X110.695 Y110.695 E.00739
G1 X110.376 Y110.908 E.00739
G1 X110 Y110.983 E.00739
G1 X109.624 Y110.908 E.00739
G1 X109.305 Y110.695 E.00739
G1 X109.092 Y110.376 E.00739
G1 X109.017 Y110 E.00739
G1 X109.092 Y109.624 E.00739
G1 X109.305 Y109.305 E.00739
G1 X109.624 Y109.092 E.00739
G1 X110 Y109.017 E.00739
G1 X110.337 Y109.085 E.00663
G1 E-.84 F2400
;WIPE_START
G1 F3600
G1 X110.695 Y109.305 E-.15124
G1 X110.908 Y109.624 E-.13802
G1 X110.946 Y109.817 E-.07074
;WIPE_END
G1 Z11.28 F9000
G1 X110.162 Y110.032 Z11.28
G1 Z10.88
G1 E1.2 F1800
M204 P2500
;TYPE:Internal solid infill
;WIDTH:0.355156
G1 F600
G1 X110.137 Y109.908 E.00203
G1 X110.032 Y109.838 E.00203
G1 X109.908 Y109.863 E.00203
G1 X109.838 Y109.968 E.00203
G1 X109.863 Y110.092 E.00203
G1 X109.968 Y110.162 E.00203
G1 X110.092 Y110.137 E.00203
G1 X110.139 Y110.065 E.00139
; stop printing object JOYSTICK.stl id:15 copy 0
;LAYER_CHANGE
;Z:11
;HEIGHT:0.12
;BEFORE_LAYER_CHANGE
;11
G92 E0

G1 E-.98475 F2400
;WIPE_START
G1 F10800
G1 X110.092 Y110.137 E-.01913
G1 X109.968 Y110.162 E-.02802
G1 X109.863 Y110.092 E-.02802
G1 X109.838 Y109.968 E-.02802
G1 X109.908 Y109.863 E-.02802
G1 X110.032 Y109.838 E-.02797
G1 X110.137 Y109.908 E-.02801
G1 X110.162 Y110.032 E-.02806
;WIPE_END
;_SET_FAN_SPEED_CHANGING_LAYER
; printing object JOYSTICK.stl id:15 copy 0
G17
G3 Z11.4 I1.211 J.122 P1  F9000
G1 X110.214 Y109.514 Z11.4
G1 Z11
G1 E1.2 F1800
M204 P2000
;TYPE:Inner wall
;WIDTH:0.449999
G1 F600
G1 X110.301 Y109.55 E.00196
G1 X110.45 Y109.699 E.00437
G1 X110.531 Y109.894 E.00439
G1 X110.531 Y110.106 E.00438
G1 X110.45 Y110.301 E.00438
G1 X110.301 Y110.45 E.00438
G1 X110.106 Y110.531 E.00438
G1 X109.894 Y110.531 E.00438
G1 X109.699 Y110.45 E.00438
G1 X109.55 Y110.301 E.00438
G1 X109.469 Y110.106 E.00438
G1 X109.469 Y109.894 E.00438
G1 X109.55 Y109.699 E.00438
G1 X109.699 Y109.55 E.00438
G1 X109.894 Y109.469 E.00438
G1 X110.106 Y109.469 E.00438
G1 X110.177 Y109.498 E.0016
G1 X110.376 Y109.092 F9000
M204 P1000
;TYPE:Outer wall
;WIDTH:0.419999
G1 F600
G1 X110.695 Y109.305 E.00738
G1 X110.908 Y109.624 E.00739
G1 X110.983 Y110 E.00739
G1 X110.908 Y110.376 E.00739
G1 X110.695 Y110.695 E.00739
G1 X110.376 Y110.908 E.00739
G1 X110 Y110.983 E.00739
G1 X109.624 Y110.908 E.00739
G1 X109.305 Y110.695 E.00739
G1 X109.092 Y110.376 E.00739
G1 X109.017 Y110 E.00739
G1 X109.092 Y109.624 E.00739
G1 X109.305 Y109.305 E.00739
G1 X109.624 Y109.092 E.00739
G1 X110 Y109.017 E.00739
G1 X110.337 Y109.085 E.00663
G1 E-.84 F2400
;WIPE_START
G1 F3600
G1 X110.695 Y109.305 E-.15123
G1 X110.908 Y109.624 E-.13802
G1 X110.946 Y109.817 E-.07075
;WIPE_END
G1 Z11.4 F9000
G1 X110.162 Y109.968 Z11.4
G1 Z11
G1 E1.2 F1800
M204 P2500
;TYPE:Internal solid infill
;WIDTH:0.355154
G1 F600
G1 X110.092 Y109.863 E.00203
G1 X109.968 Y109.838 E.00203
G1 X109.863 Y109.908 E.00203
G1 X109.838 Y110.032 E.00203
G1 X109.908 Y110.137 E.00203
G1 X110.032 Y110.162 E.00203
G1 X110.137 Y110.092 E.00203
G1 X110.154 Y110.007 E.00139
; stop printing object JOYSTICK.stl id:15 copy 0
;LAYER_CHANGE
;Z:11.12
;HEIGHT:0.12
;BEFORE_LAYER_CHANGE
;11.12
G92 E0

G1 E-.98473 F2400
;WIPE_START
G1 F10800
G1 X110.137 Y110.092 E-.01914
G1 X110.032 Y110.162 E-.02802
G1 X109.908 Y110.137 E-.02802
G1 X109.838 Y110.032 E-.02802
G1 X109.863 Y109.908 E-.02802
G1 X109.968 Y109.838 E-.028
G1 X110.092 Y109.863 E-.02807
G1 X110.162 Y109.968 E-.02799
;WIPE_END
;_SET_FAN_SPEED_CHANGING_LAYER
; printing object JOYSTICK.stl id:15 copy 0
G17
G3 Z11.52 I1.21 J.134 P1  F9000
G1 X110.212 Y109.513 Z11.52
G1 Z11.12
G1 E1.2 F1800
M204 P2000
;TYPE:Inner wall
;WIDTH:0.449999
G1 F600
G1 X110.301 Y109.55 E.002
G1 X110.45 Y109.699 E.00437
G1 X110.531 Y109.894 E.00439
G1 X110.531 Y110.106 E.00438
G1 X110.45 Y110.301 E.00438
G1 X110.301 Y110.45 E.00438
G1 X110.106 Y110.531 E.00438
G1 X109.894 Y110.531 E.00438
G1 X109.699 Y110.45 E.00438
G1 X109.55 Y110.301 E.00438
G1 X109.469 Y110.106 E.00438
G1 X109.469 Y109.894 E.00438
G1 X109.55 Y109.699 E.00438
G1 X109.699 Y109.55 E.00438
G1 X109.894 Y109.469 E.00438
G1 X110.106 Y109.469 E.00438
G1 X110.175 Y109.498 E.00156
G1 X110.376 Y109.092 F9000
M204 P1000
;TYPE:Outer wall
;WIDTH:0.419999
G1 F600
G1 X110.695 Y109.305 E.00738
G1 X110.908 Y109.624 E.00739
G1 X110.983 Y110 E.00739
G1 X110.908 Y110.376 E.00739
G1 X110.695 Y110.695 E.00739
G1 X110.376 Y110.908 E.00739
G1 X110 Y110.983 E.00739
G1 X109.624 Y110.908 E.00739
G1 X109.305 Y110.695 E.00739
G1 X109.092 Y110.376 E.00739
G1 X109.017 Y110 E.00739
G1 X109.092 Y109.624 E.00739
G1 X109.305 Y109.305 E.00739
G1 X109.624 Y109.092 E.00739
G1 X110 Y109.017 E.00739
G1 X110.337 Y109.085 E.00663
G1 E-.84 F2400
;WIPE_START
G1 F3600
G1 X110.695 Y109.305 E-.15122
G1 X110.908 Y109.624 E-.13802
G1 X110.946 Y109.817 E-.07076
;WIPE_END
G1 Z11.52 F9000
G1 X110.162 Y110.032 Z11.52
G1 Z11.12
G1 E1.2 F1800
M204 P2500
;TYPE:Internal solid infill
;WIDTH:0.355153
G1 F600
G1 X110.137 Y109.908 E.00203
G1 X110.032 Y109.838 E.00203
G1 X109.908 Y109.863 E.00203
G1 X109.838 Y109.968 E.00203
G1 X109.863 Y110.092 E.00203
G1 X109.968 Y110.162 E.00203
G1 X110.092 Y110.137 E.00203
G1 X110.139 Y110.065 E.00139
; stop printing object JOYSTICK.stl id:15 copy 0
;LAYER_CHANGE
;Z:11.24
;HEIGHT:0.12
;BEFORE_LAYER_CHANGE
;11.24
G92 E0

G1 E-.98475 F2400
;WIPE_START
G1 F10800
G1 X110.092 Y110.137 E-.01913
G1 X109.968 Y110.162 E-.02802
G1 X109.863 Y110.092 E-.02802
G1 X109.838 Y109.968 E-.02802
G1 X109.908 Y109.863 E-.02801
G1 X110.032 Y109.838 E-.02797
G1 X110.137 Y109.908 E-.02801
G1 X110.162 Y110.032 E-.02807
;WIPE_END
;_SET_FAN_SPEED_CHANGING_LAYER
; printing object JOYSTICK.stl id:15 copy 0
G17
G3 Z11.64 I1.212 J.113 P1  F9000
G1 X110.21 Y109.512 Z11.64
G1 Z11.24
G1 E1.2 F1800
M204 P2000
;TYPE:Inner wall
;WIDTH:0.449999
G1 F600
G1 X110.301 Y109.55 E.00204
G1 X110.45 Y109.699 E.00437
G1 X110.531 Y109.894 E.00439
G1 X110.531 Y110.106 E.00438
G1 X110.45 Y110.301 E.00438
G1 X110.301 Y110.45 E.00438
G1 X110.106 Y110.531 E.00438
G1 X109.894 Y110.531 E.00438
G1 X109.699 Y110.45 E.00438
G1 X109.55 Y110.301 E.00438
G1 X109.469 Y110.106 E.00438
G1 X109.469 Y109.894 E.00438
G1 X109.55 Y109.699 E.00438
G1 X109.699 Y109.55 E.00438
G1 X109.894 Y109.469 E.00438
G1 X110.106 Y109.469 E.00438
G1 X110.173 Y109.497 E.00152
G1 X110.377 Y109.092 F9000
M204 P1000
;TYPE:Outer wall
;WIDTH:0.419999
G1 F600
G1 X110.695 Y109.305 E.00738
G1 X110.908 Y109.624 E.00739
G1 X110.983 Y110 E.00739
G1 X110.908 Y110.376 E.00739
G1 X110.695 Y110.695 E.00739
G1 X110.376 Y110.908 E.00739
G1 X110 Y110.983 E.00739
G1 X109.624 Y110.908 E.00739
G1 X109.305 Y110.695 E.00739
G1 X109.092 Y110.376 E.00739
G1 X109.017 Y110 E.00739
G1 X109.092 Y109.624 E.00739
G1 X109.305 Y109.305 E.00739
G1 X109.624 Y109.092 E.00739
G1 X110 Y109.017 E.00739
G1 X110.337 Y109.085 E.00663
G1 E-.84 F2400
;WIPE_START
G1 F3600
G1 X110.695 Y109.305 E-.15121
G1 X110.908 Y109.624 E-.13802
G1 X110.946 Y109.817 E-.07077
;WIPE_END
G1 Z11.64 F9000
G1 X110.162 Y110.032 Z11.64
G1 Z11.24
G1 E1.2 F1800
M204 P2500
;TYPE:Internal solid infill
;WIDTH:0.35515
G1 F600
G1 X110.137 Y109.908 E.00203
G1 X110.032 Y109.838 E.00203
G1 X109.908 Y109.863 E.00203
G1 X109.838 Y109.968 E.00203
G1 X109.863 Y110.092 E.00203
G1 X109.968 Y110.162 E.00203
G1 X110.092 Y110.137 E.00203
G1 X110.139 Y110.065 E.00139
; stop printing object JOYSTICK.stl id:15 copy 0
;LAYER_CHANGE
;Z:11.36
;HEIGHT:0.12
;BEFORE_LAYER_CHANGE
;11.36
G92 E0

G1 E-.98474 F2400
;WIPE_START
G1 F10800
G1 X110.092 Y110.137 E-.01913
G1 X109.968 Y110.162 E-.02802
G1 X109.863 Y110.092 E-.02802
G1 X109.838 Y109.968 E-.02802
G1 X109.908 Y109.863 E-.02801
G1 X110.032 Y109.838 E-.02797
G1 X110.137 Y109.908 E-.02801
G1 X110.162 Y110.032 E-.02807
;WIPE_END
;_SET_FAN_SPEED_CHANGING_LAYER
; printing object JOYSTICK.stl id:15 copy 0
G17
G3 Z11.76 I1.212 J.108 P1  F9000
G1 X110.208 Y109.511 Z11.76
G1 Z11.36
G1 E1.2 F1800
M204 P2000
;TYPE:Inner wall
;WIDTH:0.449999
G1 F600
G1 X110.301 Y109.55 E.00209
G1 X110.45 Y109.699 E.00437
G1 X110.531 Y109.894 E.00439
G1 X110.531 Y110.106 E.00438
G1 X110.45 Y110.301 E.00438
G1 X110.301 Y110.45 E.00438
G1 X110.106 Y110.531 E.00438
G1 X109.894 Y110.531 E.00438
G1 X109.699 Y110.45 E.00438
G1 X109.55 Y110.301 E.00438
G1 X109.469 Y110.106 E.00438
G1 X109.469 Y109.894 E.00438
G1 X109.55 Y109.699 E.00438
G1 X109.699 Y109.55 E.00438
G1 X109.894 Y109.469 E.00438
G1 X110.106 Y109.469 E.00438
G1 X110.171 Y109.496 E.00147
G1 X110.377 Y109.093 F9000
M204 P1000
;TYPE:Outer wall
;WIDTH:0.419999
G1 F600
G1 X110.695 Y109.305 E.00738
G1 X110.908 Y109.624 E.00739
G1 X110.983 Y110 E.00739
G1 X110.908 Y110.376 E.00739
G1 X110.695 Y110.695 E.00739
G1 X110.376 Y110.908 E.00739
G1 X110 Y110.983 E.00739
G1 X109.624 Y110.908 E.00739
G1 X109.305 Y110.695 E.00739
G1 X109.092 Y110.376 E.00739
G1 X109.017 Y110 E.00739
G1 X109.092 Y109.624 E.00739
G1 X109.305 Y109.305 E.00739
G1 X109.624 Y109.092 E.00739
G1 X110 Y109.017 E.00739
G1 X110.337 Y109.085 E.00663
G1 E-.84 F2400
;WIPE_START
G1 F3600
G1 X110.695 Y109.305 E-.1512
G1 X110.908 Y109.624 E-.13802
G1 X110.946 Y109.817 E-.07078
;WIPE_END
G1 Z11.76 F9000
G1 X110.162 Y110.032 Z11.76
G1 Z11.36
G1 E1.2 F1800
M204 P2500
;TYPE:Internal solid infill
;WIDTH:0.355149
G1 F600
G1 X110.137 Y109.908 E.00203
G1 X110.032 Y109.838 E.00203
G1 X109.908 Y109.863 E.00203
G1 X109.838 Y109.968 E.00203
G1 X109.863 Y110.092 E.00203
G1 X109.968 Y110.162 E.00203
G1 X110.092 Y110.137 E.00203
G1 X110.139 Y110.065 E.00139
; stop printing object JOYSTICK.stl id:15 copy 0
;LAYER_CHANGE
;Z:11.48
;HEIGHT:0.12
;BEFORE_LAYER_CHANGE
;11.48
G92 E0

G1 E-.98474 F2400
;WIPE_START
G1 F10800
G1 X110.092 Y110.137 E-.01913
G1 X109.968 Y110.162 E-.02802
G1 X109.863 Y110.092 E-.02802
G1 X109.838 Y109.968 E-.02802
G1 X109.908 Y109.863 E-.02801
G1 X110.032 Y109.838 E-.02796
G1 X110.137 Y109.908 E-.02801
G1 X110.162 Y110.032 E-.02808
;WIPE_END
;_SET_FAN_SPEED_CHANGING_LAYER
; printing object JOYSTICK.stl id:15 copy 0
G17
G3 Z11.88 I1.213 J.104 P1  F9000
G1 X110.206 Y109.511 Z11.88
G1 Z11.48
G1 E1.2 F1800
M204 P2000
;TYPE:Inner wall
;WIDTH:0.449999
G1 F600
G1 X110.301 Y109.55 E.00213
G1 X110.45 Y109.699 E.00437
G1 X110.531 Y109.894 E.00439
G1 X110.531 Y110.106 E.00438
G1 X110.45 Y110.301 E.00438
G1 X110.301 Y110.45 E.00438
G1 X110.106 Y110.531 E.00438
G1 X109.894 Y110.531 E.00438
G1 X109.699 Y110.45 E.00438
G1 X109.55 Y110.301 E.00438
G1 X109.469 Y110.106 E.00438
G1 X109.469 Y109.894 E.00438
G1 X109.55 Y109.699 E.00438
G1 X109.699 Y109.55 E.00438
G1 X109.894 Y109.469 E.00438
G1 X110.106 Y109.469 E.00438
G1 X110.169 Y109.495 E.00143
G1 X110.377 Y109.093 F9000
M204 P1000
;TYPE:Outer wall
;WIDTH:0.419999
G1 F600
G1 X110.695 Y109.305 E.00738
G1 X110.908 Y109.624 E.00739
G1 X110.983 Y110 E.00739
G1 X110.908 Y110.376 E.00739
G1 X110.695 Y110.695 E.00739
G1 X110.376 Y110.908 E.00739
G1 X110 Y110.983 E.00739
G1 X109.624 Y110.908 E.00739
G1 X109.305 Y110.695 E.00739
G1 X109.092 Y110.376 E.00739
G1 X109.017 Y110 E.00739
G1 X109.092 Y109.624 E.00739
G1 X109.305 Y109.305 E.00739
G1 X109.624 Y109.092 E.00739
G1 X110 Y109.017 E.00739
G1 X110.337 Y109.085 E.00663
G1 E-.84 F2400
;WIPE_START
G1 F3600
G1 X110.695 Y109.305 E-.1512
G1 X110.908 Y109.624 E-.13802
G1 X110.946 Y109.817 E-.07078
;WIPE_END
G1 Z11.88 F9000
G1 X110.162 Y110.032 Z11.88
G1 Z11.48
G1 E1.2 F1800
M204 P2500
;TYPE:Internal solid infill
;WIDTH:0.355147
G1 F600
G1 X110.137 Y109.908 E.00203
G1 X110.032 Y109.838 E.00203
G1 X109.908 Y109.863 E.00203
G1 X109.838 Y109.968 E.00203
G1 X109.863 Y110.092 E.00203
G1 X109.968 Y110.162 E.00203
G1 X110.092 Y110.137 E.00203
G1 X110.139 Y110.065 E.00139
; stop printing object JOYSTICK.stl id:15 copy 0
;LAYER_CHANGE
;Z:11.6
;HEIGHT:0.120001
;BEFORE_LAYER_CHANGE
;11.6
G92 E0

G1 E-.98474 F2400
;WIPE_START
G1 F10800
G1 X110.092 Y110.137 E-.01913
G1 X109.968 Y110.162 E-.02802
G1 X109.863 Y110.092 E-.02802
G1 X109.838 Y109.968 E-.02802
G1 X109.908 Y109.863 E-.02801
G1 X110.032 Y109.838 E-.02796
G1 X110.137 Y109.908 E-.02801
G1 X110.162 Y110.032 E-.02807
;WIPE_END
;_SET_FAN_SPEED_CHANGING_LAYER
; printing object JOYSTICK.stl id:15 copy 0
G17
G3 Z12 I1.213 J.097 P1  F9000
G1 X110.204 Y109.509 Z12
G1 Z11.6
G1 E1.2 F1800
M204 P2000
;TYPE:Inner wall
;WIDTH:0.449999
G1 F600
G1 X110.301 Y109.55 E.00219
G1 X110.45 Y109.699 E.00438
G1 X110.531 Y109.894 E.00438
G1 X110.531 Y110.106 E.00438
G1 X110.45 Y110.301 E.00438
G1 X110.301 Y110.45 E.00438
G1 X110.106 Y110.531 E.00438
G1 X109.894 Y110.531 E.00438
G1 X109.699 Y110.45 E.00438
G1 X109.55 Y110.301 E.00438
G1 X109.469 Y110.106 E.00438
G1 X109.469 Y109.894 E.00438
G1 X109.55 Y109.699 E.00438
G1 X109.699 Y109.55 E.00438
G1 X109.894 Y109.469 E.00438
G1 X110.106 Y109.469 E.00438
G1 X110.167 Y109.494 E.00137
G1 X110.376 Y109.092 F9000
M204 P1000
;TYPE:Outer wall
;WIDTH:0.419999
G1 F600
G1 X110.695 Y109.305 E.00739
G1 X110.908 Y109.624 E.00739
G1 X110.983 Y110 E.00739
G1 X110.908 Y110.376 E.00739
G1 X110.695 Y110.695 E.00739
G1 X110.376 Y110.908 E.00739
G1 X110 Y110.983 E.00739
G1 X109.624 Y110.908 E.00739
G1 X109.305 Y110.695 E.00739
G1 X109.092 Y110.376 E.00739
G1 X109.017 Y110 E.00739
G1 X109.092 Y109.624 E.00739
G1 X109.305 Y109.305 E.00739
G1 X109.624 Y109.092 E.00739
G1 X110 Y109.017 E.00739
G1 X110.337 Y109.084 E.00662
G1 E-.84 F2400
;WIPE_START
G1 F3600
G1 X110.695 Y109.305 E-.15142
G1 X110.908 Y109.624 E-.13802
G1 X110.946 Y109.816 E-.07057
;WIPE_END
G1 Z12 F9000
G1 X110.162 Y110.032 Z12
G1 Z11.6
G1 E1.2 F1800
M204 P2500
;TYPE:Internal solid infill
;WIDTH:0.355193
G1 F600
G1 X110.137 Y109.908 E.00203
G1 X110.032 Y109.838 E.00203
G1 X109.908 Y109.863 E.00203
G1 X109.838 Y109.968 E.00203
G1 X109.863 Y110.092 E.00203
G1 X109.968 Y110.162 E.00203
G1 X110.092 Y110.137 E.00203
G1 X110.139 Y110.065 E.00139
; stop printing object JOYSTICK.stl id:15 copy 0
;LAYER_CHANGE
;Z:11.72
;HEIGHT:0.12
;BEFORE_LAYER_CHANGE
;11.72
G92 E0

G1 E-.98476 F2400
;WIPE_START
G1 F10800
G1 X110.092 Y110.137 E-.01913
G1 X109.968 Y110.162 E-.02802
G1 X109.863 Y110.092 E-.02801
G1 X109.838 Y109.968 E-.02802
G1 X109.908 Y109.863 E-.02802
G1 X110.032 Y109.838 E-.02802
G1 X110.137 Y109.908 E-.02802
G1 X110.162 Y110.032 E-.02802
;WIPE_END
;_SET_FAN_SPEED_CHANGING_LAYER
; printing object JOYSTICK.stl id:15 copy 0
G17
G3 Z12.12 I1.213 J.093 P1  F9000
G1 X110.202 Y109.509 Z12.12
G1 Z11.72
G1 E1.2 F1800
M204 P2000
;TYPE:Inner wall
;WIDTH:0.449999
G1 F600
G1 X110.301 Y109.55 E.00223
G1 X110.45 Y109.699 E.00438
G1 X110.531 Y109.894 E.00438
G1 X110.531 Y110.106 E.00438
G1 X110.45 Y110.301 E.00438
G1 X110.301 Y110.45 E.00438
G1 X110.106 Y110.531 E.00438
G1 X109.894 Y110.531 E.00438
G1 X109.699 Y110.45 E.00438
G1 X109.55 Y110.301 E.00438
G1 X109.469 Y110.106 E.00438
G1 X109.469 Y109.894 E.00438
G1 X109.55 Y109.699 E.00438
G1 X109.699 Y109.55 E.00438
G1 X109.894 Y109.469 E.00438
G1 X110.106 Y109.469 E.00438
G1 X110.165 Y109.493 E.00132
G1 X110.376 Y109.092 F9000
M204 P1000
;TYPE:Outer wall
;WIDTH:0.419999
G1 F600
G1 X110.695 Y109.305 E.00739
G1 X110.908 Y109.624 E.00739
G1 X110.983 Y110 E.00739
G1 X110.908 Y110.376 E.00739
G1 X110.695 Y110.695 E.00739
G1 X110.376 Y110.908 E.00739
G1 X110 Y110.983 E.00739
G1 X109.624 Y110.908 E.00739
G1 X109.305 Y110.695 E.00739
G1 X109.092 Y110.376 E.00739
G1 X109.017 Y110 E.00739
G1 X109.092 Y109.624 E.00739
G1 X109.305 Y109.305 E.00739
G1 X109.624 Y109.092 E.00739
G1 X110 Y109.017 E.00739
G1 X110.337 Y109.084 E.00662
G1 E-.84 F2400
;WIPE_START
G1 F3600
G1 X110.695 Y109.305 E-.15142
G1 X110.908 Y109.624 E-.13802
G1 X110.946 Y109.816 E-.07056
;WIPE_END
G1 Z12.12 F9000
G1 X110.162 Y110.032 Z12.12
G1 Z11.72
G1 E1.2 F1800
M204 P2500
;TYPE:Internal solid infill
;WIDTH:0.355185
G1 F600
G1 X110.137 Y109.908 E.00203
G1 X110.032 Y109.838 E.00203
G1 X109.908 Y109.863 E.00203
G1 X109.838 Y109.968 E.00203
G1 X109.863 Y110.092 E.00203
G1 X109.968 Y110.162 E.00203
G1 X110.092 Y110.137 E.00203
G1 X110.139 Y110.065 E.00139
; stop printing object JOYSTICK.stl id:15 copy 0
;LAYER_CHANGE
;Z:11.84
;HEIGHT:0.12
;BEFORE_LAYER_CHANGE
;11.84
G92 E0

G1 E-.98476 F2400
;WIPE_START
G1 F10800
G1 X110.092 Y110.137 E-.01913
G1 X109.968 Y110.162 E-.02802
G1 X109.863 Y110.092 E-.02802
G1 X109.838 Y109.968 E-.02802
G1 X109.908 Y109.863 E-.02802
G1 X110.032 Y109.838 E-.02802
G1 X110.137 Y109.908 E-.02802
G1 X110.162 Y110.032 E-.02802
;WIPE_END
;_SET_FAN_SPEED_CHANGING_LAYER
; printing object JOYSTICK.stl id:15 copy 0
G17
G3 Z12.24 I1.214 J.088 P1  F9000
G1 X110.199 Y109.508 Z12.24
G1 Z11.84
G1 E1.2 F1800
M204 P2000
;TYPE:Inner wall
;WIDTH:0.449999
G1 F600
G1 X110.301 Y109.55 E.00228
G1 X110.45 Y109.699 E.00438
G1 X110.531 Y109.894 E.00438
G1 X110.531 Y110.106 E.00438
G1 X110.45 Y110.301 E.00438
G1 X110.301 Y110.45 E.00438
G1 X110.106 Y110.531 E.00438
G1 X109.894 Y110.531 E.00438
G1 X109.699 Y110.45 E.00438
G1 X109.55 Y110.301 E.00438
G1 X109.469 Y110.106 E.00438
G1 X109.469 Y109.894 E.00438
G1 X109.55 Y109.699 E.00438
G1 X109.699 Y109.55 E.00438
G1 X109.894 Y109.469 E.00438
G1 X110.106 Y109.469 E.00438
G1 X110.162 Y109.492 E.00128
G1 X110.376 Y109.092 F9000
M204 P1000
;TYPE:Outer wall
;WIDTH:0.419999
G1 F600
G1 X110.695 Y109.305 E.00739
G1 X110.908 Y109.624 E.00739
G1 X110.983 Y110 E.00739
G1 X110.908 Y110.376 E.00739
G1 X110.695 Y110.695 E.00739
G1 X110.376 Y110.908 E.00739
G1 X110 Y110.983 E.00739
G1 X109.624 Y110.908 E.00739
G1 X109.305 Y110.695 E.00739
G1 X109.092 Y110.376 E.00739
G1 X109.017 Y110 E.00739
G1 X109.092 Y109.624 E.00739
G1 X109.305 Y109.305 E.00739
G1 X109.624 Y109.092 E.00739
G1 X110 Y109.017 E.00739
G1 X110.337 Y109.084 E.00662
G1 E-.84 F2400
;WIPE_START
G1 F3600
G1 X110.695 Y109.305 E-.15142
G1 X110.908 Y109.624 E-.13802
G1 X110.946 Y109.816 E-.07056
;WIPE_END
G1 Z12.24 F9000
G1 X110.162 Y110.032 Z12.24
G1 Z11.84
G1 E1.2 F1800
M204 P2500
;TYPE:Internal solid infill
;WIDTH:0.355186
G1 F600
G1 X110.137 Y109.908 E.00203
G1 X110.032 Y109.838 E.00203
G1 X109.908 Y109.863 E.00203
G1 X109.838 Y109.968 E.00203
G1 X109.863 Y110.092 E.00203
G1 X109.968 Y110.162 E.00203
G1 X110.092 Y110.137 E.00203
G1 X110.139 Y110.065 E.00139
; stop printing object JOYSTICK.stl id:15 copy 0
;LAYER_CHANGE
;Z:11.96
;HEIGHT:0.12
;BEFORE_LAYER_CHANGE
;11.96
G92 E0

G1 E-.98476 F2400
;WIPE_START
G1 F10800
G1 X110.092 Y110.137 E-.01913
G1 X109.968 Y110.162 E-.02802
G1 X109.863 Y110.092 E-.02802
G1 X109.838 Y109.968 E-.02802
G1 X109.908 Y109.863 E-.02801
G1 X110.032 Y109.838 E-.02802
G1 X110.137 Y109.908 E-.02802
G1 X110.162 Y110.032 E-.02802
;WIPE_END
;_SET_FAN_SPEED_CHANGING_LAYER
; printing object JOYSTICK.stl id:15 copy 0
G17
G3 Z12.36 I1.214 J.083 P1  F9000
G1 X110.197 Y109.507 Z12.36
G1 Z11.96
G1 E1.2 F1800
M204 P2000
;TYPE:Inner wall
;WIDTH:0.449999
G1 F600
G1 X110.301 Y109.55 E.00233
G1 X110.45 Y109.699 E.00438
G1 X110.531 Y109.894 E.00438
G1 X110.531 Y110.106 E.00438
G1 X110.45 Y110.301 E.00438
G1 X110.301 Y110.45 E.00438
G1 X110.106 Y110.531 E.00438
G1 X109.894 Y110.531 E.00438
G1 X109.699 Y110.45 E.00438
G1 X109.55 Y110.301 E.00438
G1 X109.469 Y110.106 E.00438
G1 X109.469 Y109.894 E.00438
G1 X109.55 Y109.699 E.00438
G1 X109.699 Y109.55 E.00438
G1 X109.894 Y109.469 E.00438
G1 X110.106 Y109.469 E.00438
G1 X110.16 Y109.491 E.00123
G1 X110.376 Y109.092 F9000
M204 P1000
;TYPE:Outer wall
;WIDTH:0.419999
G1 F600
G1 X110.695 Y109.305 E.00739
G1 X110.908 Y109.624 E.00739
G1 X110.983 Y110 E.00739
G1 X110.908 Y110.376 E.00739
G1 X110.695 Y110.695 E.00739
G1 X110.376 Y110.908 E.00739
G1 X110 Y110.983 E.00739
G1 X109.624 Y110.908 E.00739
G1 X109.305 Y110.695 E.00739
G1 X109.092 Y110.376 E.00739
G1 X109.017 Y110 E.00739
G1 X109.092 Y109.624 E.00739
G1 X109.305 Y109.305 E.00739
G1 X109.624 Y109.092 E.00739
G1 X110 Y109.017 E.00739
G1 X110.337 Y109.084 E.00662
G1 E-.84 F2400
;WIPE_START
G1 F3600
G1 X110.695 Y109.305 E-.15142
G1 X110.908 Y109.624 E-.13802
G1 X110.946 Y109.816 E-.07056
;WIPE_END
G1 Z12.36 F9000
G1 X110.162 Y110.032 Z12.36
G1 Z11.96
G1 E1.2 F1800
M204 P2500
;TYPE:Internal solid infill
;WIDTH:0.355185
G1 F600
G1 X110.137 Y109.908 E.00203
G1 X110.032 Y109.838 E.00203
G1 X109.908 Y109.863 E.00203
G1 X109.838 Y109.968 E.00203
G1 X109.863 Y110.092 E.00203
G1 X109.968 Y110.162 E.00203
G1 X110.092 Y110.137 E.00203
G1 X110.139 Y110.065 E.00139
; stop printing object JOYSTICK.stl id:15 copy 0
;LAYER_CHANGE
;Z:12.08
;HEIGHT:0.12
;BEFORE_LAYER_CHANGE
;12.08
G92 E0

G1 E-.98476 F2400
;WIPE_START
G1 F10800
G1 X110.092 Y110.137 E-.01913
G1 X109.968 Y110.162 E-.02802
G1 X109.863 Y110.092 E-.02802
G1 X109.838 Y109.968 E-.02802
G1 X109.908 Y109.863 E-.02802
G1 X110.032 Y109.838 E-.02802
G1 X110.137 Y109.908 E-.02802
G1 X110.162 Y110.032 E-.02802
;WIPE_END
;_SET_FAN_SPEED_CHANGING_LAYER
; printing object JOYSTICK.stl id:15 copy 0
G17
G3 Z12.48 I1.214 J.077 P1  F9000
G1 X110.195 Y109.506 Z12.48
G1 Z12.08
G1 E1.2 F1800
M204 P2000
;TYPE:Inner wall
;WIDTH:0.449999
G1 F600
G1 X110.301 Y109.55 E.00237
G1 X110.45 Y109.699 E.00438
G1 X110.531 Y109.894 E.00438
G1 X110.531 Y110.106 E.00438
G1 X110.45 Y110.301 E.00438
G1 X110.301 Y110.45 E.00438
G1 X110.106 Y110.531 E.00438
G1 X109.894 Y110.531 E.00438
G1 X109.699 Y110.45 E.00438
G1 X109.55 Y110.301 E.00438
G1 X109.469 Y110.106 E.00438
G1 X109.469 Y109.894 E.00438
G1 X109.55 Y109.699 E.00438
G1 X109.699 Y109.55 E.00438
G1 X109.894 Y109.469 E.00438
G1 X110.106 Y109.469 E.00438
G1 X110.158 Y109.491 E.00118
G1 X110.376 Y109.092 F9000
M204 P1000
;TYPE:Outer wall
;WIDTH:0.419999
G1 F600
G1 X110.695 Y109.305 E.00739
G1 X110.908 Y109.624 E.00739
G1 X110.983 Y110 E.00739
G1 X110.908 Y110.376 E.00739
G1 X110.695 Y110.695 E.00739
G1 X110.376 Y110.908 E.00739
G1 X110 Y110.983 E.00739
G1 X109.624 Y110.908 E.00739
G1 X109.305 Y110.695 E.00739
G1 X109.092 Y110.376 E.00739
G1 X109.017 Y110 E.00739
G1 X109.092 Y109.624 E.00739
G1 X109.305 Y109.305 E.00739
G1 X109.624 Y109.092 E.00739
G1 X110 Y109.017 E.00739
G1 X110.337 Y109.084 E.00662
G1 E-.84 F2400
;WIPE_START
G1 F3600
G1 X110.695 Y109.305 E-.15142
G1 X110.908 Y109.624 E-.13802
G1 X110.946 Y109.816 E-.07056
;WIPE_END
G1 Z12.48 F9000
G1 X110.162 Y110.032 Z12.48
G1 Z12.08
G1 E1.2 F1800
M204 P2500
;TYPE:Internal solid infill
;WIDTH:0.355185
G1 F600
G1 X110.137 Y109.908 E.00203
G1 X110.032 Y109.838 E.00203
G1 X109.908 Y109.863 E.00203
G1 X109.838 Y109.968 E.00203
G1 X109.863 Y110.092 E.00203
G1 X109.968 Y110.162 E.00203
G1 X110.092 Y110.137 E.00203
G1 X110.139 Y110.065 E.00139
; stop printing object JOYSTICK.stl id:15 copy 0
;LAYER_CHANGE
;Z:12.2
;HEIGHT:0.12
;BEFORE_LAYER_CHANGE
;12.2
G92 E0

G1 E-.98476 F2400
;WIPE_START
G1 F10800
G1 X110.092 Y110.137 E-.01913
G1 X109.968 Y110.162 E-.02802
G1 X109.863 Y110.092 E-.02802
G1 X109.838 Y109.968 E-.02802
G1 X109.908 Y109.863 E-.02802
G1 X110.032 Y109.838 E-.02802
G1 X110.137 Y109.908 E-.02802
G1 X110.162 Y110.032 E-.02802
;WIPE_END
;_SET_FAN_SPEED_CHANGING_LAYER
; printing object JOYSTICK.stl id:15 copy 0
G17
G3 Z12.6 I1.215 J.072 P1  F9000
G1 X110.193 Y109.505 Z12.6
G1 Z12.2
G1 E1.2 F1800
M204 P2000
;TYPE:Inner wall
;WIDTH:0.449999
G1 F600
G1 X110.301 Y109.55 E.00242
G1 X110.45 Y109.699 E.00438
G1 X110.531 Y109.894 E.00438
G1 X110.531 Y110.106 E.00438
G1 X110.45 Y110.301 E.00438
G1 X110.301 Y110.45 E.00438
G1 X110.106 Y110.531 E.00438
G1 X109.894 Y110.531 E.00438
G1 X109.699 Y110.45 E.00438
G1 X109.55 Y110.301 E.00438
G1 X109.469 Y110.106 E.00438
G1 X109.469 Y109.894 E.00438
G1 X109.55 Y109.699 E.00438
G1 X109.699 Y109.55 E.00438
G1 X109.894 Y109.469 E.00438
G1 X110.106 Y109.469 E.00438
G1 X110.156 Y109.49 E.00113
G1 X110.376 Y109.092 F9000
M204 P1000
;TYPE:Outer wall
;WIDTH:0.419999
G1 F600
G1 X110.695 Y109.305 E.00739
G1 X110.908 Y109.624 E.00739
G1 X110.983 Y110 E.00739
G1 X110.908 Y110.376 E.00739
G1 X110.695 Y110.695 E.00739
G1 X110.376 Y110.908 E.00739
G1 X110 Y110.983 E.00739
G1 X109.624 Y110.908 E.00739
G1 X109.305 Y110.695 E.00739
G1 X109.092 Y110.376 E.00739
G1 X109.017 Y110 E.00739
G1 X109.092 Y109.624 E.00739
G1 X109.305 Y109.305 E.00739
G1 X109.624 Y109.092 E.00739
G1 X110 Y109.017 E.00739
G1 X110.337 Y109.084 E.00662
G1 E-.84 F2400
;WIPE_START
G1 F3600
G1 X110.695 Y109.305 E-.15142
G1 X110.908 Y109.624 E-.13802
G1 X110.946 Y109.816 E-.07056
;WIPE_END
G1 Z12.6 F9000
G1 X110.162 Y110.032 Z12.6
G1 Z12.2
G1 E1.2 F1800
M204 P2500
;TYPE:Internal solid infill
;WIDTH:0.35519
G1 F600
G1 X110.137 Y109.908 E.00203
G1 X110.032 Y109.838 E.00203
G1 X109.908 Y109.863 E.00203
G1 X109.838 Y109.968 E.00203
G1 X109.863 Y110.092 E.00203
G1 X109.968 Y110.162 E.00203
G1 X110.092 Y110.137 E.00203
G1 X110.139 Y110.065 E.00139
; stop printing object JOYSTICK.stl id:15 copy 0
;LAYER_CHANGE
;Z:12.32
;HEIGHT:0.12
;BEFORE_LAYER_CHANGE
;12.32
G92 E0

G1 E-.98476 F2400
;WIPE_START
G1 F10800
G1 X110.092 Y110.137 E-.01913
G1 X109.968 Y110.162 E-.02802
G1 X109.863 Y110.092 E-.02801
G1 X109.838 Y109.968 E-.02802
G1 X109.908 Y109.863 E-.02802
G1 X110.032 Y109.838 E-.02802
G1 X110.137 Y109.908 E-.02802
G1 X110.162 Y110.032 E-.02802
;WIPE_END
;_SET_FAN_SPEED_CHANGING_LAYER
; printing object JOYSTICK.stl id:15 copy 0
G17
G3 Z12.72 I1.215 J.067 P1  F9000
G1 X110.191 Y109.504 Z12.72
G1 Z12.32
G1 E1.2 F1800
M204 P2000
;TYPE:Inner wall
;WIDTH:0.449999
G1 F600
G1 X110.301 Y109.55 E.00247
G1 X110.45 Y109.699 E.00438
G1 X110.531 Y109.894 E.00438
G1 X110.531 Y110.106 E.00438
G1 X110.45 Y110.301 E.00438
G1 X110.301 Y110.45 E.00438
G1 X110.106 Y110.531 E.00438
G1 X109.894 Y110.531 E.00438
G1 X109.699 Y110.45 E.00438
G1 X109.55 Y110.301 E.00438
G1 X109.469 Y110.106 E.00438
G1 X109.469 Y109.894 E.00438
G1 X109.55 Y109.699 E.00438
G1 X109.699 Y109.55 E.00438
G1 X109.894 Y109.469 E.00438
G1 X110.106 Y109.469 E.00438
G1 X110.154 Y109.489 E.00108
G1 X110.376 Y109.092 F9000
M204 P1000
;TYPE:Outer wall
;WIDTH:0.419999
G1 F600
G1 X110.695 Y109.305 E.00739
G1 X110.908 Y109.624 E.00739
G1 X110.983 Y110 E.00739
G1 X110.908 Y110.376 E.00739
G1 X110.695 Y110.695 E.00739
G1 X110.376 Y110.908 E.00739
G1 X110 Y110.983 E.00739
G1 X109.624 Y110.908 E.00739
G1 X109.305 Y110.695 E.00739
G1 X109.092 Y110.376 E.00739
G1 X109.017 Y110 E.00739
G1 X109.092 Y109.624 E.00739
G1 X109.305 Y109.305 E.00739
G1 X109.624 Y109.092 E.00739
G1 X110 Y109.017 E.00739
G1 X110.337 Y109.084 E.00662
G1 E-.84 F2400
;WIPE_START
G1 F3600
G1 X110.695 Y109.305 E-.15142
G1 X110.908 Y109.624 E-.13802
G1 X110.946 Y109.816 E-.07056
;WIPE_END
G1 Z12.72 F9000
G1 X110.162 Y110.032 Z12.72
G1 Z12.32
G1 E1.2 F1800
M204 P2500
;TYPE:Internal solid infill
;WIDTH:0.35519
G1 F600
G1 X110.137 Y109.908 E.00203
G1 X110.032 Y109.838 E.00203
G1 X109.908 Y109.863 E.00203
G1 X109.838 Y109.968 E.00203
G1 X109.863 Y110.092 E.00203
G1 X109.968 Y110.162 E.00203
G1 X110.092 Y110.137 E.00203
G1 X110.139 Y110.065 E.00139
; stop printing object JOYSTICK.stl id:15 copy 0
;LAYER_CHANGE
;Z:12.44
;HEIGHT:0.12
;BEFORE_LAYER_CHANGE
;12.44
G92 E0

G1 E-.98476 F2400
;WIPE_START
G1 F10800
G1 X110.092 Y110.137 E-.01913
G1 X109.968 Y110.162 E-.02802
G1 X109.863 Y110.092 E-.02801
G1 X109.838 Y109.968 E-.02802
G1 X109.908 Y109.863 E-.02802
G1 X110.032 Y109.838 E-.02802
G1 X110.137 Y109.908 E-.02802
G1 X110.162 Y110.032 E-.02802
;WIPE_END
;_SET_FAN_SPEED_CHANGING_LAYER
; printing object JOYSTICK.stl id:15 copy 0
G17
G3 Z12.84 I1.215 J.062 P1  F9000
G1 X110.189 Y109.503 Z12.84
G1 Z12.44
G1 E1.2 F1800
M204 P2000
;TYPE:Inner wall
;WIDTH:0.449999
G1 F600
G1 X110.301 Y109.55 E.00252
G1 X110.45 Y109.699 E.00438
G1 X110.531 Y109.894 E.00438
G1 X110.531 Y110.106 E.00438
G1 X110.45 Y110.301 E.00438
G1 X110.301 Y110.45 E.00438
G1 X110.106 Y110.531 E.00438
G1 X109.894 Y110.531 E.00438
G1 X109.699 Y110.45 E.00438
G1 X109.55 Y110.301 E.00438
G1 X109.469 Y110.106 E.00438
G1 X109.469 Y109.894 E.00438
G1 X109.55 Y109.699 E.00438
G1 X109.699 Y109.55 E.00438
G1 X109.894 Y109.469 E.00438
G1 X110.106 Y109.469 E.00438
G1 X110.152 Y109.488 E.00103
G1 X110.376 Y109.092 F9000
M204 P1000
;TYPE:Outer wall
;WIDTH:0.419999
G1 F600
G1 X110.695 Y109.305 E.00739
G1 X110.908 Y109.624 E.00739
G1 X110.983 Y110 E.00739
G1 X110.908 Y110.376 E.00739
G1 X110.695 Y110.695 E.00739
G1 X110.376 Y110.908 E.00739
G1 X110 Y110.983 E.00739
G1 X109.624 Y110.908 E.00739
G1 X109.305 Y110.695 E.00739
G1 X109.092 Y110.376 E.00739
G1 X109.017 Y110 E.00739
G1 X109.092 Y109.624 E.00739
G1 X109.305 Y109.305 E.00739
G1 X109.624 Y109.092 E.00739
G1 X110 Y109.017 E.00739
G1 X110.337 Y109.084 E.00662
G1 E-.84 F2400
;WIPE_START
G1 F3600
G1 X110.695 Y109.305 E-.15142
G1 X110.908 Y109.624 E-.13802
G1 X110.946 Y109.816 E-.07056
;WIPE_END
G1 Z12.84 F9000
G1 X110.162 Y110.032 Z12.84
G1 Z12.44
G1 E1.2 F1800
M204 P2500
;TYPE:Internal solid infill
;WIDTH:0.355189
G1 F600
G1 X110.137 Y109.908 E.00203
G1 X110.032 Y109.838 E.00203
G1 X109.908 Y109.863 E.00203
G1 X109.838 Y109.968 E.00203
G1 X109.863 Y110.092 E.00203
G1 X109.968 Y110.162 E.00203
G1 X110.092 Y110.137 E.00203
G1 X110.139 Y110.065 E.00139
; stop printing object JOYSTICK.stl id:15 copy 0
;LAYER_CHANGE
;Z:12.56
;HEIGHT:0.120001
;BEFORE_LAYER_CHANGE
;12.56
G92 E0

G1 E-.98476 F2400
;WIPE_START
G1 F10800
G1 X110.092 Y110.137 E-.01913
G1 X109.968 Y110.162 E-.02802
G1 X109.863 Y110.092 E-.02802
G1 X109.838 Y109.968 E-.02801
G1 X109.908 Y109.863 E-.02802
G1 X110.032 Y109.838 E-.02802
G1 X110.137 Y109.908 E-.02802
G1 X110.162 Y110.032 E-.02802
;WIPE_END
;_SET_FAN_SPEED_CHANGING_LAYER
; printing object JOYSTICK.stl id:15 copy 0
G17
G3 Z12.96 I1.216 J.057 P1  F9000
G1 X110.186 Y109.502 Z12.96
G1 Z12.56
G1 E1.2 F1800
M204 P2000
;TYPE:Inner wall
;WIDTH:0.449999
G1 F600
G1 X110.301 Y109.55 E.00257
G1 X110.45 Y109.699 E.00438
G1 X110.531 Y109.894 E.00438
G1 X110.531 Y110.106 E.00438
G1 X110.45 Y110.301 E.00438
G1 X110.301 Y110.45 E.00438
G1 X110.106 Y110.531 E.00438
G1 X109.894 Y110.531 E.00438
G1 X109.699 Y110.45 E.00438
G1 X109.55 Y110.301 E.00438
G1 X109.469 Y110.106 E.00438
G1 X109.469 Y109.894 E.00438
G1 X109.55 Y109.699 E.00438
G1 X109.699 Y109.55 E.00438
G1 X109.894 Y109.469 E.00438
G1 X110.106 Y109.469 E.00438
G1 X110.149 Y109.487 E.00098
G1 X110.376 Y109.092 F9000
M204 P1000
;TYPE:Outer wall
;WIDTH:0.419999
G1 F600
G1 X110.695 Y109.305 E.00739
G1 X110.908 Y109.624 E.00739
G1 X110.983 Y110 E.00739
G1 X110.908 Y110.376 E.00739
G1 X110.695 Y110.695 E.00739
G1 X110.376 Y110.908 E.00739
G1 X110 Y110.983 E.00739
G1 X109.624 Y110.908 E.00739
G1 X109.305 Y110.695 E.00739
G1 X109.092 Y110.376 E.00739
G1 X109.017 Y110 E.00739
G1 X109.092 Y109.624 E.00739
G1 X109.305 Y109.305 E.00739
G1 X109.624 Y109.092 E.00739
G1 X110 Y109.017 E.00739
G1 X110.337 Y109.084 E.00662
G1 E-.84 F2400
;WIPE_START
G1 F3600
G1 X110.695 Y109.305 E-.15142
G1 X110.908 Y109.624 E-.13802
G1 X110.946 Y109.816 E-.07056
;WIPE_END
G1 Z12.96 F9000
G1 X110.162 Y110.032 Z12.96
G1 Z12.56
G1 E1.2 F1800
M204 P2500
;TYPE:Internal solid infill
;WIDTH:0.355193
G1 F600
G1 X110.137 Y109.908 E.00203
G1 X110.032 Y109.838 E.00203
G1 X109.908 Y109.863 E.00203
G1 X109.838 Y109.968 E.00203
G1 X109.863 Y110.092 E.00203
G1 X109.968 Y110.162 E.00203
G1 X110.092 Y110.137 E.00203
G1 X110.139 Y110.065 E.00139
; stop printing object JOYSTICK.stl id:15 copy 0
;LAYER_CHANGE
;Z:12.68
;HEIGHT:0.12
;BEFORE_LAYER_CHANGE
;12.68
G92 E0

G1 E-.98476 F2400
;WIPE_START
G1 F10800
G1 X110.092 Y110.137 E-.01913
G1 X109.968 Y110.162 E-.02802
G1 X109.863 Y110.092 E-.02802
G1 X109.838 Y109.968 E-.02802
G1 X109.908 Y109.863 E-.02802
G1 X110.032 Y109.838 E-.02802
G1 X110.137 Y109.908 E-.02802
G1 X110.162 Y110.032 E-.02802
;WIPE_END
;_SET_FAN_SPEED_CHANGING_LAYER
; printing object JOYSTICK.stl id:15 copy 0
G17
G3 Z13.08 I1.216 J.051 P1  F9000
G1 X110.184 Y109.501 Z13.08
G1 Z12.68
G1 E1.2 F1800
M204 P2000
;TYPE:Inner wall
;WIDTH:0.449999
G1 F600
G1 X110.301 Y109.55 E.00262
G1 X110.45 Y109.699 E.00438
G1 X110.531 Y109.894 E.00438
G1 X110.531 Y110.106 E.00438
G1 X110.45 Y110.301 E.00438
G1 X110.301 Y110.45 E.00438
G1 X110.106 Y110.531 E.00438
G1 X109.894 Y110.531 E.00438
G1 X109.699 Y110.45 E.00438
G1 X109.55 Y110.301 E.00438
G1 X109.469 Y110.106 E.00438
G1 X109.469 Y109.894 E.00438
G1 X109.55 Y109.699 E.00438
G1 X109.699 Y109.55 E.00438
G1 X109.894 Y109.469 E.00438
G1 X110.106 Y109.469 E.00438
G1 X110.147 Y109.486 E.00093
G1 X110.373 Y109.092 F9000
M204 P1000
;TYPE:Outer wall
;WIDTH:0.419999
G1 F600
G1 X110.376 Y109.092 E.00005
G1 X110.695 Y109.305 E.00739
G1 X110.908 Y109.624 E.00739
G1 X110.983 Y110 E.00739
G1 X110.908 Y110.376 E.00739
G1 X110.695 Y110.695 E.00739
G1 X110.376 Y110.908 E.00739
G1 X110 Y110.983 E.00739
G1 X109.624 Y110.908 E.00739
G1 X109.305 Y110.695 E.00739
G1 X109.092 Y110.376 E.00739
G1 X109.017 Y110 E.00739
G1 X109.092 Y109.624 E.00739
G1 X109.305 Y109.305 E.00739
G1 X109.624 Y109.092 E.00739
G1 X110 Y109.017 E.00739
G1 X110.334 Y109.084 E.00656
G1 E-.84 F2400
;WIPE_START
G1 F3600
G1 X110.376 Y109.092 E-.01541
G1 X110.695 Y109.305 E-.13802
G1 X110.908 Y109.624 E-.13802
G1 X110.945 Y109.811 E-.06856
;WIPE_END
G1 Z13.08 F9000
G1 X110.162 Y110.032 Z13.08
G1 Z12.68
G1 E1.2 F1800
M204 P2500
;TYPE:Internal solid infill
;WIDTH:0.355194
G1 F600
G1 X110.137 Y109.908 E.00203
G1 X110.032 Y109.838 E.00203
G1 X109.908 Y109.863 E.00203
G1 X109.838 Y109.968 E.00203
G1 X109.863 Y110.092 E.00203
G1 X109.968 Y110.162 E.00203
G1 X110.092 Y110.137 E.00203
G1 X110.139 Y110.065 E.00139
; stop printing object JOYSTICK.stl id:15 copy 0
;LAYER_CHANGE
;Z:12.8
;HEIGHT:0.12
;BEFORE_LAYER_CHANGE
;12.8
G92 E0

G1 E-.98476 F2400
;WIPE_START
G1 F10800
G1 X110.092 Y110.137 E-.01913
G1 X109.968 Y110.162 E-.02802
G1 X109.863 Y110.092 E-.02802
G1 X109.838 Y109.968 E-.02802
G1 X109.908 Y109.863 E-.02802
G1 X110.032 Y109.838 E-.02802
G1 X110.137 Y109.908 E-.02802
G1 X110.162 Y110.032 E-.02802
;WIPE_END
;_SET_FAN_SPEED_CHANGING_LAYER
; printing object JOYSTICK.stl id:15 copy 0
G17
G3 Z13.2 I1.216 J.046 P1  F9000
G1 X110.182 Y109.5 Z13.2
G1 Z12.8
G1 E1.2 F1800
M204 P2000
;TYPE:Inner wall
;WIDTH:0.449999
G1 F600
G1 X110.301 Y109.55 E.00267
G1 X110.45 Y109.699 E.00438
G1 X110.531 Y109.894 E.00438
G1 X110.531 Y110.106 E.00438
G1 X110.45 Y110.301 E.00438
G1 X110.301 Y110.45 E.00438
G1 X110.106 Y110.531 E.00438
G1 X109.894 Y110.531 E.00438
G1 X109.699 Y110.45 E.00438
G1 X109.55 Y110.301 E.00438
G1 X109.469 Y110.106 E.00438
G1 X109.469 Y109.894 E.00438
G1 X109.55 Y109.699 E.00438
G1 X109.699 Y109.55 E.00438
G1 X109.894 Y109.469 E.00438
G1 X110.106 Y109.469 E.00438
G1 X110.145 Y109.485 E.00088
G1 X110.37 Y109.091 F9000
M204 P1000
;TYPE:Outer wall
;WIDTH:0.419999
G1 F600
G1 X110.376 Y109.092 E.00012
G1 X110.695 Y109.305 E.00739
G1 X110.908 Y109.624 E.00739
G1 X110.983 Y110 E.00739
G1 X110.908 Y110.376 E.00739
G1 X110.695 Y110.695 E.00739
G1 X110.376 Y110.908 E.00739
G1 X110 Y110.983 E.00739
G1 X109.624 Y110.908 E.00739
G1 X109.305 Y110.695 E.00739
G1 X109.092 Y110.376 E.00739
G1 X109.017 Y110 E.00739
G1 X109.092 Y109.624 E.00739
G1 X109.305 Y109.305 E.00739
G1 X109.624 Y109.092 E.00739
G1 X110 Y109.017 E.00739
G1 X110.331 Y109.083 E.0065
G1 E-.84 F2400
;WIPE_START
G1 F3600
G1 X110.376 Y109.092 E-.01666
G1 X110.695 Y109.305 E-.13802
G1 X110.908 Y109.624 E-.13802
G1 X110.944 Y109.807 E-.06731
;WIPE_END
G1 Z13.2 F9000
G1 X110.162 Y110.032 Z13.2
G1 Z12.8
G1 E1.2 F1800
M204 P2500
;TYPE:Internal solid infill
;WIDTH:0.35519
G1 F600
G1 X110.137 Y109.908 E.00203
G1 X110.032 Y109.838 E.00203
G1 X109.908 Y109.863 E.00203
G1 X109.838 Y109.968 E.00203
G1 X109.863 Y110.092 E.00203
G1 X109.968 Y110.162 E.00203
G1 X110.092 Y110.137 E.00203
G1 X110.139 Y110.065 E.00139
; stop printing object JOYSTICK.stl id:15 copy 0
;LAYER_CHANGE
;Z:12.92
;HEIGHT:0.12
;BEFORE_LAYER_CHANGE
;12.92
G92 E0

G1 E-.98476 F2400
;WIPE_START
G1 F10800
G1 X110.092 Y110.137 E-.01913
G1 X109.968 Y110.162 E-.02802
G1 X109.863 Y110.092 E-.02801
G1 X109.838 Y109.968 E-.02802
G1 X109.908 Y109.863 E-.02802
G1 X110.032 Y109.838 E-.02802
G1 X110.137 Y109.908 E-.02802
G1 X110.162 Y110.032 E-.02802
;WIPE_END
;_SET_FAN_SPEED_CHANGING_LAYER
; printing object JOYSTICK.stl id:15 copy 0
G17
G3 Z13.32 I1.216 J.041 P1  F9000
G1 X110.18 Y109.499 Z13.32
G1 Z12.92
G1 E1.2 F1800
M204 P2000
;TYPE:Inner wall
;WIDTH:0.449999
G1 F600
G1 X110.301 Y109.55 E.00272
G1 X110.45 Y109.699 E.00438
G1 X110.531 Y109.894 E.00438
G1 X110.531 Y110.106 E.00438
G1 X110.45 Y110.301 E.00438
G1 X110.301 Y110.45 E.00438
G1 X110.106 Y110.531 E.00438
G1 X109.894 Y110.531 E.00438
G1 X109.699 Y110.45 E.00438
G1 X109.55 Y110.301 E.00438
G1 X109.469 Y110.106 E.00438
G1 X109.469 Y109.894 E.00438
G1 X109.55 Y109.699 E.00438
G1 X109.699 Y109.55 E.00438
G1 X109.894 Y109.469 E.00438
G1 X110.106 Y109.469 E.00438
G1 X110.143 Y109.484 E.00083
G1 X110.367 Y109.09 F9000
M204 P1000
;TYPE:Outer wall
;WIDTH:0.419999
G1 F600
G1 X110.376 Y109.092 E.00018
G1 X110.695 Y109.305 E.00739
G1 X110.908 Y109.624 E.00739
G1 X110.983 Y110 E.00739
G1 X110.908 Y110.376 E.00739
G1 X110.695 Y110.695 E.00739
G1 X110.376 Y110.908 E.00739
G1 X110 Y110.983 E.00739
G1 X109.624 Y110.908 E.00739
G1 X109.305 Y110.695 E.00739
G1 X109.092 Y110.376 E.00739
G1 X109.017 Y110 E.00739
G1 X109.092 Y109.624 E.00739
G1 X109.305 Y109.305 E.00739
G1 X109.624 Y109.092 E.00739
G1 X110 Y109.017 E.00739
G1 X110.327 Y109.083 E.00643
G1 E-.84 F2400
;WIPE_START
G1 F3600
G1 X110.376 Y109.092 E-.01784
G1 X110.695 Y109.305 E-.13802
G1 X110.908 Y109.624 E-.13802
G1 X110.944 Y109.804 E-.06612
;WIPE_END
G1 Z13.32 F9000
G1 X110.162 Y110.032 Z13.32
G1 Z12.92
G1 E1.2 F1800
M204 P2500
;TYPE:Internal solid infill
;WIDTH:0.35519
G1 F600
G1 X110.137 Y109.908 E.00203
G1 X110.032 Y109.838 E.00203
G1 X109.908 Y109.863 E.00203
G1 X109.838 Y109.968 E.00203
G1 X109.863 Y110.092 E.00203
G1 X109.968 Y110.162 E.00203
G1 X110.092 Y110.137 E.00203
G1 X110.139 Y110.065 E.00139
; stop printing object JOYSTICK.stl id:15 copy 0
;LAYER_CHANGE
;Z:13.04
;HEIGHT:0.12
;BEFORE_LAYER_CHANGE
;13.04
G92 E0

G1 E-.98476 F2400
;WIPE_START
G1 F10800
G1 X110.092 Y110.137 E-.01913
G1 X109.968 Y110.162 E-.02802
G1 X109.863 Y110.092 E-.02801
G1 X109.838 Y109.968 E-.02802
G1 X109.908 Y109.863 E-.02802
G1 X110.032 Y109.838 E-.02802
G1 X110.137 Y109.908 E-.02802
G1 X110.162 Y110.032 E-.02802
;WIPE_END
;_SET_FAN_SPEED_CHANGING_LAYER
; printing object JOYSTICK.stl id:15 copy 0
G17
G3 Z13.44 I1.216 J.036 P1  F9000
G1 X110.177 Y109.499 Z13.44
G1 Z13.04
G1 E1.2 F1800
M204 P2000
;TYPE:Inner wall
;WIDTH:0.449999
G1 F600
G1 X110.301 Y109.55 E.00277
G1 X110.45 Y109.699 E.00438
G1 X110.531 Y109.894 E.00438
G1 X110.531 Y110.106 E.00438
G1 X110.45 Y110.301 E.00438
G1 X110.301 Y110.45 E.00438
G1 X110.106 Y110.531 E.00438
G1 X109.894 Y110.531 E.00438
G1 X109.699 Y110.45 E.00438
G1 X109.55 Y110.301 E.00438
G1 X109.469 Y110.106 E.00438
G1 X109.469 Y109.894 E.00438
G1 X109.55 Y109.699 E.00438
G1 X109.699 Y109.55 E.00438
G1 X109.894 Y109.469 E.00438
G1 X110.106 Y109.469 E.00438
G1 X110.14 Y109.483 E.00078
G1 X110.364 Y109.09 F9000
M204 P1000
;TYPE:Outer wall
;WIDTH:0.419999
G1 F600
G1 X110.376 Y109.092 E.00024
G1 X110.695 Y109.305 E.00739
G1 X110.908 Y109.624 E.00739
G1 X110.983 Y110 E.00739
G1 X110.908 Y110.376 E.00739
G1 X110.695 Y110.695 E.00739
G1 X110.376 Y110.908 E.00739
G1 X110 Y110.983 E.00739
G1 X109.624 Y110.908 E.00739
G1 X109.305 Y110.695 E.00739
G1 X109.092 Y110.376 E.00739
G1 X109.017 Y110 E.00739
G1 X109.092 Y109.624 E.00739
G1 X109.305 Y109.305 E.00739
G1 X109.624 Y109.092 E.00739
G1 X110 Y109.017 E.00739
G1 X110.324 Y109.082 E.00637
G1 E-.84 F2400
;WIPE_START
G1 F3600
G1 X110.376 Y109.092 E-.01896
G1 X110.695 Y109.305 E-.13802
G1 X110.908 Y109.624 E-.13802
G1 X110.943 Y109.801 E-.065
;WIPE_END
G1 Z13.44 F9000
G1 X110.162 Y110.032 Z13.44
G1 Z13.04
G1 E1.2 F1800
M204 P2500
;TYPE:Internal solid infill
;WIDTH:0.355185
G1 F600
G1 X110.137 Y109.908 E.00203
G1 X110.032 Y109.838 E.00203
G1 X109.908 Y109.863 E.00203
G1 X109.838 Y109.968 E.00203
G1 X109.863 Y110.092 E.00203
G1 X109.968 Y110.162 E.00203
G1 X110.092 Y110.137 E.00203
G1 X110.139 Y110.065 E.00139
; stop printing object JOYSTICK.stl id:15 copy 0
;LAYER_CHANGE
;Z:13.16
;HEIGHT:0.12
;BEFORE_LAYER_CHANGE
;13.16
G92 E0

G1 E-.98476 F2400
;WIPE_START
G1 F10800
G1 X110.092 Y110.137 E-.01913
G1 X109.968 Y110.162 E-.02802
G1 X109.863 Y110.092 E-.02802
G1 X109.838 Y109.968 E-.02802
G1 X109.908 Y109.863 E-.02802
G1 X110.032 Y109.838 E-.02802
G1 X110.137 Y109.908 E-.02802
G1 X110.162 Y110.032 E-.02802
;WIPE_END
;_SET_FAN_SPEED_CHANGING_LAYER
; printing object JOYSTICK.stl id:15 copy 0
G17
G3 Z13.56 I1.217 J.031 P1  F9000
G1 X110.175 Y109.498 Z13.56
G1 Z13.16
G1 E1.2 F1800
M204 P2000
;TYPE:Inner wall
;WIDTH:0.449999
G1 F600
G1 X110.301 Y109.55 E.00282
G1 X110.45 Y109.699 E.00438
G1 X110.531 Y109.894 E.00438
G1 X110.531 Y110.106 E.00438
G1 X110.45 Y110.301 E.00438
G1 X110.301 Y110.45 E.00438
G1 X110.106 Y110.531 E.00438
G1 X109.894 Y110.531 E.00438
G1 X109.699 Y110.45 E.00438
G1 X109.55 Y110.301 E.00438
G1 X109.469 Y110.106 E.00438
G1 X109.469 Y109.894 E.00438
G1 X109.55 Y109.699 E.00438
G1 X109.699 Y109.55 E.00438
G1 X109.894 Y109.469 E.00438
G1 X110.106 Y109.469 E.00438
G1 X110.138 Y109.482 E.00073
G1 X110.361 Y109.089 F9000
M204 P1000
;TYPE:Outer wall
;WIDTH:0.419999
G1 F600
G1 X110.376 Y109.092 E.0003
G1 X110.695 Y109.305 E.00739
G1 X110.908 Y109.624 E.00739
G1 X110.983 Y110 E.00739
G1 X110.908 Y110.376 E.00739
G1 X110.695 Y110.695 E.00739
G1 X110.376 Y110.908 E.00739
G1 X110 Y110.983 E.00739
G1 X109.624 Y110.908 E.00739
G1 X109.305 Y110.695 E.00739
G1 X109.092 Y110.376 E.00739
G1 X109.017 Y110 E.00739
G1 X109.092 Y109.624 E.00739
G1 X109.305 Y109.305 E.00739
G1 X109.624 Y109.092 E.00739
G1 X110 Y109.017 E.00739
G1 X110.321 Y109.081 E.00632
G1 E-.84 F2400
;WIPE_START
G1 F3600
G1 X110.376 Y109.092 E-.02002
G1 X110.695 Y109.305 E-.13802
G1 X110.908 Y109.624 E-.13802
G1 X110.942 Y109.798 E-.06395
;WIPE_END
G1 Z13.56 F9000
G1 X110.162 Y110.032 Z13.56
G1 Z13.16
G1 E1.2 F1800
M204 P2500
;TYPE:Internal solid infill
;WIDTH:0.355185
G1 F600
G1 X110.137 Y109.908 E.00203
G1 X110.032 Y109.838 E.00203
G1 X109.908 Y109.863 E.00203
G1 X109.838 Y109.968 E.00203
G1 X109.863 Y110.092 E.00203
G1 X109.968 Y110.162 E.00203
G1 X110.092 Y110.137 E.00203
G1 X110.139 Y110.065 E.00139
; stop printing object JOYSTICK.stl id:15 copy 0
;LAYER_CHANGE
;Z:13.28
;HEIGHT:0.12
;BEFORE_LAYER_CHANGE
;13.28
G92 E0

G1 E-.98476 F2400
;WIPE_START
G1 F10800
G1 X110.092 Y110.137 E-.01913
G1 X109.968 Y110.162 E-.02802
G1 X109.863 Y110.092 E-.02802
G1 X109.838 Y109.968 E-.02802
G1 X109.908 Y109.863 E-.02802
G1 X110.032 Y109.838 E-.02802
G1 X110.137 Y109.908 E-.02802
G1 X110.162 Y110.032 E-.02802
;WIPE_END
;_SET_FAN_SPEED_CHANGING_LAYER
; printing object JOYSTICK.stl id:15 copy 0
G17
G3 Z13.68 I1.217 J.026 P1  F9000
G1 X110.173 Y109.497 Z13.68
G1 Z13.28
G1 E1.2 F1800
M204 P2000
;TYPE:Inner wall
;WIDTH:0.449999
G1 F600
G1 X110.301 Y109.55 E.00287
G1 X110.45 Y109.699 E.00438
G1 X110.531 Y109.894 E.00438
G1 X110.531 Y110.106 E.00438
G1 X110.45 Y110.301 E.00438
G1 X110.301 Y110.45 E.00438
G1 X110.106 Y110.531 E.00438
G1 X109.894 Y110.531 E.00438
G1 X109.699 Y110.45 E.00438
G1 X109.55 Y110.301 E.00438
G1 X109.469 Y110.106 E.00438
G1 X109.469 Y109.894 E.00438
G1 X109.55 Y109.699 E.00438
G1 X109.699 Y109.55 E.00438
G1 X109.894 Y109.469 E.00438
G1 X110.106 Y109.469 E.00438
G1 X110.136 Y109.481 E.00068
G1 X110.358 Y109.089 F9000
M204 P1000
;TYPE:Outer wall
;WIDTH:0.419999
G1 F600
G1 X110.376 Y109.092 E.00035
G1 X110.695 Y109.305 E.00739
G1 X110.908 Y109.624 E.00739
G1 X110.983 Y110 E.00739
G1 X110.908 Y110.376 E.00739
G1 X110.695 Y110.695 E.00739
G1 X110.376 Y110.908 E.00739
G1 X110 Y110.983 E.00739
G1 X109.624 Y110.908 E.00739
G1 X109.305 Y110.695 E.00739
G1 X109.092 Y110.376 E.00739
G1 X109.017 Y110 E.00739
G1 X109.092 Y109.624 E.00739
G1 X109.305 Y109.305 E.00739
G1 X109.624 Y109.092 E.00739
G1 X110 Y109.017 E.00739
G1 X110.319 Y109.081 E.00626
G1 E-.84 F2400
;WIPE_START
G1 F3600
G1 X110.376 Y109.092 E-.02102
G1 X110.695 Y109.305 E-.13802
G1 X110.908 Y109.624 E-.13802
G1 X110.942 Y109.795 E-.06295
;WIPE_END
G1 Z13.68 F9000
G1 X110.162 Y110.032 Z13.68
G1 Z13.28
G1 E1.2 F1800
M204 P2500
;TYPE:Internal solid infill
;WIDTH:0.355186
G1 F600
G1 X110.137 Y109.908 E.00203
G1 X110.032 Y109.838 E.00203
G1 X109.908 Y109.863 E.00203
G1 X109.838 Y109.968 E.00203
G1 X109.863 Y110.092 E.00203
G1 X109.968 Y110.162 E.00203
G1 X110.092 Y110.137 E.00203
G1 X110.139 Y110.065 E.00139
; stop printing object JOYSTICK.stl id:15 copy 0
;LAYER_CHANGE
;Z:13.4
;HEIGHT:0.12
;BEFORE_LAYER_CHANGE
;13.4
G92 E0

G1 E-.98476 F2400
;WIPE_START
G1 F10800
G1 X110.092 Y110.137 E-.01913
G1 X109.968 Y110.162 E-.02802
G1 X109.863 Y110.092 E-.02802
G1 X109.838 Y109.968 E-.02802
G1 X109.908 Y109.863 E-.02801
G1 X110.032 Y109.838 E-.02802
G1 X110.137 Y109.908 E-.02802
G1 X110.162 Y110.032 E-.02802
;WIPE_END
;_SET_FAN_SPEED_CHANGING_LAYER
; printing object JOYSTICK.stl id:15 copy 0
G17
G3 Z13.8 I1.217 J.021 P1  F9000
G1 X110.171 Y109.496 Z13.8
G1 Z13.4
G1 E1.2 F1800
M204 P2000
;TYPE:Inner wall
;WIDTH:0.449999
G1 F600
G1 X110.301 Y109.55 E.00292
G1 X110.45 Y109.699 E.00438
G1 X110.531 Y109.894 E.00438
G1 X110.531 Y110.106 E.00438
G1 X110.45 Y110.301 E.00438
G1 X110.301 Y110.45 E.00438
G1 X110.106 Y110.531 E.00438
G1 X109.894 Y110.531 E.00438
G1 X109.699 Y110.45 E.00438
G1 X109.55 Y110.301 E.00438
G1 X109.469 Y110.106 E.00438
G1 X109.469 Y109.894 E.00438
G1 X109.55 Y109.699 E.00438
G1 X109.699 Y109.55 E.00438
G1 X109.894 Y109.469 E.00438
G1 X110.106 Y109.469 E.00438
G1 X110.134 Y109.48 E.00063
G1 X110.355 Y109.088 F9000
M204 P1000
;TYPE:Outer wall
;WIDTH:0.419999
G1 F600
G1 X110.376 Y109.092 E.0004
G1 X110.695 Y109.305 E.00739
G1 X110.908 Y109.624 E.00739
G1 X110.983 Y110 E.00739
G1 X110.908 Y110.376 E.00739
G1 X110.695 Y110.695 E.00739
G1 X110.376 Y110.908 E.00739
G1 X110 Y110.983 E.00739
G1 X109.624 Y110.908 E.00739
G1 X109.305 Y110.695 E.00739
G1 X109.092 Y110.376 E.00739
G1 X109.017 Y110 E.00739
G1 X109.092 Y109.624 E.00739
G1 X109.305 Y109.305 E.00739
G1 X109.624 Y109.092 E.00739
G1 X110 Y109.017 E.00739
G1 X110.316 Y109.08 E.00621
G1 E-.84 F2400
;WIPE_START
G1 F3600
G1 X110.376 Y109.092 E-.02195
G1 X110.695 Y109.305 E-.13802
G1 X110.908 Y109.624 E-.13801
G1 X110.941 Y109.793 E-.06202
;WIPE_END
G1 Z13.8 F9000
G1 X110.162 Y109.968 Z13.8
G1 Z13.4
G1 E1.2 F1800
M204 P2500
;TYPE:Internal solid infill
;WIDTH:0.355192
G1 F600
G1 X110.092 Y109.863 E.00203
G1 X109.968 Y109.838 E.00203
G1 X109.863 Y109.908 E.00203
G1 X109.838 Y110.032 E.00203
G1 X109.908 Y110.137 E.00203
G1 X110.032 Y110.162 E.00203
G1 X110.137 Y110.092 E.00203
G1 X110.154 Y110.007 E.00139
; stop printing object JOYSTICK.stl id:15 copy 0
;LAYER_CHANGE
;Z:13.52
;HEIGHT:0.120001
;BEFORE_LAYER_CHANGE
;13.52
G92 E0

G1 E-.98476 F2400
;WIPE_START
G1 F10800
G1 X110.137 Y110.092 E-.01913
G1 X110.032 Y110.162 E-.02801
G1 X109.908 Y110.137 E-.02802
G1 X109.838 Y110.032 E-.02801
G1 X109.863 Y109.908 E-.02802
G1 X109.968 Y109.838 E-.02801
G1 X110.092 Y109.863 E-.02802
G1 X110.162 Y109.968 E-.02801
;WIPE_END
;_SET_FAN_SPEED_CHANGING_LAYER
; printing object JOYSTICK.stl id:15 copy 0
G17
G3 Z13.92 I1.217 J.027 P1  F9000
G1 X110.172 Y109.499 Z13.92
G1 Z13.52
G1 E1.2 F1800
M204 P2000
;TYPE:Inner wall
;WIDTH:0.449999
G1 F600
G1 X110.286 Y109.54 E.00252
G1 X110.45 Y109.699 E.00474
G1 X110.531 Y109.894 E.00438
G1 X110.51 Y110.211 E.00659
G1 X110.39 Y110.39 E.00447
G1 X110.211 Y110.51 E.00447
G1 X110 Y110.552 E.00447
G1 X109.789 Y110.51 E.00447
G1 X109.61 Y110.39 E.00447
G1 X109.49 Y110.211 E.00447
G1 X109.448 Y110 E.00447
G1 X109.49 Y109.789 E.00447
G1 X109.61 Y109.61 E.00447
G1 X109.785 Y109.492 E.00439
G1 X110.028 Y109.447 E.00513
G1 X110.134 Y109.485 E.00234
G1 X110.345 Y109.087 F9000
M204 P1000
;TYPE:Outer wall
;WIDTH:0.419999
G1 F600
G1 X110.374 Y109.091 E.00056
G1 X110.695 Y109.305 E.00743
G1 X110.908 Y109.624 E.00739
G1 X110.983 Y110 E.00739
G1 X110.908 Y110.376 E.00739
G1 X110.695 Y110.695 E.00739
G1 X110.376 Y110.908 E.00739
G1 X110 Y110.983 E.00739
G1 X109.624 Y110.908 E.00739
G1 X109.305 Y110.695 E.00739
G1 X109.092 Y110.376 E.00739
G1 X109.017 Y110 E.00739
G1 X109.092 Y109.624 E.00739
G1 X109.305 Y109.305 E.00739
G1 X109.632 Y109.087 E.00757
G1 X109.947 Y109.028 E.00618
G1 X110.306 Y109.081 E.007
G1 E-.84 F2400
;WIPE_START
G1 F3600
G1 X110.374 Y109.091 E-.02493
G1 X110.695 Y109.305 E-.13874
G1 X110.908 Y109.624 E-.13801
G1 X110.939 Y109.783 E-.05832
;WIPE_END
G1 Z13.92 F9000
G1 X110.163 Y110.031 Z13.92
G1 Z13.52
G1 E1.2 F1800
M204 P2500
;TYPE:Internal solid infill
;WIDTH:0.352617
G1 F600
G1 X110.135 Y109.904 E.00208
G1 X110.016 Y109.84 E.00217
G1 X109.88 Y109.88 E.00226
G1 X109.831 Y110 E.00207
G1 X109.88 Y110.12 E.00207
G1 X110 Y110.169 E.00207
G1 X110.12 Y110.12 E.00207
G1 X110.145 Y110.067 E.00093
; stop printing object JOYSTICK.stl id:15 copy 0
;LAYER_CHANGE
;Z:13.64
;HEIGHT:0.12
;BEFORE_LAYER_CHANGE
;13.64
G92 E0

G1 E-.98132 F2400
;WIPE_START
G1 F10800
G1 X110.12 Y110.12 E-.01299
G1 X110 Y110.169 E-.02879
G1 X109.88 Y110.12 E-.02879
G1 X109.831 Y110 E-.02879
G1 X109.88 Y109.88 E-.02879
G1 X110.016 Y109.84 E-.03143
G1 X110.135 Y109.904 E-.03014
G1 X110.163 Y110.031 E-.02896
;WIPE_END
;_SET_FAN_SPEED_CHANGING_LAYER
; printing object JOYSTICK.stl id:15 copy 0
G17
G3 Z14.04 I1.217 J.015 P1  F9000
G1 X110.17 Y109.498 Z14.04
G1 Z13.64
G1 E1.2 F1800
M204 P2000
;TYPE:Inner wall
;WIDTH:0.449999
G1 F600
G1 X110.287 Y109.541 E.00259
G1 X110.45 Y109.699 E.00472
G1 X110.531 Y109.894 E.00438
G1 X110.51 Y110.211 E.00659
G1 X110.39 Y110.39 E.00447
G1 X110.211 Y110.51 E.00447
G1 X110 Y110.552 E.00447
G1 X109.789 Y110.51 E.00447
G1 X109.61 Y110.39 E.00447
G1 X109.49 Y110.211 E.00447
G1 X109.448 Y110 E.00447
G1 X109.49 Y109.789 E.00447
G1 X109.61 Y109.61 E.00447
G1 X109.785 Y109.492 E.00438
G1 X110.025 Y109.447 E.00507
G1 X110.132 Y109.485 E.00235
G1 X110.342 Y109.086 F9000
M204 P1000
;TYPE:Outer wall
;WIDTH:0.419999
G1 F600
G1 X110.374 Y109.091 E.00063
G1 X110.695 Y109.305 E.00743
G1 X110.908 Y109.624 E.00739
G1 X110.983 Y110 E.00739
G1 X110.908 Y110.376 E.00739
G1 X110.695 Y110.695 E.00739
G1 X110.376 Y110.908 E.00739
G1 X110 Y110.983 E.00739
G1 X109.624 Y110.908 E.00739
G1 X109.305 Y110.695 E.00739
G1 X109.092 Y110.376 E.00739
G1 X109.017 Y110 E.00739
G1 X109.092 Y109.624 E.00739
G1 X109.305 Y109.305 E.00739
G1 X109.632 Y109.087 E.00757
G1 X109.944 Y109.028 E.00612
G1 X110.303 Y109.081 E.00699
G1 E-.84 F2400
;WIPE_START
G1 F3600
G1 X110.374 Y109.091 E-.02617
G1 X110.695 Y109.305 E-.13869
G1 X110.908 Y109.624 E-.13802
G1 X110.939 Y109.78 E-.05713
;WIPE_END
G1 Z14.04 F9000
G1 X110.162 Y109.966 Z14.04
G1 Z13.64
G1 E1.2 F1800
M204 P2500
;TYPE:Internal solid infill
;WIDTH:0.35254
G1 F600
G1 X110.066 Y109.844 E.00248
G1 X109.905 Y109.864 E.00259
G1 X109.831 Y110 E.00248
G1 X109.88 Y110.12 E.00207
G1 X110 Y110.169 E.00207
G1 X110.12 Y110.12 E.00207
G1 X110.167 Y110.005 E.00199
; stop printing object JOYSTICK.stl id:15 copy 0
;LAYER_CHANGE
;Z:13.76
;HEIGHT:0.12
;BEFORE_LAYER_CHANGE
;13.76
G92 E0

G1 E-.98096 F2400
;WIPE_START
G1 F10800
G1 X110.12 Y110.12 E-.02769
G1 X110 Y110.169 E-.02879
G1 X109.88 Y110.12 E-.02879
G1 X109.831 Y110 E-.0288
G1 X109.905 Y109.864 E-.03453
G1 X110.066 Y109.844 E-.03596
G1 X110.162 Y109.966 E-.03448
;WIPE_END
;_SET_FAN_SPEED_CHANGING_LAYER
; printing object JOYSTICK.stl id:15 copy 0
G17
G3 Z14.16 I1.217 J.012 P1  F9000
G1 X110.167 Y109.498 Z14.16
G1 Z13.76
G1 E1.2 F1800
M204 P2000
;TYPE:Inner wall
;WIDTH:0.449999
G1 F600
G1 X110.288 Y109.541 E.00266
G1 X110.45 Y109.699 E.00469
G1 X110.531 Y109.894 E.00438
G1 X110.51 Y110.211 E.00659
G1 X110.39 Y110.39 E.00447
G1 X110.211 Y110.51 E.00447
G1 X110 Y110.552 E.00447
G1 X109.789 Y110.51 E.00447
G1 X109.61 Y110.39 E.00447
G1 X109.49 Y110.211 E.00447
G1 X109.448 Y110 E.00447
G1 X109.49 Y109.789 E.00447
G1 X109.61 Y109.61 E.00447
G1 X109.785 Y109.493 E.00437
G1 X110.022 Y109.446 E.00502
G1 X110.13 Y109.485 E.00237
G1 X110.339 Y109.086 F9000
M204 P1000
;TYPE:Outer wall
;WIDTH:0.419999
G1 F600
G1 X110.375 Y109.091 E.00069
G1 X110.695 Y109.305 E.00742
G1 X110.908 Y109.624 E.00739
G1 X110.983 Y110 E.00739
G1 X110.908 Y110.376 E.00739
G1 X110.695 Y110.695 E.00739
G1 X110.376 Y110.908 E.00739
G1 X110 Y110.983 E.00739
G1 X109.624 Y110.908 E.00739
G1 X109.305 Y110.695 E.00739
G1 X109.092 Y110.376 E.00739
G1 X109.017 Y110 E.00739
G1 X109.092 Y109.624 E.00739
G1 X109.305 Y109.305 E.00739
G1 X109.632 Y109.087 E.00757
G1 X109.94 Y109.028 E.00606
G1 X110.3 Y109.08 E.007
G1 E-.84 F2400
;WIPE_START
G1 F3600
G1 X110.375 Y109.091 E-.02729
G1 X110.695 Y109.305 E-.13865
G1 X110.908 Y109.624 E-.13802
G1 X110.938 Y109.777 E-.05605
;WIPE_END
G1 Z14.16 F9000
G1 X110.166 Y110.028 Z14.16
G1 Z13.76
G1 E1.2 F1800
M204 P2500
;TYPE:Internal solid infill
;WIDTH:0.348683
G1 F600
G1 X110.128 Y109.889 E.00227
G1 X109.955 Y109.828 E.0029
G1 X109.842 Y109.934 E.00245
G1 X109.842 Y110.066 E.00207
G1 X109.934 Y110.158 E.00207
G1 X110.066 Y110.158 E.00207
G1 X110.157 Y110.067 E.00204
; stop printing object JOYSTICK.stl id:15 copy 0
;LAYER_CHANGE
;Z:13.88
;HEIGHT:0.12
;BEFORE_LAYER_CHANGE
;13.88
G92 E0

G1 E-.97778 F2400
;WIPE_START
G1 F10800
G1 X110.066 Y110.158 E-.02868
G1 X109.934 Y110.158 E-.02912
G1 X109.842 Y110.066 E-.02913
G1 X109.842 Y109.934 E-.02914
G1 X109.955 Y109.828 E-.03454
G1 X110.128 Y109.889 E-.04078
G1 X110.164 Y110.023 E-.03083
;WIPE_END
;_SET_FAN_SPEED_CHANGING_LAYER
; printing object JOYSTICK.stl id:15 copy 0
G17
G3 Z14.28 I1.217 J.002 P1  F9000
G1 X110.165 Y109.498 Z14.28
G1 Z13.88
G1 E1.2 F1800
M204 P2000
;TYPE:Inner wall
;WIDTH:0.449999
G1 F600
G1 X110.289 Y109.542 E.00273
G1 X110.45 Y109.699 E.00467
G1 X110.552 Y110 E.00659
G1 X110.51 Y110.211 E.00447
G1 X110.39 Y110.39 E.00447
G1 X110.211 Y110.51 E.00447
G1 X110 Y110.552 E.00447
G1 X109.789 Y110.51 E.00447
G1 X109.61 Y110.39 E.00447
G1 X109.49 Y110.211 E.00447
G1 X109.448 Y110 E.00447
G1 X109.49 Y109.789 E.00447
G1 X109.61 Y109.61 E.00447
G1 X109.784 Y109.493 E.00436
G1 X110.019 Y109.446 E.00497
G1 X110.127 Y109.485 E.00238
G1 X110.336 Y109.086 F9000
M204 P1000
;TYPE:Outer wall
;WIDTH:0.419999
G1 F600
G1 X110.375 Y109.091 E.00074
G1 X110.695 Y109.305 E.00742
G1 X110.908 Y109.624 E.00739
G1 X110.983 Y110 E.00739
G1 X110.908 Y110.376 E.00739
G1 X110.695 Y110.695 E.00739
G1 X110.376 Y110.908 E.00739
G1 X110 Y110.983 E.00739
G1 X109.624 Y110.908 E.00739
G1 X109.305 Y110.695 E.00739
G1 X109.092 Y110.376 E.00739
G1 X109.017 Y110 E.00739
G1 X109.092 Y109.624 E.00739
G1 X109.305 Y109.305 E.00739
G1 X109.632 Y109.087 E.00757
G1 X109.937 Y109.028 E.006
G1 X110.297 Y109.08 E.00701
G1 E-.84 F2400
;WIPE_START
G1 F3600
G1 X110.375 Y109.091 E-.02829
G1 X110.695 Y109.305 E-.13861
G1 X110.908 Y109.624 E-.13802
G1 X110.938 Y109.774 E-.05508
;WIPE_END
G1 Z14.28 F9000
G1 X110.166 Y110.028 Z14.28
G1 Z13.88
G1 E1.2 F1800
M204 P2500
;TYPE:Internal solid infill
;WIDTH:0.348403
G1 F600
G1 X110.128 Y109.889 E.00227
G1 X109.955 Y109.828 E.0029
G1 X109.842 Y109.934 E.00246
G1 X109.842 Y110.066 E.00207
G1 X109.934 Y110.158 E.00207
G1 X110.066 Y110.158 E.00207
G1 X110.157 Y110.067 E.00204
; stop printing object JOYSTICK.stl id:15 copy 0
;LAYER_CHANGE
;Z:14
;HEIGHT:0.12
;BEFORE_LAYER_CHANGE
;14
G92 E0

G1 E-.97778 F2400
;WIPE_START
G1 F10800
G1 X110.066 Y110.158 E-.02874
G1 X109.934 Y110.158 E-.02915
G1 X109.842 Y110.066 E-.02916
G1 X109.842 Y109.934 E-.02916
G1 X109.955 Y109.828 E-.03464
G1 X110.128 Y109.889 E-.04084
G1 X110.164 Y110.022 E-.03053
;WIPE_END
;_SET_FAN_SPEED_CHANGING_LAYER
; printing object JOYSTICK.stl id:15 copy 0
G17
G3 Z14.4 I1.217 J-.003 P1  F9000
G1 X110.163 Y109.498 Z14.4
G1 Z14
G1 E1.2 F1800
M204 P2000
;TYPE:Inner wall
;WIDTH:0.449999
G1 F600
G1 X110.29 Y109.542 E.00279
G1 X110.45 Y109.699 E.00465
G1 X110.531 Y109.894 E.00438
G1 X110.51 Y110.211 E.00659
G1 X110.39 Y110.39 E.00447
G1 X110.211 Y110.51 E.00447
G1 X110 Y110.552 E.00447
G1 X109.789 Y110.51 E.00447
G1 X109.61 Y110.39 E.00447
G1 X109.49 Y110.211 E.00447
G1 X109.448 Y110 E.00447
G1 X109.49 Y109.789 E.00447
G1 X109.61 Y109.61 E.00447
G1 X109.784 Y109.493 E.00434
G1 X110.016 Y109.446 E.00491
G1 X110.125 Y109.484 E.0024
G1 X110.334 Y109.086 F9000
M204 P1000
;TYPE:Outer wall
;WIDTH:0.419999
G1 F600
G1 X110.375 Y109.091 E.00079
G1 X110.695 Y109.305 E.00742
G1 X110.908 Y109.624 E.00739
G1 X110.983 Y110 E.00739
G1 X110.908 Y110.376 E.00739
G1 X110.695 Y110.695 E.00739
G1 X110.376 Y110.908 E.00739
G1 X110 Y110.983 E.00739
G1 X109.624 Y110.908 E.00739
G1 X109.305 Y110.695 E.00739
G1 X109.092 Y110.376 E.00739
G1 X109.017 Y110 E.00739
G1 X109.092 Y109.624 E.00739
G1 X109.305 Y109.305 E.00739
G1 X109.632 Y109.087 E.00757
G1 X109.934 Y109.028 E.00594
G1 X110.295 Y109.08 E.00702
G1 E-.84 F2400
;WIPE_START
G1 F3600
G1 X110.375 Y109.091 E-.02918
G1 X110.695 Y109.305 E-.13856
G1 X110.908 Y109.624 E-.13802
G1 X110.937 Y109.772 E-.05424
;WIPE_END
G1 Z14.4 F9000
G1 X110.166 Y110.028 Z14.4
G1 Z14
G1 E1.2 F1800
M204 P2500
;TYPE:Internal solid infill
;WIDTH:0.348125
G1 F600
G1 X110.129 Y109.89 E.00226
G1 X109.955 Y109.827 E.0029
G1 X109.841 Y109.934 E.00246
G1 X109.841 Y110.066 E.00207
G1 X109.934 Y110.158 E.00207
G1 X110.066 Y110.158 E.00207
G1 X110.157 Y110.067 E.00204
; stop printing object JOYSTICK.stl id:15 copy 0
;LAYER_CHANGE
;Z:14.12
;HEIGHT:0.12
;BEFORE_LAYER_CHANGE
;14.12
G92 E0

G1 E-.97778 F2400
;WIPE_START
G1 F10800
G1 X110.066 Y110.158 E-.02881
G1 X109.934 Y110.158 E-.02917
G1 X109.841 Y110.066 E-.02918
G1 X109.841 Y109.934 E-.02919
G1 X109.955 Y109.827 E-.03475
G1 X110.129 Y109.89 E-.0409
G1 X110.164 Y110.021 E-.03022
;WIPE_END
;_SET_FAN_SPEED_CHANGING_LAYER
; printing object JOYSTICK.stl id:15 copy 0
G17
G3 Z14.52 I1.217 J-.007 P1  F9000
G1 X110.161 Y109.497 Z14.52
G1 Z14.12
G1 E1.2 F1800
M204 P2000
;TYPE:Inner wall
;WIDTH:0.449999
G1 F600
G1 X110.291 Y109.543 E.00285
G1 X110.45 Y109.699 E.00463
G1 X110.531 Y109.894 E.00438
G1 X110.51 Y110.211 E.00659
G1 X110.39 Y110.39 E.00447
G1 X110.211 Y110.51 E.00447
G1 X110 Y110.552 E.00447
G1 X109.789 Y110.51 E.00447
G1 X109.61 Y110.39 E.00447
G1 X109.49 Y110.211 E.00447
G1 X109.448 Y110 E.00447
G1 X109.49 Y109.789 E.00447
G1 X109.61 Y109.61 E.00447
G1 X109.783 Y109.493 E.00433
G1 X110.013 Y109.446 E.00486
G1 X110.123 Y109.484 E.00243
G1 X110.332 Y109.085 F9000
M204 P1000
;TYPE:Outer wall
;WIDTH:0.419999
G1 F600
G1 X110.375 Y109.091 E.00083
G1 X110.695 Y109.305 E.00742
G1 X110.908 Y109.624 E.00739
G1 X110.983 Y110 E.00739
G1 X110.908 Y110.376 E.00739
G1 X110.695 Y110.695 E.00739
G1 X110.376 Y110.908 E.00739
G1 X110 Y110.983 E.00739
G1 X109.624 Y110.908 E.00739
G1 X109.305 Y110.695 E.00739
G1 X109.092 Y110.376 E.00739
G1 X109.017 Y110 E.00739
G1 X109.092 Y109.624 E.00739
G1 X109.305 Y109.305 E.00739
G1 X109.632 Y109.087 E.00757
G1 X109.931 Y109.027 E.00588
G1 X110.292 Y109.08 E.00704
G1 E-.84 F2400
;WIPE_START
G1 F3600
G1 X110.375 Y109.091 E-.02995
G1 X110.695 Y109.305 E-.13852
G1 X110.908 Y109.624 E-.13802
G1 X110.937 Y109.77 E-.05351
;WIPE_END
G1 Z14.52 F9000
G1 X110.166 Y110.028 Z14.52
G1 Z14.12
G1 E1.2 F1800
M204 P2500
;TYPE:Internal solid infill
;WIDTH:0.347853
G1 F600
G1 X110.129 Y109.89 E.00225
G1 X109.956 Y109.827 E.0029
G1 X109.841 Y109.934 E.00247
G1 X109.841 Y110.066 E.00207
G1 X109.934 Y110.159 E.00207
G1 X110.066 Y110.159 E.00207
G1 X110.145 Y110.061 E.00198
; stop printing object JOYSTICK.stl id:15 copy 0
;LAYER_CHANGE
;Z:14.24
;HEIGHT:0.12
;BEFORE_LAYER_CHANGE
;14.24
G92 E0

G1 E-.97778 F2400
;WIPE_START
G1 F10800
G1 X110.066 Y110.159 E-.02793
G1 X109.934 Y110.159 E-.0292
G1 X109.841 Y110.066 E-.0292
G1 X109.841 Y109.934 E-.02921
G1 X109.956 Y109.827 E-.03485
G1 X110.129 Y109.89 E-.04096
G1 X110.165 Y110.024 E-.03087
;WIPE_END
;_SET_FAN_SPEED_CHANGING_LAYER
; printing object JOYSTICK.stl id:15 copy 0
G17
G3 Z14.64 I1.216 J-.046 P1  F9000
G1 X110.145 Y109.487 Z14.64
G1 Z14.24
G1 E1.2 F1800
M204 P2000
;TYPE:Inner wall
;WIDTH:0.449999
G1 F600
G1 X110.291 Y109.543 E.00326
G1 X110.45 Y109.699 E.00461
G1 X110.552 Y110 E.00659
G1 X110.51 Y110.211 E.00447
G1 X110.39 Y110.39 E.00447
G1 X110.211 Y110.51 E.00447
G1 X110 Y110.552 E.00447
G1 X109.789 Y110.51 E.00447
G1 X109.61 Y110.39 E.00447
G1 X109.49 Y110.211 E.00447
G1 X109.448 Y110 E.00447
G1 X109.49 Y109.789 E.00447
G1 X109.61 Y109.61 E.00447
G1 X109.814 Y109.473 E.0051
G1 X110.065 Y109.457 E.00522
G1 X110.107 Y109.473 E.00093
G1 X110.33 Y109.085 F9000
M204 P1000
;TYPE:Outer wall
;WIDTH:0.419999
G1 F600
G1 X110.375 Y109.092 E.00087
G1 X110.695 Y109.305 E.00741
G1 X110.908 Y109.624 E.00739
G1 X110.983 Y110 E.00739
G1 X110.908 Y110.376 E.00739
G1 X110.695 Y110.695 E.00739
G1 X110.376 Y110.908 E.00739
G1 X110 Y110.983 E.00739
G1 X109.624 Y110.908 E.00739
G1 X109.305 Y110.695 E.00739
G1 X109.092 Y110.376 E.00739
G1 X109.017 Y110 E.00739
G1 X109.092 Y109.624 E.00739
G1 X109.305 Y109.305 E.00739
G1 X109.632 Y109.087 E.00757
G1 X109.927 Y109.027 E.00582
G1 X110.291 Y109.079 E.00707
G1 E-.84 F2400
;WIPE_START
G1 F3600
G1 X110.375 Y109.092 E-.03061
G1 X110.695 Y109.305 E-.13848
G1 X110.908 Y109.624 E-.13802
G1 X110.936 Y109.768 E-.05289
;WIPE_END
G1 Z14.64 F9000
G1 X110.166 Y110.028 Z14.64
G1 Z14.24
G1 E1.2 F1800
M204 P2500
;TYPE:Internal solid infill
;WIDTH:0.347583
G1 F600
G1 X110.129 Y109.89 E.00224
G1 X109.941 Y109.837 E.00308
G1 X109.841 Y109.934 E.0022
G1 X109.841 Y110.066 E.00207
G1 X109.934 Y110.159 E.00207
G1 X110.066 Y110.159 E.00207
G1 X110.145 Y110.061 E.00198
; stop printing object JOYSTICK.stl id:15 copy 0
;LAYER_CHANGE
;Z:14.36
;HEIGHT:0.12
;BEFORE_LAYER_CHANGE
;14.36
G92 E0

G1 E-.97815 F2400
;WIPE_START
G1 F10800
G1 X110.066 Y110.159 E-.02799
G1 X109.934 Y110.159 E-.02922
G1 X109.841 Y110.066 E-.02923
G1 X109.841 Y109.934 E-.02924
G1 X109.941 Y109.837 E-.03103
G1 X110.129 Y109.89 E-.04348
G1 X110.166 Y110.028 E-.03166
;WIPE_END
;_SET_FAN_SPEED_CHANGING_LAYER
; printing object JOYSTICK.stl id:15 copy 0
G17
G3 Z14.76 I1.212 J.114 P1  F9000
G1 X110.229 Y109.359 Z14.76
G1 Z14.36
G1 E1.2 F1800
M204 P2000
;TYPE:Inner wall
;WIDTH:0.449999
G1 F600
G1 X110.305 Y109.375 E.0016
G1 X110.533 Y109.554 E.00602
G1 X110.664 Y109.795 E.00569
G1 X110.692 Y110.066 E.00565
G1 X110.645 Y110.267 E.00428
G1 X110.494 Y110.494 E.00565
G1 X110.267 Y110.645 E.00565
G1 X110 Y110.698 E.00565
G1 X109.733 Y110.645 E.00565
G1 X109.506 Y110.494 E.00565
G1 X109.355 Y110.267 E.00565
G1 X109.302 Y110 E.00565
G1 X109.355 Y109.733 E.00565
G1 X109.506 Y109.506 E.00565
G1 X109.733 Y109.355 E.00565
G1 X110.064 Y109.324 E.0069
G1 X110.19 Y109.351 E.00267
G1 X110.308 Y108.935 F9000
M204 P1000
;TYPE:Outer wall
;WIDTH:0.419999
G1 F600
G1 X110.623 Y109.067 E.00658
G1 X110.933 Y109.377 E.00845
G1 X111.101 Y109.781 E.00843
G1 X111.101 Y110.219 E.00844
G1 X110.933 Y110.623 E.00843
G1 X110.623 Y110.933 E.00845
G1 X110.219 Y111.101 E.00843
G1 X109.781 Y111.101 E.00844
G1 X109.377 Y110.933 E.00843
G1 X109.067 Y110.623 E.00845
G1 X108.899 Y110.219 E.00843
G1 X108.899 Y109.781 E.00844
G1 X109.067 Y109.377 E.00843
G1 X109.377 Y109.067 E.00845
G1 X109.772 Y108.902 E.00825
G1 X110.228 Y108.902 E.00879
G1 X110.271 Y108.92 E.0009
G1 E-.84 F2400
;WIPE_START
G1 F2880
G1 X110.623 Y109.067 E-.13752
G1 X110.933 Y109.377 E-.15764
G1 X111.002 Y109.543 E-.06484
;WIPE_END
G1 Z14.76 F9000
G1 X109.759 Y109.958 Z14.76
G1 Z14.36
G1 E1.2 F1800
M204 P2500
;TYPE:Internal solid infill
;WIDTH:0.487686
G1 F600
G1 X109.77 Y110.095 E.00312
G1 X109.905 Y110.23 E.00431
G1 X110.095 Y110.23 E.00431
G1 X110.23 Y110.095 E.00431
G1 X110.208 Y109.872 E.00508
G1 X110.116 Y109.783 E.0029
G1 X109.848 Y109.808 E.00607
G1 X109.779 Y109.923 E.00304
; stop printing object JOYSTICK.stl id:15 copy 0
;LAYER_CHANGE
;Z:14.48
;HEIGHT:0.12
;BEFORE_LAYER_CHANGE
;14.48
G92 E0

G1 E-.97778 F2400
;WIPE_START
G1 F10800
G1 X109.848 Y109.808 E-.02987
G1 X110.116 Y109.783 E-.05976
G1 X110.208 Y109.872 E-.02853
G1 X110.23 Y110.095 E-.04999
G1 X110.095 Y110.23 E-.04242
G1 X110.043 Y110.23 E-.01166
;WIPE_END
;_SET_FAN_SPEED_CHANGING_LAYER
; printing object JOYSTICK.stl id:15 copy 0
G17
G3 Z14.88 I1.198 J.215 P1  F9000
G1 X110.227 Y109.206 Z14.88
G1 Z14.48
G1 E1.2 F1800
M204 P2000
;TYPE:Inner wall
;WIDTH:0.449999
G1 F600
G1 X110.397 Y109.258 E.00368
G1 X110.65 Y109.466 E.00681
G1 X110.805 Y109.756 E.00681
G1 X110.837 Y110.082 E.00681
G1 X110.742 Y110.397 E.00681
G1 X110.534 Y110.65 E.00681
G1 X110.244 Y110.805 E.00681
G1 X109.918 Y110.837 E.00681
G1 X109.603 Y110.742 E.00681
G1 X109.35 Y110.534 E.00681
G1 X109.195 Y110.244 E.00681
G1 X109.163 Y109.918 E.00681
G1 X109.258 Y109.603 E.00681
G1 X109.466 Y109.35 E.00681
G1 X109.756 Y109.195 E.00681
G1 X110.082 Y109.163 E.00681
G1 X110.189 Y109.195 E.0023
G1 X110.357 Y108.8 F9000
M204 P1000
;TYPE:Outer wall
;WIDTH:0.419999
G1 F600
G1 X110.705 Y108.944 E.00726
G1 X111.056 Y109.295 E.00957
G1 X111.245 Y109.752 E.00953
G1 X111.245 Y110.248 E.00956
G1 X111.056 Y110.705 E.00953
G1 X110.705 Y111.056 E.00957
G1 X110.248 Y111.245 E.00953
G1 X109.752 Y111.245 E.00956
G1 X109.295 Y111.056 E.00953
G1 X108.944 Y110.705 E.00957
G1 X108.755 Y110.248 E.00953
G1 X108.755 Y109.752 E.00956
G1 X108.944 Y109.295 E.00953
G1 X109.295 Y108.944 E.00957
G1 X109.752 Y108.755 E.00953
G1 X110.248 Y108.755 E.00956
G1 X110.32 Y108.785 E.0015
G1 E-.84 F2400
;WIPE_START
G1 F2640
G1 X110.705 Y108.944 E-.15017
G1 X111.056 Y109.295 E-.17835
G1 X111.089 Y109.375 E-.03148
;WIPE_END
G1 Z14.88 F9000
G1 X109.701 Y110.3 Z14.88
G1 Z14.48
G1 E1.2 F1800
M204 P2500
;TYPE:Internal solid infill
G1 F600
G1 X109.916 Y110.423 E.00477
G1 X110.163 Y110.391 E.0048
G1 X110.359 Y110.24 E.00476
G1 X110.423 Y109.997 E.00485
G1 X110.359 Y109.76 E.00472
G1 X110.244 Y109.646 E.00313
G1 X109.975 Y109.574 E.00537
G1 X109.76 Y109.641 E.00433
G1 X109.609 Y109.839 E.00481
G1 X109.577 Y110.084 E.00476
G1 X109.681 Y110.265 E.00403
; stop printing object JOYSTICK.stl id:15 copy 0
;LAYER_CHANGE
;Z:14.6
;HEIGHT:0.120001
;BEFORE_LAYER_CHANGE
;14.6
G92 E0

G1 E-.97778 F2400
;WIPE_START
G1 F10800
G1 X109.577 Y110.084 E-.04644
G1 X109.609 Y109.839 E-.05484
G1 X109.76 Y109.641 E-.05546
G1 X109.975 Y109.574 E-.04995
G1 X110.042 Y109.592 E-.01554
;WIPE_END
;_SET_FAN_SPEED_CHANGING_LAYER
; printing object JOYSTICK.stl id:15 copy 0
G17
G3 Z15 I1.137 J.435 P1  F9000
G1 X110.249 Y109.051 Z15
G1 Z14.6
G1 E1.2 F1800
M204 P2000
;TYPE:Inner wall
;WIDTH:0.449999
G1 F600
G1 X110.551 Y109.175 E.00677
G1 X110.825 Y109.449 E.00803
G1 X110.973 Y109.807 E.00803
G1 X110.973 Y110.193 E.00803
G1 X110.825 Y110.551 E.00803
G1 X110.551 Y110.825 E.00803
G1 X110.193 Y110.973 E.00803
G1 X109.807 Y110.973 E.00803
G1 X109.449 Y110.825 E.00803
G1 X109.175 Y110.551 E.00803
G1 X109.027 Y110.193 E.00803
G1 X109.027 Y109.807 E.00803
G1 X109.175 Y109.449 E.00803
G1 X109.449 Y109.175 E.00803
G1 X109.798 Y109.03 E.00784
G1 X110.193 Y109.027 E.0082
G1 X110.213 Y109.035 E.00043
G1 X110.404 Y108.659 F9000
M204 P1000
;TYPE:Outer wall
;WIDTH:0.419999
G1 F600
G1 X110.66 Y108.755 E.00527
G1 X111.001 Y108.999 E.00808
G1 X111.242 Y109.335 E.00797
G1 X111.389 Y109.724 E.00802
G1 X111.402 Y110.138 E.00798
G1 X111.308 Y110.542 E.008
G1 X111.089 Y110.894 E.00799
G1 X110.787 Y111.177 E.00798
G1 X110.409 Y111.348 E.008
G1 X110 Y111.416 E.00799
G1 X109.591 Y111.348 E.00799
G1 X109.213 Y111.177 E.008
G1 X108.911 Y110.894 E.00798
G1 X108.692 Y110.542 E.00799
G1 X108.598 Y110.139 E.00798
G1 X108.611 Y109.724 E.008
G1 X108.757 Y109.337 E.00797
G1 X108.999 Y108.999 E.00801
G1 X109.332 Y108.759 E.00791
G1 X109.721 Y108.612 E.00802
G1 X110.276 Y108.611 E.0107
G1 X110.367 Y108.645 E.00187
G1 E-.84 F2400
;WIPE_START
G1 F2700
G1 X110.66 Y108.755 E-.11269
G1 X111.001 Y108.999 E-.15103
G1 X111.157 Y109.216 E-.09628
;WIPE_END
G1 Z15 F9000
G1 X110.402 Y110.4 Z15
G1 Z14.6
G1 E1.2 F1800
M204 P2500
;TYPE:Internal solid infill
G1 F600
G1 X110.524 Y110.215 E.00427
G1 X110.567 Y109.997 E.00429
G1 X110.52 Y109.775 E.00437
G1 X110.407 Y109.606 E.00392
G1 X110.324 Y109.523 E.00225
G1 X110.062 Y109.429 E.00538
G1 X109.778 Y109.478 E.00555
G1 X109.598 Y109.601 E.0042
G1 X109.476 Y109.785 E.00425
G1 X109.433 Y110.001 E.00425
G1 X109.477 Y110.218 E.00426
G1 X109.6 Y110.401 E.00426
G1 X109.784 Y110.524 E.00426
G1 X110.001 Y110.567 E.00426
G1 X110.218 Y110.523 E.00426
G1 X110.368 Y110.422 E.0035
G1 X110.187 Y109.997 F9000
;WIDTH:0.39104
G1 F600
G1 X110.138 Y109.874 E.00235
G1 X109.963 Y109.813 E.00333
G1 X109.842 Y109.894 E.00261
G1 X109.813 Y110.037 E.0026
G1 X109.894 Y110.158 E.0026
G1 X110.037 Y110.187 E.0026
G1 X110.158 Y110.106 E.0026
G1 X110.177 Y110.035 E.0013
; stop printing object JOYSTICK.stl id:15 copy 0
;LAYER_CHANGE
;Z:14.72
;HEIGHT:0.12
;BEFORE_LAYER_CHANGE
;14.72
G92 E0

G1 E-.97778 F2400
;WIPE_START
G1 F10800
G1 X110.158 Y110.106 E-.01618
G1 X110.037 Y110.187 E-.03238
G1 X109.894 Y110.158 E-.03238
G1 X109.813 Y110.037 E-.03239
G1 X109.842 Y109.894 E-.03238
G1 X109.963 Y109.813 E-.03244
G1 X110.138 Y109.874 E-.0414
G1 X110.143 Y109.885 E-.00266
;WIPE_END
;_SET_FAN_SPEED_CHANGING_LAYER
; printing object JOYSTICK.stl id:15 copy 0
G17
G3 Z15.12 I1.196 J.223 P1  F9000
G1 X110.317 Y108.951 Z15.12
G1 Z14.72
G1 E1.2 F1800
M204 P2000
;TYPE:Inner wall
;WIDTH:0.449999
G1 F600
G1 X110.435 Y108.975 E.00249
G1 X110.788 Y109.212 E.00882
G1 X111.03 Y109.573 E.00902
G1 X111.115 Y110 E.00902
G1 X111.03 Y110.427 E.00902
G1 X110.788 Y110.788 E.00902
G1 X110.427 Y111.03 E.00902
G1 X110 Y111.115 E.00902
G1 X109.573 Y111.03 E.00902
G1 X109.212 Y110.788 E.00902
G1 X108.97 Y110.427 E.00902
G1 X108.885 Y110 E.00902
G1 X108.97 Y109.573 E.00902
G1 X109.212 Y109.212 E.00902
G1 X109.573 Y108.97 E.00902
G1 X110 Y108.885 E.00902
G1 X110.278 Y108.943 E.00589
G1 X110.394 Y108.531 F9000
M204 P1000
;TYPE:Outer wall
;WIDTH:0.419999
G1 F600
G1 X110.437 Y108.538 E.00084
G1 X110.855 Y108.721 E.0088
G1 X111.181 Y109.025 E.00859
G1 X111.422 Y109.411 E.00877
G1 X111.539 Y110 E.01158
G1 X111.466 Y110.444 E.00867
G1 X111.279 Y110.855 E.0087
G1 X110.972 Y111.183 E.00866
G1 X110.589 Y111.422 E.0087
G1 X110.15 Y111.524 E.00869
G1 X109.7 Y111.509 E.00868
G1 X109.278 Y111.351 E.00869
G1 X108.912 Y111.088 E.00869
G1 X108.65 Y110.722 E.00868
G1 X108.491 Y110.3 E.00869
G1 X108.476 Y109.85 E.00868
G1 X108.578 Y109.411 E.00869
G1 X108.816 Y109.029 E.00868
G1 X109.145 Y108.721 E.00869
G1 X109.553 Y108.535 E.00864
G1 X110 Y108.461 E.00873
G1 X110.355 Y108.524 E.00695
G1 E-.84 F2400
;WIPE_START
G1 F3180
G1 X110.437 Y108.538 E-.03005
G1 X110.855 Y108.721 E-.16406
G1 X111.181 Y109.025 E-.16054
G1 X111.189 Y109.038 E-.00534
;WIPE_END
G1 Z15.12 F9000
G1 X109.685 Y109.384 Z15.12
G1 Z14.72
G1 E1.2 F1800
M204 P2500
;TYPE:Internal solid infill
G1 F600
G1 X109.505 Y109.505 E.00418
G1 X109.353 Y109.732 E.00527
G1 X109.3 Y110 E.00527
G1 X109.353 Y110.268 E.00527
G1 X109.505 Y110.495 E.00527
G1 X109.732 Y110.647 E.00527
G1 X110 Y110.7 E.00527
G1 X110.268 Y110.647 E.00527
G1 X110.495 Y110.495 E.00527
G1 X110.647 Y110.268 E.00527
G1 X110.7 Y110 E.00527
G1 X110.647 Y109.732 E.00527
G1 X110.495 Y109.504 E.00528
G1 X110.276 Y109.357 E.00509
G1 X109.914 Y109.309 E.00704
G1 X109.723 Y109.372 E.00387
G1 X110.24 Y110.048 F9000
;WIDTH:0.515568
G1 F600
G1 X110.231 Y109.904 E.00344
G1 X110.096 Y109.769 E.00458
G1 X109.933 Y109.755 E.00391
G1 X109.796 Y109.864 E.00418
G1 X109.75 Y110 E.00344
G1 X109.823 Y110.177 E.00458
G1 X110 Y110.25 E.00458
G1 X110.177 Y110.177 E.00458
G1 X110.222 Y110.084 E.00248
; stop printing object JOYSTICK.stl id:15 copy 0
;LAYER_CHANGE
;Z:14.84
;HEIGHT:0.12
;BEFORE_LAYER_CHANGE
;14.84
G92 E0

G1 E-.97778 F2400
;WIPE_START
G1 F10800
G1 X110.177 Y110.177 E-.02303
G1 X110 Y110.25 E-.04247
G1 X109.823 Y110.177 E-.04247
G1 X109.75 Y110 E-.04247
G1 X109.796 Y109.864 E-.03192
G1 X109.933 Y109.755 E-.03882
G1 X109.938 Y109.756 E-.00104
;WIPE_END
;_SET_FAN_SPEED_CHANGING_LAYER
; printing object JOYSTICK.stl id:15 copy 0
G17
G3 Z15.24 I1.119 J.478 P1  F9000
G1 X110.326 Y108.847 Z15.24
G1 Z14.84
G1 E1.2 F1800
M204 P2000
;TYPE:Inner wall
;WIDTH:0.449999
G1 F600
G1 X110.674 Y108.991 E.00782
G1 X111.009 Y109.326 E.00982
G1 X111.19 Y109.763 E.00982
G1 X111.19 Y110.237 E.00982
G1 X111.009 Y110.674 E.00982
G1 X110.674 Y111.009 E.00982
G1 X110.237 Y111.19 E.00982
G1 X109.763 Y111.19 E.00982
G1 X109.326 Y111.009 E.00982
G1 X108.991 Y110.674 E.00982
G1 X108.81 Y110.237 E.00982
G1 X108.81 Y109.763 E.00982
G1 X108.991 Y109.326 E.00982
G1 X109.326 Y108.991 E.00982
G1 X109.763 Y108.81 E.00982
G1 X110.237 Y108.81 E.00982
G1 X110.289 Y108.832 E.00117
G1 X110.475 Y108.453 F9000
M204 P1000
;TYPE:Outer wall
;WIDTH:0.419999
G1 F600
G1 X110.768 Y108.563 E.00603
G1 X111.158 Y108.842 E.00924
G1 X111.437 Y109.232 E.00924
G1 X111.606 Y109.681 E.00924
G1 X111.606 Y110.319 E.01231
G1 X111.437 Y110.768 E.00924
G1 X111.158 Y111.158 E.00924
G1 X110.768 Y111.437 E.00924
G1 X110.319 Y111.606 E.00924
G1 X109.84 Y111.621 E.00924
G1 X109.373 Y111.513 E.00924
G1 X108.966 Y111.259 E.00924
G1 X108.639 Y110.91 E.00924
G1 X108.441 Y110.473 E.00924
G1 X108.363 Y110 E.00924
G1 X108.441 Y109.527 E.00924
G1 X108.639 Y109.09 E.00924
G1 X108.966 Y108.741 E.00924
G1 X109.373 Y108.487 E.00924
G1 X109.84 Y108.379 E.00924
G1 X110.319 Y108.394 E.00924
G1 X110.438 Y108.439 E.00244
G1 E-.84 F2400
;WIPE_START
G1 F3600
G1 X110.768 Y108.563 E-.12703
G1 X111.158 Y108.842 E-.17257
G1 X111.255 Y108.979 E-.0604
;WIPE_END
G1 Z15.24 F9000
G1 X109.201 Y110 Z15.24
G1 Z14.84
G1 E1.2 F1800
M204 P2500
;TYPE:Internal solid infill
G1 F600
G1 X109.262 Y110.306 E.00601
G1 X109.435 Y110.565 E.00601
G1 X109.694 Y110.738 E.00601
G1 X110 Y110.799 E.00601
G1 X110.306 Y110.738 E.00601
G1 X110.565 Y110.565 E.00601
G1 X110.738 Y110.306 E.00601
G1 X110.799 Y110 E.00601
G1 X110.738 Y109.694 E.00601
G1 X110.565 Y109.435 E.00601
G1 X110.306 Y109.262 E.00601
G1 X110 Y109.201 E.00601
G1 X109.694 Y109.262 E.00601
G1 X109.435 Y109.435 E.00601
G1 X109.262 Y109.694 E.00601
G1 X109.209 Y109.961 E.00524
G1 X109.618 Y110.076 F9000
G1 F600
G1 X109.719 Y110.281 E.0044
G1 X109.924 Y110.382 E.0044
G1 X110.152 Y110.367 E.0044
G1 X110.324 Y110.216 E.0044
G1 X110.382 Y110.076 E.00293
G1 X110.367 Y109.848 E.0044
G1 X110.216 Y109.676 E.0044
G1 X110 Y109.603 E.0044
G1 X109.784 Y109.676 E.0044
G1 X109.633 Y109.848 E.0044
G1 X109.621 Y110.036 E.00363
G1 X110.024 Y109.958 F9000
;WIDTH:0.410068
G1 F600
G1 X109.952 Y110 E.00156
G1 X110.028 Y110.035 E.00157
; stop printing object JOYSTICK.stl id:15 copy 0
;LAYER_CHANGE
;Z:14.96
;HEIGHT:0.12
;BEFORE_LAYER_CHANGE
;14.96
G92 E0

G1 E-1.16293 F2400
;WIPE_START
G1 F10800
G1 X109.952 Y110 E-.01858
G1 X110.024 Y109.958 E-.01849
;WIPE_END
;_SET_FAN_SPEED_CHANGING_LAYER
; printing object JOYSTICK.stl id:15 copy 0
G17
G3 Z15.36 I1.173 J.324 P1  F9000
G1 X110.358 Y108.752 Z15.36
G1 Z14.96
G1 E1.2 F1800
M204 P2000
;TYPE:Inner wall
;WIDTH:0.449999
G1 F600
G1 X110.61 Y108.846 E.00559
G1 X110.927 Y109.073 E.00808
G1 X111.151 Y109.384 E.00794
G1 X111.286 Y109.744 E.00799
G1 X111.299 Y110.127 E.00795
G1 X111.249 Y110.378 E.00531
G1 X111.09 Y110.729 E.00797
G1 X110.828 Y111.009 E.00796
G1 X110.502 Y111.212 E.00797
G1 X110.128 Y111.299 E.00796
G1 X109.744 Y111.286 E.00797
G1 X109.385 Y111.151 E.00796
G1 X109.073 Y110.927 E.00797
G1 X108.849 Y110.616 E.00796
G1 X108.714 Y110.256 E.00797
G1 X108.701 Y109.873 E.00795
G1 X108.788 Y109.498 E.00798
G1 X108.99 Y109.173 E.00793
G1 X109.271 Y108.91 E.008
G1 X109.736 Y108.716 E.01044
G1 X110.256 Y108.714 E.01078
G1 X110.32 Y108.738 E.00143
G1 X110.505 Y108.361 F9000
M204 P1000
;TYPE:Outer wall
;WIDTH:0.419999
G1 F600
G1 X110.817 Y108.478 E.00641
G1 X111.227 Y108.773 E.00974
G1 X111.524 Y109.186 E.00981
G1 X111.702 Y109.661 E.00978
G1 X111.719 Y110.169 E.00979
G1 X111.653 Y110.502 E.00654
G1 X111.443 Y110.964 E.00979
G1 X111.096 Y111.335 E.0098
G1 X110.664 Y111.604 E.00979
G1 X110.169 Y111.719 E.0098
G1 X109.661 Y111.702 E.00979
G1 X109.185 Y111.523 E.0098
G1 X108.773 Y111.227 E.00979
G1 X108.476 Y110.814 E.0098
G1 X108.298 Y110.339 E.00979
G1 X108.281 Y109.83 E.00981
G1 X108.396 Y109.336 E.00978
G1 X108.666 Y108.902 E.00984
G1 X109.036 Y108.557 E.00975
G1 X109.487 Y108.351 E.00956
G1 X109.838 Y108.286 E.00688
G1 X110.339 Y108.298 E.00966
G1 X110.468 Y108.346 E.00267
G1 E-.84 F2400
;WIPE_START
G1 F3600
G1 X110.817 Y108.478 E-.13414
G1 X111.227 Y108.773 E-.18197
G1 X111.298 Y108.872 E-.04389
;WIPE_END
G1 Z15.36 F9000
G1 X109.97 Y109.117 Z15.36
G1 Z14.96
G1 E1.2 F1800
M204 P2500
;TYPE:Internal solid infill
G1 F600
G1 X109.665 Y109.165 E.00596
G1 X109.365 Y109.365 E.00694
G1 X109.171 Y109.657 E.00675
G1 X109.103 Y110 E.00675
G1 X109.171 Y110.343 E.00675
G1 X109.365 Y110.635 E.00675
G1 X109.657 Y110.829 E.00675
G1 X110 Y110.897 E.00675
G1 X110.343 Y110.829 E.00675
G1 X110.635 Y110.635 E.00675
G1 X110.829 Y110.343 E.00675
G1 X110.897 Y110 E.00675
G1 X110.829 Y109.657 E.00675
G1 X110.635 Y109.365 E.00675
G1 X110.34 Y109.169 E.00683
G1 X110.01 Y109.122 E.00642
G1 X110.404 Y109.73 F9000
G1 F600
G1 X110.234 Y109.572 E.00446
G1 X110.065 Y109.508 E.0035
G1 X109.818 Y109.537 E.00479
G1 X109.65 Y109.65 E.0039
G1 X109.542 Y109.81 E.00373
G1 X109.505 Y110 E.00373
G1 X109.542 Y110.19 E.00373
G1 X109.65 Y110.35 E.00373
G1 X109.81 Y110.458 E.00373
G1 X110 Y110.495 E.00373
G1 X110.19 Y110.458 E.00373
G1 X110.35 Y110.35 E.00373
G1 X110.458 Y110.19 E.00373
G1 X110.495 Y110 E.00373
G1 X110.417 Y109.768 E.00472
; stop printing object JOYSTICK.stl id:15 copy 0
;LAYER_CHANGE
;Z:15.08
;HEIGHT:0.12
;BEFORE_LAYER_CHANGE
;15.08
G92 E0

G1 E-.97778 F2400
;WIPE_START
G1 F10800
G1 X110.495 Y110 E-.05444
G1 X110.458 Y110.19 E-.04295
G1 X110.35 Y110.35 E-.04295
G1 X110.19 Y110.458 E-.04295
G1 X110.018 Y110.492 E-.03892
;WIPE_END
;_SET_FAN_SPEED_CHANGING_LAYER
; printing object JOYSTICK.stl id:15 copy 0
G17
G3 Z15.48 I1.193 J.242 P1  F9000
G1 X110.384 Y108.684 Z15.48
G1 Z15.08
G1 E1.2 F1800
M204 P2000
;TYPE:Inner wall
;WIDTH:0.449999
G1 F600
G1 X110.665 Y108.782 E.00616
G1 X110.986 Y109.014 E.00823
G1 X111.223 Y109.344 E.00842
G1 X111.368 Y109.728 E.00851
G1 X111.381 Y110.135 E.00845
G1 X111.288 Y110.534 E.00848
G1 X111.073 Y110.88 E.00846
G1 X110.775 Y111.159 E.00848
G1 X110.403 Y111.328 E.00846
G1 X110 Y111.394 E.00848
G1 X109.597 Y111.328 E.00846
G1 X109.225 Y111.159 E.00847
G1 X108.927 Y110.881 E.00846
G1 X108.712 Y110.534 E.00847
G1 X108.619 Y110.136 E.00846
G1 X108.632 Y109.728 E.00848
G1 X108.776 Y109.346 E.00846
G1 X109.014 Y109.014 E.00848
G1 X109.344 Y108.777 E.00844
G1 X109.728 Y108.632 E.0085
G1 X110.223 Y108.628 E.01027
G1 X110.347 Y108.671 E.00271
G1 X110.537 Y108.286 F9000
M204 P1000
;TYPE:Outer wall
;WIDTH:0.419999
G1 F600
G1 X110.864 Y108.409 E.00672
G1 X111.286 Y108.714 E.01004
G1 X111.597 Y109.148 E.01029
G1 X111.784 Y109.645 E.01024
G1 X111.801 Y110.177 E.01025
G1 X111.732 Y110.526 E.00686
G1 X111.512 Y111.01 E.01025
G1 X111.148 Y111.399 E.01027
G1 X110.696 Y111.68 E.01026
G1 X110.177 Y111.801 E.01027
G1 X109.645 Y111.784 E.01026
G1 X109.147 Y111.596 E.01027
G1 X108.714 Y111.286 E.01026
G1 X108.404 Y110.853 E.01027
G1 X108.216 Y110.355 E.01026
G1 X108.199 Y109.822 E.01027
G1 X108.32 Y109.304 E.01025
G1 X108.602 Y108.851 E.01028
G1 X108.99 Y108.488 E.01024
G1 X109.48 Y108.267 E.01036
G1 X110 Y108.181 E.01016
G1 X110.437 Y108.249 E.00852
G1 X110.5 Y108.272 E.0013
G1 E-.84 F2400
;WIPE_START
G1 F3600
G1 X110.864 Y108.409 E-.13996
G1 X111.286 Y108.714 E-.1875
G1 X111.339 Y108.788 E-.03254
;WIPE_END
G1 Z15.48 F9000
G1 X110.182 Y110.036 Z15.48
G1 Z15.08
G1 E1.2 F1800
M204 P2500
;TYPE:Internal solid infill
;WIDTH:0.395108
G1 F600
G1 X110.152 Y109.893 E.00263
G1 X110.032 Y109.819 E.00255
G1 X109.896 Y109.846 E.00249
G1 X109.818 Y109.964 E.00256
G1 X109.846 Y110.103 E.00256
G1 X109.964 Y110.182 E.00256
G1 X110.103 Y110.154 E.00256
G1 X110.16 Y110.069 E.00184
G1 X110.109 Y109.445 F9000
;WIDTH:0.419999
G1 F600
G1 X109.887 Y109.444 E.00426
G1 X109.684 Y109.529 E.00424
G1 X109.528 Y109.685 E.00426
G1 X109.444 Y109.89 E.00426
G1 X109.444 Y110.111 E.00427
G1 X109.528 Y110.315 E.00427
G1 X109.685 Y110.472 E.00427
G1 X109.889 Y110.556 E.00427
G1 X110.111 Y110.556 E.00427
G1 X110.315 Y110.472 E.00427
G1 X110.472 Y110.315 E.00427
G1 X110.556 Y110.11 E.00427
G1 X110.556 Y109.889 E.00427
G1 X110.469 Y109.681 E.00434
G1 X110.318 Y109.53 E.00412
G1 X110.146 Y109.46 E.00359
G1 X110.384 Y109.099 F9000
G1 F600
G1 X109.999 Y109.02 E.00756
G1 X109.625 Y109.094 E.00736
G1 X109.307 Y109.307 E.00737
G1 X109.094 Y109.625 E.00737
G1 X109.02 Y110 E.00737
G1 X109.094 Y110.375 E.00737
G1 X109.307 Y110.693 E.00737
G1 X109.625 Y110.906 E.00737
G1 X110 Y110.98 E.00737
G1 X110.375 Y110.906 E.00737
G1 X110.693 Y110.693 E.00737
G1 X110.906 Y110.375 E.00737
G1 X110.98 Y110 E.00737
G1 X110.906 Y109.625 E.00737
G1 X110.693 Y109.307 E.00738
G1 X110.417 Y109.121 E.00641
; stop printing object JOYSTICK.stl id:15 copy 0
;LAYER_CHANGE
;Z:15.2
;HEIGHT:0.12
;BEFORE_LAYER_CHANGE
;15.2
G92 E0

G1 E-.97778 F2400
;WIPE_START
G1 F10800
G1 X110.693 Y109.307 E-.07395
G1 X110.906 Y109.625 E-.08505
G1 X110.961 Y109.904 E-.06322
;WIPE_END
;_SET_FAN_SPEED_CHANGING_LAYER
; printing object JOYSTICK.stl id:15 copy 0
G17
G3 Z15.6 I1.117 J-.483 P1  F9000
G1 X110.403 Y108.614 Z15.6
G1 Z15.2
G1 E1.2 F1800
M204 P2000
;TYPE:Inner wall
;WIDTH:0.449999
G1 F600
G1 X110.684 Y108.72 E.00623
G1 X111.031 Y108.969 E.00886
G1 X111.28 Y109.316 E.00886
G1 X111.431 Y109.715 E.00886
G1 X111.431 Y110.285 E.0118
G1 X111.28 Y110.684 E.00886
G1 X111.031 Y111.031 E.00886
G1 X110.684 Y111.28 E.00886
G1 X110.285 Y111.431 E.00886
G1 X109.858 Y111.445 E.00886
G1 X109.442 Y111.348 E.00886
G1 X109.079 Y111.122 E.00886
G1 X108.787 Y110.81 E.00886
G1 X108.611 Y110.421 E.00886
G1 X108.541 Y110 E.00886
G1 X108.611 Y109.579 E.00886
G1 X108.787 Y109.19 E.00886
G1 X109.079 Y108.878 E.00886
G1 X109.442 Y108.652 E.00886
G1 X109.858 Y108.555 E.00886
G1 X110.285 Y108.569 E.00886
G1 X110.366 Y108.6 E.00179
G1 X110.55 Y108.222 F9000
M204 P1000
;TYPE:Outer wall
;WIDTH:0.419999
G1 F600
G1 X110.883 Y108.348 E.00686
G1 X111.331 Y108.669 E.01063
G1 X111.652 Y109.117 E.01063
G1 X111.847 Y109.633 E.01063
G1 X111.847 Y110.367 E.01416
G1 X111.652 Y110.883 E.01063
G1 X111.331 Y111.331 E.01063
G1 X110.883 Y111.652 E.01063
G1 X110.367 Y111.847 E.01063
G1 X109.816 Y111.865 E.01063
G1 X109.279 Y111.739 E.01063
G1 X108.811 Y111.448 E.01063
G1 X108.435 Y111.046 E.01063
G1 X108.207 Y110.544 E.01063
G1 X108.117 Y110 E.01063
G1 X108.207 Y109.456 E.01063
G1 X108.435 Y108.954 E.01063
G1 X108.811 Y108.552 E.01063
G1 X109.279 Y108.261 E.01063
G1 X109.816 Y108.135 E.01063
G1 X110.367 Y108.153 E.01063
G1 X110.513 Y108.208 E.003
G1 E-.84 F2400
;WIPE_START
G1 F3600
G1 X110.883 Y108.348 E-.14245
G1 X111.331 Y108.669 E-.19845
G1 X111.362 Y108.712 E-.01909
;WIPE_END
G1 Z15.6 F9000
G1 X110 Y111.044 Z15.6
G1 Z15.2
G1 E1.2 F1800
M204 P2500
;TYPE:Internal solid infill
G1 F600
G1 X110.4 Y110.965 E.00786
G1 X110.739 Y110.739 E.00786
G1 X110.965 Y110.4 E.00786
G1 X111.044 Y110 E.00786
G1 X110.965 Y109.6 E.00786
G1 X110.739 Y109.261 E.00786
G1 X110.4 Y109.035 E.00786
G1 X110 Y108.956 E.00786
G1 X109.6 Y109.035 E.00786
G1 X109.261 Y109.261 E.00786
G1 X109.035 Y109.6 E.00786
G1 X108.956 Y110 E.00786
G1 X109.035 Y110.4 E.00786
G1 X109.261 Y110.739 E.00786
G1 X109.6 Y110.965 E.00786
G1 X109.961 Y111.037 E.00708
G1 X109.796 Y109.916 F9000
;WIDTH:0.458768
G1 F600
G1 X109.796 Y110.084 E.00358
G1 X109.916 Y110.204 E.00358
G1 X110.084 Y110.204 E.00358
G1 X110.204 Y110.084 E.00358
G1 X110.204 Y109.916 E.00358
G1 X110.084 Y109.796 E.00358
G1 X109.916 Y109.796 E.00358
G1 X109.824 Y109.887 E.00273
G1 X109.877 Y109.382 F9000
;WIDTH:0.419999
G1 F600
G1 X109.65 Y109.476 E.00474
G1 X109.476 Y109.65 E.00474
G1 X109.382 Y109.877 E.00474
G1 X109.382 Y110.123 E.00474
G1 X109.476 Y110.35 E.00474
G1 X109.65 Y110.524 E.00474
G1 X109.877 Y110.618 E.00474
G1 X110.123 Y110.618 E.00474
G1 X110.35 Y110.524 E.00474
G1 X110.524 Y110.35 E.00474
G1 X110.618 Y110.123 E.00474
G1 X110.618 Y109.877 E.00474
G1 X110.524 Y109.65 E.00474
G1 X110.35 Y109.476 E.00474
G1 X110.123 Y109.382 E.00474
G1 X109.917 Y109.382 E.00397
; stop printing object JOYSTICK.stl id:15 copy 0
;LAYER_CHANGE
;Z:15.32
;HEIGHT:0.12
;BEFORE_LAYER_CHANGE
;15.32
G92 E0

G1 E-.97778 F2400
;WIPE_START
G1 F10800
G1 X110.123 Y109.382 E-.04575
G1 X110.35 Y109.476 E-.05464
G1 X110.524 Y109.65 E-.05463
G1 X110.618 Y109.877 E-.05464
G1 X110.618 Y109.934 E-.01256
;WIPE_END
;_SET_FAN_SPEED_CHANGING_LAYER
; printing object JOYSTICK.stl id:15 copy 0
G17
G3 Z15.72 I1.205 J-.171 P1  F9000
G1 X110.422 Y108.554 Z15.72
G1 Z15.32
G1 E1.2 F1800
M204 P2000
;TYPE:Inner wall
;WIDTH:0.449999
G1 F600
G1 X110.714 Y108.664 E.00647
G1 X111.077 Y108.923 E.00925
G1 X111.336 Y109.286 E.00925
G1 X111.493 Y109.703 E.00925
G1 X111.493 Y110.297 E.01232
G1 X111.336 Y110.714 E.00925
G1 X111.077 Y111.077 E.00925
G1 X110.714 Y111.336 E.00925
G1 X110.297 Y111.493 E.00925
G1 X109.851 Y111.508 E.00925
G1 X109.417 Y111.407 E.00925
G1 X109.039 Y111.171 E.00925
G1 X108.734 Y110.846 E.00925
G1 X108.55 Y110.44 E.00925
G1 X108.477 Y110 E.00925
G1 X108.55 Y109.56 E.00925
G1 X108.734 Y109.154 E.00925
G1 X109.039 Y108.829 E.00925
G1 X109.417 Y108.593 E.00925
G1 X109.851 Y108.492 E.00925
G1 X110.297 Y108.507 E.00925
G1 X110.385 Y108.54 E.00194
G1 X110.57 Y108.162 F9000
M204 P1000
;TYPE:Outer wall
;WIDTH:0.419999
G1 F600
G1 X110.913 Y108.291 E.00708
G1 X111.377 Y108.623 E.01099
G1 X111.709 Y109.087 E.01099
G1 X111.909 Y109.62 E.01099
G1 X111.909 Y110.38 E.01464
G1 X111.709 Y110.913 E.01099
G1 X111.377 Y111.377 E.01099
G1 X110.913 Y111.709 E.01099
G1 X110.38 Y111.909 E.01099
G1 X109.81 Y111.928 E.01099
G1 X109.255 Y111.799 E.01099
G1 X108.771 Y111.498 E.01099
G1 X108.381 Y111.082 E.01099
G1 X108.146 Y110.562 E.01099
G1 X108.053 Y110 E.01099
G1 X108.146 Y109.438 E.01099
G1 X108.381 Y108.918 E.01099
G1 X108.771 Y108.502 E.01099
G1 X109.255 Y108.201 E.01099
G1 X109.81 Y108.072 E.01099
G1 X110.38 Y108.091 E.01099
G1 X110.532 Y108.148 E.00314
G1 E-.84 F2400
;WIPE_START
G1 F3600
G1 X110.913 Y108.291 E-.14663
G1 X111.377 Y108.623 E-.20521
G1 X111.39 Y108.642 E-.00816
;WIPE_END
G1 Z15.72 F9000
G1 X110.708 Y110.07 Z15.72
G1 Z15.32
G1 E1.2 F1800
M204 P2500
;TYPE:Internal solid infill
G1 F600
G1 X110.681 Y109.793 E.00535
G1 X110.55 Y109.548 E.00535
G1 X110.336 Y109.372 E.00535
G1 X110.07 Y109.292 E.00535
G1 X109.793 Y109.319 E.00535
G1 X109.548 Y109.45 E.00535
G1 X109.372 Y109.664 E.00535
G1 X109.292 Y109.93 E.00535
G1 X109.319 Y110.207 E.00535
G1 X109.45 Y110.452 E.00535
G1 X109.664 Y110.628 E.00535
G1 X109.93 Y110.708 E.00535
G1 X110.207 Y110.681 E.00535
G1 X110.452 Y110.55 E.00535
G1 X110.628 Y110.336 E.00535
G1 X110.697 Y110.108 E.00458
G1 X109.856 Y109.785 F9000
;WIDTH:0.540532
G1 F600
G1 X109.746 Y109.95 E.00498
G1 X109.785 Y110.144 E.00498
G1 X109.95 Y110.254 E.00498
G1 X110.144 Y110.215 E.00498
G1 X110.254 Y110.05 E.00498
G1 X110.215 Y109.856 E.00498
G1 X110.05 Y109.746 E.00498
G1 X109.896 Y109.777 E.00398
G1 X109.382 Y109.076 F9000
;WIDTH:0.419999
G1 F600
G1 X109.076 Y109.382 E.00836
G1 X108.91 Y109.783 E.00836
G1 X108.91 Y110.217 E.00836
G1 X109.076 Y110.618 E.00836
G1 X109.382 Y110.924 E.00836
G1 X109.783 Y111.09 E.00836
G1 X110.217 Y111.09 E.00836
G1 X110.618 Y110.924 E.00836
G1 X110.924 Y110.618 E.00836
G1 X111.09 Y110.217 E.00836
G1 X111.09 Y109.783 E.00836
G1 X110.924 Y109.382 E.00836
G1 X110.618 Y109.076 E.00836
G1 X110.217 Y108.91 E.00836
G1 X109.783 Y108.91 E.00836
G1 X109.419 Y109.061 E.00759
; stop printing object JOYSTICK.stl id:15 copy 0
;LAYER_CHANGE
;Z:15.44
;HEIGHT:0.12
;BEFORE_LAYER_CHANGE
;15.44
G92 E0

G1 E-.97778 F2400
;WIPE_START
G1 F10800
G1 X109.783 Y108.91 E-.08748
G1 X110.217 Y108.91 E-.09638
G1 X110.376 Y108.976 E-.03836
;WIPE_END
;_SET_FAN_SPEED_CHANGING_LAYER
; printing object JOYSTICK.stl id:15 copy 0
G17
G3 Z15.84 I1.204 J.18 P1  F9000
G1 X110.448 Y108.496 Z15.84
G1 Z15.44
G1 E1.2 F1800
M204 P2000
;TYPE:Inner wall
;WIDTH:0.449999
G1 F608
G1 X110.744 Y108.607 E.00656
G1 X111.122 Y108.878 E.00964
G1 X111.393 Y109.256 E.00964
G1 X111.556 Y109.69 E.00964
G1 X111.556 Y110.31 E.01284
G1 X111.393 Y110.744 E.00964
G1 X111.122 Y111.122 E.00964
G1 X110.744 Y111.393 E.00964
G1 X110.31 Y111.556 E.00964
G1 X109.845 Y111.572 E.00964
G1 X109.393 Y111.466 E.00964
G1 X108.998 Y111.221 E.00964
G1 X108.681 Y110.882 E.00964
G1 X108.489 Y110.458 E.00964
G1 X108.413 Y110 E.00964
G1 X108.489 Y109.542 E.00964
G1 X108.681 Y109.118 E.00964
G1 X108.998 Y108.779 E.00964
G1 X109.393 Y108.534 E.00964
G1 X109.845 Y108.429 E.00964
G1 X110.31 Y108.444 E.00964
G1 X110.411 Y108.482 E.00224
G1 X110.495 Y108.068 F9000
M204 P1000
;TYPE:Outer wall
;WIDTH:0.419999
G1 F608
G1 X110.581 Y108.085 E.00168
G1 X110.943 Y108.235 E.00757
G1 X111.27 Y108.453 E.00756
G1 X111.547 Y108.73 E.00756
G1 X111.765 Y109.057 E.00756
G1 X111.915 Y109.419 E.00756
G1 X111.992 Y109.804 E.00756
G1 X111.992 Y110.196 E.00756
G1 X111.915 Y110.581 E.00756
G1 X111.765 Y110.943 E.00756
G1 X111.547 Y111.27 E.00756
G1 X111.27 Y111.547 E.00756
G1 X110.943 Y111.765 E.00756
G1 X110.581 Y111.915 E.00756
G1 X110.196 Y111.992 E.00756
G1 X109.804 Y111.992 E.00756
G1 X109.419 Y111.915 E.00756
G1 X109.057 Y111.765 E.00756
G1 X108.73 Y111.547 E.00756
G1 X108.453 Y111.27 E.00756
G1 X108.235 Y110.943 E.00756
G1 X108.085 Y110.581 E.00756
G1 X108.008 Y110.196 E.00756
G1 X108.008 Y109.804 E.00756
G1 X108.085 Y109.419 E.00756
G1 X108.235 Y109.057 E.00756
G1 X108.453 Y108.73 E.00756
G1 X108.73 Y108.453 E.00756
G1 X109.056 Y108.235 E.00756
G1 X109.419 Y108.085 E.00756
G1 X109.804 Y108.008 E.00758
G1 X110.197 Y108.008 E.00757
G1 X110.456 Y108.06 E.00509
G1 E-.84 F2400
;WIPE_START
G1 F3600
G1 X110.581 Y108.085 E-.04586
G1 X110.943 Y108.235 E-.14134
G1 X111.27 Y108.453 E-.14126
G1 X111.332 Y108.515 E-.03154
;WIPE_END
G1 Z15.84 F9000
G1 X109.4 Y110.492 Z15.84
G1 Z15.44
G1 E1.2 F1800
M204 P2500
;TYPE:Internal solid infill
G1 F608
G1 X109.634 Y110.684 E.00583
G1 X109.924 Y110.772 E.00583
G1 X110.225 Y110.742 E.00583
G1 X110.492 Y110.6 E.00583
G1 X110.684 Y110.366 E.00583
G1 X110.772 Y110.076 E.00583
G1 X110.742 Y109.775 E.00583
G1 X110.6 Y109.508 E.00583
G1 X110.366 Y109.316 E.00584
G1 X110.076 Y109.228 E.00582
G1 X109.774 Y109.258 E.00585
G1 X109.508 Y109.4 E.00583
G1 X109.316 Y109.634 E.00583
G1 X109.228 Y109.924 E.00583
G1 X109.258 Y110.225 E.00583
G1 X109.381 Y110.457 E.00506
G1 X109.962 Y109.621 F9000
G1 F608
G1 X109.758 Y109.705 E.00425
G1 X109.635 Y109.889 E.00427
G1 X109.635 Y110.111 E.00427
G1 X109.758 Y110.295 E.00427
G1 X109.963 Y110.38 E.00427
G1 X110.18 Y110.336 E.00427
G1 X110.336 Y110.18 E.00427
G1 X110.38 Y110.037 E.00287
G1 X110.336 Y109.82 E.00427
G1 X110.18 Y109.663 E.00427
G1 X110.001 Y109.628 E.00351
G1 X109.77 Y108.847 F9000
G1 F608
G1 X109.347 Y109.022 E.00883
G1 X109.022 Y109.347 E.00884
G1 X108.847 Y109.771 E.00884
G1 X108.847 Y110.229 E.00884
G1 X109.022 Y110.653 E.00884
G1 X109.347 Y110.978 E.00884
G1 X109.771 Y111.153 E.00884
G1 X110.229 Y111.153 E.00884
G1 X110.653 Y110.978 E.00884
G1 X110.978 Y110.653 E.00884
G1 X111.153 Y110.229 E.00884
G1 X111.153 Y109.771 E.00884
G1 X110.978 Y109.347 E.00884
G1 X110.653 Y109.022 E.00884
G1 X110.229 Y108.847 E.00884
G1 X109.81 Y108.847 E.00808
; stop printing object JOYSTICK.stl id:15 copy 0
;LAYER_CHANGE
;Z:15.56
;HEIGHT:0.120001
;BEFORE_LAYER_CHANGE
;15.56
G92 E0

G1 E-.97778 F2400
;WIPE_START
G1 F10800
G1 X110.229 Y108.847 E-.09313
G1 X110.653 Y109.022 E-.10194
G1 X110.74 Y109.109 E-.02716
;WIPE_END
;_SET_FAN_SPEED_CHANGING_LAYER
; printing object JOYSTICK.stl id:15 copy 0
G17
G3 Z15.96 I1.116 J-.484 P1  F9000
G1 X110.459 Y108.461 Z15.96
G1 Z15.56
G1 E1.2 F1800
M204 P2000
;TYPE:Inner wall
;WIDTH:0.449999
G1 F626
G1 X110.762 Y108.575 E.00672
G1 X111.148 Y108.852 E.00986
G1 X111.425 Y109.238 E.00986
G1 X111.592 Y109.683 E.00986
G1 X111.592 Y110.317 E.01314
G1 X111.425 Y110.762 E.00986
G1 X111.148 Y111.148 E.00986
G1 X110.762 Y111.425 E.00986
G1 X110.317 Y111.592 E.00986
G1 X109.842 Y111.608 E.00986
G1 X109.379 Y111.5 E.00986
G1 X108.975 Y111.249 E.00986
G1 X108.65 Y110.902 E.00986
G1 X108.454 Y110.469 E.00986
G1 X108.376 Y110 E.00986
G1 X108.454 Y109.531 E.00986
G1 X108.65 Y109.098 E.00986
G1 X108.975 Y108.751 E.00986
G1 X109.379 Y108.5 E.00986
G1 X109.842 Y108.392 E.00986
G1 X110.317 Y108.408 E.00986
G1 X110.421 Y108.447 E.00231
G1 X110.502 Y108.032 F9000
M204 P1000
;TYPE:Outer wall
;WIDTH:0.419999
G1 F626
G1 X110.592 Y108.05 E.00175
G1 X110.961 Y108.203 E.0077
G1 X111.293 Y108.425 E.0077
G1 X111.575 Y108.707 E.0077
G1 X111.797 Y109.039 E.0077
G1 X111.95 Y109.408 E.0077
G1 X112.028 Y109.8 E.0077
G1 X112.028 Y110.2 E.0077
G1 X111.95 Y110.592 E.0077
G1 X111.797 Y110.961 E.0077
G1 X111.575 Y111.293 E.0077
G1 X111.293 Y111.575 E.0077
G1 X110.961 Y111.797 E.0077
G1 X110.592 Y111.95 E.0077
G1 X110.2 Y112.028 E.0077
G1 X109.8 Y112.028 E.0077
G1 X109.408 Y111.95 E.0077
G1 X109.039 Y111.797 E.0077
G1 X108.707 Y111.575 E.0077
G1 X108.425 Y111.293 E.0077
G1 X108.203 Y110.961 E.0077
G1 X108.05 Y110.592 E.0077
G1 X107.972 Y110.2 E.0077
G1 X107.972 Y109.8 E.0077
G1 X108.05 Y109.408 E.0077
G1 X108.203 Y109.039 E.0077
G1 X108.425 Y108.707 E.0077
G1 X108.707 Y108.425 E.0077
G1 X109.039 Y108.203 E.0077
G1 X109.408 Y108.05 E.0077
G1 X109.8 Y107.972 E.0077
G1 X110.2 Y107.972 E.0077
G1 X110.463 Y108.024 E.00518
G1 E-.84 F2400
;WIPE_START
G1 F3600
G1 X110.592 Y108.05 E-.04717
G1 X110.961 Y108.203 E-.14382
G1 X111.293 Y108.425 E-.14382
G1 X111.342 Y108.474 E-.02518
;WIPE_END
G1 Z15.96 F9000
G1 X108.992 Y110.674 Z15.96
G1 Z15.56
G1 E1.2 F1800
M204 P2500
;TYPE:Internal solid infill
G1 F626
G1 X109.326 Y111.008 E.00912
G1 X109.763 Y111.189 E.00912
G1 X110.237 Y111.189 E.00912
G1 X110.674 Y111.008 E.00912
G1 X111.008 Y110.674 E.00912
G1 X111.189 Y110.237 E.00912
G1 X111.189 Y109.763 E.00912
G1 X111.008 Y109.326 E.00912
G1 X110.674 Y108.992 E.00912
G1 X110.237 Y108.811 E.00912
G1 X109.763 Y108.811 E.00912
G1 X109.326 Y108.992 E.00912
G1 X108.992 Y109.326 E.00912
G1 X108.811 Y109.763 E.00912
G1 X108.811 Y110.237 E.00912
G1 X108.977 Y110.637 E.00835
G1 X110.416 Y110.041 F9000
G1 F626
G1 X110.388 Y109.839 E.00393
G1 X110.233 Y109.651 E.0047
G1 X110 Y109.58 E.0047
G1 X109.767 Y109.651 E.0047
G1 X109.612 Y109.839 E.0047
G1 X109.588 Y110.082 E.0047
G1 X109.703 Y110.297 E.0047
G1 X109.918 Y110.412 E.0047
G1 X110.161 Y110.388 E.0047
G1 X110.349 Y110.233 E.0047
G1 X110.403 Y110.079 E.00316
G1 X110.628 Y109.485 F9000
G1 F626
G1 X110.383 Y109.284 E.00611
G1 X110.08 Y109.192 E.00611
G1 X109.764 Y109.223 E.00611
G1 X109.485 Y109.372 E.00611
G1 X109.284 Y109.617 E.00611
G1 X109.192 Y109.92 E.00611
G1 X109.223 Y110.236 E.00611
G1 X109.372 Y110.515 E.00611
G1 X109.617 Y110.716 E.00611
G1 X109.92 Y110.808 E.00611
G1 X110.236 Y110.777 E.00611
G1 X110.515 Y110.628 E.00611
G1 X110.716 Y110.383 E.00611
G1 X110.808 Y110.08 E.00611
G1 X110.777 Y109.764 E.00611
G1 X110.647 Y109.52 E.00534
; stop printing object JOYSTICK.stl id:15 copy 0
;LAYER_CHANGE
;Z:15.68
;HEIGHT:0.12
;BEFORE_LAYER_CHANGE
;15.68
G92 E0

G1 E-.97778 F2400
;WIPE_START
G1 F10800
G1 X110.777 Y109.764 E-.06155
G1 X110.808 Y110.08 E-.07044
G1 X110.716 Y110.383 E-.07044
G1 X110.66 Y110.452 E-.0198
;WIPE_END
;_SET_FAN_SPEED_CHANGING_LAYER
; printing object JOYSTICK.stl id:15 copy 0
G17
G3 Z16.08 I1.212 J-.114 P1  F9000
G1 X110.47 Y108.427 Z16.08
G1 Z15.68
G1 E1.2 F1800
M204 P2000
;TYPE:Inner wall
;WIDTH:0.449999
G1 F649
G1 X110.779 Y108.543 E.00684
G1 X111.174 Y108.826 E.01008
G1 X111.457 Y109.221 E.01008
G1 X111.628 Y109.676 E.01008
G1 X111.628 Y110.324 E.01344
G1 X111.457 Y110.779 E.01008
G1 X111.174 Y111.174 E.01008
G1 X110.779 Y111.457 E.01008
G1 X110.324 Y111.628 E.01008
G1 X109.838 Y111.644 E.01008
G1 X109.365 Y111.534 E.01008
G1 X108.952 Y111.277 E.01008
G1 X108.62 Y110.922 E.01008
G1 X108.419 Y110.48 E.01008
G1 X108.34 Y110 E.01008
G1 X108.419 Y109.52 E.01008
G1 X108.62 Y109.078 E.01008
G1 X108.952 Y108.723 E.01008
G1 X109.365 Y108.466 E.01008
G1 X109.838 Y108.356 E.01008
G1 X110.324 Y108.372 E.01008
G1 X110.433 Y108.413 E.00241
G1 X110.504 Y107.996 F9000
M204 P1000
;TYPE:Outer wall
;WIDTH:0.419999
G1 F649
G1 X110.602 Y108.015 E.00193
G1 X110.978 Y108.171 E.00784
G1 X111.316 Y108.397 E.00784
G1 X111.603 Y108.684 E.00784
G1 X111.829 Y109.022 E.00784
G1 X111.985 Y109.398 E.00784
G1 X112.064 Y109.797 E.00784
G1 X112.064 Y110.203 E.00784
G1 X111.985 Y110.602 E.00784
G1 X111.829 Y110.978 E.00784
G1 X111.603 Y111.316 E.00784
G1 X111.316 Y111.603 E.00784
G1 X110.978 Y111.829 E.00784
G1 X110.602 Y111.985 E.00784
G1 X110.203 Y112.064 E.00784
G1 X109.797 Y112.064 E.00784
G1 X109.398 Y111.985 E.00784
G1 X109.022 Y111.829 E.00784
G1 X108.684 Y111.603 E.00784
G1 X108.397 Y111.316 E.00784
G1 X108.171 Y110.978 E.00784
G1 X108.015 Y110.602 E.00784
G1 X107.936 Y110.203 E.00784
G1 X107.936 Y109.797 E.00784
G1 X108.015 Y109.398 E.00784
G1 X108.171 Y109.022 E.00784
G1 X108.397 Y108.684 E.00784
G1 X108.684 Y108.397 E.00784
G1 X109.022 Y108.171 E.00784
G1 X109.398 Y108.015 E.00784
G1 X109.797 Y107.936 E.00784
G1 X110.203 Y107.936 E.00784
G1 X110.465 Y107.988 E.00514
G1 E-.84 F2400
;WIPE_START
G1 F3600
G1 X110.602 Y108.015 E-.05044
G1 X110.978 Y108.171 E-.14638
G1 X111.316 Y108.397 E-.14638
G1 X111.349 Y108.43 E-.01681
;WIPE_END
G1 Z16.08 F9000
G1 X108.962 Y110.694 Z16.08
G1 Z15.68
G1 E1.2 F1800
M204 P2500
;TYPE:Internal solid infill
G1 F649
G1 X109.306 Y111.038 E.00939
G1 X109.756 Y111.225 E.00939
G1 X110.244 Y111.225 E.00939
G1 X110.694 Y111.038 E.00939
G1 X111.038 Y110.694 E.00939
G1 X111.225 Y110.244 E.00939
G1 X111.225 Y109.756 E.00939
G1 X111.038 Y109.306 E.00939
G1 X110.694 Y108.962 E.00939
G1 X110.244 Y108.775 E.00939
G1 X109.756 Y108.775 E.00939
G1 X109.306 Y108.962 E.00939
G1 X108.962 Y109.306 E.00939
G1 X108.775 Y109.756 E.00939
G1 X108.775 Y110.244 E.00939
G1 X108.946 Y110.657 E.00862
G1 X110.032 Y109.944 F9000
;WIDTH:0.54018
G1 F649
G1 X109.968 Y109.944 E.00162
G1 X109.936 Y110 E.00162
G1 X109.968 Y110.056 E.00162
G1 X110.032 Y110.056 E.00162
G1 X110.044 Y110.035 E.00061
G1 X110.452 Y110.045 F9000
;WIDTH:0.419999
G1 F649
G1 X110.422 Y109.825 E.00427
G1 X110.254 Y109.62 E.00511
G1 X110 Y109.543 E.00511
G1 X109.746 Y109.62 E.00511
G1 X109.578 Y109.825 E.00511
G1 X109.552 Y110.089 E.00511
G1 X109.677 Y110.323 E.00511
G1 X109.911 Y110.448 E.00511
G1 X110.175 Y110.422 E.00511
G1 X110.38 Y110.254 E.00511
G1 X110.439 Y110.082 E.0035
G1 X110.656 Y109.462 F9000
G1 F649
G1 X110.4 Y109.252 E.00638
G1 X110.083 Y109.155 E.00638
G1 X109.754 Y109.188 E.00638
G1 X109.462 Y109.344 E.00638
G1 X109.252 Y109.6 E.00638
G1 X109.155 Y109.917 E.00638
G1 X109.188 Y110.246 E.00638
G1 X109.344 Y110.538 E.00638
G1 X109.6 Y110.748 E.00638
G1 X109.917 Y110.845 E.00638
G1 X110.246 Y110.812 E.00638
G1 X110.538 Y110.656 E.00638
G1 X110.748 Y110.4 E.00638
G1 X110.845 Y110.083 E.00638
G1 X110.812 Y109.754 E.00638
G1 X110.675 Y109.497 E.00561
; stop printing object JOYSTICK.stl id:15 copy 0
;LAYER_CHANGE
;Z:15.8
;HEIGHT:0.12
;BEFORE_LAYER_CHANGE
;15.8
G92 E0

G1 E-.97778 F2400
;WIPE_START
G1 F10800
G1 X110.812 Y109.754 E-.06469
G1 X110.845 Y110.083 E-.07358
G1 X110.748 Y110.4 E-.07358
G1 X110.719 Y110.436 E-.01038
;WIPE_END
;_SET_FAN_SPEED_CHANGING_LAYER
; printing object JOYSTICK.stl id:15 copy 0
G17
G3 Z16.2 I1.209 J-.141 P1  F9000
G1 X110.48 Y108.392 Z16.2
G1 Z15.8
G1 E1.2 F1800
M204 P2000
;TYPE:Inner wall
;WIDTH:0.449999
G1 F666
G1 X110.796 Y108.511 E.00699
G1 X111.2 Y108.8 E.0103
G1 X111.489 Y109.204 E.0103
G1 X111.664 Y109.669 E.0103
G1 X111.664 Y110.331 E.01373
G1 X111.489 Y110.796 E.0103
G1 X111.2 Y111.2 E.0103
G1 X110.796 Y111.489 E.0103
G1 X110.331 Y111.664 E.0103
G1 X109.835 Y111.68 E.0103
G1 X109.351 Y111.567 E.0103
G1 X108.929 Y111.305 E.0103
G1 X108.589 Y110.943 E.0103
G1 X108.384 Y110.49 E.0103
G1 X108.304 Y110 E.0103
G1 X108.384 Y109.51 E.0103
G1 X108.589 Y109.057 E.0103
G1 X108.929 Y108.695 E.0103
G1 X109.351 Y108.433 E.0103
G1 X109.835 Y108.32 E.0103
G1 X110.331 Y108.336 E.0103
G1 X110.443 Y108.378 E.00248
G1 X110.512 Y107.96 F9000
M204 P1000
;TYPE:Outer wall
;WIDTH:0.419999
G1 F666
G1 X110.613 Y107.98 E.00199
G1 X110.995 Y108.139 E.00797
G1 X111.339 Y108.369 E.00797
G1 X111.631 Y108.661 E.00798
G1 X111.861 Y109.005 E.00797
G1 X112.02 Y109.387 E.00797
G1 X112.1 Y109.793 E.00797
G1 X112.1 Y110.207 E.00797
G1 X112.02 Y110.613 E.00798
G1 X111.861 Y110.995 E.00797
G1 X111.631 Y111.339 E.00797
G1 X111.339 Y111.631 E.00797
G1 X110.995 Y111.861 E.00797
G1 X110.613 Y112.02 E.00797
G1 X110.207 Y112.1 E.00797
G1 X109.793 Y112.1 E.00797
G1 X109.387 Y112.02 E.00797
G1 X109.005 Y111.861 E.00797
G1 X108.661 Y111.631 E.00797
G1 X108.369 Y111.339 E.00797
G1 X108.139 Y110.995 E.00797
G1 X107.98 Y110.613 E.00797
G1 X107.9 Y110.207 E.00797
G1 X107.9 Y109.793 E.00797
G1 X107.98 Y109.387 E.00797
G1 X108.139 Y109.005 E.00797
G1 X108.369 Y108.661 E.00797
G1 X108.661 Y108.369 E.00797
G1 X109.005 Y108.139 E.00797
G1 X109.387 Y107.98 E.00797
G1 X109.793 Y107.9 E.00797
G1 X110.207 Y107.9 E.00797
G1 X110.472 Y107.953 E.00522
G1 E-.84 F2400
;WIPE_START
G1 F3600
G1 X110.613 Y107.98 E-.05151
G1 X110.995 Y108.139 E-.14894
G1 X111.339 Y108.369 E-.14893
G1 X111.36 Y108.389 E-.01062
;WIPE_END
G1 Z16.2 F9000
G1 X111.285 Y110 Z16.2
G1 Z15.8
G1 E1.2 F1800
M204 P2500
;TYPE:Internal solid infill
G1 F666
G1 X111.187 Y109.508 E.00967
G1 X110.909 Y109.091 E.00967
G1 X110.492 Y108.813 E.00967
G1 X110 Y108.715 E.00967
G1 X109.508 Y108.813 E.00967
G1 X109.091 Y109.091 E.00967
G1 X108.813 Y109.508 E.00967
G1 X108.715 Y110 E.00967
G1 X108.813 Y110.492 E.00967
G1 X109.091 Y110.909 E.00967
G1 X109.508 Y111.187 E.00967
G1 X110 Y111.285 E.00967
G1 X110.492 Y111.187 E.00967
G1 X110.909 Y110.909 E.00967
G1 X111.187 Y110.492 E.00967
G1 X111.277 Y110.039 E.0089
G1 X110.037 Y109.936 F9000
;WIDTH:0.61264
G1 F666
G1 X109.963 Y109.936 E.00211
G1 X109.927 Y110 E.00211
G1 X109.963 Y110.064 E.00211
G1 X110.037 Y110.064 E.00211
G1 X110.053 Y110.035 E.00096
G1 X109.689 Y110.379 F9000
;WIDTH:0.419999
G1 F666
G1 X109.904 Y110.483 E.00461
G1 X110.142 Y110.469 E.00461
G1 X110.349 Y110.349 E.00461
G1 X110.469 Y110.142 E.00461
G1 X110.488 Y109.952 E.00369
G1 X110.41 Y109.726 E.00461
G1 X110.231 Y109.567 E.00461
G1 X110 Y109.507 E.00461
G1 X109.769 Y109.567 E.00461
G1 X109.59 Y109.726 E.00461
G1 X109.512 Y109.952 E.00461
G1 X109.545 Y110.189 E.00461
G1 X109.665 Y110.347 E.00384
G1 X109.111 Y110 F9000
G1 F666
G1 X109.179 Y110.34 E.00669
G1 X109.371 Y110.629 E.00669
G1 X109.66 Y110.821 E.00669
G1 X110 Y110.889 E.00669
G1 X110.34 Y110.821 E.00669
G1 X110.629 Y110.629 E.00669
G1 X110.821 Y110.34 E.00669
G1 X110.889 Y110 E.00669
G1 X110.821 Y109.66 E.00669
G1 X110.629 Y109.371 E.00669
G1 X110.34 Y109.179 E.00669
G1 X110 Y109.111 E.00669
G1 X109.66 Y109.179 E.00669
G1 X109.371 Y109.371 E.00669
G1 X109.179 Y109.66 E.00669
G1 X109.119 Y109.961 E.00592
; stop printing object JOYSTICK.stl id:15 copy 0
;LAYER_CHANGE
;Z:15.92
;HEIGHT:0.12
;BEFORE_LAYER_CHANGE
;15.92
G92 E0

G1 E-.97778 F2400
;WIPE_START
G1 F10800
G1 X109.179 Y109.66 E-.0682
G1 X109.371 Y109.371 E-.07709
G1 X109.659 Y109.179 E-.07693
;WIPE_END
;_SET_FAN_SPEED_CHANGING_LAYER
; printing object JOYSTICK.stl id:15 copy 0
G17
G3 Z16.32 I.855 J.866 P1  F9000
G1 X110.484 Y108.366 Z16.32
G1 Z15.92
G1 E1.2 F1800
M204 P2000
;TYPE:Inner wall
;WIDTH:0.449999
G1 F693
G1 X110.816 Y108.487 E.00733
G1 X111.221 Y108.779 E.01036
G1 X111.516 Y109.19 E.01051
G1 X111.694 Y109.663 E.01048
G1 X111.694 Y110.337 E.01398
G1 X111.516 Y110.811 E.01049
G1 X111.221 Y111.221 E.01049
G1 X110.81 Y111.516 E.01049
G1 X110.337 Y111.694 E.01049
G1 X109.831 Y111.711 E.01049
G1 X109.339 Y111.596 E.01049
G1 X108.909 Y111.329 E.01049
G1 X108.564 Y110.96 E.01049
G1 X108.355 Y110.499 E.01049
G1 X108.273 Y110 E.01049
G1 X108.355 Y109.501 E.0105
G1 X108.564 Y109.04 E.01048
G1 X108.91 Y108.671 E.01051
G1 X109.339 Y108.404 E.01048
G1 X109.829 Y108.289 E.01044
G1 X110.314 Y108.304 E.01005
G1 X110.446 Y108.352 E.00293
G1 X110.49 Y107.927 F9000
M204 P1000
;TYPE:Outer wall
;WIDTH:0.419999
G1 F693
G1 X110.579 Y107.941 E.00174
G1 X111.015 Y108.115 E.00905
G1 X111.354 Y108.341 E.00785
G1 X111.654 Y108.64 E.00817
G1 X111.888 Y108.99 E.00811
G1 X112.049 Y109.378 E.0081
G1 X112.131 Y109.79 E.0081
G1 X112.11 Y110.42 E.01215
G1 X111.988 Y110.823 E.00813
G1 X111.789 Y111.195 E.00813
G1 X111.521 Y111.521 E.00813
G1 X111.195 Y111.789 E.00813
G1 X110.823 Y111.988 E.00813
G1 X110.42 Y112.11 E.00813
G1 X110 Y112.152 E.00813
G1 X109.58 Y112.11 E.00813
G1 X109.177 Y111.988 E.00813
G1 X108.805 Y111.789 E.00813
G1 X108.479 Y111.521 E.00813
G1 X108.211 Y111.195 E.00813
G1 X108.012 Y110.823 E.00813
G1 X107.89 Y110.42 E.00813
G1 X107.848 Y110 E.00813
G1 X107.89 Y109.58 E.00813
G1 X108.012 Y109.177 E.00813
G1 X108.211 Y108.805 E.00813
G1 X108.479 Y108.479 E.00813
G1 X108.805 Y108.211 E.00813
G1 X109.177 Y108.012 E.00813
G1 X109.58 Y107.89 E.00813
G1 X110 Y107.848 E.00813
G1 X110.45 Y107.921 E.00879
G1 E-.84 F2400
;WIPE_START
G1 F3600
G1 X110.579 Y107.941 E-.04688
G1 X111.015 Y108.115 E-.16899
G1 X111.348 Y108.337 E-.14413
;WIPE_END
G1 Z16.32 F9000
G1 X108.697 Y110.129 Z16.32
G1 Z15.92
G1 E1.2 F1800
M204 P2500
;TYPE:Internal solid infill
G1 F693
G1 X108.784 Y110.504 E.00742
G1 X108.988 Y110.831 E.00743
G1 X109.269 Y111.094 E.00743
G1 X109.62 Y111.253 E.00743
G1 X110 Y111.316 E.00743
G1 X110.38 Y111.253 E.00743
G1 X110.731 Y111.094 E.00743
G1 X111.013 Y110.831 E.00743
G1 X111.216 Y110.504 E.00742
G1 X111.304 Y110.128 E.00744
G1 X111.291 Y109.743 E.00742
G1 X111.155 Y109.382 E.00745
G1 X110.931 Y109.069 E.00741
G1 X110.623 Y108.848 E.00731
G1 X110.236 Y108.707 E.00794
G1 X109.743 Y108.709 E.00949
G1 X109.382 Y108.845 E.00744
G1 X109.069 Y109.069 E.00741
G1 X108.845 Y109.383 E.00743
G1 X108.709 Y109.743 E.00742
G1 X108.698 Y110.089 E.00666
G1 X110.331 Y110.403 F9000
G1 F693
G1 X110.484 Y110.2 E.00489
G1 X110.519 Y110.051 E.00296
G1 X110.484 Y109.8 E.00489
G1 X110.326 Y109.593 E.00501
G1 X110.085 Y109.485 E.00509
G1 X109.8 Y109.516 E.00554
G1 X109.597 Y109.67 E.0049
G1 X109.486 Y109.898 E.00489
G1 X109.501 Y110.151 E.0049
G1 X109.63 Y110.37 E.00489
G1 X109.849 Y110.499 E.0049
G1 X110.102 Y110.514 E.00489
G1 X110.295 Y110.42 E.00413
G1 X110.162 Y110.016 F9000
;WIDTH:0.34863
G1 F693
G1 X110.116 Y109.884 E.0022
G1 X109.968 Y109.84 E.00243
G1 X109.849 Y109.937 E.00243
G1 X109.864 Y110.091 E.00243
G1 X110 Y110.164 E.00243
G1 X110.136 Y110.091 E.00243
G1 X110.149 Y110.053 E.00063
G1 X110.16 Y109.096 F9000
;WIDTH:0.419999
G1 F693
G1 X109.821 Y109.098 E.00655
G1 X109.489 Y109.235 E.00692
G1 X109.235 Y109.489 E.00692
G1 X109.098 Y109.821 E.00692
G1 X109.098 Y110.179 E.00692
G1 X109.235 Y110.511 E.00692
G1 X109.489 Y110.765 E.00692
G1 X109.821 Y110.902 E.00692
G1 X110.179 Y110.902 E.00692
G1 X110.511 Y110.765 E.00692
G1 X110.765 Y110.511 E.00692
G1 X110.902 Y110.179 E.00692
G1 X110.902 Y109.821 E.00692
G1 X110.765 Y109.489 E.00692
G1 X110.511 Y109.235 E.00692
G1 X110.198 Y109.111 E.0065
; stop printing object JOYSTICK.stl id:15 copy 0
;LAYER_CHANGE
;Z:16.04
;HEIGHT:0.120001
;BEFORE_LAYER_CHANGE
;16.04
G92 E0

G1 E-.97778 F2400
;WIPE_START
G1 F10800
G1 X110.511 Y109.235 E-.07497
G1 X110.765 Y109.489 E-.07977
G1 X110.881 Y109.769 E-.06748
;WIPE_END
;_SET_FAN_SPEED_CHANGING_LAYER
; printing object JOYSTICK.stl id:15 copy 0
G17
G3 Z16.44 I1.173 J-.323 P1  F9000
G1 X110.491 Y108.351 Z16.44
G1 Z16.04
G1 E1.2 F1800
M204 P2000
;TYPE:Inner wall
;WIDTH:0.449999
G1 F696
G1 X110.816 Y108.474 E.0072
G1 X111.23 Y108.77 E.01056
G1 X111.526 Y109.184 E.01056
G1 X111.706 Y109.661 E.01056
G1 X111.706 Y110.339 E.01408
G1 X111.526 Y110.816 E.01056
G1 X111.23 Y111.23 E.01056
G1 X110.816 Y111.526 E.01056
G1 X110.339 Y111.706 E.01056
G1 X109.83 Y111.722 E.01056
G1 X109.334 Y111.607 E.01056
G1 X108.902 Y111.338 E.01056
G1 X108.554 Y110.966 E.01056
G1 X108.344 Y110.502 E.01056
G1 X108.261 Y110 E.01056
G1 X108.344 Y109.498 E.01056
G1 X108.554 Y109.034 E.01056
G1 X108.902 Y108.662 E.01056
G1 X109.334 Y108.393 E.01056
G1 X109.83 Y108.278 E.01056
G1 X110.339 Y108.294 E.01056
G1 X110.454 Y108.337 E.00253
G1 X110.521 Y107.919 F9000
M204 P1000
;TYPE:Outer wall
;WIDTH:0.419999
G1 F696
G1 X110.625 Y107.94 E.00204
G1 X111.015 Y108.101 E.00814
G1 X111.366 Y108.336 E.00814
G1 X111.664 Y108.634 E.00814
G1 X111.899 Y108.985 E.00814
G1 X112.06 Y109.375 E.00814
G1 X112.143 Y109.789 E.00814
G1 X112.143 Y110.211 E.00814
G1 X112.06 Y110.625 E.00814
G1 X111.899 Y111.015 E.00814
G1 X111.664 Y111.366 E.00813
G1 X111.366 Y111.664 E.00814
G1 X111.015 Y111.899 E.00814
G1 X110.625 Y112.06 E.00814
G1 X110.211 Y112.143 E.00814
G1 X109.789 Y112.143 E.00814
G1 X109.375 Y112.06 E.00814
G1 X108.985 Y111.899 E.00814
G1 X108.634 Y111.664 E.00813
G1 X108.336 Y111.366 E.00814
G1 X108.101 Y111.015 E.00814
G1 X107.94 Y110.625 E.00814
G1 X107.857 Y110.211 E.00814
G1 X107.857 Y109.789 E.00814
G1 X107.94 Y109.375 E.00814
G1 X108.101 Y108.985 E.00814
G1 X108.336 Y108.634 E.00814
G1 X108.634 Y108.336 E.00814
G1 X108.985 Y108.101 E.00814
G1 X109.375 Y107.94 E.00814
G1 X109.789 Y107.857 E.00814
G1 X110.211 Y107.857 E.00814
G1 X110.482 Y107.911 E.00533
G1 E-.84 F2400
;WIPE_START
G1 F3600
G1 X110.625 Y107.94 E-.05242
G1 X111.015 Y108.101 E-.15193
G1 X111.366 Y108.336 E-.15193
G1 X111.373 Y108.343 E-.00371
;WIPE_END
G1 Z16.44 F9000
G1 X111.022 Y109.162 Z16.44
G1 Z16.04
G1 E1.2 F1800
M204 P2500
;TYPE:Internal solid infill
G1 F696
G1 X110.738 Y108.896 E.00749
G1 X110.384 Y108.735 E.00749
G1 X110 Y108.672 E.0075
G1 X109.616 Y108.735 E.0075
G1 X109.262 Y108.896 E.00749
G1 X108.978 Y109.162 E.00749
G1 X108.773 Y109.492 E.00749
G1 X108.685 Y109.87 E.0075
G1 X108.698 Y110.259 E.00749
G1 X108.834 Y110.623 E.00749
G1 X109.061 Y110.939 E.00749
G1 X109.377 Y111.166 E.00749
G1 X109.741 Y111.302 E.00749
G1 X110.13 Y111.315 E.00749
G1 X110.508 Y111.227 E.00749
G1 X110.838 Y111.022 E.00749
G1 X111.104 Y110.738 E.0075
G1 X111.265 Y110.384 E.00749
G1 X111.328 Y110 E.00749
G1 X111.227 Y109.492 E.00999
G1 X111.043 Y109.196 E.00672
G1 X110 Y109.068 F9000
G1 F696
G1 X109.643 Y109.139 E.00701
G1 X109.341 Y109.341 E.00701
G1 X109.139 Y109.643 E.00701
G1 X109.068 Y110 E.00701
G1 X109.139 Y110.357 E.00701
G1 X109.341 Y110.659 E.00701
G1 X109.643 Y110.861 E.00701
G1 X110 Y110.932 E.00701
G1 X110.357 Y110.861 E.00701
G1 X110.659 Y110.659 E.00701
G1 X110.861 Y110.357 E.00701
G1 X110.932 Y110 E.00701
G1 X110.861 Y109.643 E.00701
G1 X110.659 Y109.341 E.00701
G1 X110.357 Y109.139 E.00701
G1 X110.039 Y109.076 E.00624
G1 X110.167 Y109.984 F9000
;WIDTH:0.3617
G1 F696
G1 X110.094 Y109.86 E.00237
G1 X109.951 Y109.839 E.00237
G1 X109.844 Y109.935 E.00236
G1 X109.852 Y110.079 E.00237
G1 X109.967 Y110.166 E.00236
G1 X110.107 Y110.13 E.00237
G1 X110.159 Y110.021 E.00198
G1 X109.662 Y110.412 F9000
;WIDTH:0.419999
G1 F696
G1 X109.895 Y110.525 E.00501
G1 X110.155 Y110.51 E.00501
G1 X110.379 Y110.379 E.00501
G1 X110.51 Y110.155 E.00501
G1 X110.531 Y109.948 E.00401
G1 X110.445 Y109.702 E.00501
G1 X110.251 Y109.53 E.00501
G1 X110 Y109.464 E.00501
G1 X109.749 Y109.53 E.00501
G1 X109.555 Y109.702 E.00501
G1 X109.469 Y109.948 E.00501
G1 X109.505 Y110.205 E.00501
G1 X109.638 Y110.38 E.00424
; stop printing object JOYSTICK.stl id:15 copy 0
;LAYER_CHANGE
;Z:16.16
;HEIGHT:0.119999
;BEFORE_LAYER_CHANGE
;16.16
G92 E0

G1 E-.97778 F2400
;WIPE_START
G1 F10800
G1 X109.505 Y110.205 E-.04882
G1 X109.469 Y109.948 E-.05771
G1 X109.555 Y109.702 E-.05771
G1 X109.749 Y109.53 E-.05771
G1 X109.75 Y109.53 E-.00027
;WIPE_END
;_SET_FAN_SPEED_CHANGING_LAYER
; printing object JOYSTICK.stl id:15 copy 0
G17
G3 Z16.56 I1.032 J.645 P1  F9000
G1 X110.493 Y108.34 Z16.56
G1 Z16.16
G1 E1.2 F1800
M204 P2000
;TYPE:Inner wall
;WIDTH:0.449999
G1 F705
G1 X110.821 Y108.463 E.00728
G1 X111.238 Y108.762 E.01063
G1 X111.537 Y109.179 E.01063
G1 X111.717 Y109.658 E.01063
G1 X111.717 Y110.342 E.01417
G1 X111.537 Y110.821 E.01063
G1 X111.238 Y111.238 E.01063
G1 X110.821 Y111.537 E.01063
G1 X110.342 Y111.717 E.01063
G1 X109.829 Y111.734 E.01063
G1 X109.33 Y111.618 E.01063
G1 X108.895 Y111.347 E.01063
G1 X108.544 Y110.973 E.01063
G1 X108.332 Y110.506 E.01063
G1 X108.249 Y110 E.01063
G1 X108.332 Y109.494 E.01063
G1 X108.544 Y109.027 E.01063
G1 X108.895 Y108.653 E.01063
G1 X109.33 Y108.382 E.01063
G1 X109.829 Y108.266 E.01063
G1 X110.342 Y108.283 E.01063
G1 X110.456 Y108.326 E.00253
G1 X110.525 Y107.908 F9000
M204 P1000
;TYPE:Outer wall
;WIDTH:0.419999
G1 F705
G1 X110.628 Y107.929 E.00204
G1 X111.02 Y108.091 E.00818
G1 X111.373 Y108.327 E.00818
G1 X111.673 Y108.627 E.00818
G1 X111.909 Y108.98 E.00818
G1 X112.071 Y109.372 E.00818
G1 X112.154 Y109.788 E.00818
G1 X112.154 Y110.212 E.00818
G1 X112.071 Y110.628 E.00818
G1 X111.909 Y111.02 E.00818
G1 X111.673 Y111.373 E.00818
G1 X111.373 Y111.673 E.00818
G1 X111.02 Y111.909 E.00818
G1 X110.628 Y112.071 E.00818
G1 X110.212 Y112.154 E.00818
G1 X109.788 Y112.154 E.00818
G1 X109.372 Y112.071 E.00818
G1 X108.98 Y111.909 E.00818
G1 X108.627 Y111.673 E.00818
G1 X108.327 Y111.373 E.00818
G1 X108.091 Y111.02 E.00818
G1 X107.929 Y110.628 E.00818
G1 X107.846 Y110.212 E.00818
G1 X107.846 Y109.788 E.00818
G1 X107.929 Y109.372 E.00818
G1 X108.091 Y108.98 E.00818
G1 X108.327 Y108.627 E.00818
G1 X108.627 Y108.327 E.00818
G1 X108.98 Y108.091 E.00818
G1 X109.372 Y107.929 E.00818
G1 X109.788 Y107.846 E.00818
G1 X110.212 Y107.846 E.00818
G1 X110.486 Y107.9 E.00537
G1 E-.84 F2400
;WIPE_START
G1 F3600
G1 X110.628 Y107.929 E-.05244
G1 X111.02 Y108.091 E-.15277
G1 X111.373 Y108.327 E-.15276
G1 X111.377 Y108.331 E-.00203
;WIPE_END
G1 Z16.56 F9000
G1 X108.673 Y109.869 Z16.56
G1 Z16.16
G1 E1.2 F1800
M204 P2500
;TYPE:Internal solid infill
G1 F705
G1 X108.686 Y110.261 E.00756
G1 X108.824 Y110.629 E.00756
G1 X109.053 Y110.947 E.00756
G1 X109.371 Y111.176 E.00756
G1 X109.739 Y111.314 E.00756
G1 X110.131 Y111.327 E.00756
G1 X110.513 Y111.238 E.00756
G1 X110.846 Y111.031 E.00756
G1 X111.114 Y110.744 E.00756
G1 X111.276 Y110.387 E.00756
G1 X111.34 Y110 E.00756
G1 X111.238 Y109.487 E.01008
G1 X111.031 Y109.154 E.00756
G1 X110.744 Y108.886 E.00756
G1 X110.387 Y108.724 E.00756
G1 X110 Y108.66 E.00756
G1 X109.613 Y108.724 E.00756
G1 X109.256 Y108.886 E.00756
G1 X108.969 Y109.154 E.00756
G1 X108.762 Y109.487 E.00756
G1 X108.682 Y109.83 E.00679
G1 X109.654 Y110.421 F9000
G1 F705
G1 X109.893 Y110.537 E.00512
G1 X110.158 Y110.521 E.00512
G1 X110.387 Y110.387 E.00512
G1 X110.521 Y110.158 E.00512
G1 X110.542 Y109.947 E.0041
G1 X110.455 Y109.696 E.00512
G1 X110.257 Y109.519 E.00512
G1 X110 Y109.453 E.00512
G1 X109.743 Y109.519 E.00512
G1 X109.545 Y109.696 E.00512
G1 X109.458 Y109.947 E.00512
G1 X109.494 Y110.21 E.00512
G1 X109.63 Y110.389 E.00435
G1 X110.173 Y109.983 F9000
;WIDTH:0.373464
G1 F705
G1 X110.097 Y109.855 E.00253
G1 X109.95 Y109.834 E.00253
G1 X109.839 Y109.933 E.00253
G1 X109.847 Y110.082 E.00253
G1 X109.966 Y110.171 E.00253
G1 X110.11 Y110.134 E.00253
G1 X110.165 Y110.021 E.00214
G1 X110.944 Y110 F9000
;WIDTH:0.419999
G1 F705
G1 X110.872 Y109.639 E.0071
G1 X110.667 Y109.333 E.0071
G1 X110.361 Y109.128 E.0071
G1 X110 Y109.056 E.0071
G1 X109.639 Y109.128 E.0071
G1 X109.333 Y109.333 E.0071
G1 X109.128 Y109.639 E.0071
G1 X109.056 Y110 E.0071
G1 X109.128 Y110.361 E.0071
G1 X109.333 Y110.667 E.0071
G1 X109.639 Y110.872 E.0071
G1 X110 Y110.944 E.0071
G1 X110.361 Y110.872 E.0071
G1 X110.667 Y110.667 E.0071
G1 X110.872 Y110.361 E.0071
G1 X110.936 Y110.039 E.00633
; stop printing object JOYSTICK.stl id:15 copy 0
;LAYER_CHANGE
;Z:16.28
;HEIGHT:0.120001
;BEFORE_LAYER_CHANGE
;16.28
G92 E0

G1 E-.97778 F2400
;WIPE_START
G1 F10800
G1 X110.872 Y110.361 E-.07293
G1 X110.667 Y110.667 E-.08182
G1 X110.415 Y110.836 E-.06747
;WIPE_END
;_SET_FAN_SPEED_CHANGING_LAYER
; printing object JOYSTICK.stl id:15 copy 0
G17
G3 Z16.68 I1.216 J.039 P1  F9000
G1 X110.495 Y108.328 Z16.68
G1 Z16.28
G1 E1.2 F1800
M204 P2000
;TYPE:Inner wall
;WIDTH:0.449999
G1 F710
G1 X110.827 Y108.453 E.00735
G1 X111.247 Y108.753 E.01071
G1 X111.547 Y109.173 E.01071
G1 X111.729 Y109.656 E.01071
G1 X111.729 Y110.344 E.01427
G1 X111.547 Y110.827 E.01071
G1 X111.247 Y111.247 E.01071
G1 X110.827 Y111.547 E.01071
G1 X110.344 Y111.729 E.01071
G1 X109.828 Y111.746 E.01071
G1 X109.325 Y111.629 E.01071
G1 X108.887 Y111.356 E.01071
G1 X108.534 Y110.979 E.01071
G1 X108.321 Y110.509 E.01071
G1 X108.237 Y110 E.01071
G1 X108.321 Y109.491 E.01071
G1 X108.534 Y109.021 E.01071
G1 X108.887 Y108.644 E.01071
G1 X109.325 Y108.371 E.01071
G1 X109.828 Y108.254 E.01071
G1 X110.344 Y108.271 E.01071
G1 X110.458 Y108.314 E.00253
G1 X110.528 Y107.897 F9000
M204 P1000
;TYPE:Outer wall
;WIDTH:0.419999
G1 F710
G1 X110.632 Y107.917 E.00204
G1 X111.026 Y108.081 E.00822
G1 X111.381 Y108.318 E.00822
G1 X111.682 Y108.619 E.00822
G1 X111.919 Y108.974 E.00822
G1 X112.083 Y109.368 E.00822
G1 X112.166 Y109.787 E.00822
G1 X112.166 Y110.213 E.00822
G1 X112.083 Y110.632 E.00822
G1 X111.919 Y111.026 E.00822
G1 X111.682 Y111.381 E.00822
G1 X111.381 Y111.682 E.00822
G1 X111.026 Y111.919 E.00822
G1 X110.632 Y112.083 E.00822
G1 X110.213 Y112.166 E.00822
G1 X109.787 Y112.166 E.00822
G1 X109.368 Y112.083 E.00822
G1 X108.974 Y111.919 E.00822
G1 X108.619 Y111.682 E.00822
G1 X108.318 Y111.381 E.00822
G1 X108.081 Y111.026 E.00822
G1 X107.917 Y110.632 E.00822
G1 X107.834 Y110.213 E.00822
G1 X107.834 Y109.787 E.00822
G1 X107.917 Y109.368 E.00822
G1 X108.081 Y108.974 E.00822
G1 X108.318 Y108.619 E.00822
G1 X108.619 Y108.318 E.00822
G1 X108.974 Y108.081 E.00822
G1 X109.368 Y107.917 E.00822
G1 X109.787 Y107.834 E.00822
G1 X110.213 Y107.834 E.00822
G1 X110.489 Y107.889 E.00542
G1 E-.84 F2400
;WIPE_START
G1 F3600
G1 X110.632 Y107.917 E-.05241
G1 X111.026 Y108.081 E-.1536
G1 X111.381 Y108.318 E-.15359
G1 X111.382 Y108.318 E-.0004
;WIPE_END
G1 Z16.68 F9000
G1 X109.206 Y109.469 Z16.68
G1 Z16.28
G1 E1.2 F1800
M204 P2500
;TYPE:Internal solid infill
G1 F710
G1 X109.063 Y109.814 E.00719
G1 X109.063 Y110.186 E.00719
G1 X109.206 Y110.531 E.00719
G1 X109.469 Y110.794 E.00719
G1 X109.814 Y110.937 E.00719
G1 X110.186 Y110.937 E.00719
G1 X110.531 Y110.794 E.00719
G1 X110.794 Y110.531 E.00719
G1 X110.937 Y110.186 E.00719
G1 X110.937 Y109.814 E.00719
G1 X110.794 Y109.469 E.00719
G1 X110.531 Y109.206 E.00719
G1 X110.186 Y109.063 E.00719
G1 X109.814 Y109.063 E.00719
G1 X109.469 Y109.206 E.00719
G1 X109.234 Y109.441 E.00642
G1 X110.179 Y110.018 F9000
;WIDTH:0.38522
G1 F710
G1 X110.128 Y109.872 E.00271
G1 X109.982 Y109.821 E.00271
G1 X109.85 Y109.9 E.00271
G1 X109.828 Y110.052 E.00271
G1 X109.931 Y110.167 E.00271
G1 X110.085 Y110.159 E.00271
G1 X110.164 Y110.053 E.00232
G1 X109.57 Y110.353 F9000
;WIDTH:0.419999
G1 F710
G1 X109.786 Y110.517 E.00523
G1 X110.055 Y110.554 E.00523
G1 X110.311 Y110.465 E.00523
G1 X110.491 Y110.262 E.00523
G1 X110.554 Y110.055 E.00419
G1 X110.517 Y109.786 E.00523
G1 X110.353 Y109.57 E.00523
G1 X110.109 Y109.451 E.00523
G1 X109.838 Y109.467 E.00523
G1 X109.605 Y109.605 E.00523
G1 X109.467 Y109.838 E.00523
G1 X109.451 Y110.109 E.00523
G1 X109.552 Y110.317 E.00446
G1 X109.147 Y111.04 F9000
G1 F710
G1 X109.483 Y111.249 E.00763
G1 X109.868 Y111.339 E.00763
G1 X110.264 Y111.326 E.00763
G1 X110.634 Y111.186 E.00763
G1 X110.956 Y110.956 E.00763
G1 X111.186 Y110.634 E.00763
G1 X111.326 Y110.264 E.00763
G1 X111.326 Y109.736 E.01017
G1 X111.186 Y109.366 E.00763
G1 X110.956 Y109.044 E.00763
G1 X110.634 Y108.814 E.00763
G1 X110.264 Y108.674 E.00763
G1 X109.868 Y108.661 E.00763
G1 X109.483 Y108.751 E.00763
G1 X109.147 Y108.96 E.00763
G1 X108.876 Y109.249 E.00763
G1 X108.713 Y109.61 E.00763
G1 X108.648 Y110 E.00763
G1 X108.713 Y110.39 E.00763
G1 X108.876 Y110.751 E.00763
G1 X109.119 Y111.011 E.00686
; stop printing object JOYSTICK.stl id:15 copy 0
;LAYER_CHANGE
;Z:16.4
;HEIGHT:0.119999
;BEFORE_LAYER_CHANGE
;16.4
G92 E0

G1 E-.97778 F2400
;WIPE_START
G1 F10800
G1 X108.876 Y110.751 E-.07906
G1 X108.713 Y110.39 E-.08794
G1 X108.672 Y110.145 E-.05522
;WIPE_END
;_SET_FAN_SPEED_CHANGING_LAYER
; printing object JOYSTICK.stl id:15 copy 0
G17
G3 Z16.8 I.86 J.861 P1  F9000
G1 X110.499 Y108.321 Z16.8
G1 Z16.4
G1 E1.2 F1800
M204 P2000
;TYPE:Inner wall
;WIDTH:0.449999
G1 F711
G1 X110.836 Y108.453 E.00751
G1 X111.25 Y108.75 E.01056
G1 X111.552 Y109.172 E.01075
G1 X111.733 Y109.655 E.01071
G1 X111.75 Y110.172 E.01072
G1 X111.683 Y110.511 E.00717
G1 X111.469 Y110.982 E.01073
G1 X111.116 Y111.36 E.01074
G1 X110.676 Y111.633 E.01073
G1 X110.172 Y111.75 E.01074
G1 X109.655 Y111.733 E.01073
G1 X109.171 Y111.551 E.01074
G1 X108.75 Y111.25 E.01073
G1 X108.449 Y110.829 E.01074
G1 X108.267 Y110.345 E.01073
G1 X108.25 Y109.827 E.01074
G1 X108.367 Y109.324 E.01073
G1 X108.641 Y108.884 E.01075
G1 X109.018 Y108.531 E.01072
G1 X109.493 Y108.316 E.0108
G1 X110 Y108.233 E.01067
G1 X110.458 Y108.305 E.00961
G1 X110.462 Y108.307 E.00009
G1 X110.505 Y107.891 F9000
M204 P1000
;TYPE:Outer wall
;WIDTH:0.419999
G1 F711
G1 X110.595 Y107.906 E.00175
G1 X111.035 Y108.081 E.00914
G1 X111.377 Y108.309 E.00792
G1 X111.684 Y108.614 E.00834
G1 X111.923 Y108.971 E.00827
G1 X112.087 Y109.366 E.00825
G1 X112.17 Y109.786 E.00825
G1 X112.149 Y110.428 E.01238
G1 X112.025 Y110.839 E.00828
G1 X111.822 Y111.217 E.00828
G1 X111.55 Y111.55 E.00828
G1 X111.217 Y111.822 E.00828
G1 X110.839 Y112.025 E.00828
G1 X110.428 Y112.149 E.00828
G1 X110 Y112.191 E.00828
G1 X109.572 Y112.149 E.00828
G1 X109.161 Y112.025 E.00828
G1 X108.783 Y111.822 E.00828
G1 X108.45 Y111.55 E.00828
G1 X108.178 Y111.217 E.00828
G1 X107.975 Y110.839 E.00828
G1 X107.851 Y110.428 E.00828
G1 X107.809 Y110 E.00828
G1 X107.851 Y109.572 E.00828
G1 X107.975 Y109.161 E.00828
G1 X108.178 Y108.783 E.00828
G1 X108.45 Y108.45 E.00828
G1 X108.783 Y108.178 E.00828
G1 X109.161 Y107.975 E.00828
G1 X109.572 Y107.851 E.00828
G1 X110 Y107.809 E.00828
G1 X110.466 Y107.884 E.00909
G1 E-.84 F2400
;WIPE_START
G1 F3600
G1 X110.595 Y107.906 E-.04717
G1 X111.035 Y108.081 E-.17064
G1 X111.364 Y108.3 E-.14219
;WIPE_END
G1 Z16.8 F9000
G1 X110.345 Y108.699 Z16.8
G1 Z16.4
G1 E1.2 F1800
M204 P2500
;TYPE:Internal solid infill
G1 F711
G1 X110 Y108.644 E.00672
G1 X109.607 Y108.709 E.00768
G1 X109.247 Y108.872 E.00762
G1 X108.956 Y109.144 E.00766
G1 X108.747 Y109.481 E.00764
G1 X108.657 Y109.868 E.00766
G1 X108.67 Y110.265 E.00765
G1 X108.81 Y110.636 E.00766
G1 X109.041 Y110.959 E.00765
G1 X109.364 Y111.19 E.00766
G1 X109.735 Y111.33 E.00765
G1 X110.132 Y111.343 E.00766
G1 X110.519 Y111.253 E.00765
G1 X110.856 Y111.043 E.00766
G1 X111.128 Y110.753 E.00765
G1 X111.292 Y110.391 E.00766
G1 X111.356 Y110 E.00765
G1 X111.253 Y109.481 E.0102
G1 X111.041 Y109.142 E.00771
G1 X110.753 Y108.872 E.0076
G1 X110.381 Y108.714 E.00779
G1 X110.376 Y109.118 F9000
G1 F711
G1 X110 Y109.04 E.00741
G1 X109.633 Y109.113 E.00722
G1 X109.321 Y109.321 E.00722
G1 X109.113 Y109.633 E.00722
G1 X109.04 Y110 E.00722
G1 X109.113 Y110.367 E.00722
G1 X109.321 Y110.679 E.00722
G1 X109.633 Y110.887 E.00722
G1 X110 Y110.96 E.00722
G1 X110.367 Y110.887 E.00722
G1 X110.679 Y110.679 E.00722
G1 X110.887 Y110.367 E.00722
G1 X110.96 Y110 E.00722
G1 X110.887 Y109.633 E.00722
G1 X110.679 Y109.321 E.00722
G1 X110.41 Y109.14 E.00625
G1 X110.182 Y109.981 F9000
;WIDTH:0.38785
G1 F711
G1 X110.102 Y109.847 E.00276
G1 X109.945 Y109.826 E.0028
G1 X109.83 Y109.93 E.00275
G1 X109.839 Y110.086 E.00278
G1 X109.964 Y110.18 E.00277
G1 X110.116 Y110.141 E.00278
G1 X110.175 Y110.019 E.00239
G1 X109.644 Y110.434 F9000
;WIDTH:0.419999
G1 F711
G1 X109.89 Y110.553 E.00526
G1 X110.163 Y110.537 E.00527
G1 X110.399 Y110.399 E.00526
G1 X110.537 Y110.162 E.00528
G1 X110.558 Y109.944 E.00422
G1 X110.469 Y109.687 E.00526
G1 X110.272 Y109.509 E.00511
G1 X110 Y109.436 E.00542
G1 X109.735 Y109.506 E.00529
G1 X109.531 Y109.687 E.00525
G1 X109.442 Y109.945 E.00527
G1 X109.479 Y110.216 E.00526
G1 X109.62 Y110.402 E.0045
; stop printing object JOYSTICK.stl id:15 copy 0
;LAYER_CHANGE
;Z:16.52
;HEIGHT:0.120001
;BEFORE_LAYER_CHANGE
;16.52
G92 E0

G1 E-.97778 F2400
;WIPE_START
G1 F10800
G1 X109.479 Y110.216 E-.05189
G1 X109.442 Y109.945 E-.06067
G1 X109.531 Y109.687 E-.06079
G1 X109.696 Y109.541 E-.04887
;WIPE_END
;_SET_FAN_SPEED_CHANGING_LAYER
; printing object JOYSTICK.stl id:15 copy 0
G17
G3 Z16.92 I1.017 J.669 P1  F9000
G1 X110.489 Y108.334 Z16.92
G1 Z16.52
G1 E1.2 F1800
M204 P2000
;TYPE:Inner wall
;WIDTH:0.449999
G1 F706
G1 X110.824 Y108.459 E.00741
G1 X111.241 Y108.759 E.01066
G1 X111.541 Y109.176 E.01066
G1 X111.722 Y109.658 E.01066
G1 X111.722 Y110.342 E.01421
G1 X111.541 Y110.824 E.01066
G1 X111.241 Y111.241 E.01066
G1 X110.824 Y111.541 E.01066
G1 X110.342 Y111.722 E.01066
G1 X109.829 Y111.739 E.01066
G1 X109.328 Y111.622 E.01066
G1 X108.892 Y111.35 E.01066
G1 X108.54 Y110.975 E.01066
G1 X108.328 Y110.507 E.01066
G1 X108.245 Y110 E.01066
G1 X108.328 Y109.493 E.01066
G1 X108.54 Y109.025 E.01066
G1 X108.892 Y108.65 E.01066
G1 X109.328 Y108.378 E.01066
G1 X109.829 Y108.261 E.01066
G1 X110.342 Y108.278 E.01066
G1 X110.452 Y108.319 E.00243
G1 X110.53 Y107.904 F9000
M204 P1000
;TYPE:Outer wall
;WIDTH:0.419999
G1 F706
G1 X110.63 Y107.924 E.00197
G1 X111.023 Y108.087 E.0082
G1 X111.376 Y108.323 E.0082
G1 X111.677 Y108.624 E.0082
G1 X111.913 Y108.977 E.0082
G1 X112.076 Y109.37 E.0082
G1 X112.159 Y109.787 E.0082
G1 X112.159 Y110.213 E.0082
G1 X112.076 Y110.63 E.0082
G1 X111.913 Y111.023 E.0082
G1 X111.677 Y111.376 E.0082
G1 X111.376 Y111.677 E.0082
G1 X111.023 Y111.913 E.0082
G1 X110.63 Y112.076 E.0082
G1 X110.213 Y112.159 E.0082
G1 X109.787 Y112.159 E.0082
G1 X109.37 Y112.076 E.0082
G1 X108.977 Y111.913 E.0082
G1 X108.624 Y111.677 E.0082
G1 X108.323 Y111.376 E.0082
G1 X108.087 Y111.023 E.0082
G1 X107.924 Y110.63 E.0082
G1 X107.841 Y110.213 E.0082
G1 X107.841 Y109.787 E.0082
G1 X107.924 Y109.37 E.0082
G1 X108.087 Y108.977 E.0082
G1 X108.323 Y108.624 E.0082
G1 X108.624 Y108.323 E.0082
G1 X108.977 Y108.087 E.0082
G1 X109.37 Y107.924 E.0082
G1 X109.787 Y107.841 E.0082
G1 X110.213 Y107.841 E.0082
G1 X110.49 Y107.897 E.00546
G1 E-.84 F2400
;WIPE_START
G1 F3600
G1 X110.63 Y107.924 E-.05112
G1 X111.023 Y108.087 E-.15308
G1 X111.376 Y108.323 E-.15307
G1 X111.381 Y108.329 E-.00273
;WIPE_END
G1 Z16.92 F9000
G1 X109.869 Y108.669 Z16.92
G1 Z16.52
G1 E1.2 F1800
M204 P2500
;TYPE:Internal solid infill
G1 F706
G1 X109.486 Y108.758 E.00759
G1 X109.151 Y108.966 E.00759
G1 X108.882 Y109.253 E.00759
G1 X108.72 Y109.612 E.00759
G1 X108.656 Y110 E.00759
G1 X108.72 Y110.388 E.00759
G1 X108.882 Y110.747 E.00759
G1 X109.151 Y111.034 E.00759
G1 X109.486 Y111.242 E.00759
G1 X109.869 Y111.331 E.00759
G1 X110.262 Y111.318 E.00759
G1 X110.631 Y111.18 E.00759
G1 X110.951 Y110.951 E.00759
G1 X111.18 Y110.631 E.00759
G1 X111.318 Y110.262 E.00759
G1 X111.318 Y109.738 E.01011
G1 X111.18 Y109.369 E.00759
G1 X110.951 Y109.049 E.00759
G1 X110.631 Y108.82 E.00759
G1 X110.262 Y108.682 E.00759
G1 X109.909 Y108.67 E.00682
G1 X109.07 Y109.815 F9000
G1 F706
G1 X109.07 Y110.185 E.00713
G1 X109.212 Y110.527 E.00713
G1 X109.473 Y110.788 E.00713
G1 X109.815 Y110.93 E.00713
G1 X110.185 Y110.93 E.00713
G1 X110.527 Y110.788 E.00713
G1 X110.788 Y110.527 E.00713
G1 X110.93 Y110.185 E.00713
G1 X110.93 Y109.815 E.00713
G1 X110.788 Y109.473 E.00713
G1 X110.527 Y109.212 E.00713
G1 X110.185 Y109.07 E.00713
G1 X109.815 Y109.07 E.00713
G1 X109.473 Y109.212 E.00713
G1 X109.212 Y109.473 E.00713
G1 X109.085 Y109.778 E.00636
G1 X110.175 Y110.017 F9000
;WIDTH:0.377877
G1 F706
G1 X110.125 Y109.875 E.0026
G1 X109.983 Y109.825 E.0026
G1 X109.853 Y109.902 E.0026
G1 X109.832 Y110.051 E.0026
G1 X109.932 Y110.163 E.0026
G1 X110.083 Y110.155 E.0026
G1 X110.16 Y110.053 E.00221
G1 X110.547 Y110.054 F9000
;WIDTH:0.419999
G1 F706
G1 X110.51 Y109.789 E.00516
G1 X110.348 Y109.575 E.00516
G1 X110.108 Y109.459 E.00516
G1 X109.841 Y109.474 E.00516
G1 X109.61 Y109.61 E.00516
G1 X109.474 Y109.841 E.00516
G1 X109.459 Y110.108 E.00516
G1 X109.575 Y110.348 E.00516
G1 X109.789 Y110.51 E.00516
G1 X110.054 Y110.547 E.00516
G1 X110.307 Y110.459 E.00516
G1 X110.484 Y110.259 E.00516
G1 X110.535 Y110.092 E.00336
; stop printing object JOYSTICK.stl id:15 copy 0
;LAYER_CHANGE
;Z:16.64
;HEIGHT:0.119999
;BEFORE_LAYER_CHANGE
;16.64
G92 E0

G1 E-.97778 F2400
;WIPE_START
G1 F10800
G1 X110.484 Y110.259 E-.03874
G1 X110.307 Y110.459 E-.05947
G1 X110.054 Y110.547 E-.05946
G1 X109.789 Y110.51 E-.05946
G1 X109.77 Y110.496 E-.0051
;WIPE_END
;_SET_FAN_SPEED_CHANGING_LAYER
; printing object JOYSTICK.stl id:15 copy 0
G17
G3 Z17.04 I1.155 J.383 P1  F9000
G1 X110.484 Y108.344 Z17.04
G1 Z16.64
G1 E1.2 F1800
M204 P2000
;TYPE:Inner wall
;WIDTH:0.449999
G1 F698
G1 X110.818 Y108.47 E.00741
G1 X111.233 Y108.767 E.01059
G1 X111.53 Y109.182 E.01059
G1 X111.71 Y109.66 E.01059
G1 X111.71 Y110.34 E.01411
G1 X111.53 Y110.818 E.01059
G1 X111.233 Y111.233 E.01059
G1 X110.818 Y111.53 E.01059
G1 X110.34 Y111.71 E.01059
G1 X109.83 Y111.727 E.01059
G1 X109.333 Y111.611 E.01059
G1 X108.899 Y111.341 E.01059
G1 X108.55 Y110.969 E.01059
G1 X108.339 Y110.504 E.01059
G1 X108.256 Y110 E.01059
G1 X108.339 Y109.496 E.01059
G1 X108.55 Y109.031 E.01059
G1 X108.899 Y108.659 E.01059
G1 X109.333 Y108.389 E.01059
G1 X109.83 Y108.273 E.01059
G1 X110.34 Y108.29 E.01059
G1 X110.446 Y108.33 E.00235
G1 X110.529 Y107.916 F9000
M204 P1000
;TYPE:Outer wall
;WIDTH:0.419999
G1 F698
G1 X110.626 Y107.936 E.00191
G1 X111.017 Y108.097 E.00815
G1 X111.369 Y108.332 E.00815
G1 X111.668 Y108.631 E.00815
G1 X111.903 Y108.983 E.00815
G1 X112.064 Y109.374 E.00815
G1 X112.147 Y109.789 E.00815
G1 X112.147 Y110.211 E.00815
G1 X112.064 Y110.626 E.00815
G1 X111.903 Y111.017 E.00815
G1 X111.668 Y111.369 E.00815
G1 X111.369 Y111.668 E.00815
G1 X111.017 Y111.903 E.00815
G1 X110.626 Y112.064 E.00815
G1 X110.211 Y112.147 E.00815
G1 X109.789 Y112.147 E.00815
G1 X109.374 Y112.064 E.00815
G1 X108.983 Y111.903 E.00815
G1 X108.631 Y111.668 E.00815
G1 X108.332 Y111.369 E.00815
G1 X108.097 Y111.017 E.00815
G1 X107.936 Y110.626 E.00815
G1 X107.853 Y110.211 E.00815
G1 X107.853 Y109.789 E.00815
G1 X107.936 Y109.374 E.00815
G1 X108.097 Y108.983 E.00815
G1 X108.332 Y108.631 E.00815
G1 X108.631 Y108.332 E.00815
G1 X108.983 Y108.097 E.00815
G1 X109.374 Y107.936 E.00815
G1 X109.789 Y107.853 E.00815
G1 X110.211 Y107.853 E.00815
G1 X110.49 Y107.908 E.00547
G1 E-.84 F2400
;WIPE_START
G1 F3600
G1 X110.626 Y107.936 E-.05012
G1 X111.017 Y108.097 E-.15225
G1 X111.369 Y108.332 E-.15225
G1 X111.379 Y108.343 E-.00538
;WIPE_END
G1 Z17.04 F9000
G1 X110.169 Y109.983 Z17.04
G1 Z16.64
G1 E1.2 F1800
M204 P2500
;TYPE:Internal solid infill
;WIDTH:0.366116
G1 F698
G1 X110.095 Y109.858 E.00243
G1 X109.951 Y109.837 E.00243
G1 X109.842 Y109.935 E.00243
G1 X109.85 Y110.08 E.00243
G1 X109.967 Y110.168 E.00243
G1 X110.108 Y110.132 E.00243
G1 X110.161 Y110.021 E.00204
G1 X109.465 Y109.947 F9000
;WIDTH:0.419999
G1 F698
G1 X109.501 Y110.207 E.00505
G1 X109.659 Y110.415 E.00505
G1 X109.895 Y110.53 E.00505
G1 X110.156 Y110.514 E.00505
G1 X110.382 Y110.382 E.00505
G1 X110.514 Y110.156 E.00505
G1 X110.535 Y109.947 E.00404
G1 X110.449 Y109.7 E.00505
G1 X110.253 Y109.526 E.00505
G1 X110 Y109.46 E.00505
G1 X109.747 Y109.526 E.00505
G1 X109.551 Y109.7 E.00505
G1 X109.478 Y109.91 E.00428
G1 X109.338 Y109.338 F9000
G1 F698
G1 X109.135 Y109.642 E.00704
G1 X109.064 Y110 E.00704
G1 X109.135 Y110.358 E.00704
G1 X109.338 Y110.662 E.00704
G1 X109.642 Y110.865 E.00704
G1 X110 Y110.936 E.00704
G1 X110.358 Y110.865 E.00704
G1 X110.662 Y110.662 E.00704
G1 X110.865 Y110.358 E.00704
G1 X110.936 Y110 E.00704
G1 X110.865 Y109.642 E.00704
G1 X110.662 Y109.338 E.00704
G1 X110.358 Y109.135 E.00704
G1 X110 Y109.064 E.00704
G1 X109.642 Y109.135 E.00704
G1 X109.371 Y109.316 E.00627
G1 X108.975 Y109.159 F9000
G1 F698
G1 X108.769 Y109.49 E.00752
G1 X108.68 Y109.87 E.00752
G1 X108.693 Y110.26 E.00752
G1 X108.831 Y110.625 E.00752
G1 X109.058 Y110.942 E.00752
G1 X109.375 Y111.169 E.00752
G1 X109.74 Y111.307 E.00752
G1 X110.13 Y111.32 E.00752
G1 X110.51 Y111.231 E.00752
G1 X110.841 Y111.025 E.00752
G1 X111.108 Y110.74 E.00752
G1 X111.269 Y110.385 E.00752
G1 X111.332 Y110 E.00752
G1 X111.231 Y109.49 E.01002
G1 X111.025 Y109.159 E.00752
G1 X110.74 Y108.892 E.00752
G1 X110.385 Y108.731 E.00752
G1 X110 Y108.668 E.00752
G1 X109.615 Y108.731 E.00752
G1 X109.26 Y108.892 E.00752
G1 X109.004 Y109.131 E.00675
; stop printing object JOYSTICK.stl id:15 copy 0
;LAYER_CHANGE
;Z:16.76
;HEIGHT:0.120001
;BEFORE_LAYER_CHANGE
;16.76
G92 E0

G1 E-.97778 F2400
;WIPE_START
G1 F10800
G1 X109.26 Y108.892 E-.07781
G1 X109.615 Y108.731 E-.08669
G1 X109.871 Y108.689 E-.05772
;WIPE_END
;_SET_FAN_SPEED_CHANGING_LAYER
; printing object JOYSTICK.stl id:15 copy 0
G17
G3 Z17.16 I.588 J1.066 P1  F9000
G1 X110.478 Y108.354 Z17.16
G1 Z16.76
G1 E1.2 F1800
M204 P2000
;TYPE:Inner wall
;WIDTH:0.449999
G1 F694
G1 X110.812 Y108.48 E.00741
G1 X111.225 Y108.775 E.01052
G1 X111.52 Y109.188 E.01052
G1 X111.699 Y109.662 E.01052
G1 X111.699 Y110.338 E.01402
G1 X111.52 Y110.812 E.01052
G1 X111.225 Y111.225 E.01052
G1 X110.812 Y111.52 E.01052
G1 X110.338 Y111.699 E.01052
G1 X109.831 Y111.715 E.01052
G1 X109.337 Y111.6 E.01052
G1 X108.907 Y111.332 E.01052
G1 X108.56 Y110.962 E.01052
G1 X108.351 Y110.5 E.01052
G1 X108.268 Y110 E.01052
G1 X108.351 Y109.5 E.01052
G1 X108.56 Y109.038 E.01052
G1 X108.907 Y108.668 E.01052
G1 X109.337 Y108.4 E.01052
G1 X109.831 Y108.285 E.01052
G1 X110.338 Y108.301 E.01052
G1 X110.441 Y108.34 E.00228
G1 X110.528 Y107.928 F9000
M204 P1000
;TYPE:Outer wall
;WIDTH:0.419999
G1 F694
G1 X110.623 Y107.947 E.00186
G1 X111.011 Y108.108 E.00811
G1 X111.361 Y108.341 E.00811
G1 X111.659 Y108.639 E.00811
G1 X111.892 Y108.989 E.00811
G1 X112.053 Y109.377 E.00811
G1 X112.135 Y109.79 E.00811
G1 X112.135 Y110.21 E.00811
G1 X112.053 Y110.623 E.00811
G1 X111.892 Y111.011 E.00811
G1 X111.659 Y111.361 E.00811
G1 X111.361 Y111.659 E.00811
G1 X111.011 Y111.892 E.00811
G1 X110.623 Y112.053 E.00811
G1 X110.21 Y112.135 E.00811
G1 X109.79 Y112.135 E.00811
G1 X109.377 Y112.053 E.00811
G1 X108.989 Y111.892 E.00811
G1 X108.639 Y111.659 E.00811
G1 X108.341 Y111.361 E.00811
G1 X108.108 Y111.011 E.00811
G1 X107.947 Y110.623 E.00811
G1 X107.865 Y110.21 E.00811
G1 X107.865 Y109.79 E.00811
G1 X107.947 Y109.377 E.00811
G1 X108.108 Y108.989 E.00811
G1 X108.341 Y108.639 E.00811
G1 X108.639 Y108.341 E.00811
G1 X108.989 Y108.108 E.00811
G1 X109.377 Y107.947 E.00811
G1 X109.79 Y107.865 E.00811
G1 X110.21 Y107.865 E.00811
G1 X110.489 Y107.92 E.00548
G1 E-.84 F2400
;WIPE_START
G1 F3600
G1 X110.623 Y107.947 E-.04908
G1 X111.011 Y108.108 E-.15142
G1 X111.361 Y108.341 E-.15141
G1 X111.377 Y108.357 E-.00808
;WIPE_END
G1 Z17.16 F9000
G1 X108.984 Y109.166 Z17.16
G1 Z16.76
G1 E1.2 F1800
M204 P2500
;TYPE:Internal solid infill
G1 F694
G1 X108.78 Y109.495 E.00745
G1 X108.692 Y109.871 E.00745
G1 X108.705 Y110.258 E.00745
G1 X108.841 Y110.62 E.00745
G1 X109.066 Y110.934 E.00745
G1 X109.38 Y111.159 E.00745
G1 X109.742 Y111.295 E.00745
G1 X110.129 Y111.308 E.00745
G1 X110.505 Y111.22 E.00745
G1 X110.834 Y111.016 E.00745
G1 X111.098 Y110.734 E.00745
G1 X111.258 Y110.382 E.00745
G1 X111.321 Y110 E.00745
G1 X111.22 Y109.495 E.00993
G1 X111.016 Y109.166 E.00745
G1 X110.734 Y108.902 E.00745
G1 X110.382 Y108.742 E.00745
G1 X110 Y108.679 E.00745
G1 X109.618 Y108.742 E.00745
G1 X109.266 Y108.902 E.00745
G1 X109.013 Y109.139 E.00668
G1 X109.666 Y110.406 F9000
G1 F694
G1 X109.897 Y110.518 E.00494
G1 X110.153 Y110.503 E.00494
G1 X110.374 Y110.374 E.00494
G1 X110.503 Y110.153 E.00494
G1 X110.523 Y109.948 E.00395
G1 X110.439 Y109.707 E.00494
G1 X110.248 Y109.536 E.00494
G1 X110 Y109.472 E.00494
G1 X109.752 Y109.536 E.00494
G1 X109.561 Y109.707 E.00494
G1 X109.477 Y109.948 E.00494
G1 X109.512 Y110.202 E.00494
G1 X109.642 Y110.375 E.00417
G1 X110.164 Y109.984 F9000
;WIDTH:0.354354
G1 F694
G1 X110.092 Y109.863 E.00226
G1 X109.952 Y109.843 E.00226
G1 X109.847 Y109.937 E.00226
G1 X109.855 Y110.077 E.00226
G1 X109.968 Y110.162 E.00226
G1 X110.104 Y110.127 E.00226
G1 X110.155 Y110.021 E.00188
G1 X110.924 Y110 F9000
;WIDTH:0.419999
G1 F694
G1 X110.854 Y109.646 E.00695
G1 X110.654 Y109.346 E.00695
G1 X110.354 Y109.146 E.00695
G1 X110 Y109.076 E.00695
G1 X109.646 Y109.146 E.00695
G1 X109.346 Y109.346 E.00695
G1 X109.146 Y109.646 E.00695
G1 X109.076 Y110 E.00695
G1 X109.146 Y110.354 E.00695
G1 X109.346 Y110.654 E.00695
G1 X109.646 Y110.854 E.00695
G1 X110 Y110.924 E.00695
G1 X110.354 Y110.854 E.00695
G1 X110.654 Y110.654 E.00695
G1 X110.854 Y110.354 E.00695
G1 X110.917 Y110.039 E.00618
; stop printing object JOYSTICK.stl id:15 copy 0
;LAYER_CHANGE
;Z:16.88
;HEIGHT:0.119999
;BEFORE_LAYER_CHANGE
;16.88
G92 E0

G1 E-.97778 F2400
;WIPE_START
G1 F10800
G1 X110.854 Y110.354 E-.07126
G1 X110.654 Y110.654 E-.08015
G1 X110.389 Y110.831 E-.0708
;WIPE_END
;_SET_FAN_SPEED_CHANGING_LAYER
; printing object JOYSTICK.stl id:15 copy 0
G17
G3 Z17.28 I1.216 J.04 P1  F9000
G1 X110.47 Y108.373 Z17.28
G1 Z16.88
G1 E1.2 F1800
M204 P2000
;TYPE:Inner wall
;WIDTH:0.449999
G1 F668
G1 X110.811 Y108.504 E.00758
G1 X111.209 Y108.791 E.01018
G1 X111.5 Y109.196 E.01035
G1 X111.677 Y109.666 E.01042
G1 X111.694 Y110.166 E.01037
G1 X111.629 Y110.494 E.00694
G1 X111.422 Y110.95 E.01038
G1 X111.079 Y111.316 E.01039
G1 X110.654 Y111.58 E.01038
G1 X110.167 Y111.694 E.01039
G1 X109.666 Y111.677 E.01038
G1 X109.198 Y111.501 E.01039
G1 X108.791 Y111.209 E.01038
G1 X108.499 Y110.802 E.01039
G1 X108.323 Y110.334 E.01038
G1 X108.306 Y109.833 E.01039
G1 X108.42 Y109.346 E.01038
G1 X108.684 Y108.921 E.01037
G1 X109.05 Y108.578 E.0104
G1 X109.504 Y108.372 E.01034
G1 X110 Y108.29 E.01043
G1 X110.428 Y108.357 E.00899
G1 X110.433 Y108.359 E.0001
G1 X110.506 Y107.949 F9000
M204 P1000
;TYPE:Outer wall
;WIDTH:0.419999
G1 F668
G1 X110.576 Y107.96 E.00137
G1 X111.01 Y108.132 E.00901
G1 X111.34 Y108.352 E.00764
G1 X111.64 Y108.65 E.00815
G1 X111.872 Y108.997 E.00806
G1 X112.032 Y109.382 E.00804
G1 X112.114 Y109.791 E.00803
G1 X112.093 Y110.416 E.01206
G1 X111.972 Y110.817 E.00806
G1 X111.775 Y111.186 E.00806
G1 X111.509 Y111.509 E.00807
G1 X111.186 Y111.775 E.00806
G1 X110.817 Y111.972 E.00806
G1 X110.416 Y112.093 E.00806
G1 X110 Y112.134 E.00806
G1 X109.584 Y112.093 E.00806
G1 X109.183 Y111.972 E.00806
G1 X108.814 Y111.775 E.00806
G1 X108.491 Y111.509 E.00807
G1 X108.225 Y111.186 E.00807
G1 X108.028 Y110.817 E.00806
G1 X107.907 Y110.416 E.00806
G1 X107.866 Y110 E.00806
G1 X107.907 Y109.584 E.00806
G1 X108.028 Y109.183 E.00806
G1 X108.225 Y108.814 E.00806
G1 X108.491 Y108.491 E.00807
G1 X108.814 Y108.225 E.00807
G1 X109.183 Y108.028 E.00806
G1 X109.584 Y107.907 E.00806
G1 X110 Y107.866 E.00806
G1 X110.466 Y107.942 E.00911
G1 E-.84 F2400
;WIPE_START
G1 F3600
G1 X110.576 Y107.96 E-.03991
G1 X111.01 Y108.132 E-.16819
G1 X111.34 Y108.352 E-.14265
G1 X111.358 Y108.37 E-.00925
;WIPE_END
G1 Z17.28 F9000
G1 X110.32 Y110.39 Z17.28
G1 Z16.88
G1 E1.2 F1800
M204 P2500
;TYPE:Internal solid infill
G1 F668
G1 X110.468 Y110.194 E.00473
G1 X110.502 Y110.049 E.00287
G1 X110.468 Y109.806 E.00472
G1 X110.312 Y109.604 E.00492
G1 X110.069 Y109.5 E.00509
G1 X109.806 Y109.532 E.00511
G1 X109.61 Y109.681 E.00475
G1 X109.503 Y109.901 E.00472
G1 X109.518 Y110.147 E.00474
G1 X109.642 Y110.358 E.00473
G1 X109.854 Y110.483 E.00474
G1 X110.099 Y110.497 E.00473
G1 X110.284 Y110.407 E.00397
G1 X110.143 Y109.111 F9000
G1 F668
G1 X109.824 Y109.115 E.00615
G1 X109.498 Y109.249 E.00679
G1 X109.249 Y109.498 E.00679
G1 X109.115 Y109.824 E.00679
G1 X109.115 Y110.176 E.00679
G1 X109.249 Y110.502 E.00679
G1 X109.498 Y110.751 E.00679
G1 X109.824 Y110.885 E.00679
G1 X110.176 Y110.885 E.00679
G1 X110.502 Y110.751 E.00679
G1 X110.751 Y110.502 E.00679
G1 X110.885 Y110.176 E.00679
G1 X110.885 Y109.824 E.00679
G1 X110.751 Y109.498 E.00679
G1 X110.502 Y109.249 E.00679
G1 X110.18 Y109.126 E.00664
G1 X110.316 Y108.751 F9000
G1 F668
G1 X110 Y108.701 E.00617
G1 X109.503 Y108.8 E.00977
G1 X109.082 Y109.082 E.00977
G1 X108.8 Y109.503 E.00977
G1 X108.701 Y110 E.00977
G1 X108.8 Y110.497 E.00977
G1 X109.082 Y110.918 E.00977
G1 X109.503 Y111.2 E.00977
G1 X110 Y111.299 E.00977
G1 X110.497 Y111.2 E.00977
G1 X110.918 Y110.918 E.00977
G1 X111.2 Y110.497 E.00977
G1 X111.286 Y110.126 E.00734
G1 X111.274 Y109.747 E.00732
G1 X111.08 Y109.278 E.00977
G1 X110.722 Y108.92 E.00977
G1 X110.353 Y108.766 E.0077
; stop printing object JOYSTICK.stl id:15 copy 0
;LAYER_CHANGE
;Z:17
;HEIGHT:0.120001
;BEFORE_LAYER_CHANGE
;17
G92 E0

G1 E-.97778 F2400
;WIPE_START
G1 F10800
G1 X110.722 Y108.92 E-.08873
G1 X111.08 Y109.278 E-.11263
G1 X111.116 Y109.365 E-.02086
;WIPE_END
;_SET_FAN_SPEED_CHANGING_LAYER
; printing object JOYSTICK.stl id:15 copy 0
G17
G3 Z17.4 I1.002 J-.691 P1  F9000
G1 X110.455 Y108.407 Z17.4
G1 Z17
G1 E1.2 F1800
M204 P2000
;TYPE:Inner wall
;WIDTH:0.449999
G1 F656
G1 X110.785 Y108.531 E.00731
G1 X111.184 Y108.816 E.01017
G1 X111.469 Y109.215 E.01017
G1 X111.642 Y109.673 E.01017
G1 X111.642 Y110.327 E.01355
G1 X111.469 Y110.785 E.01016
G1 X111.184 Y111.184 E.01017
G1 X110.785 Y111.469 E.01017
G1 X110.327 Y111.642 E.01016
G1 X109.837 Y111.658 E.01016
G1 X109.359 Y111.546 E.01017
G1 X108.943 Y111.288 E.01016
G1 X108.608 Y110.93 E.01017
G1 X108.406 Y110.484 E.01016
G1 X108.326 Y110 E.01017
G1 X108.406 Y109.516 E.01017
G1 X108.608 Y109.07 E.01016
G1 X108.943 Y108.712 E.01017
G1 X109.359 Y108.454 E.01016
G1 X109.837 Y108.342 E.01017
G1 X110.327 Y108.358 E.01017
G1 X110.418 Y108.393 E.00202
G1 X110.521 Y107.985 F9000
M204 P1000
;TYPE:Outer wall
;WIDTH:0.419999
G1 F656
G1 X110.606 Y108.002 E.00168
G1 X110.984 Y108.159 E.00789
G1 X111.324 Y108.386 E.00789
G1 X111.614 Y108.676 E.00789
G1 X111.841 Y109.016 E.00789
G1 X111.998 Y109.394 E.00789
G1 X112.078 Y109.795 E.00789
G1 X112.078 Y110.205 E.00789
G1 X111.998 Y110.606 E.00789
G1 X111.841 Y110.984 E.00789
G1 X111.614 Y111.324 E.00789
G1 X111.324 Y111.614 E.00789
G1 X110.984 Y111.841 E.00789
G1 X110.606 Y111.998 E.00789
G1 X110.205 Y112.078 E.00789
G1 X109.795 Y112.078 E.00789
G1 X109.394 Y111.998 E.00789
G1 X109.016 Y111.841 E.00789
G1 X108.676 Y111.614 E.00789
G1 X108.386 Y111.324 E.00789
G1 X108.159 Y110.984 E.00789
G1 X108.002 Y110.606 E.00789
G1 X107.922 Y110.205 E.00789
G1 X107.922 Y109.795 E.00789
G1 X108.002 Y109.394 E.00789
G1 X108.159 Y109.016 E.00789
G1 X108.386 Y108.676 E.00789
G1 X108.676 Y108.386 E.00789
G1 X109.016 Y108.159 E.00789
G1 X109.394 Y108.002 E.00789
G1 X109.795 Y107.922 E.00789
G1 X110.205 Y107.922 E.00789
G1 X110.482 Y107.977 E.00544
G1 E-.84 F2400
;WIPE_START
G1 F3600
G1 X110.606 Y108.002 E-.04571
G1 X110.984 Y108.159 E-.14734
G1 X111.324 Y108.386 E-.14733
G1 X111.363 Y108.425 E-.01961
;WIPE_END
G1 Z17.4 F9000
G1 X108.95 Y110.701 Z17.4
G1 Z17
G1 E1.2 F1800
M204 P2500
;TYPE:Internal solid infill
G1 F656
G1 X109.299 Y111.05 E.0095
G1 X109.754 Y111.238 E.0095
G1 X110.246 Y111.238 E.0095
G1 X110.701 Y111.05 E.0095
G1 X111.05 Y110.701 E.0095
G1 X111.238 Y110.246 E.0095
G1 X111.238 Y109.754 E.0095
G1 X111.05 Y109.299 E.0095
G1 X110.701 Y108.95 E.0095
G1 X110.246 Y108.762 E.0095
G1 X109.754 Y108.762 E.0095
G1 X109.299 Y108.95 E.0095
G1 X108.95 Y109.299 E.0095
G1 X108.762 Y109.754 E.0095
G1 X108.762 Y110.246 E.0095
G1 X108.935 Y110.664 E.00872
G1 X109.453 Y109.334 F9000
G1 F656
G1 X109.24 Y109.594 E.00648
G1 X109.142 Y109.916 E.00648
G1 X109.175 Y110.25 E.00648
G1 X109.334 Y110.547 E.00648
G1 X109.594 Y110.76 E.00648
G1 X109.916 Y110.858 E.00648
G1 X110.25 Y110.825 E.00648
G1 X110.547 Y110.666 E.00648
G1 X110.76 Y110.406 E.00648
G1 X110.858 Y110.084 E.00648
G1 X110.825 Y109.75 E.00648
G1 X110.666 Y109.453 E.00648
G1 X110.406 Y109.24 E.00648
G1 X110.085 Y109.142 E.00648
G1 X109.75 Y109.175 E.00648
G1 X109.488 Y109.315 E.00571
G1 X110.034 Y109.941 F9000
;WIDTH:0.567384
G1 F656
G1 X109.966 Y109.941 E.00179
G1 X109.932 Y110 E.00179
G1 X109.966 Y110.059 E.00179
G1 X110.034 Y110.059 E.00179
G1 X110.048 Y110.035 E.00073
G1 X110.466 Y110.046 F9000
;WIDTH:0.419999
G1 F656
G1 X110.434 Y109.82 E.00439
G1 X110.261 Y109.609 E.00526
G1 X110 Y109.53 E.00526
G1 X109.739 Y109.609 E.00526
G1 X109.566 Y109.82 E.00526
G1 X109.539 Y110.092 E.00526
G1 X109.668 Y110.332 E.00526
G1 X109.908 Y110.461 E.00526
G1 X110.18 Y110.434 E.00526
G1 X110.391 Y110.261 E.00526
G1 X110.453 Y110.084 E.00362
; stop printing object JOYSTICK.stl id:15 copy 0
;LAYER_CHANGE
;Z:17.12
;HEIGHT:0.120001
;BEFORE_LAYER_CHANGE
;17.12
G92 E0

G1 E-.97778 F2400
;WIPE_START
G1 F10800
G1 X110.391 Y110.261 E-.04177
G1 X110.18 Y110.434 E-.06067
G1 X109.908 Y110.461 E-.06067
G1 X109.674 Y110.336 E-.05912
;WIPE_END
;_SET_FAN_SPEED_CHANGING_LAYER
; printing object JOYSTICK.stl id:15 copy 0
G17
G3 Z17.52 I1.128 J.457 P1  F9000
G1 X110.441 Y108.44 Z17.52
G1 Z17.12
G1 E1.2 F1800
M204 P2000
;TYPE:Inner wall
;WIDTH:0.449999
G1 F637
G1 X110.768 Y108.563 E.00724
G1 X111.158 Y108.842 E.00994
G1 X111.437 Y109.232 E.00994
G1 X111.606 Y109.681 E.00994
G1 X111.606 Y110.319 E.01325
G1 X111.437 Y110.768 E.00994
G1 X111.158 Y111.158 E.00994
G1 X110.768 Y111.437 E.00994
G1 X110.319 Y111.606 E.00994
G1 X109.84 Y111.622 E.00994
G1 X109.373 Y111.513 E.00994
G1 X108.966 Y111.26 E.00994
G1 X108.639 Y110.91 E.00994
G1 X108.441 Y110.473 E.00994
G1 X108.363 Y110 E.00994
G1 X108.441 Y109.527 E.00994
G1 X108.639 Y109.09 E.00994
G1 X108.966 Y108.74 E.00994
G1 X109.373 Y108.487 E.00994
G1 X109.84 Y108.378 E.00994
G1 X110.319 Y108.394 E.00994
G1 X110.404 Y108.426 E.00187
G1 X110.516 Y108.021 F9000
M204 P1000
;TYPE:Outer wall
;WIDTH:0.419999
G1 F637
G1 X110.596 Y108.037 E.00157
G1 X110.967 Y108.191 E.00775
G1 X111.301 Y108.414 E.00775
G1 X111.586 Y108.698 E.00775
G1 X111.809 Y109.033 E.00775
G1 X111.963 Y109.404 E.00775
G1 X112.042 Y109.799 E.00775
G1 X112.042 Y110.201 E.00775
G1 X111.963 Y110.596 E.00775
G1 X111.809 Y110.967 E.00775
G1 X111.586 Y111.301 E.00775
G1 X111.302 Y111.586 E.00775
G1 X110.967 Y111.809 E.00775
G1 X110.596 Y111.963 E.00775
G1 X110.201 Y112.042 E.00775
G1 X109.799 Y112.042 E.00775
G1 X109.404 Y111.963 E.00775
G1 X109.033 Y111.809 E.00775
G1 X108.699 Y111.586 E.00775
G1 X108.414 Y111.302 E.00775
G1 X108.191 Y110.967 E.00775
G1 X108.037 Y110.596 E.00775
G1 X107.958 Y110.201 E.00775
G1 X107.958 Y109.799 E.00775
G1 X108.037 Y109.404 E.00775
G1 X108.191 Y109.033 E.00775
G1 X108.414 Y108.699 E.00775
G1 X108.698 Y108.414 E.00775
G1 X109.033 Y108.191 E.00775
G1 X109.404 Y108.037 E.00775
G1 X109.799 Y107.958 E.00775
G1 X110.201 Y107.958 E.00775
G1 X110.476 Y108.013 E.00541
G1 E-.84 F2400
;WIPE_START
G1 F3600
G1 X110.596 Y108.037 E-.04373
G1 X110.967 Y108.191 E-.14479
G1 X111.301 Y108.414 E-.14478
G1 X111.354 Y108.467 E-.02671
;WIPE_END
G1 Z17.52 F9000
G1 X110 Y111.226 Z17.52
G1 Z17.12
G1 E1.2 F1800
M204 P2500
;TYPE:Internal solid infill
G1 F637
G1 X110.469 Y111.133 E.00922
G1 X110.867 Y110.867 E.00922
G1 X111.133 Y110.469 E.00922
G1 X111.226 Y110 E.00922
G1 X111.133 Y109.531 E.00922
G1 X110.867 Y109.133 E.00922
G1 X110.469 Y108.867 E.00922
G1 X110 Y108.774 E.00922
G1 X109.531 Y108.867 E.00922
G1 X109.133 Y109.133 E.00922
G1 X108.867 Y109.531 E.00922
G1 X108.774 Y110 E.00922
G1 X108.867 Y110.469 E.00922
G1 X109.133 Y110.867 E.00922
G1 X109.531 Y111.133 E.00922
G1 X109.961 Y111.218 E.00845
G1 X110.029 Y109.949 F9000
;WIDTH:0.494926
G1 F637
G1 X109.971 Y109.949 E.00135
G1 X109.941 Y110 E.00135
G1 X109.971 Y110.051 E.00135
G1 X110.029 Y110.051 E.00135
G1 X110.039 Y110.035 E.00043
G1 X110.43 Y109.958 F9000
;WIDTH:0.419999
G1 F637
G1 X110.361 Y109.759 E.00405
G1 X110.166 Y109.599 E.00485
G1 X109.915 Y109.575 E.00485
G1 X109.693 Y109.693 E.00485
G1 X109.575 Y109.915 E.00485
G1 X109.599 Y110.166 E.00485
G1 X109.759 Y110.361 E.00485
G1 X110 Y110.434 E.00485
G1 X110.241 Y110.361 E.00485
G1 X110.401 Y110.166 E.00485
G1 X110.424 Y109.997 E.00328
G1 X110.524 Y109.362 F9000
G1 F637
G1 X110.24 Y109.21 E.00621
G1 X109.919 Y109.178 E.00621
G1 X109.611 Y109.272 E.00621
G1 X109.362 Y109.476 E.00621
G1 X109.21 Y109.76 E.00621
G1 X109.178 Y110.081 E.00621
G1 X109.272 Y110.389 E.00621
G1 X109.476 Y110.638 E.00621
G1 X109.76 Y110.79 E.00621
G1 X110.081 Y110.822 E.00621
G1 X110.389 Y110.728 E.00621
G1 X110.638 Y110.524 E.00621
G1 X110.79 Y110.24 E.00621
G1 X110.822 Y109.919 E.00621
G1 X110.728 Y109.611 E.00621
G1 X110.549 Y109.392 E.00544
; stop printing object JOYSTICK.stl id:15 copy 0
;LAYER_CHANGE
;Z:17.24
;HEIGHT:0.119999
;BEFORE_LAYER_CHANGE
;17.24
G92 E0

G1 E-.97778 F2400
;WIPE_START
G1 F10800
G1 X110.728 Y109.611 E-.06274
G1 X110.822 Y109.919 E-.07161
G1 X110.79 Y110.24 E-.07162
G1 X110.756 Y110.304 E-.01625
;WIPE_END
;_SET_FAN_SPEED_CHANGING_LAYER
; printing object JOYSTICK.stl id:15 copy 0
G17
G3 Z17.64 I1.198 J-.215 P1  F9000
G1 X110.427 Y108.473 Z17.64
G1 Z17.24
G1 E1.2 F1800
M204 P2000
;TYPE:Inner wall
;WIDTH:0.449999
G1 F614
G1 X110.748 Y108.593 E.00709
G1 X111.132 Y108.868 E.00981
G1 X111.405 Y109.248 E.00971
G1 X111.57 Y109.688 E.00974
G1 X111.57 Y110.312 E.01296
G1 X111.405 Y110.751 E.00972
G1 X111.132 Y111.132 E.00973
G1 X110.751 Y111.405 E.00972
G1 X110.312 Y111.57 E.00973
G1 X109.844 Y111.586 E.00972
G1 X109.387 Y111.479 E.00973
G1 X108.989 Y111.232 E.00972
G1 X108.669 Y110.889 E.00973
G1 X108.475 Y110.463 E.00972
G1 X108.399 Y110 E.00973
G1 X108.475 Y109.538 E.00971
G1 X108.669 Y109.111 E.00973
G1 X108.988 Y108.77 E.00969
G1 X109.387 Y108.521 E.00976
G1 X109.843 Y108.419 E.00968
G1 X110.312 Y108.43 E.00975
G1 X110.39 Y108.459 E.00172
G1 X110.498 Y108.055 F9000
M204 P1000
;TYPE:Outer wall
;WIDTH:0.419999
G1 F614
G1 X110.573 Y108.068 E.00147
G1 X110.946 Y108.221 E.00778
G1 X111.277 Y108.441 E.00765
G1 X111.557 Y108.721 E.00763
G1 X111.777 Y109.049 E.00762
G1 X111.928 Y109.414 E.00762
G1 X112.006 Y109.802 E.00762
G1 X111.986 Y110.395 E.01144
G1 X111.871 Y110.775 E.00765
G1 X111.684 Y111.125 E.00765
G1 X111.432 Y111.432 E.00765
G1 X111.125 Y111.684 E.00765
G1 X110.775 Y111.871 E.00765
G1 X110.395 Y111.986 E.00765
G1 X110 Y112.025 E.00765
G1 X109.605 Y111.986 E.00765
G1 X109.225 Y111.871 E.00765
G1 X108.875 Y111.684 E.00765
G1 X108.568 Y111.432 E.00765
G1 X108.316 Y111.125 E.00765
G1 X108.129 Y110.775 E.00765
G1 X108.014 Y110.395 E.00765
G1 X107.975 Y110 E.00765
G1 X108.014 Y109.605 E.00765
G1 X108.129 Y109.225 E.00765
G1 X108.316 Y108.875 E.00765
G1 X108.568 Y108.568 E.00765
G1 X108.875 Y108.316 E.00765
G1 X109.225 Y108.129 E.00765
G1 X109.603 Y108.014 E.00762
G1 X110.042 Y107.979 E.00849
G1 X110.458 Y108.049 E.00813
G1 E-.84 F2400
;WIPE_START
G1 F3600
G1 X110.573 Y108.068 E-.04179
G1 X110.946 Y108.221 E-.14534
G1 X111.277 Y108.441 E-.14294
G1 X111.336 Y108.5 E-.02993
;WIPE_END
G1 Z17.64 F9000
G1 X110.04 Y110.393 Z17.64
G1 Z17.24
G1 E1.2 F1800
M204 P2500
;TYPE:Internal solid infill
G1 F614
G1 X110.252 Y110.305 E.00443
G1 X110.379 Y110.113 E.00444
G1 X110.346 Y109.808 E.00591
G1 X110.192 Y109.654 E.00419
G1 X109.878 Y109.624 E.00608
G1 X109.692 Y109.751 E.00435
G1 X109.606 Y109.963 E.0044
G1 X109.652 Y110.187 E.00442
G1 X109.814 Y110.349 E.00442
G1 X110 Y110.386 E.00366
G1 X110 Y109.212 F9000
G1 F614
G1 X109.696 Y109.267 E.00594
G1 X109.439 Y109.439 E.00597
G1 X109.267 Y109.696 E.00597
G1 X109.206 Y110 E.00597
G1 X109.267 Y110.304 E.00597
G1 X109.439 Y110.561 E.00597
G1 X109.696 Y110.733 E.00597
G1 X110 Y110.794 E.00597
G1 X110.304 Y110.733 E.00597
G1 X110.561 Y110.561 E.00597
G1 X110.733 Y110.304 E.00597
G1 X110.786 Y110.075 E.00452
G1 X110.755 Y109.767 E.00597
G1 X110.603 Y109.49 E.00607
G1 X110.395 Y109.316 E.00524
G1 X110.038 Y109.222 E.00711
G1 X110.333 Y108.878 F9000
G1 F614
G1 X110.024 Y108.815 E.00607
G1 X109.646 Y108.87 E.00737
G1 X109.339 Y109.011 E.00651
G1 X109.011 Y109.339 E.00895
G1 X108.833 Y109.768 E.00895
G1 X108.833 Y110.232 E.00895
G1 X109.011 Y110.661 E.00895
G1 X109.339 Y110.989 E.00895
G1 X109.768 Y111.167 E.00895
G1 X110.232 Y111.167 E.00895
G1 X110.661 Y110.989 E.00895
G1 X110.989 Y110.661 E.00895
G1 X111.167 Y110.232 E.00895
G1 X111.167 Y109.768 E.00895
G1 X110.989 Y109.339 E.00895
G1 X110.661 Y109.011 E.00895
G1 X110.37 Y108.893 E.00605
; stop printing object JOYSTICK.stl id:15 copy 0
;LAYER_CHANGE
;Z:17.36
;HEIGHT:0.120001
;BEFORE_LAYER_CHANGE
;17.36
G92 E0

G1 E-.97778 F2400
;WIPE_START
G1 F10800
G1 X110.661 Y109.011 E-.06978
G1 X110.989 Y109.339 E-.10316
G1 X111.074 Y109.544 E-.04928
;WIPE_END
;_SET_FAN_SPEED_CHANGING_LAYER
; printing object JOYSTICK.stl id:15 copy 0
G17
G3 Z17.76 I1.019 J-.665 P1  F9000
G1 X110.408 Y108.523 Z17.76
G1 Z17.36
G1 E1.2 F1800
M204 P2000
;TYPE:Inner wall
;WIDTH:0.449999
G1 F600
G1 X110.726 Y108.642 E.00703
G1 X111.094 Y108.906 E.00939
G1 X111.358 Y109.274 E.00939
G1 X111.517 Y109.698 E.00939
G1 X111.517 Y110.302 E.01252
G1 X111.358 Y110.726 E.00939
G1 X111.094 Y111.094 E.00939
G1 X110.726 Y111.358 E.00939
G1 X110.302 Y111.517 E.00939
G1 X109.849 Y111.532 E.00939
G1 X109.408 Y111.429 E.00939
G1 X109.023 Y111.19 E.00939
G1 X108.714 Y110.859 E.00939
G1 X108.527 Y110.447 E.00939
G1 X108.453 Y110 E.00939
G1 X108.527 Y109.553 E.00939
G1 X108.714 Y109.141 E.00939
G1 X109.023 Y108.81 E.00939
G1 X109.408 Y108.571 E.00939
G1 X109.849 Y108.468 E.00939
G1 X110.302 Y108.483 E.00939
G1 X110.371 Y108.509 E.00153
G1 X110.506 Y108.11 F9000
M204 P1000
;TYPE:Outer wall
;WIDTH:0.419999
G1 F600
G1 X110.569 Y108.123 E.00124
G1 X110.925 Y108.27 E.00741
G1 X111.244 Y108.484 E.00741
G1 X111.516 Y108.756 E.00741
G1 X111.73 Y109.075 E.00741
G1 X111.877 Y109.431 E.00741
G1 X111.952 Y109.808 E.00741
G1 X111.952 Y110.192 E.00741
G1 X111.877 Y110.569 E.00741
G1 X111.73 Y110.925 E.00741
G1 X111.516 Y111.244 E.00741
G1 X111.244 Y111.516 E.00741
G1 X110.925 Y111.73 E.00741
G1 X110.569 Y111.877 E.00741
G1 X110.192 Y111.952 E.00741
G1 X109.808 Y111.952 E.00741
G1 X109.431 Y111.877 E.00741
G1 X109.075 Y111.73 E.00741
G1 X108.756 Y111.516 E.00741
G1 X108.484 Y111.244 E.00741
G1 X108.27 Y110.925 E.00741
G1 X108.123 Y110.569 E.00741
G1 X108.048 Y110.192 E.00741
G1 X108.048 Y109.808 E.00741
G1 X108.123 Y109.431 E.00741
G1 X108.27 Y109.075 E.00741
G1 X108.484 Y108.756 E.00741
G1 X108.756 Y108.484 E.00741
G1 X109.075 Y108.27 E.00741
G1 X109.431 Y108.123 E.00741
G1 X109.808 Y108.048 E.00741
G1 X110.192 Y108.048 E.00741
G1 X110.467 Y108.103 E.0054
G1 E-.84 F2400
;WIPE_START
G1 F3600
G1 X110.569 Y108.123 E-.03759
G1 X110.925 Y108.27 E-.13842
G1 X111.244 Y108.484 E-.13843
G1 X111.334 Y108.573 E-.04557
;WIPE_END
G1 Z17.76 F9000
G1 X111.114 Y109.778 Z17.76
G1 Z17.36
G1 E1.2 F1800
M204 P2500
;TYPE:Internal solid infill
G1 F600
G1 X110.944 Y109.369 E.00854
G1 X110.631 Y109.056 E.00854
G1 X110.222 Y108.886 E.00854
G1 X109.778 Y108.886 E.00854
G1 X109.369 Y109.056 E.00854
G1 X109.056 Y109.369 E.00854
G1 X108.886 Y109.778 E.00854
G1 X108.886 Y110.222 E.00854
G1 X109.056 Y110.631 E.00854
G1 X109.369 Y110.944 E.00854
G1 X109.778 Y111.114 E.00854
G1 X110.222 Y111.114 E.00854
G1 X110.631 Y110.944 E.00854
G1 X110.944 Y110.631 E.00854
G1 X111.114 Y110.222 E.00854
G1 X111.114 Y109.818 E.00777
G1 X109.829 Y110.208 F9000
;WIDTH:0.56449
G1 F600
G1 X110 Y110.271 E.00479
G1 X110.171 Y110.208 E.00479
G1 X110.265 Y110.053 E.00479
G1 X110.225 Y109.85 E.00546
G1 X110.078 Y109.742 E.00479
G1 X109.896 Y109.75 E.00479
G1 X109.762 Y109.873 E.00479
G1 X109.735 Y110.053 E.00479
G1 X109.808 Y110.174 E.00374
G1 X109.533 Y109.431 F9000
;WIDTH:0.419999
G1 F600
G1 X109.351 Y109.653 E.00553
G1 X109.268 Y109.928 E.00553
G1 X109.296 Y110.214 E.00553
G1 X109.431 Y110.467 E.00553
G1 X109.653 Y110.649 E.00553
G1 X109.928 Y110.732 E.00553
G1 X110.214 Y110.704 E.00553
G1 X110.467 Y110.569 E.00553
G1 X110.649 Y110.347 E.00553
G1 X110.732 Y110.072 E.00553
G1 X110.704 Y109.786 E.00553
G1 X110.569 Y109.533 E.00553
G1 X110.347 Y109.351 E.00553
G1 X110.072 Y109.268 E.00553
G1 X109.786 Y109.296 E.00553
G1 X109.568 Y109.412 E.00476
; stop printing object JOYSTICK.stl id:15 copy 0
;LAYER_CHANGE
;Z:17.48
;HEIGHT:0.119999
;BEFORE_LAYER_CHANGE
;17.48
G92 E0

G1 E-.97778 F2400
;WIPE_START
G1 F10800
G1 X109.786 Y109.296 E-.05491
G1 X110.072 Y109.268 E-.06381
G1 X110.347 Y109.351 E-.06381
G1 X110.485 Y109.464 E-.0397
;WIPE_END
;_SET_FAN_SPEED_CHANGING_LAYER
; printing object JOYSTICK.stl id:15 copy 0
G17
G3 Z17.88 I1.208 J-.146 P1  F9000
G1 X110.378 Y108.579 Z17.88
G1 Z17.48
G1 E1.2 F1800
M204 P2000
;TYPE:Inner wall
;WIDTH:0.449999
G1 F600
G1 X110.696 Y108.699 E.00704
G1 X111.048 Y108.952 E.009
G1 X111.301 Y109.304 E.009
G1 X111.454 Y109.711 E.009
G1 X111.454 Y110.289 E.012
G1 X111.301 Y110.696 E.009
G1 X111.048 Y111.048 E.009
G1 X110.696 Y111.301 E.009
G1 X110.289 Y111.454 E.009
G1 X109.855 Y111.468 E.009
G1 X109.433 Y111.37 E.009
G1 X109.064 Y111.141 E.009
G1 X108.767 Y110.824 E.009
G1 X108.588 Y110.428 E.009
G1 X108.517 Y110 E.009
G1 X108.588 Y109.572 E.009
G1 X108.767 Y109.176 E.009
G1 X109.064 Y108.859 E.009
G1 X109.433 Y108.63 E.009
G1 X109.855 Y108.532 E.009
G1 X110.289 Y108.546 E.009
G1 X110.34 Y108.565 E.00114
G1 X110.525 Y108.187 F9000
M204 P1000
;TYPE:Outer wall
;WIDTH:0.419999
G1 F600
G1 X110.895 Y108.326 E.0076
G1 X111.348 Y108.652 E.01076
G1 X111.674 Y109.105 E.01076
G1 X111.87 Y109.628 E.01076
G1 X111.87 Y110.372 E.01434
G1 X111.674 Y110.895 E.01076
G1 X111.348 Y111.348 E.01076
G1 X110.895 Y111.674 E.01076
G1 X110.372 Y111.87 E.01076
G1 X109.814 Y111.889 E.01076
G1 X109.27 Y111.762 E.01076
G1 X108.796 Y111.467 E.01076
G1 X108.415 Y111.059 E.01076
G1 X108.184 Y110.551 E.01076
G1 X108.093 Y110 E.01076
G1 X108.184 Y109.449 E.01076
G1 X108.415 Y108.941 E.01076
G1 X108.796 Y108.533 E.01076
G1 X109.27 Y108.238 E.01076
G1 X109.814 Y108.111 E.01076
G1 X110.372 Y108.13 E.01076
G1 X110.488 Y108.173 E.00239
G1 E-.84 F2400
;WIPE_START
G1 F3600
G1 X110.895 Y108.326 E-.15643
G1 X111.348 Y108.652 E-.20099
G1 X111.353 Y108.657 E-.00258
;WIPE_END
G1 Z17.88 F9000
G1 X110 Y108.931 Z17.88
G1 Z17.48
G1 E1.2 F1800
M204 P2500
;TYPE:Internal solid infill
G1 F600
G1 X109.591 Y109.013 E.00804
G1 X109.244 Y109.244 E.00804
G1 X109.013 Y109.591 E.00804
G1 X108.931 Y110 E.00804
G1 X109.013 Y110.409 E.00804
G1 X109.244 Y110.756 E.00804
G1 X109.591 Y110.987 E.00804
G1 X110 Y111.069 E.00804
G1 X110.409 Y110.987 E.00804
G1 X110.756 Y110.756 E.00804
G1 X110.987 Y110.409 E.00804
G1 X111.069 Y110 E.00804
G1 X110.987 Y109.591 E.00804
G1 X110.756 Y109.244 E.00804
G1 X110.409 Y109.013 E.00804
G1 X110.039 Y108.939 E.00727
G1 X110.667 Y110 F9000
G1 F600
G1 X110.616 Y109.745 E.00501
G1 X110.471 Y109.529 E.00501
G1 X110.255 Y109.384 E.00501
G1 X110 Y109.333 E.00501
G1 X109.745 Y109.384 E.00501
G1 X109.529 Y109.529 E.00501
G1 X109.384 Y109.745 E.00501
G1 X109.333 Y110 E.00501
G1 X109.384 Y110.255 E.00501
G1 X109.529 Y110.471 E.00501
G1 X109.745 Y110.616 E.00501
G1 X110 Y110.667 E.00501
G1 X110.255 Y110.616 E.00501
G1 X110.471 Y110.471 E.00501
G1 X110.616 Y110.255 E.00501
G1 X110.659 Y110.039 E.00424
G1 X109.911 Y110.215 F9000
;WIDTH:0.482381
G1 F600
G1 X110.089 Y110.215 E.00398
G1 X110.215 Y110.089 E.00398
G1 X110.215 Y109.911 E.00398
G1 X110.089 Y109.785 E.00398
G1 X109.911 Y109.785 E.00398
G1 X109.785 Y109.911 E.00398
G1 X109.785 Y110.089 E.00398
G1 X109.883 Y110.187 E.00308
; stop printing object JOYSTICK.stl id:15 copy 0
;LAYER_CHANGE
;Z:17.6
;HEIGHT:0.120001
;BEFORE_LAYER_CHANGE
;17.6
G92 E0

G1 E-.97778 F2400
;WIPE_START
G1 F10800
G1 X109.785 Y110.089 E-.0307
G1 X109.785 Y109.911 E-.03959
G1 X109.911 Y109.785 E-.03959
G1 X110.089 Y109.785 E-.03959
G1 X110.215 Y109.911 E-.03959
G1 X110.215 Y110.06 E-.03315
;WIPE_END
;_SET_FAN_SPEED_CHANGING_LAYER
; printing object JOYSTICK.stl id:15 copy 0
G17
G3 Z18 I1.211 J.119 P1  F9000
G1 X110.355 Y108.638 Z18
G1 Z17.6
G1 E1.2 F1800
M204 P2000
;TYPE:Inner wall
;WIDTH:0.449999
G1 F600
G1 X110.665 Y108.755 E.00688
G1 X111.003 Y108.997 E.00862
G1 X111.245 Y109.335 E.00862
G1 X111.391 Y109.723 E.00861
G1 X111.391 Y110.277 E.01148
G1 X111.245 Y110.665 E.00862
G1 X111.003 Y111.003 E.00862
G1 X110.665 Y111.245 E.00862
G1 X110.277 Y111.391 E.00862
G1 X109.862 Y111.405 E.00861
G1 X109.457 Y111.311 E.00862
G1 X109.104 Y111.091 E.00861
G1 X108.821 Y110.788 E.00862
G1 X108.649 Y110.41 E.00861
G1 X108.581 Y110 E.00862
G1 X108.649 Y109.59 E.00862
G1 X108.821 Y109.212 E.00861
G1 X109.104 Y108.909 E.00862
G1 X109.457 Y108.689 E.00861
G1 X109.862 Y108.595 E.00862
G1 X110.277 Y108.609 E.00862
G1 X110.318 Y108.624 E.00091
G1 X110.502 Y108.247 F9000
M204 P1000
;TYPE:Outer wall
;WIDTH:0.419999
G1 F600
G1 X110.864 Y108.383 E.00746
G1 X111.303 Y108.697 E.0104
G1 X111.617 Y109.136 E.0104
G1 X111.807 Y109.641 E.0104
G1 X111.807 Y110.359 E.01386
G1 X111.617 Y110.864 E.0104
G1 X111.303 Y111.303 E.0104
G1 X110.864 Y111.617 E.0104
G1 X110.359 Y111.807 E.0104
G1 X109.82 Y111.825 E.0104
G1 X109.295 Y111.702 E.0104
G1 X108.837 Y111.418 E.0104
G1 X108.468 Y111.024 E.0104
G1 X108.245 Y110.532 E.0104
G1 X108.157 Y110 E.0104
G1 X108.245 Y109.468 E.0104
G1 X108.468 Y108.976 E.0104
G1 X108.837 Y108.582 E.0104
G1 X109.295 Y108.298 E.0104
G1 X109.82 Y108.175 E.0104
G1 X110.359 Y108.193 E.0104
G1 X110.465 Y108.232 E.00217
G1 E-.84 F2400
;WIPE_START
G1 F3600
G1 X110.864 Y108.383 E-.15364
G1 X111.303 Y108.697 E-.19423
G1 X111.323 Y108.724 E-.01213
;WIPE_END
G1 Z18 F9000
G1 X111.004 Y110 Z18
G1 Z17.6
G1 E1.2 F1800
M204 P2500
;TYPE:Internal solid infill
G1 F600
G1 X110.928 Y109.616 E.00755
G1 X110.71 Y109.29 E.00755
G1 X110.384 Y109.072 E.00755
G1 X110 Y108.996 E.00755
G1 X109.616 Y109.072 E.00755
G1 X109.29 Y109.29 E.00755
G1 X109.072 Y109.616 E.00755
G1 X108.996 Y110 E.00755
G1 X109.072 Y110.384 E.00755
G1 X109.29 Y110.71 E.00755
G1 X109.616 Y110.928 E.00755
G1 X110 Y111.004 E.00755
G1 X110.384 Y110.928 E.00755
G1 X110.71 Y110.71 E.00755
G1 X110.928 Y110.384 E.00755
G1 X110.997 Y110.039 E.00678
G1 X109.807 Y109.962 F9000
;WIDTH:0.419468
G1 F600
G1 X109.836 Y110.109 E.0029
G1 X109.962 Y110.193 E.0029
G1 X110.109 Y110.164 E.0029
G1 X110.193 Y110.038 E.0029
G1 X110.164 Y109.891 E.0029
G1 X110.038 Y109.807 E.0029
G1 X109.891 Y109.836 E.0029
G1 X109.829 Y109.928 E.00213
G1 X109.421 Y109.885 F9000
;WIDTH:0.419999
G1 F600
G1 X109.421 Y110.115 E.00444
G1 X109.509 Y110.328 E.00444
G1 X109.672 Y110.491 E.00444
G1 X109.885 Y110.579 E.00444
G1 X110.115 Y110.579 E.00444
G1 X110.328 Y110.491 E.00444
G1 X110.491 Y110.328 E.00444
G1 X110.579 Y110.115 E.00444
G1 X110.579 Y109.885 E.00444
G1 X110.491 Y109.672 E.00444
G1 X110.328 Y109.509 E.00444
G1 X110.115 Y109.421 E.00444
G1 X109.885 Y109.421 E.00444
G1 X109.672 Y109.509 E.00444
G1 X109.509 Y109.672 E.00444
G1 X109.436 Y109.848 E.00367
; stop printing object JOYSTICK.stl id:15 copy 0
;LAYER_CHANGE
;Z:17.72
;HEIGHT:0.119999
;BEFORE_LAYER_CHANGE
;17.72
G92 E0

G1 E-.97778 F2400
;WIPE_START
G1 F10800
G1 X109.509 Y109.672 E-.04234
G1 X109.672 Y109.509 E-.05123
G1 X109.885 Y109.421 E-.05123
G1 X110.115 Y109.421 E-.05123
G1 X110.224 Y109.466 E-.02619
;WIPE_END
;_SET_FAN_SPEED_CHANGING_LAYER
; printing object JOYSTICK.stl id:15 copy 0
G17
G3 Z18.12 I1.205 J.17 P1  F9000
G1 X110.331 Y108.707 Z18.12
G1 Z17.72
G1 E1.2 F1800
M204 P2000
;TYPE:Inner wall
;WIDTH:0.449999
G1 F600
G1 X110.636 Y108.819 E.00674
G1 X110.954 Y109.046 E.0081
G1 X111.183 Y109.367 E.00817
G1 X111.323 Y109.737 E.00821
G1 X111.323 Y110.263 E.01091
G1 X111.184 Y110.632 E.00819
G1 X110.954 Y110.954 E.00819
G1 X110.633 Y111.183 E.00819
G1 X110.263 Y111.323 E.00819
G1 X109.869 Y111.336 E.00819
G1 X109.484 Y111.246 E.00819
G1 X109.149 Y111.037 E.00819
G1 X108.879 Y110.749 E.00819
G1 X108.716 Y110.39 E.00819
G1 X108.652 Y110 E.00819
G1 X108.716 Y109.611 E.00819
G1 X108.879 Y109.251 E.00819
G1 X109.148 Y108.963 E.00818
G1 X109.484 Y108.754 E.0082
G1 X109.867 Y108.665 E.00816
G1 X110.247 Y108.676 E.00789
G1 X110.294 Y108.693 E.00103
G1 X110.475 Y108.314 F9000
M204 P1000
;TYPE:Outer wall
;WIDTH:0.419999
G1 F600
G1 X110.835 Y108.446 E.00739
G1 X111.253 Y108.747 E.00992
G1 X111.556 Y109.169 E.01001
G1 X111.739 Y109.654 E.00999
G1 X111.739 Y110.346 E.01333
G1 X111.556 Y110.832 E.01001
G1 X111.253 Y111.253 E.01
G1 X110.831 Y111.556 E.01001
G1 X110.346 Y111.739 E.01
G1 X109.827 Y111.756 E.01001
G1 X109.322 Y111.638 E.01
G1 X108.881 Y111.364 E.01001
G1 X108.526 Y110.985 E.01
G1 X108.312 Y110.512 E.01001
G1 X108.227 Y110 E.01
G1 X108.312 Y109.488 E.01001
G1 X108.526 Y109.015 E.01
G1 X108.881 Y108.636 E.01001
G1 X109.322 Y108.362 E.00999
G1 X109.825 Y108.245 E.00997
G1 X110.328 Y108.26 E.00969
G1 X110.438 Y108.3 E.00226
G1 E-.84 F2400
;WIPE_START
G1 F3600
G1 X110.835 Y108.446 E-.1525
G1 X111.253 Y108.747 E-.18527
G1 X111.289 Y108.797 E-.02223
;WIPE_END
G1 Z18.12 F9000
G1 X110.16 Y110.032 Z18.12
G1 Z17.72
G1 E1.2 F1800
M204 P2500
;TYPE:Internal solid infill
;WIDTH:0.350475
G1 F600
G1 X110.134 Y109.908 E.002
G1 X109.999 Y109.834 E.00245
G1 X109.865 Y109.91 E.00244
G1 X109.841 Y110.032 E.00198
G1 X109.91 Y110.135 E.00198
G1 X110.032 Y110.16 E.00198
G1 X110.144 Y110.069 E.0023
G1 X110.101 Y109.488 F9000
;WIDTH:0.419999
G1 F600
G1 X109.897 Y109.488 E.00392
G1 X109.71 Y109.566 E.00392
G1 X109.566 Y109.71 E.00392
G1 X109.488 Y109.898 E.00393
G1 X109.488 Y110.102 E.00393
G1 X109.566 Y110.29 E.00393
G1 X109.71 Y110.434 E.00393
G1 X109.898 Y110.512 E.00393
G1 X110.102 Y110.512 E.00393
G1 X110.29 Y110.434 E.00393
G1 X110.434 Y110.29 E.00393
G1 X110.512 Y110.102 E.00393
G1 X110.512 Y109.898 E.00393
G1 X110.433 Y109.709 E.00395
G1 X110.291 Y109.566 E.00387
G1 X110.138 Y109.503 E.00319
G1 X110.361 Y109.138 F9000
G1 F600
G1 X110 Y109.066 E.0071
G1 X109.642 Y109.137 E.00702
G1 X109.339 Y109.339 E.00703
G1 X109.137 Y109.642 E.00703
G1 X109.066 Y110 E.00703
G1 X109.137 Y110.358 E.00703
G1 X109.339 Y110.661 E.00703
G1 X109.642 Y110.863 E.00703
G1 X110 Y110.934 E.00703
G1 X110.358 Y110.863 E.00703
G1 X110.661 Y110.661 E.00703
G1 X110.863 Y110.358 E.00703
G1 X110.934 Y110 E.00703
G1 X110.863 Y109.642 E.00703
G1 X110.661 Y109.339 E.00703
G1 X110.394 Y109.161 E.00619
; stop printing object JOYSTICK.stl id:15 copy 0
;LAYER_CHANGE
;Z:17.84
;HEIGHT:0.120001
;BEFORE_LAYER_CHANGE
;17.84
G92 E0

G1 E-.97778 F2400
;WIPE_START
G1 F10800
G1 X110.661 Y109.339 E-.07133
G1 X110.863 Y109.642 E-.08103
G1 X110.925 Y109.951 E-.06987
;WIPE_END
;_SET_FAN_SPEED_CHANGING_LAYER
; printing object JOYSTICK.stl id:15 copy 0
G17
G3 Z18.24 I1.065 J-.589 P1  F9000
G1 X110.282 Y108.79 Z18.24
G1 Z17.84
G1 E1.2 F1800
M204 P2000
;TYPE:Inner wall
;WIDTH:0.449999
G1 F600
G1 X110.694 Y108.961 E.00927
G1 X111.039 Y109.306 E.01012
G1 X111.226 Y109.756 E.01012
G1 X111.226 Y110.244 E.01012
G1 X111.039 Y110.694 E.01012
G1 X110.694 Y111.039 E.01012
G1 X110.244 Y111.226 E.01012
G1 X109.756 Y111.226 E.01012
G1 X109.306 Y111.039 E.01012
G1 X108.961 Y110.694 E.01012
G1 X108.774 Y110.244 E.01012
G1 X108.774 Y109.756 E.01012
G1 X108.961 Y109.306 E.01012
G1 X109.306 Y108.961 E.01012
G1 X109.756 Y108.774 E.01012
G1 X110.244 Y108.774 E.01012
G1 X110.245 Y108.774 E.00002
G1 X110.443 Y108.402 F9000
M204 P1000
;TYPE:Outer wall
;WIDTH:0.419999
G1 F600
G1 X110.785 Y108.531 E.00705
G1 X111.184 Y108.816 E.00945
G1 X111.469 Y109.215 E.00945
G1 X111.642 Y109.673 E.00945
G1 X111.642 Y110.327 E.01259
G1 X111.469 Y110.785 E.00945
G1 X111.184 Y111.184 E.00945
G1 X110.785 Y111.469 E.00945
G1 X110.327 Y111.642 E.00945
G1 X109.837 Y111.658 E.00945
G1 X109.359 Y111.547 E.00945
G1 X108.943 Y111.288 E.00945
G1 X108.608 Y110.93 E.00945
G1 X108.406 Y110.484 E.00945
G1 X108.326 Y110 E.00945
G1 X108.406 Y109.516 E.00945
G1 X108.608 Y109.07 E.00945
G1 X108.943 Y108.712 E.00945
G1 X109.359 Y108.453 E.00945
G1 X109.837 Y108.342 E.00945
G1 X110.327 Y108.358 E.00945
G1 X110.406 Y108.388 E.00163
G1 E-.84 F2400
;WIPE_START
G1 F3600
G1 X110.785 Y108.531 E-.14603
G1 X111.184 Y108.816 E-.17646
G1 X111.244 Y108.901 E-.03751
;WIPE_END
G1 Z18.24 F9000
G1 X109.164 Y110 Z18.24
G1 Z17.84
G1 E1.2 F1800
M204 P2500
;TYPE:Internal solid infill
G1 F600
G1 X109.228 Y110.32 E.00629
G1 X109.409 Y110.591 E.00629
G1 X109.68 Y110.772 E.00629
G1 X110 Y110.836 E.00629
G1 X110.32 Y110.772 E.00629
G1 X110.591 Y110.591 E.00629
G1 X110.772 Y110.32 E.00629
G1 X110.836 Y110 E.00629
G1 X110.772 Y109.68 E.00629
G1 X110.591 Y109.409 E.00629
G1 X110.32 Y109.228 E.00629
G1 X110 Y109.164 E.00629
G1 X109.68 Y109.228 E.00629
G1 X109.409 Y109.409 E.00629
G1 X109.228 Y109.68 E.00629
G1 X109.172 Y109.961 E.00552
G1 X109.917 Y110.417 F9000
G1 F600
G1 X110.166 Y110.401 E.00481
G1 X110.354 Y110.236 E.00481
G1 X110.417 Y110.083 E.0032
G1 X110.401 Y109.834 E.00481
G1 X110.236 Y109.646 E.00481
G1 X110 Y109.566 E.00481
G1 X109.764 Y109.646 E.00481
G1 X109.599 Y109.834 E.00481
G1 X109.583 Y110.083 E.00481
G1 X109.693 Y110.307 E.00481
G1 X109.881 Y110.4 E.00404
G1 X110.029 Y109.951 F9000
;WIDTH:0.48257
G1 F600
G1 X109.971 Y109.951 E.00128
G1 X109.943 Y110 E.00128
G1 X109.971 Y110.049 E.00128
G1 X110.029 Y110.049 E.00128
G1 X110.037 Y110.035 E.00038
; stop printing object JOYSTICK.stl id:15 copy 0
;LAYER_CHANGE
;Z:17.96
;HEIGHT:0.119999
;BEFORE_LAYER_CHANGE
;17.96
G92 E0

G1 E-1.14544 F2400
;WIPE_START
G1 F10800
G1 X110.029 Y110.049 E-.0038
G1 X109.971 Y110.049 E-.01269
G1 X109.943 Y110 E-.01269
G1 X109.971 Y109.951 E-.01269
G1 X110.029 Y109.951 E-.01269
;WIPE_END
;_SET_FAN_SPEED_CHANGING_LAYER
; printing object JOYSTICK.stl id:15 copy 0
G17
G3 Z18.36 I1.161 J.364 P1  F9000
G1 X110.352 Y108.919 Z18.36
G1 Z17.96
G1 E1.2 F1800
M204 P2000
;TYPE:Inner wall
;WIDTH:0.449999
G1 F600
G1 X110.441 Y108.936 E.00187
G1 X110.814 Y109.186 E.00932
G1 X111.064 Y109.559 E.00932
G1 X111.151 Y110 E.00932
G1 X111.064 Y110.441 E.00932
G1 X110.814 Y110.814 E.00932
G1 X110.441 Y111.064 E.00932
G1 X110 Y111.151 E.00932
G1 X109.559 Y111.064 E.00932
G1 X109.186 Y110.814 E.00932
G1 X108.936 Y110.441 E.00932
G1 X108.849 Y110 E.00932
G1 X108.936 Y109.559 E.00932
G1 X109.186 Y109.186 E.00932
G1 X109.559 Y108.936 E.00932
G1 X110 Y108.849 E.00932
G1 X110.313 Y108.911 E.00662
G1 X110.441 Y108.497 F9000
M204 P1000
;TYPE:Outer wall
;WIDTH:0.419999
G1 F600
G1 X110.455 Y108.499 E.00029
G1 X110.875 Y108.69 E.00889
G1 X111.212 Y109.005 E.00889
G1 X111.456 Y109.397 E.00889
G1 X111.576 Y110 E.01185
G1 X111.501 Y110.455 E.00889
G1 X111.31 Y110.875 E.00889
G1 X110.995 Y111.212 E.00889
G1 X110.603 Y111.456 E.00889
G1 X110.154 Y111.561 E.00889
G1 X109.693 Y111.545 E.00889
G1 X109.261 Y111.383 E.00889
G1 X108.886 Y111.114 E.00889
G1 X108.617 Y110.739 E.00889
G1 X108.455 Y110.307 E.00889
G1 X108.439 Y109.846 E.00889
G1 X108.544 Y109.397 E.00889
G1 X108.788 Y109.005 E.00889
G1 X109.125 Y108.69 E.00889
G1 X109.545 Y108.499 E.00889
G1 X110 Y108.424 E.00889
G1 X110.401 Y108.491 E.00783
G1 E-.84 F2400
;WIPE_START
G1 F3600
G1 X110.455 Y108.499 E-.01976
G1 X110.875 Y108.69 E-.16608
G1 X111.212 Y109.005 E-.16609
G1 X111.224 Y109.024 E-.00808
;WIPE_END
G1 Z18.36 F9000
G1 X110.521 Y109.479 Z18.36
G1 Z17.96
G1 E1.2 F1800
M204 P2500
;TYPE:Internal solid infill
G1 F600
G1 X110.282 Y109.319 E.00555
G1 X110 Y109.263 E.00555
G1 X109.718 Y109.319 E.00555
G1 X109.479 Y109.479 E.00555
G1 X109.319 Y109.718 E.00555
G1 X109.263 Y110 E.00555
G1 X109.319 Y110.282 E.00555
G1 X109.479 Y110.521 E.00555
G1 X109.718 Y110.681 E.00555
G1 X110 Y110.737 E.00555
G1 X110.282 Y110.681 E.00555
G1 X110.521 Y110.521 E.00555
G1 X110.681 Y110.282 E.00555
G1 X110.737 Y110 E.00555
G1 X110.681 Y109.718 E.00555
G1 X110.544 Y109.512 E.00477
G1 X110.248 Y109.897 F9000
;WIDTH:0.551819
G1 F600
G1 X110.103 Y109.752 E.00528
G1 X109.897 Y109.752 E.00528
G1 X109.752 Y109.897 E.00528
G1 X109.752 Y110.103 E.00528
G1 X109.897 Y110.248 E.00528
G1 X110.103 Y110.248 E.00528
G1 X110.248 Y110.103 E.00528
G1 X110.248 Y109.937 E.00425
; stop printing object JOYSTICK.stl id:15 copy 0
;LAYER_CHANGE
;Z:18.08
;HEIGHT:0.120001
;BEFORE_LAYER_CHANGE
;18.08
G92 E0

G1 E-.97778 F2400
;WIPE_START
G1 F10800
G1 X110.248 Y110.103 E-.03673
G1 X110.103 Y110.248 E-.04561
G1 X109.897 Y110.248 E-.04562
G1 X109.752 Y110.103 E-.04561
G1 X109.752 Y109.897 E-.04562
G1 X109.762 Y109.888 E-.00304
;WIPE_END
;_SET_FAN_SPEED_CHANGING_LAYER
; printing object JOYSTICK.stl id:15 copy 0
G17
G3 Z18.48 I1.093 J.536 P1  F9000
G1 X110.208 Y108.978 Z18.48
G1 Z18.08
G1 E1.2 F1800
M204 P2000
;TYPE:Inner wall
;WIDTH:0.449999
G1 F600
G1 X110.581 Y109.13 E.00837
G1 X110.87 Y109.419 E.00847
G1 X111.027 Y109.796 E.00847
G1 X111.027 Y110.204 E.00847
G1 X110.87 Y110.581 E.00847
G1 X110.581 Y110.87 E.00847
G1 X110.204 Y111.027 E.00847
G1 X109.796 Y111.027 E.00847
G1 X109.419 Y110.87 E.00847
G1 X109.13 Y110.581 E.00847
G1 X108.973 Y110.204 E.00847
G1 X108.973 Y109.796 E.00847
G1 X109.13 Y109.419 E.00847
G1 X109.419 Y109.13 E.00847
G1 X109.796 Y108.973 E.00847
G1 X110.169 Y108.972 E.00774
G1 X110.373 Y108.593 F9000
M204 P1000
;TYPE:Outer wall
;WIDTH:0.419999
G1 F600
G1 X110.693 Y108.711 E.00658
G1 X111.04 Y108.96 E.00824
G1 X111.291 Y109.309 E.00829
G1 X111.443 Y109.713 E.00831
G1 X111.443 Y110.287 E.01106
G1 X111.291 Y110.69 E.0083
G1 X111.04 Y111.04 E.0083
G1 X110.69 Y111.291 E.0083
G1 X110.287 Y111.443 E.0083
G1 X109.857 Y111.457 E.0083
G1 X109.437 Y111.359 E.0083
G1 X109.071 Y111.132 E.0083
G1 X108.777 Y110.817 E.0083
G1 X108.599 Y110.425 E.0083
G1 X108.529 Y110 E.0083
G1 X108.599 Y109.575 E.0083
G1 X108.777 Y109.183 E.0083
G1 X109.071 Y108.869 E.0083
G1 X109.437 Y108.641 E.00831
G1 X109.855 Y108.543 E.00828
G1 X110.274 Y108.556 E.00807
G1 X110.335 Y108.579 E.00126
G1 E-.84 F2400
;WIPE_START
G1 F3600
G1 X110.693 Y108.711 E-.13732
G1 X111.04 Y108.96 E-.15385
G1 X111.151 Y109.115 E-.06883
;WIPE_END
G1 Z18.48 F9000
G1 X110.608 Y109.879 Z18.48
G1 Z18.08
G1 E1.2 F1800
M204 P2500
;TYPE:Internal solid infill
G1 F600
G1 X110.515 Y109.655 E.00468
G1 X110.345 Y109.484 E.00465
G1 X110.135 Y109.39 E.00443
G1 X109.87 Y109.379 E.00512
G1 X109.553 Y109.553 E.00698
G1 X109.416 Y109.758 E.00476
G1 X109.368 Y110 E.00476
G1 X109.416 Y110.242 E.00476
G1 X109.553 Y110.447 E.00476
G1 X109.758 Y110.584 E.00476
G1 X110 Y110.632 E.00476
G1 X110.242 Y110.584 E.00476
G1 X110.447 Y110.447 E.00476
G1 X110.584 Y110.242 E.00476
G1 X110.606 Y109.919 E.00624
G1 X110.176 Y109.882 F9000
;WIDTH:0.448954
G1 F600
G1 X110.042 Y109.788 E.00338
G1 X109.896 Y109.815 E.00307
G1 X109.801 Y109.917 E.00289
G1 X109.801 Y110.083 E.00342
G1 X109.917 Y110.199 E.00342
G1 X110.083 Y110.199 E.00342
G1 X110.199 Y110.083 E.00342
G1 X110.18 Y109.922 E.00335
; stop printing object JOYSTICK.stl id:15 copy 0
;LAYER_CHANGE
;Z:18.2
;HEIGHT:0.120001
;BEFORE_LAYER_CHANGE
;18.2
G92 E0

G1 E-.97778 F2400
;WIPE_START
G1 F10800
G1 X110.199 Y110.083 E-.036
G1 X110.083 Y110.199 E-.03669
G1 X109.917 Y110.199 E-.0367
G1 X109.801 Y110.083 E-.03669
G1 X109.801 Y109.917 E-.0367
G1 X109.896 Y109.815 E-.03106
G1 X109.933 Y109.808 E-.00838
;WIPE_END
;_SET_FAN_SPEED_CHANGING_LAYER
; printing object JOYSTICK.stl id:15 copy 0
G17
G3 Z18.6 I1.148 J.403 P1  F9000
G1 X110.176 Y109.117 Z18.6
G1 Z18.2
G1 E1.2 F1800
M204 P2000
;TYPE:Inner wall
;WIDTH:0.449999
G1 F600
G1 X110.5 Y109.251 E.00729
G1 X110.749 Y109.5 E.00729
G1 X110.883 Y109.824 E.00729
G1 X110.883 Y110.176 E.00729
G1 X110.749 Y110.5 E.00729
G1 X110.5 Y110.749 E.00729
G1 X110.176 Y110.883 E.00729
G1 X109.824 Y110.883 E.00729
G1 X109.5 Y110.749 E.00729
G1 X109.251 Y110.5 E.00729
G1 X109.117 Y110.176 E.00729
G1 X109.117 Y109.824 E.00729
G1 X109.251 Y109.5 E.00729
G1 X109.5 Y109.251 E.00729
G1 X109.824 Y109.117 E.00729
G1 X110.136 Y109.117 E.00646
G1 X110.309 Y108.72 F9000
M204 P1000
;TYPE:Outer wall
;WIDTH:0.419999
G1 F600
G1 X110.621 Y108.837 E.00643
G1 X110.937 Y109.063 E.00748
G1 X111.163 Y109.379 E.00748
G1 X111.299 Y109.742 E.00748
G1 X111.299 Y110.258 E.00996
G1 X111.163 Y110.621 E.00748
G1 X110.937 Y110.937 E.00748
G1 X110.621 Y111.163 E.00748
G1 X110.258 Y111.299 E.00748
G1 X109.871 Y111.312 E.00748
G1 X109.493 Y111.224 E.00748
G1 X109.164 Y111.019 E.00748
G1 X108.899 Y110.736 E.00748
G1 X108.739 Y110.383 E.00748
G1 X108.675 Y110 E.00748
G1 X108.739 Y109.617 E.00748
G1 X108.899 Y109.264 E.00748
G1 X109.164 Y108.981 E.00748
G1 X109.493 Y108.776 E.00748
G1 X109.871 Y108.688 E.00748
G1 X110.258 Y108.701 E.00748
G1 X110.272 Y108.706 E.00027
G1 E-.84 F2400
;WIPE_START
G1 F3600
G1 X110.621 Y108.837 E-.13456
G1 X110.937 Y109.063 E-.13962
G1 X111.075 Y109.257 E-.08583
;WIPE_END
G1 Z18.6 F9000
G1 X109.663 Y110.338 Z18.6
G1 Z18.2
G1 E1.2 F1800
M204 P2500
;TYPE:Internal solid infill
G1 F600
G1 X109.905 Y110.477 E.00538
G1 X110.184 Y110.44 E.00541
G1 X110.404 Y110.27 E.00537
G1 X110.477 Y110.002 E.00535
G1 X110.404 Y109.73 E.00543
G1 X110.274 Y109.6 E.00354
G1 X109.972 Y109.52 E.00603
G1 X109.73 Y109.596 E.00489
G1 X109.559 Y109.819 E.00542
G1 X109.523 Y110.095 E.00536
G1 X109.643 Y110.303 E.00464
; stop printing object JOYSTICK.stl id:15 copy 0
;LAYER_CHANGE
;Z:18.32
;HEIGHT:0.119999
;BEFORE_LAYER_CHANGE
;18.32
G92 E0

G1 E-.97778 F2400
;WIPE_START
G1 F10800
G1 X109.523 Y110.095 E-.05347
G1 X109.559 Y109.819 E-.06183
G1 X109.73 Y109.596 E-.0625
G1 X109.921 Y109.536 E-.04442
;WIPE_END
;_SET_FAN_SPEED_CHANGING_LAYER
; printing object JOYSTICK.stl id:15 copy 0
G17
G3 Z18.72 I.743 J.963 P1  F9000
G1 X110.216 Y109.308 Z18.72
G1 Z18.32
G1 E1.2 F1800
M204 P2000
;TYPE:Inner wall
;WIDTH:0.449999
G1 F600
G1 X110.376 Y109.35 E.00342
G1 X110.573 Y109.516 E.00535
G1 X110.717 Y109.778 E.00621
G1 X110.747 Y110.071 E.00611
G1 X110.697 Y110.289 E.00462
G1 X110.533 Y110.533 E.0061
G1 X110.289 Y110.697 E.0061
G1 X110 Y110.754 E.0061
G1 X109.711 Y110.697 E.0061
G1 X109.467 Y110.533 E.0061
G1 X109.303 Y110.289 E.0061
G1 X109.246 Y110 E.0061
G1 X109.303 Y109.711 E.0061
G1 X109.467 Y109.467 E.0061
G1 X109.711 Y109.303 E.0061
G1 X110.006 Y109.252 E.00619
G1 X110.178 Y109.297 E.00369
G1 X110.329 Y108.888 F9000
M204 P1000
;TYPE:Outer wall
;WIDTH:0.419999
G1 F600
G1 X110.655 Y109.02 E.00677
G1 X110.98 Y109.345 E.00886
G1 X111.156 Y109.77 E.00886
G1 X111.156 Y110.23 E.00886
G1 X110.98 Y110.655 E.00886
G1 X110.655 Y110.98 E.00886
G1 X110.23 Y111.156 E.00886
G1 X109.77 Y111.156 E.00886
G1 X109.345 Y110.98 E.00886
G1 X109.02 Y110.655 E.00886
G1 X108.844 Y110.23 E.00886
G1 X108.844 Y109.77 E.00886
G1 X109.02 Y109.345 E.00886
G1 X109.345 Y109.02 E.00886
G1 X109.65 Y108.881 E.00646
G1 X110.035 Y108.827 E.00749
G1 X110.29 Y108.88 E.00502
G1 E-.84 F2400
;WIPE_START
G1 F3600
G1 X110.655 Y109.02 E-.14069
G1 X110.98 Y109.345 E-.16552
G1 X111.037 Y109.483 E-.05379
;WIPE_END
G1 Z18.72 F9000
G1 X109.933 Y109.741 Z18.72
G1 Z18.32
G1 E1.2 F1800
M204 P2500
;TYPE:Internal solid infill
;WIDTH:0.545266
G1 F600
G1 X109.769 Y109.859 E.00514
G1 X109.724 Y110 E.00376
G1 X109.805 Y110.195 E.00537
G1 X110 Y110.276 E.00537
G1 X110.195 Y110.195 E.00537
G1 X110.267 Y110.048 E.00416
G1 X110.255 Y109.894 E.00391
G1 X110.143 Y109.767 E.0043
G1 X109.973 Y109.746 E.00436
; stop printing object JOYSTICK.stl id:15 copy 0
;LAYER_CHANGE
;Z:18.44
;HEIGHT:0.120001
;BEFORE_LAYER_CHANGE
;18.44
G92 E0

G1 E-.97778 F2400
;WIPE_START
G1 F10800
G1 X110.143 Y109.767 E-.03817
G1 X110.255 Y109.894 E-.03758
G1 X110.267 Y110.048 E-.03422
G1 X110.195 Y110.195 E-.03639
G1 X110 Y110.276 E-.04697
G1 X109.88 Y110.226 E-.0289
;WIPE_END
;_SET_FAN_SPEED_CHANGING_LAYER
; printing object JOYSTICK.stl id:15 copy 0
G17
G3 Z18.84 I1.16 J.367 P1  F9000
G1 X110.117 Y109.477 Z18.84
G1 Z18.44
G1 E1.2 F1800
M204 P2000
;TYPE:Inner wall
;WIDTH:0.449999
G1 F600
G1 X110.299 Y109.552 E.00409
G1 X110.447 Y109.701 E.00435
G1 X110.528 Y109.895 E.00436
G1 X110.528 Y110.105 E.00436
G1 X110.448 Y110.299 E.00436
G1 X110.299 Y110.448 E.00436
G1 X110.105 Y110.528 E.00436
G1 X109.895 Y110.528 E.00436
G1 X109.701 Y110.448 E.00436
G1 X109.552 Y110.299 E.00436
G1 X109.472 Y110.105 E.00436
G1 X109.472 Y109.895 E.00436
G1 X109.552 Y109.701 E.00436
G1 X109.701 Y109.552 E.00436
G1 X109.895 Y109.472 E.00436
G1 X110.078 Y109.472 E.0038
G1 X110.353 Y109.091 F9000
M204 P1000
;TYPE:Outer wall
;WIDTH:0.419999
G1 F600
G1 X110.375 Y109.096 E.00043
G1 X110.692 Y109.308 E.00736
G1 X110.905 Y109.625 E.00737
G1 X110.979 Y110 E.00737
G1 X110.905 Y110.375 E.00737
G1 X110.692 Y110.692 E.00737
G1 X110.375 Y110.905 E.00737
G1 X110 Y110.979 E.00737
G1 X109.625 Y110.905 E.00737
G1 X109.308 Y110.692 E.00737
G1 X109.095 Y110.375 E.00737
G1 X109.021 Y110 E.00737
G1 X109.095 Y109.625 E.00737
G1 X109.308 Y109.308 E.00737
G1 X109.625 Y109.095 E.00737
G1 X110 Y109.021 E.00736
G1 X110.314 Y109.083 E.00617
G1 E-.84 F2400
;WIPE_START
G1 F3600
G1 X110.375 Y109.096 E-.02243
G1 X110.692 Y109.308 E-.13737
G1 X110.905 Y109.625 E-.13756
G1 X110.939 Y109.796 E-.06264
;WIPE_END
G1 Z18.84 F9000
G1 X110.16 Y110.032 Z18.84
G1 Z18.44
G1 E1.2 F1800
M204 P2500
;TYPE:Internal solid infill
;WIDTH:0.351922
G1 F600
G1 X110.136 Y109.909 E.00199
G1 X110.032 Y109.84 E.00199
G1 X109.909 Y109.864 E.00199
G1 X109.84 Y109.968 E.00199
G1 X109.864 Y110.091 E.00199
G1 X109.968 Y110.16 E.00199
G1 X110.091 Y110.136 E.00199
G1 X110.138 Y110.065 E.00135
; stop printing object JOYSTICK.stl id:15 copy 0
;LAYER_CHANGE
;Z:18.56
;HEIGHT:0.119999
;BEFORE_LAYER_CHANGE
;18.56
G92 E0

G1 E-.98695 F2400
;WIPE_START
G1 F10800
G1 X110.091 Y110.136 E-.01886
G1 X109.968 Y110.16 E-.02774
G1 X109.864 Y110.091 E-.02774
G1 X109.84 Y109.968 E-.02774
G1 X109.909 Y109.864 E-.02774
G1 X110.032 Y109.84 E-.0277
G1 X110.136 Y109.909 E-.02774
G1 X110.16 Y110.032 E-.02779
;WIPE_END
;_SET_FAN_SPEED_CHANGING_LAYER
; printing object JOYSTICK.stl id:15 copy 0
G17
G3 Z18.96 I1.103 J-.515 P1  F9000
G1 X110.019 Y109.731 Z18.96
G1 Z18.56
G1 E1.2 F1800
M204 P2000
;TYPE:Inner wall
;WIDTH:0.553905
G1 F600
G1 X110.192 Y109.808 E.00488
G1 X110.271 Y110 E.00536
G1 X110.192 Y110.192 E.00536
G1 X110 Y110.271 E.00536
G1 X109.808 Y110.192 E.00536
G1 X109.729 Y110 E.00536
G1 X109.808 Y109.808 E.00536
G1 X109.982 Y109.744 E.00478
G1 X110.283 Y109.301 F9000
M204 P1000
;TYPE:Outer wall
;WIDTH:0.419999
G1 F600
G1 X110.288 Y109.302 E.00009
G1 X110.534 Y109.466 E.00569
G1 X110.697 Y109.711 E.00568
G1 X110.755 Y110 E.00568
G1 X110.697 Y110.289 E.00568
G1 X110.534 Y110.534 E.00568
G1 X110.289 Y110.697 E.00568
G1 X110 Y110.755 E.00568
G1 X109.711 Y110.697 E.00568
G1 X109.466 Y110.534 E.00568
G1 X109.303 Y110.289 E.00568
G1 X109.245 Y110 E.00568
G1 X109.303 Y109.711 E.00568
G1 X109.466 Y109.466 E.00568
G1 X109.709 Y109.304 E.00564
G1 X110.027 Y109.248 E.00621
G1 X110.244 Y109.293 E.00428
; stop printing object JOYSTICK.stl id:15 copy 0
G1 E-.84 F2400
;WIPE_START
G1 F3600
G1 X110.288 Y109.302 E-.01617
G1 X110.534 Y109.466 E-.10631
G1 X110.697 Y109.711 E-.10602
G1 X110.755 Y110 E-.10602
G1 X110.741 Y110.069 E-.02548
;WIPE_END
;LAYER_CHANGE
;Z:18.68
;HEIGHT:0.120001
;BEFORE_LAYER_CHANGE
;18.68
G92 E0

;_SET_FAN_SPEED_CHANGING_LAYER
; printing object JOYSTICK.stl id:15 copy 0
G1 Z19.08 F9000
G1 X110.226 Y109.685 Z19.08
G1 Z18.68
G1 E1.2 F1800
G1 F600
G1 X110.365 Y109.849 E.00414
G1 X110.365 Y110.151 E.00583
G1 X110.217 Y110.321 E.00435
G1 X110 Y110.395 E.00441
G1 X109.786 Y110.323 E.00435
G1 X109.635 Y110.151 E.00441
G1 X109.619 Y109.93 E.00428
G1 X109.715 Y109.728 E.0043
G1 X109.923 Y109.617 E.00454
G1 X110.038 Y109.628 E.00223
G1 X110.188 Y109.673 E.00301
G1 X110.044 Y110.007 F9000
M204 P2000
;TYPE:Inner wall
;WIDTH:0.36687
G1 F600
G1 X110.022 Y110.044 E.00071
G1 X109.959 Y110.007 E.00123
G1 X110.022 Y109.97 E.00123
; stop printing object JOYSTICK.stl id:15 copy 0
G1 E-1.1154 F2400
;WIPE_START
G1 F5400
G1 X109.959 Y110.007 E-.03282
G1 X110.022 Y110.044 E-.03282
G1 X110.044 Y110.007 E-.01895
;WIPE_END
M106 S0
;TYPE:Custom
; filament end gcode
G91 ;Relative positionning 
G1 E-2 F2700 ;Retract a bit 
G1 E-2 Z0.2 F2400 ;Retract and raise Z 
G1 X5 Y5 F3000 ;Wipe out 
G1 Z10 ;Raise Z more 
G90 ;Absolute positionning 
 
G1 X0 Y220 ;Present print 
M106 S0 ;Turn-off fan 
M104 S0 ;Turn-off hotend 
M140 S0 ;Turn-off bed 
 
M84 X Y E ;Disable all steppers but Z
; EXECUTABLE_BLOCK_END

; filament used [mm] = 387.47
; filament used [cm3] = 0.93
; filament used [g] = 1.16
; filament cost = 0.02
; total filament used [g] = 1.16
; total filament cost = 0.02
; total layers count = 161
; estimated printing time (normal mode) = 12m 47s
; estimated first layer printing time (normal mode) = 13s

; CONFIG_BLOCK_START
; accel_to_decel_enable = 1
; accel_to_decel_factor = 50%
; activate_air_filtration = 0
; activate_chamber_temp_control = 0
; adaptive_bed_mesh_margin = 0
; adaptive_pressure_advance = 0
; adaptive_pressure_advance_bridges = 0
; adaptive_pressure_advance_model = "0,0,0\n0,0,0"
; adaptive_pressure_advance_overhangs = 0
; additional_cooling_fan_speed = 70
; align_infill_direction_to_model = 0
; alternate_extra_wall = 0
; auxiliary_fan = 0
; bbl_calib_mark_logo = 1
; bbl_use_printhost = 0
; bed_custom_model = 
; bed_custom_texture = 
; bed_exclude_area = 0x0
; bed_mesh_max = 99999,99999
; bed_mesh_min = -99999,-99999
; bed_mesh_probe_distance = 50,50
; before_layer_change_gcode = ;BEFORE_LAYER_CHANGE\n;[layer_z]\nG92 E0\n
; best_object_pos = 0.5,0.5
; bottom_shell_layers = 5
; bottom_shell_thickness = 0
; bottom_solid_infill_flow_ratio = 1
; bottom_surface_density = 100%
; bottom_surface_pattern = monotonic
; bridge_acceleration = 50%
; bridge_angle = 0
; bridge_density = 100%
; bridge_flow = 0.95
; bridge_no_support = 0
; bridge_speed = 100
; brim_ears_detection_length = 1
; brim_ears_max_angle = 125
; brim_object_gap = 0.1
; brim_type = no_brim
; brim_width = 5
; calib_flowrate_topinfill_special_order = 0
; chamber_temperature = 0
; change_extrusion_role_gcode = 
; change_filament_gcode = M600
; close_fan_the_first_x_layers = 1
; complete_print_exhaust_fan_speed = 70
; cool_plate_temp = 35
; cool_plate_temp_initial_layer = 35
; cooling_tube_length = 5
; cooling_tube_retraction = 91.5
; counterbore_hole_bridging = none
; curr_bed_type = High Temp Plate
; default_acceleration = 2500
; default_bed_type = 
; default_filament_colour = ""
; default_filament_profile = "Creality Generic PLA @Ender-3V3-all"
; default_jerk = 0
; default_junction_deviation = 0
; default_print_profile = 0.20mm Standard @Creality Ender3V3SE 0.4
; deretraction_speed = 30
; detect_narrow_internal_solid_infill = 1
; detect_overhang_wall = 1
; detect_thin_wall = 1
; different_settings_to_system = enable_support;;
; disable_m73 = 1
; dont_filter_internal_bridges = disabled
; dont_slow_down_outer_wall = 0
; draft_shield = disabled
; during_print_exhaust_fan_speed = 70
; elefant_foot_compensation = 0
; elefant_foot_compensation_layers = 1
; emit_machine_limits_to_gcode = 1
; enable_arc_fitting = 0
; enable_extra_bridge_layer = disabled
; enable_filament_ramming = 1
; enable_long_retraction_when_cut = 0
; enable_overhang_bridge_fan = 1
; enable_overhang_speed = 1
; enable_pressure_advance = 0
; enable_prime_tower = 0
; enable_support = 1
; enforce_support_layers = 0
; eng_plate_temp = 0
; eng_plate_temp_initial_layer = 0
; ensure_vertical_shell_thickness = ensure_all
; exclude_object = 0
; extra_loading_move = -2
; extra_perimeters_on_overhangs = 0
; extra_solid_infills = 
; extruder_clearance_height_to_lid = 34
; extruder_clearance_height_to_rod = 47
; extruder_clearance_radius = 90
; extruder_colour = #26A69A
; extruder_offset = 0x0
; extrusion_rate_smoothing_external_perimeter_only = 0
; fan_cooling_layer_time = 100
; fan_kickstart = 0
; fan_max_speed = 100
; fan_min_speed = 100
; fan_speedup_overhangs = 1
; fan_speedup_time = 0
; filament_colour = #26A69A
; filament_cooling_final_speed = 3.4
; filament_cooling_initial_speed = 2.2
; filament_cooling_moves = 4
; filament_cost = 20
; filament_density = 1.24
; filament_diameter = 1.75
; filament_end_gcode = "; filament end gcode\n"
; filament_flow_ratio = 0.98
; filament_ids = OGFL99
; filament_is_support = 0
; filament_loading_speed = 28
; filament_loading_speed_start = 3
; filament_max_volumetric_speed = 12
; filament_minimal_purge_on_wipe_tower = 15
; filament_multitool_ramming = 0
; filament_multitool_ramming_flow = 10
; filament_multitool_ramming_volume = 10
; filament_notes = ""
; filament_ramming_parameters = "120 100 6.6 6.8 7.2 7.6 7.9 8.2 8.7 9.4 9.9 10.0| 0.05 6.6 0.45 6.8 0.95 7.8 1.45 8.3 1.95 9.7 2.45 10 2.95 7.6 3.45 7.6 3.95 7.6 4.45 7.6 4.95 7.6"
; filament_settings_id = "Generic PLA @System"
; filament_shrink = 100%
; filament_shrinkage_compensation_z = 100%
; filament_soluble = 0
; filament_stamping_distance = 0
; filament_stamping_loading_speed = 0
; filament_start_gcode = "; Filament gcode\n"
; filament_toolchange_delay = 0
; filament_type = PLA
; filament_unloading_speed = 90
; filament_unloading_speed_start = 100
; filament_vendor = Generic
; filename_format = {input_filename_base}_{filament_type[initial_tool]}_{print_time}.gcode
; fill_multiline = 1
; filter_out_gap_fill = 0
; first_layer_print_sequence = 0
; flush_into_infill = 0
; flush_into_objects = 0
; flush_into_support = 1
; flush_multiplier = 1
; flush_volumes_matrix = 0
; flush_volumes_vector = 140,140
; full_fan_speed_layer = 0
; fuzzy_skin = none
; fuzzy_skin_first_layer = 0
; fuzzy_skin_mode = displacement
; fuzzy_skin_noise_type = classic
; fuzzy_skin_octaves = 4
; fuzzy_skin_persistence = 0.5
; fuzzy_skin_point_distance = 0.3
; fuzzy_skin_scale = 1
; fuzzy_skin_thickness = 0.2
; gap_fill_target = nowhere
; gap_infill_speed = 50
; gcode_add_line_number = 0
; gcode_comments = 0
; gcode_flavor = marlin2
; gcode_label_objects = 1
; has_scarf_joint_seam = 0
; head_wrap_detect_zone = 
; high_current_on_filament_swap = 0
; hole_to_polyhole = 0
; hole_to_polyhole_threshold = 0.01
; hole_to_polyhole_twisted = 1
; host_type = octoprint
; hot_plate_temp = 55
; hot_plate_temp_initial_layer = 55
; idle_temperature = 0
; independent_support_layer_height = 1
; infill_anchor = 400%
; infill_anchor_max = 20
; infill_combination = 0
; infill_combination_max_layer_height = 100%
; infill_direction = 45
; infill_jerk = 9
; infill_lock_depth = 1
; infill_overhang_angle = 60
; infill_shift_step = 0.4
; infill_wall_overlap = 15%
; initial_layer_acceleration = 500
; initial_layer_infill_speed = 80
; initial_layer_jerk = 9
; initial_layer_line_width = 0.46
; initial_layer_min_bead_width = 85%
; initial_layer_print_height = 0.2
; initial_layer_speed = 30
; initial_layer_travel_speed = 100%
; inner_wall_acceleration = 2000
; inner_wall_jerk = 9
; inner_wall_line_width = 0.45
; inner_wall_speed = 90
; interface_shells = 0
; interlocking_beam = 0
; interlocking_beam_layer_count = 2
; interlocking_beam_width = 0.8
; interlocking_boundary_avoidance = 2
; interlocking_depth = 2
; interlocking_orientation = 22.5
; internal_bridge_angle = 0
; internal_bridge_density = 100%
; internal_bridge_fan_speed = -1
; internal_bridge_flow = 1
; internal_bridge_speed = 150%
; internal_solid_infill_acceleration = 100%
; internal_solid_infill_line_width = 0.42
; internal_solid_infill_pattern = monotonic
; internal_solid_infill_speed = 180
; ironing_angle = -1
; ironing_fan_speed = -1
; ironing_flow = 15%
; ironing_inset = 0
; ironing_pattern = rectilinear
; ironing_spacing = 0.1
; ironing_speed = 20
; ironing_type = no ironing
; is_infill_first = 0
; lateral_lattice_angle_1 = -45
; lateral_lattice_angle_2 = 45
; layer_change_gcode = 
; layer_height = 0.12
; line_width = 0.46
; long_retractions_when_cut = 0
; machine_end_gcode = G91 ;Relative positionning \nG1 E-2 F2700 ;Retract a bit \nG1 E-2 Z0.2 F2400 ;Retract and raise Z \nG1 X5 Y5 F3000 ;Wipe out \nG1 Z10 ;Raise Z more \nG90 ;Absolute positionning \n \nG1 X0 Y220 ;Present print \nM106 S0 ;Turn-off fan \nM104 S0 ;Turn-off hotend \nM140 S0 ;Turn-off bed \n \nM84 X Y E ;Disable all steppers but Z
; machine_load_filament_time = 11
; machine_max_acceleration_e = 5000,5000
; machine_max_acceleration_extruding = 2500,2500
; machine_max_acceleration_retracting = 500,500
; machine_max_acceleration_travel = 2500,2500
; machine_max_acceleration_x = 2500,2500
; machine_max_acceleration_y = 2500,2500
; machine_max_acceleration_z = 500,500
; machine_max_jerk_e = 5,5
; machine_max_jerk_x = 10,10
; machine_max_jerk_y = 10,10
; machine_max_jerk_z = 0.4,0.4
; machine_max_junction_deviation = 0,0
; machine_max_speed_e = 40,40
; machine_max_speed_x = 250,250
; machine_max_speed_y = 250,250
; machine_max_speed_z = 5,5
; machine_min_extruding_rate = 0,0
; machine_min_travel_rate = 0,0
; machine_pause_gcode = M25
; machine_start_gcode = M220 S100 ;Reset Feedrate \nM221 S100 ;Reset Flowrate \n \nM104 S[nozzle_temperature_initial_layer] ;Set final nozzle temp \nM190 S[bed_temperature_initial_layer_single] ;Set and wait for bed temp to stabilize \nG28 ;Home \nG92 E0 ;Reset Extruder \nG1 Z2.0 F3000 ;Move Z Axis up \nG1 X-2.1 Y20 Z0.28 F5000.0 ;Move to start position \nM109 S[nozzle_temperature_initial_layer] ;Wait for nozzle temp to stabilize \nG1 X-2.1 Y145.0 Z0.28 F1500.0 E15 ;Draw the first line \nG1 X-2.4 Y145.0 Z0.28 F5000.0 ;Move to side a little \nG1 X-2.4 Y20 Z0.28 F1500.0 E30 ;Draw the second line \nG92 E0  ;Reset Extruder \nG1 E-1.0000 F1800 ;Retract a bit \nG1 Z2.0 F3000 ;Move Z Axis up \nG1 E0.0000 F1800
; machine_tool_change_time = 0
; machine_unload_filament_time = 0
; make_overhang_printable = 0
; make_overhang_printable_angle = 55
; make_overhang_printable_hole_size = 0
; manual_filament_change = 1
; max_bridge_length = 10
; max_layer_height = 0.32
; max_resonance_avoidance_speed = 120
; max_travel_detour_distance = 0
; max_volumetric_extrusion_rate_slope = 0
; max_volumetric_extrusion_rate_slope_segment_length = 3
; min_bead_width = 85%
; min_feature_size = 25%
; min_layer_height = 0.08
; min_length_factor = 0.5
; min_resonance_avoidance_speed = 70
; min_skirt_length = 0
; min_width_top_surface = 300%
; minimum_sparse_infill_area = 10
; mmu_segmented_region_interlocking_depth = 0
; mmu_segmented_region_max_width = 0
; notes = 
; nozzle_diameter = 0.4
; nozzle_height = 2.5
; nozzle_hrc = 0
; nozzle_temperature = 220
; nozzle_temperature_initial_layer = 220
; nozzle_temperature_range_high = 240
; nozzle_temperature_range_low = 190
; nozzle_type = brass
; nozzle_volume = 0
; only_one_wall_first_layer = 0
; only_one_wall_top = 0
; ooze_prevention = 0
; other_layers_print_sequence = 0
; other_layers_print_sequence_nums = 0
; outer_wall_acceleration = 1000
; outer_wall_jerk = 9
; outer_wall_line_width = 0.42
; outer_wall_speed = 60
; overhang_1_4_speed = 0
; overhang_2_4_speed = 20
; overhang_3_4_speed = 15
; overhang_4_4_speed = 10
; overhang_fan_speed = 100
; overhang_fan_threshold = 50%
; overhang_reverse = 0
; overhang_reverse_internal_only = 0
; overhang_reverse_threshold = 50%
; parking_pos_retraction = 92
; pellet_flow_coefficient = 0.4157
; pellet_modded_printer = 0
; post_process = 
; precise_outer_wall = 1
; precise_z_height = 0
; preferred_orientation = 0
; preheat_steps = 1
; preheat_time = 30
; pressure_advance = 0.02
; prime_tower_brim_width = 3
; prime_tower_width = 60
; prime_volume = 45
; print_compatible_printers = "Creality Ender-3 V3 SE 0.4 nozzle"
; print_flow_ratio = 1
; print_order = default
; print_sequence = by layer
; print_settings_id = 0.12mm Fine @Creality Ender3V3SE 0.4
; printable_area = 0x0,220x0,220x220,0x220
; printable_height = 250
; printer_model = Creality Ender-3 V3 SE
; printer_notes = 
; printer_settings_id = Creality Ender-3 V3 SE 0.4 nozzle
; printer_structure = i3
; printer_technology = FFF
; printer_variant = 0.4
; printhost_authorization_type = key
; printhost_ssl_ignore_revoke = 0
; printing_by_object_gcode = 
; purge_in_prime_tower = 1
; raft_contact_distance = 0.1
; raft_expansion = 1.5
; raft_first_layer_density = 90%
; raft_first_layer_expansion = 2
; raft_layers = 0
; reduce_crossing_wall = 0
; reduce_fan_stop_start_freq = 1
; reduce_infill_retraction = 1
; required_nozzle_HRC = 3
; resolution = 0.012
; resonance_avoidance = 0
; retract_before_wipe = 70%
; retract_length_toolchange = 1
; retract_lift_above = 0
; retract_lift_below = 0
; retract_lift_enforce = All Surfaces
; retract_restart_extra = 0
; retract_restart_extra_toolchange = 0
; retract_when_changing_layer = 1
; retraction_distances_when_cut = 18
; retraction_length = 1.2
; retraction_minimum_travel = 2
; retraction_speed = 40
; role_based_wipe_speed = 1
; scan_first_layer = 0
; scarf_angle_threshold = 155
; scarf_joint_flow_ratio = 1
; scarf_joint_speed = 100%
; scarf_overhang_threshold = 40%
; seam_gap = 10%
; seam_position = aligned
; seam_slope_conditional = 0
; seam_slope_entire_loop = 0
; seam_slope_inner_walls = 0
; seam_slope_min_length = 20
; seam_slope_start_height = 0
; seam_slope_steps = 10
; seam_slope_type = none
; silent_mode = 0
; single_extruder_multi_material = 1
; single_extruder_multi_material_priming = 0
; single_loop_draft_shield = 0
; skeleton_infill_density = 25%
; skeleton_infill_line_width = 100%
; skin_infill_density = 25%
; skin_infill_depth = 2
; skin_infill_line_width = 100%
; skirt_distance = 2
; skirt_height = 2
; skirt_loops = 0
; skirt_speed = 50
; skirt_start_angle = -135
; skirt_type = combined
; slice_closing_radius = 0.049
; slicing_mode = regular
; slow_down_for_layer_cooling = 1
; slow_down_layer_time = 4
; slow_down_layers = 0
; slow_down_min_speed = 10
; slowdown_for_curled_perimeters = 1
; small_area_infill_flow_compensation = 0
; small_area_infill_flow_compensation_model = 0,0;"\n0.2,0.4444";"\n0.4,0.6145";"\n0.6,0.7059";"\n0.8,0.7619";"\n1.5,0.8571";"\n2,0.8889";"\n3,0.9231";"\n5,0.9520";"\n10,1"
; small_perimeter_speed = 50%
; small_perimeter_threshold = 0
; solid_infill_direction = 45
; solid_infill_filament = 1
; solid_infill_rotate_template = 
; sparse_infill_acceleration = 100%
; sparse_infill_density = 15%
; sparse_infill_filament = 1
; sparse_infill_line_width = 0.45
; sparse_infill_pattern = crosshatch
; sparse_infill_rotate_template = 
; sparse_infill_speed = 180
; spiral_finishing_flow_ratio = 0
; spiral_mode = 0
; spiral_mode_max_xy_smoothing = 200%
; spiral_mode_smooth = 0
; spiral_starting_flow_ratio = 0
; staggered_inner_seams = 0
; standby_temperature_delta = -5
; start_end_points = 30x-3,54x245
; supertack_plate_temp = 45
; supertack_plate_temp_initial_layer = 45
; support_air_filtration = 0
; support_angle = 0
; support_base_pattern = rectilinear
; support_base_pattern_spacing = 2.5
; support_bottom_interface_spacing = 0.5
; support_bottom_z_distance = 0.2
; support_chamber_temp_control = 0
; support_critical_regions_only = 0
; support_expansion = 0
; support_filament = 0
; support_interface_bottom_layers = -1
; support_interface_filament = 0
; support_interface_loop_pattern = 0
; support_interface_not_for_body = 1
; support_interface_pattern = auto
; support_interface_spacing = 0.5
; support_interface_speed = 80
; support_interface_top_layers = 4
; support_ironing = 0
; support_ironing_flow = 10%
; support_ironing_pattern = rectilinear
; support_ironing_spacing = 0.1
; support_line_width = 0.38
; support_material_interface_fan_speed = -1
; support_multi_bed_types = 0
; support_object_first_layer_gap = 0.2
; support_object_xy_distance = 0.35
; support_on_build_plate_only = 0
; support_remove_small_overhang = 1
; support_speed = 50
; support_style = grid
; support_threshold_angle = 30
; support_threshold_overlap = 50%
; support_top_z_distance = 0.2
; support_type = normal(auto)
; symmetric_infill_y_axis = 0
; temperature_vitrification = 45
; template_custom_gcode = 
; textured_cool_plate_temp = 40
; textured_cool_plate_temp_initial_layer = 40
; textured_plate_temp = 55
; textured_plate_temp_initial_layer = 55
; thick_bridges = 0
; thick_internal_bridges = 1
; thumbnails = 
; thumbnails_format = PNG
; time_cost = 0
; time_lapse_gcode = 
; timelapse_type = 0
; top_bottom_infill_wall_overlap = 25%
; top_shell_layers = 5
; top_shell_thickness = 0.8
; top_solid_infill_flow_ratio = 1
; top_surface_acceleration = 2500
; top_surface_density = 100%
; top_surface_jerk = 9
; top_surface_line_width = 0.42
; top_surface_pattern = monotonicline
; top_surface_speed = 50
; travel_acceleration = 2500
; travel_jerk = 12
; travel_slope = 3
; travel_speed = 150
; travel_speed_z = 0
; tree_support_adaptive_layer_height = 1
; tree_support_angle_slow = 25
; tree_support_auto_brim = 1
; tree_support_branch_angle = 40
; tree_support_branch_angle_organic = 40
; tree_support_branch_diameter = 5
; tree_support_branch_diameter_angle = 5
; tree_support_branch_diameter_organic = 2
; tree_support_branch_distance = 5
; tree_support_branch_distance_organic = 1
; tree_support_brim_width = 3
; tree_support_tip_diameter = 0.8
; tree_support_top_rate = 30%
; tree_support_wall_count = 2
; upward_compatible_machine = 
; use_firmware_retraction = 0
; use_relative_e_distances = 1
; wall_direction = auto
; wall_distribution_count = 1
; wall_filament = 1
; wall_generator = arachne
; wall_loops = 2
; wall_sequence = inner wall/outer wall
; wall_transition_angle = 10
; wall_transition_filter_deviation = 25%
; wall_transition_length = 100%
; wipe = 1
; wipe_before_external_loop = 0
; wipe_distance = 1
; wipe_on_loops = 0
; wipe_speed = 80%
; wipe_tower_bridging = 10
; wipe_tower_cone_angle = 30
; wipe_tower_extra_flow = 100%
; wipe_tower_extra_rib_length = 0
; wipe_tower_extra_spacing = 100%
; wipe_tower_filament = 0
; wipe_tower_fillet_wall = 1
; wipe_tower_max_purge_speed = 90
; wipe_tower_no_sparse_layers = 0
; wipe_tower_rib_width = 8
; wipe_tower_rotation_angle = 0
; wipe_tower_wall_type = rectangle
; wipe_tower_x = 0.000
; wipe_tower_x = 0
; wipe_tower_y = 250.000
; wipe_tower_y = 250
; wiping_volumes_extruders = 70,70,70,70,70,70,70,70,70,70
; xy_contour_compensation = 0
; xy_hole_compensation = 0
; z_hop = 0.4
; z_hop_types = Spiral Lift
; z_offset = 0
; first_layer_bed_temperature = 55
; bed_shape = 0x0,220x0,220x220,0x220
; first_layer_temperature = 220
; first_layer_height = 0.200
; CONFIG_BLOCK_END


