; HEADER_BLOCK_START
; generated by OrcaSlicer 2.3.1 on 2025-10-26 at 17:05:15
; total layer number: 20
; filament_density: 1.24
; filament_diameter: 1.75
; max_z_height: 4.00
; HEADER_BLOCK_END

; external perimeters extrusion width = 0.42mm
; perimeters extrusion width = 0.45mm
; infill extrusion width = 0.45mm
; solid infill extrusion width = 0.42mm
; top infill extrusion width = 0.42mm
; first layer extrusion width = 0.46mm

; EXECUTABLE_BLOCK_START
M201 X2500 Y2500 Z500 E5000
M203 X250 Y250 Z5 E40
M204 P2500 R500 T2500 ; sets acceleration (P, T) and retract acceleration (R), mm/sec^2
M205 X10.00 Y10.00 Z0.40 E5.00 ; sets the jerk limits, mm/sec
;TYPE:Custom
M220 S100 ;Reset Feedrate 
M221 S100 ;Reset Flowrate 
 
M104 S220 ;Set final nozzle temp 
M190 S55 ;Set and wait for bed temp to stabilize 
G28 ;Home 
G92 E0 ;Reset Extruder 
G1 Z2.0 F3000 ;Move Z Axis up 
G1 X-2.1 Y20 Z0.28 F5000.0 ;Move to start position 
M109 S220 ;Wait for nozzle temp to stabilize 
G1 X-2.1 Y145.0 Z0.28 F1500.0 E15 ;Draw the first line 
G1 X-2.4 Y145.0 Z0.28 F5000.0 ;Move to side a little 
G1 X-2.4 Y20 Z0.28 F1500.0 E30 ;Draw the second line 
G92 E0  ;Reset Extruder 
G1 E-1.0000 F1800 ;Retract a bit 
G1 Z2.0 F3000 ;Move Z Axis up 
G1 E0.0000 F1800
G90
G21
M83 ; use relative distances for extrusion
; Filament gcode
M106 S0
;LAYER_CHANGE
;Z:0.2
;HEIGHT:0.2
;BEFORE_LAYER_CHANGE
;0.2
G92 E0

G1 E-1.2 F2400
;_SET_FAN_SPEED_CHANGING_LAYER
M204 P500
; printing object sandbox.stl id:15 copy 0
M204 T500
G1 X117.7 Y110.916 F9000
G1 Z.6
G1 Z.2
G1 E1.2 F1800
;TYPE:Inner wall
;WIDTH:0.459999
G1 X117.646 Y110.864 E.00258
G1 X117.059 Y110.466 E.0241
G1 X116.59 Y110.033 E.02167
G1 X116.189 Y109.537 E.02168
G1 X115.866 Y108.986 E.02168
G1 X115.628 Y108.395 E.02167
G1 X115.477 Y107.766 E.02199
G1 X115.422 Y107.139 E.02139
G1 X115.46 Y106.502 E.02169
G1 X115.591 Y105.877 E.02168
G1 X115.812 Y105.279 E.02169
G1 X116.118 Y104.72 E.02167
G1 X116.51 Y104.205 E.02199
G1 X116.96 Y103.765 E.02137
G1 X117.484 Y103.387 E.022
G1 X118.043 Y103.097 E.02139
G1 X118.646 Y102.889 E.02169
G1 X119.285 Y102.77 E.02208
G1 X119.911 Y102.76 E.02127
G1 X120.543 Y102.83 E.02162
G1 X121.158 Y102.993 E.02162
G1 X121.743 Y103.244 E.02162
G1 X122.284 Y103.578 E.02163
G1 X122.771 Y103.988 E.02162
G1 X123.192 Y104.465 E.02163
G1 X123.538 Y104.999 E.02162
G1 X123.802 Y105.578 E.02163
G1 X123.978 Y106.19 E.02163
G1 X124.081 Y107.139 E.03244
G1 X124.024 Y107.774 E.02169
G1 X123.875 Y108.395 E.02168
G1 X123.636 Y108.986 E.02168
G1 X123.313 Y109.537 E.02168
G1 X122.913 Y110.033 E.02168
G1 X122.444 Y110.466 E.02167
G1 X121.813 Y110.896 E.02595
G1 X121.647 Y111.105 E.00909
G1 X121.583 Y111.381 E.00963
G1 X121.583 Y118.077 E.22757
G1 X121.627 Y118.407 E.0113
G1 X117.875 Y118.406 E.12752
G1 X117.92 Y118.076 E.01132
G1 X117.92 Y111.271 E.23129
G1 X117.798 Y111.01 E.00978
G1 X117.729 Y110.944 E.00325
G1 X117.399 Y111.227 F9000
;TYPE:Outer wall
G1 F1800
G1 X116.785 Y110.81 E.02521
G1 X116.269 Y110.334 E.02388
G1 X115.828 Y109.787 E.02389
G1 X115.472 Y109.181 E.02389
G1 X115.209 Y108.529 E.02388
G1 X115.043 Y107.836 E.02419
G1 X114.982 Y107.145 E.02358
G1 X115.024 Y106.444 E.02389
G1 X115.168 Y105.756 E.02389
G1 X115.412 Y105.097 E.02389
G1 X115.749 Y104.48 E.02388
G1 X116.18 Y103.914 E.0242
G1 X116.677 Y103.429 E.02357
G1 X117.254 Y103.012 E.0242
G1 X117.869 Y102.693 E.02358
G1 X118.534 Y102.464 E.02389
G1 X119.059 Y102.366 E.01815
G1 X119.572 Y102.309 E.01755
G1 X120.278 Y102.335 E.02401
G1 X120.969 Y102.464 E.02389
G1 X121.633 Y102.692 E.02389
G1 X122.257 Y103.017 E.02389
G1 X122.826 Y103.429 E.02389
G1 X123.329 Y103.92 E.02389
G1 X123.753 Y104.48 E.02389
G1 X124.091 Y105.097 E.02388
G1 X124.335 Y105.756 E.02389
G1 X124.479 Y106.444 E.02389
G1 X124.52 Y107.145 E.02388
G1 X124.458 Y107.845 E.02389
G1 X124.294 Y108.529 E.02389
G1 X124.031 Y109.181 E.02389
G1 X123.675 Y109.787 E.02389
G1 X123.234 Y110.334 E.02389
G1 X122.717 Y110.81 E.02388
G1 X122.09 Y111.236 E.02577
G1 X122.021 Y111.381 E.00546
G1 X122.021 Y118.077 E.22757
G1 X122.075 Y118.427 E.01203
G1 X122.3 Y118.845 E.01614
G1 X117.226 Y118.845 E.17244
G1 X117.41 Y118.482 E.01383
G1 X117.481 Y118.076 E.014
G1 X117.481 Y111.345 E.22878
G1 X117.422 Y111.259 E.00352
G1 E-.84 F2400
;WIPE_START
G1 F1800
G1 X116.785 Y110.81 E-.28054
G1 X116.623 Y110.66 E-.07946
;WIPE_END
G1 Z.6 F9000
G1 X123.458 Y105.113 Z.6
G1 Z.2
G1 E1.2 F1800
;TYPE:Bottom surface
;WIDTH:0.46116
G1 F4800
G1 X122.34 Y104.005 E.05364
G1 X121.861 Y103.658 E.02017
G1 X121.336 Y103.385 E.02017
G1 X121.033 Y103.28 E.01092
G1 X123.549 Y105.796 E.12125
G1 X123.611 Y105.964 E.00612
G1 X123.734 Y106.573 E.02116
G1 X120.256 Y103.095 E.16762
G1 X119.639 Y103.069 E.02106
G1 X123.762 Y107.192 E.19873
G1 X123.712 Y107.734 E.01854
G1 X119.1 Y103.122 E.22228
G1 X118.726 Y103.192 E.01297
G1 X118.617 Y103.23 E.00396
G1 X123.598 Y108.211 E.24008
G1 X123.438 Y108.643 E.01569
G1 X118.177 Y103.381 E.25358
G1 X117.786 Y103.582 E.01497
G1 X123.243 Y109.039 E.263
G1 X123.017 Y109.405 E.01465
G1 X117.427 Y103.814 E.26947
G1 X117.093 Y104.072 E.01437
G1 X122.753 Y109.733 E.27281
G1 X122.684 Y109.819 E.00378
G1 X122.457 Y110.028 E.0105
G1 X116.794 Y104.365 E.27296
G1 X116.531 Y104.693 E.01434
G1 X122.135 Y110.297 E.27009
G1 X121.783 Y110.536 E.01451
G1 X116.295 Y105.048 E.2645
G1 X116.097 Y105.409 E.01402
G1 X116.088 Y105.433 E.00088
G1 X121.472 Y110.817 E.25947
G1 X121.367 Y110.965 E.00618
G1 X121.288 Y111.225 E.00926
G1 X115.929 Y105.865 E.25833
G1 X115.892 Y105.964 E.0036
G1 X115.813 Y106.341 E.01312
G1 X121.271 Y111.799 E.26305
G1 X121.271 Y112.391 E.02019
G1 X115.751 Y106.871 E.26606
G1 X115.736 Y107.134 E.009
G1 X115.766 Y107.477 E.01172
G1 X121.272 Y112.983 E.26539
G1 X121.273 Y113.576 E.02019
G1 X115.905 Y108.207 E.25876
G1 X115.927 Y108.3 E.00325
G1 X116.148 Y108.848 E.02015
G1 X116.424 Y109.318 E.01856
G1 X121.274 Y114.168 E.23377
G1 X121.275 Y114.76 E.02019
G1 X118.232 Y111.718 E.14664
G1 X118.231 Y112.308 E.02013
G1 X121.276 Y115.353 E.14672
G1 X121.276 Y115.945 E.02019
G1 X118.231 Y112.899 E.1468
G1 X118.23 Y113.49 E.02013
G1 X121.277 Y116.537 E.14688
G1 X121.278 Y117.129 E.02019
G1 X118.229 Y114.08 E.14696
G1 X118.228 Y114.671 E.02013
G1 X121.279 Y117.722 E.14704
G1 X121.279 Y118.094 E.01268
G1 X121.06 Y118.094 E.00749
G1 X118.227 Y115.262 E.13651
G1 X118.226 Y115.852 E.02013
G1 X120.468 Y118.094 E.10804
G1 X119.876 Y118.094 E.02016
G1 X118.226 Y116.443 E.07956
G1 X118.225 Y117.034 E.02013
G1 X119.285 Y118.094 E.05109
G1 X118.693 Y118.093 E.02016
G1 X118.037 Y117.437 E.03165
G1 E-.84 F2400
;WIPE_START
G1 F4800
G1 X118.693 Y118.093 E-.33433
G1 X118.765 Y118.093 E-.02567
;WIPE_END
G17
G3 Z.6 I.358 J-1.163 P1  F9000
G1 X98.433 Y111.837 Z.6
G1 Z.2
G1 E1.2 F1800
;TYPE:Inner wall
;WIDTH:0.459999
G1 X98.422 Y117.849 E.20431
G1 X98.384 Y118.121 E.00936
G1 X98.209 Y118.324 E.00909
G1 X97.904 Y118.406 E.01072
G1 X95.922 Y118.406 E.06737
G1 X95.985 Y108.817 E.32588
;WIDTH:0.480794
G1 X96.011 Y108.066 E.02681
;WIDTH:0.47851
G1 X96.222 Y108.879 E.02982
;WIDTH:0.459999
G1 X96.54 Y109.657 E.02854
G1 X96.966 Y110.381 E.02854
G1 X97.492 Y111.035 E.02854
G1 X98.037 Y111.55 E.02548
G1 X98.401 Y111.814 E.01526
G1 E-.84 F2400
;WIPE_START
G1 F1800
G1 X98.404 Y112.814 E-.36
;WIPE_END
G17
G3 Z.6 I1.141 J-.422 P1  F9000
G1 X95.994 Y106.301 Z.6
G1 Z.2
G1 E1.2 F1800
G1 X96.033 Y101.593 E.16003
G1 X99.835 Y101.593 E.12923
G1 X99.268 Y101.814 E.02071
G1 X98.535 Y102.227 E.02857
G1 X97.865 Y102.747 E.02884
G1 X97.288 Y103.345 E.02822
G1 X96.797 Y104.026 E.02854
G1 X96.41 Y104.772 E.02854
G1 X96.134 Y105.565 E.02854
G1 X96.002 Y106.262 E.02412
G1 E-.84 F2400
;WIPE_START
G1 F1800
G1 X96.008 Y105.262 E-.36
;WIPE_END
G17
G3 Z.6 I-.108 J1.212 P1  F9000
G1 X107.561 Y106.291 Z.6
G1 Z.2
G1 E1.2 F1800
;WIDTH:0.548038
G1 X107.453 Y105.885 E.01732
;WIDTH:0.504019
G1 X107.346 Y105.478 E.01581
;WIDTH:0.459999
G1 X107.058 Y104.689 E.02854
G1 X106.659 Y103.95 E.02854
G1 X106.035 Y103.15 E.03446
G1 X105.565 Y102.681 E.02258
G1 X104.892 Y102.178 E.02854
G1 X104.155 Y101.776 E.02854
G1 X103.669 Y101.593 E.01765
G1 X107.605 Y101.593 E.13376
G1 X107.605 Y105.542 E.1342
;WIDTH:0.504019
G1 X107.583 Y105.916 E.01411
;WIDTH:0.548038
G1 X107.563 Y106.251 E.01381
G1 E-.84 F2400
;WIPE_START
G1 F1800
G1 X107.453 Y105.885 E-.13783
G1 X107.346 Y105.478 E-.15144
G1 X107.278 Y105.293 E-.07073
;WIPE_END
G17
G3 Z.6 I-1.153 J-.389 P1  F9000
G1 X105.071 Y111.837 Z.6
G1 Z.2
G1 E1.2 F1800
;WIDTH:0.459999
G1 X105.469 Y111.549 E.01669
G1 X106.073 Y110.969 E.02848
G1 X106.589 Y110.306 E.02854
G1 X107.004 Y109.576 E.02855
G1 X107.309 Y108.793 E.02854
;WIDTH:0.497756
G1 X107.391 Y108.555 E.00933
;WIDTH:0.535513
G1 X107.472 Y108.317 E.01011
;WIDTH:0.57327
G1 X107.554 Y108.079 E.01088
;WIDTH:0.561218
G1 X107.571 Y108.328 E.01058
;WIDTH:0.527479
G1 X107.588 Y108.578 E.00989
;WIDTH:0.493739
G1 X107.605 Y108.828 E.0092
;WIDTH:0.459999
G1 X107.605 Y118.406 E.3255
G1 X106.343 Y118.406 E.04289
G1 X105.417 Y118.379 E.03147
G1 X105.193 Y118.235 E.00907
G1 X105.082 Y117.991 E.00909
G1 X105.071 Y111.877 E.20778
G1 X104.632 Y111.61 F9000
;TYPE:Outer wall
G1 F1800
G1 X105.167 Y111.23 E.02231
G1 X105.729 Y110.697 E.02633
G1 X106.209 Y110.086 E.0264
G1 X106.597 Y109.413 E.0264
G1 X106.883 Y108.691 E.0264
G1 X107.062 Y107.935 E.0264
G1 X107.131 Y107.162 E.0264
G1 X107.087 Y106.386 E.0264
G1 X106.933 Y105.625 E.0264
G1 X106.67 Y104.894 E.0264
G1 X106.305 Y104.209 E.0264
G1 X105.722 Y103.458 E.03231
G1 X105.299 Y103.03 E.02044
G1 X104.68 Y102.561 E.0264
G1 X104 Y102.187 E.0264
G1 X103.272 Y101.914 E.0264
;WIDTH:0.493812
G1 X102.894 Y101.815 E.01437
;WIDTH:0.527625
G1 X102.516 Y101.715 E.01545
G1 X101.737 Y101.675 E.0308
;WIDTH:0.526922
G1 X100.957 Y101.72 E.03083
G1 X100.581 Y101.821 E.01533
;WIDTH:0.493461
G1 X100.206 Y101.922 E.01427
;WIDTH:0.459999
G1 X99.48 Y102.198 E.0264
G1 X98.801 Y102.576 E.02641
G1 X98.178 Y103.054 E.02671
G1 X97.642 Y103.603 E.02608
G1 X97.185 Y104.232 E.0264
G1 X96.823 Y104.919 E.0264
G1 X96.564 Y105.651 E.0264
G1 X96.413 Y106.413 E.0264
G1 X96.374 Y107.189 E.0264
G1 X96.446 Y107.962 E.0264
G1 X96.629 Y108.717 E.0264
G1 X96.919 Y109.437 E.0264
G1 X97.31 Y110.109 E.0264
G1 X97.793 Y110.717 E.0264
G1 X98.359 Y111.249 E.02639
G1 X98.872 Y111.61 E.02133
G1 X98.861 Y117.925 E.21461
G1 X98.787 Y118.305 E.01318
G1 X98.547 Y118.611 E.01319
G1 X98.211 Y118.805 E.01319
G1 X97.936 Y118.844 E.00944
G1 X95.481 Y118.844 E.08344
G1 X95.597 Y101.154 E.60123
G1 X100.149 Y101.154 E.1547
;WIDTH:0.493813
G1 X100.559 Y101.171 E.01508
;WIDTH:0.527626
G1 X100.969 Y101.188 E.01621
G1 X101.785 Y101.175 E.03223
;WIDTH:0.532724
G1 X102.605 Y101.191 E.03274
G1 X102.98 Y101.173 E.01498
;WIDTH:0.496362
G1 X103.355 Y101.154 E.01387
;WIDTH:0.459999
G1 X108.043 Y101.154 E.15934
G1 X108.043 Y118.844 E.60122
G1 X106.343 Y118.844 E.0578
G1 X105.421 Y118.823 E.03133
G1 X105.054 Y118.695 E.0132
G1 X104.787 Y118.414 E.01317
G1 X104.644 Y118.054 E.01318
G1 X104.632 Y111.65 E.21765
G1 E-.84 F2400
;WIPE_START
G1 F1800
G1 X105.167 Y111.23 E-.24488
G1 X105.399 Y111.01 E-.11512
;WIPE_END
G17
G3 Z.6 I.986 J.713 P1  F9000
G1 X107.548 Y108.036 Z.6
G1 Z.2
G1 E1.2 F1800
;TYPE:Inner wall
;WIDTH:0.57327
G1 X107.567 Y107.633 E.01743
;WIDTH:0.535403
G1 X107.586 Y107.23 E.01619
;WIDTH:0.535904
G1 X107.567 Y106.388 E.03386
;WIDTH:0.548038
G1 X107.561 Y106.291 E.00397
G1 E-.84 F2400
;WIPE_START
G1 F1800
G1 X107.567 Y106.388 E-.03472
G1 X107.586 Y107.23 E-.30347
G1 X107.583 Y107.291 E-.02182
;WIPE_END
G17
G3 Z.6 I-.077 J-1.215 P1  F9000
G1 X96.001 Y108.024 Z.6
G1 Z.2
G1 E1.2 F1800
;WIDTH:0.480794
G1 X95.984 Y107.625 E.01425
;WIDTH:0.440897
G1 X95.966 Y107.226 E.01296
;WIDTH:0.433972
G1 X95.988 Y106.39 E.02664
;WIDTH:0.444582
G1 X95.994 Y106.301 E.00291
G1 E-.84 F2400
;WIPE_START
G1 F1800
G1 X95.988 Y106.39 E-.03204
G1 X95.966 Y107.226 E-.30092
G1 X95.97 Y107.301 E-.02704
;WIPE_END
G17
G3 Z.6 I1.166 J.347 P1  F9000
G1 X97.632 Y101.718 Z.6
G1 Z.2
G1 E1.2 F1800
;TYPE:Bottom surface
;WIDTH:0.494317
G1 F4800
G1 X98.089 Y102.175 E.02376
G1 X97.728 Y102.452 E.01675
G1 X97.181 Y101.906 E.02842
G1 X96.543 Y101.906 E.02348
G1 X97.409 Y102.771 E.04503
G1 X97.094 Y103.095 E.01661
G1 X96.341 Y102.342 E.03915
G1 X96.337 Y102.976 E.02333
G1 X96.821 Y103.46 E.02517
G1 X96.555 Y103.833 E.01684
G1 X96.146 Y103.424 E.02129
G1 E-.84 F2400
;WIPE_START
G1 F4800
G1 X96.555 Y103.833 E-.20841
G1 X96.799 Y103.49 E-.15159
;WIPE_END
G17
G3 Z.6 I-1.2 J.202 P1  F9000
G1 X98.307 Y112.437 Z.6
G1 Z.2
G1 E1.2 F1800
;WIDTH:0.469492
G1 F4800
G1 X96.288 Y110.418 E.09926
G1 X96.284 Y111.017 E.02083
G1 X98.118 Y112.852 E.09019
G1 X98.117 Y113.454 E.02093
G1 X96.28 Y111.617 E.09033
G1 X96.276 Y112.216 E.02083
G1 X98.116 Y114.056 E.09047
G1 X98.115 Y114.659 E.02093
G1 X96.272 Y112.815 E.09061
G1 X96.268 Y113.415 E.02083
G1 X98.114 Y115.261 E.09076
G1 X98.113 Y115.863 E.02093
G1 X96.264 Y114.014 E.0909
G1 X96.26 Y114.613 E.02083
G1 X98.112 Y116.465 E.09104
G1 X98.111 Y117.067 E.02093
G1 X96.256 Y115.212 E.09118
G1 X96.252 Y115.812 E.02083
G1 X98.11 Y117.67 E.09132
G1 X98.109 Y117.938 E.00934
G1 X98.069 Y118.026 E.00335
G1 X97.989 Y118.077 E.00331
G1 X97.924 Y118.087 E.00229
G1 X96.248 Y116.411 E.08238
G1 X96.244 Y117.01 E.02083
G1 X97.327 Y118.093 E.05321
G1 X96.723 Y118.093 E.02097
G1 X96.054 Y117.423 E.03292
G1 E-.84 F2400
;WIPE_START
G1 F4800
G1 X96.723 Y118.093 E-.34093
G1 X96.776 Y118.093 E-.01907
;WIPE_END
G17
G3 Z.6 I.706 J.991 P1  F9000
G1 X107.479 Y110.474 Z.6
G1 Z.2
G1 E1.2 F1800
;WIDTH:0.466825
G1 F4800
G1 X107.08 Y110.075 E.0195
G1 X106.857 Y110.452 E.01512
G1 X107.292 Y110.886 E.02122
G1 X107.292 Y111.486 E.02071
G1 X106.604 Y110.798 E.03362
G1 X106.336 Y111.129 E.01473
G1 X107.292 Y112.085 E.0467
G1 X107.292 Y112.685 E.02071
G1 X106.043 Y111.436 E.06099
G1 X105.735 Y111.728 E.01465
G1 X107.292 Y113.284 E.07604
G1 X107.292 Y113.884 E.02071
G1 X105.397 Y111.989 E.09257
G1 X105.384 Y111.998 E.00054
G1 X105.385 Y112.577 E.01999
G1 X107.292 Y114.483 E.09313
G1 X107.292 Y115.083 E.02071
G1 X105.386 Y113.177 E.09308
G1 X105.387 Y113.778 E.02074
G1 X107.292 Y115.682 E.09303
G1 X107.292 Y116.282 E.02071
G1 X105.389 Y114.378 E.09298
G1 X105.39 Y114.979 E.02074
G1 X107.292 Y116.881 E.09293
G1 X107.292 Y117.481 E.02071
G1 X105.391 Y115.579 E.09287
G1 X105.392 Y116.18 E.02074
G1 X107.292 Y118.093 E.09313
G1 X106.705 Y118.093 E.02027
G1 X105.393 Y116.781 E.06411
G1 X105.394 Y117.381 E.02074
G1 X106.106 Y118.093 E.03477
G1 X105.62 Y118.093 E.01677
G1 X105.507 Y118.076 E.00395
G1 X105.207 Y117.794 E.01424
G1 E-.84 F2400
;WIPE_START
G1 F4800
G1 X105.507 Y118.076 E-.14842
G1 X105.62 Y118.093 E-.04114
G1 X106.094 Y118.093 E-.17045
;WIPE_END
G17
G3 Z.6 I1.212 J.109 P1  F9000
G1 X107.479 Y102.665 Z.6
G1 Z.2
G1 E1.2 F1800
;WIDTH:0.508994
G1 F4800
G1 X106.72 Y101.906 E.04079
G1 X106.061 Y101.906 E.02503
G1 X107.292 Y103.137 E.06611
G1 X107.292 Y103.796 E.02503
G1 X105.214 Y101.718 E.11159
; stop printing object sandbox.stl id:15 copy 0
M106 S255
;LAYER_CHANGE
;Z:0.4
;HEIGHT:0.2
;BEFORE_LAYER_CHANGE
;0.4
G92 E0

G1 E-.84 F2400
;WIPE_START
G1 F4800
G1 X105.921 Y102.425 E-.36
;WIPE_END
;_SET_FAN_SPEED_CHANGING_LAYER
M204 P2500
; printing object sandbox.stl id:15 copy 0
M204 T2500
G17
G3 Z.8 I-.715 J.984 P1  F9000
G1 X117.684 Y110.974 Z.8
G1 Z.4
G1 E1.2 F1800
M204 P2000
;TYPE:Inner wall
;WIDTH:0.449999
G1 F5400
G1 X117.62 Y110.901 E.00322
G1 X117.032 Y110.502 E.0236
G1 X116.54 Y110.045 E.02227
G1 X116.153 Y109.563 E.02051
G1 X115.826 Y109.006 E.0214
G1 X115.585 Y108.408 E.02139
G1 X115.434 Y107.782 E.02138
G1 X115.377 Y107.14 E.02138
G1 X115.415 Y106.496 E.02138
G1 X115.547 Y105.866 E.02135
G1 X115.782 Y105.237 E.02228
G1 X116.08 Y104.696 E.02047
G1 X116.488 Y104.163 E.02229
G1 X116.931 Y103.731 E.02051
G1 X117.453 Y103.352 E.0214
G1 X118.025 Y103.055 E.02138
G1 X118.635 Y102.845 E.02139
G1 X119.279 Y102.725 E.02174
G1 X119.912 Y102.715 E.02101
G1 X120.551 Y102.786 E.02133
G1 X121.173 Y102.95 E.02133
G1 X121.764 Y103.204 E.02133
G1 X122.311 Y103.542 E.02133
G1 X122.802 Y103.956 E.02133
G1 X123.228 Y104.439 E.02133
G1 X123.578 Y104.978 E.02134
G1 X123.844 Y105.564 E.02135
G1 X124.023 Y106.185 E.02143
G1 X124.126 Y107.138 E.0318
G1 X124.064 Y107.807 E.02228
G1 X123.918 Y108.408 E.02051
G1 X123.677 Y109.006 E.0214
G1 X123.35 Y109.562 E.02138
G1 X122.946 Y110.064 E.02139
G1 X122.472 Y110.501 E.02137
G1 X121.883 Y110.901 E.02363
G1 X121.687 Y111.125 E.00987
G1 X121.628 Y111.381 E.00872
G1 X121.628 Y118.077 E.22212
G1 X121.68 Y118.452 E.01254
G1 X117.823 Y118.451 E.12796
G1 X117.875 Y118.076 E.01256
G1 X117.875 Y111.381 E.22207
G1 X117.815 Y111.125 E.00872
G1 X117.71 Y111.004 E.00532
G1 X117.388 Y111.243 F9000
M204 P1000
;TYPE:Outer wall
;WIDTH:0.419999
G1 F3600
G1 X116.773 Y110.826 E.02283
G1 X116.236 Y110.327 E.02252
G1 X115.811 Y109.798 E.02085
G1 X115.454 Y109.189 E.02169
G1 X115.19 Y108.535 E.02169
G1 X115.025 Y107.849 E.02169
G1 X114.962 Y107.146 E.02169
G1 X115.004 Y106.441 E.02169
G1 X115.149 Y105.751 E.02168
G1 X115.406 Y105.064 E.02252
G1 X115.732 Y104.47 E.02084
G1 X116.178 Y103.887 E.02253
G1 X116.664 Y103.414 E.02085
G1 X117.235 Y103 E.02169
G1 X117.862 Y102.674 E.02169
G1 X118.529 Y102.444 E.02169
G1 X119.055 Y102.346 E.01645
G1 X119.572 Y102.289 E.01597
G1 X120.28 Y102.315 E.02179
G1 X120.974 Y102.444 E.02169
G1 X121.641 Y102.674 E.02169
G1 X122.267 Y103 E.02169
G1 X122.839 Y103.414 E.02168
G1 X123.344 Y103.907 E.02169
G1 X123.77 Y104.469 E.02169
G1 X124.109 Y105.088 E.02169
G1 X124.354 Y105.75 E.02169
G1 X124.499 Y106.441 E.02169
G1 X124.54 Y107.145 E.02168
G1 X124.473 Y107.875 E.02252
G1 X124.313 Y108.535 E.02085
G1 X124.049 Y109.189 E.02169
G1 X123.692 Y109.798 E.02169
G1 X123.249 Y110.347 E.02169
G1 X122.73 Y110.826 E.02168
G1 X122.103 Y111.252 E.02329
G1 X122.041 Y111.381 E.00441
G1 X122.041 Y118.077 E.20575
G1 X122.094 Y118.424 E.01078
G1 X122.259 Y118.765 E.01162
G1 X122.348 Y118.865 E.00414
G1 X117.148 Y118.864 E.15979
G1 X117.207 Y118.812 E.00242
G1 X117.392 Y118.473 E.01189
G1 X117.461 Y118.076 E.01237
G1 X117.461 Y111.348 E.20672
G1 X117.411 Y111.276 E.00271
G1 E-.84 F2400
;WIPE_START
G1 F3600
G1 X116.773 Y110.826 E-.28096
G1 X116.612 Y110.677 E-.07904
;WIPE_END
G1 Z.8 F9000
G1 X121.467 Y115.965 Z.8
G1 Z.4
G1 E1.2 F1800
M204 P2500
;TYPE:Internal solid infill
;WIDTH:0.427297
G1 F9556.943
G1 X119.311 Y118.12 E.09546
G1 X118.768 Y118.12 E.01702
G1 X121.297 Y115.591 E.11202
G1 X121.297 Y115.048 E.01703
G1 X118.224 Y118.12 E.1361
G1 X118.202 Y118.12 E.0007
G1 X118.206 Y117.595 E.01645
G1 X121.297 Y114.504 E.13691
G1 X121.297 Y113.961 E.01703
G1 X118.206 Y117.051 E.13691
G1 X118.206 Y116.508 E.01703
G1 X121.297 Y113.417 E.13691
G1 X121.297 Y112.873 E.01703
G1 X118.206 Y115.964 E.13691
G1 X118.206 Y115.421 E.01703
G1 X121.297 Y112.33 E.13691
G1 X121.297 Y111.786 E.01703
G1 X118.206 Y114.877 E.13691
G1 X118.206 Y114.333 E.01703
G1 X122.709 Y109.83 E.19948
G1 X123.077 Y109.374 E.01837
G1 X123.379 Y108.86 E.01866
G1 X123.543 Y108.452 E.01376
G1 X118.206 Y113.79 E.23643
G1 X118.206 Y113.246 E.01703
G1 X123.74 Y107.712 E.24514
G1 X123.793 Y107.116 E.01875
G1 X118.206 Y112.703 E.24747
G1 X118.206 Y112.159 E.01703
G1 X123.762 Y106.603 E.24613
G1 X123.676 Y106.145 E.01457
G1 X118.206 Y111.616 E.24231
G1 X118.206 Y111.374 E.00757
G1 X118.163 Y111.115 E.00821
G1 X123.551 Y105.726 E.2387
G1 X123.43 Y105.398 E.01097
G1 X123.397 Y105.337 E.00216
G1 X117.965 Y110.769 E.2406
G1 X117.811 Y110.631 E.00649
G1 X117.662 Y110.529 E.00566
G1 X123.204 Y104.986 E.24552
G1 X123.144 Y104.876 E.00395
G1 X122.983 Y104.664 E.00832
G1 X117.338 Y110.309 E.25007
G1 X117.238 Y110.242 E.00376
G1 X117.043 Y110.06 E.00835
G1 X122.743 Y104.361 E.25246
G1 X122.468 Y104.092 E.01204
G1 X116.764 Y109.795 E.25264
G1 X116.522 Y109.494 E.01211
G1 X122.169 Y103.847 E.25012
G1 X121.851 Y103.622 E.01221
G1 X116.305 Y109.168 E.24566
G1 X116.108 Y108.821 E.01249
G1 X121.493 Y103.436 E.23853
G1 X121.347 Y103.36 E.00517
G1 X121.108 Y103.278 E.00791
G1 X115.952 Y108.434 E.22839
G1 X115.901 Y108.307 E.00427
G1 X115.83 Y108.012 E.00951
G1 X120.693 Y103.149 E.21541
G1 X120.235 Y103.064 E.0146
G1 X115.746 Y107.552 E.19883
G1 X115.714 Y107.04 E.01607
G1 X119.715 Y103.039 E.17722
G1 X119.319 Y103.054 E.01241
G1 X119.12 Y103.091 E.00635
G1 X115.763 Y106.448 E.14868
G1 X115.866 Y105.959 E.01566
G1 X115.959 Y105.708 E.00838
G1 X118.387 Y103.28 E.10753
G1 X118.156 Y103.36 E.00765
G1 X117.628 Y103.635 E.01866
G1 X117.144 Y103.985 E.01868
G1 X116.064 Y105.06 E.04776
G1 X119.858 Y118.059 F9000
;WIDTH:0.419999
G1 F9741.91
G1 X121.236 Y118.06 E.04235
G1 X121.236 Y116.681 E.04236
G1 X119.886 Y118.031 E.05866
G1 X120.859 Y117.609 F9000
;WIDTH:0.473316
G1 F8535.092
G1 X120.805 Y117.609 E.00189
G1 X120.778 Y117.656 E.00189
G1 X120.805 Y117.702 E.00189
G1 X120.866 Y117.69 E.00217
G1 E-1.13722 F2400
;WIPE_START
G1 F8535.092
G1 X120.805 Y117.702 E-.0174
G1 X120.778 Y117.656 E-.01513
G1 X120.805 Y117.609 E-.01513
G1 X120.859 Y117.609 E-.01513
;WIPE_END
G17
G3 Z.8 I.305 J-1.178 P1  F9000
G1 X98.478 Y111.814 Z.8
G1 Z.4
G1 E1.2 F1800
M204 P2000
;TYPE:Inner wall
;WIDTH:0.449999
G1 F5400
G1 X98.467 Y117.849 E.20018
G1 X98.425 Y118.14 E.00977
G1 X98.233 Y118.362 E.00972
G1 X97.907 Y118.451 E.0112
G1 X95.877 Y118.451 E.06736
G1 X95.94 Y108.848 E.31856
;WIDTH:0.486932
G1 X95.966 Y108.588 E.00945
;WIDTH:0.523864
G1 X95.991 Y108.328 E.01024
;WIDTH:0.560796
G1 X96.017 Y108.068 E.01102
;WIDTH:0.547931
G1 X96.145 Y108.479 E.01773
;WIDTH:0.498965
G1 X96.274 Y108.89 E.01601
;WIDTH:0.449999
G1 X96.579 Y109.634 E.02669
G1 X97.001 Y110.353 E.02764
G1 X97.523 Y111.003 E.02764
G1 X98.07 Y111.52 E.02499
G1 X98.446 Y111.791 E.01534
G1 E-.84 F2400
;WIPE_START
G1 F5400
G1 X98.449 Y112.791 E-.36
;WIPE_END
G17
G3 Z.8 I1.138 J-.431 P1  F9000
G1 X95.994 Y106.301 Z.8
G1 Z.4
G1 E1.2 F1800
;WIDTH:0.52459
G1 F5400
G1 X95.978 Y105.926 E.01473
;WIDTH:0.487295
G1 X95.962 Y105.551 E.01359
;WIDTH:0.449999
G1 X95.988 Y101.548 E.13281
G1 X100.066 Y101.551 E.13526
G1 X99.287 Y101.855 E.02772
G1 X98.54 Y102.279 E.02852
G1 X97.904 Y102.772 E.02669
G1 X97.324 Y103.371 E.02764
G1 X96.837 Y104.047 E.02764
G1 X96.453 Y104.787 E.02765
G1 X96.178 Y105.574 E.02764
;WIDTH:0.487295
G1 X96.086 Y105.938 E.01359
;WIDTH:0.52459
G1 X96.004 Y106.263 E.01316
G1 E-.84 F2400
;WIPE_START
G1 F5400
G1 X95.978 Y105.926 E-.1214
G1 X95.962 Y105.551 E-.13512
G1 X95.964 Y105.264 E-.10348
;WIPE_END
G17
G3 Z.8 I-.104 J1.212 P1  F9000
G1 X107.558 Y106.262 Z.8
G1 Z.4
G1 E1.2 F1800
;WIDTH:0.632784
G1 F5400
G1 X107.495 Y106.07 E.00974
;WIDTH:0.587088
G1 X107.431 Y105.878 E.00898
;WIDTH:0.541392
G1 X107.367 Y105.685 E.00823
;WIDTH:0.495696
G1 X107.303 Y105.493 E.00748
;WIDTH:0.449999
G1 X107.017 Y104.708 E.02772
G1 X106.606 Y103.952 E.02852
G1 X106.003 Y103.182 E.03247
G1 X105.538 Y102.717 E.02182
G1 X104.871 Y102.217 E.02765
G1 X104.139 Y101.819 E.02764
G1 X103.438 Y101.551 E.02487
G1 X107.65 Y101.548 E.1397
G1 X107.65 Y105.54 E.13244
;WIDTH:0.495696
G1 X107.627 Y105.721 E.00671
;WIDTH:0.541392
G1 X107.604 Y105.901 E.00739
;WIDTH:0.587088
G1 X107.581 Y106.082 E.00807
;WIDTH:0.632784
G1 X107.563 Y106.223 E.00682
G1 E-.84 F2400
;WIPE_START
G1 F5400
G1 X107.495 Y106.07 E-.06027
G1 X107.431 Y105.878 E-.07294
G1 X107.367 Y105.685 E-.07294
G1 X107.303 Y105.493 E-.07294
G1 X107.226 Y105.282 E-.08092
;WIPE_END
G17
G3 Z.8 I-1.153 J-.389 P1  F9000
G1 X105.026 Y111.813 Z.8
G1 Z.4
G1 E1.2 F1800
;WIDTH:0.449999
G1 F5400
G1 X105.458 Y111.499 E.01771
G1 X106.038 Y110.941 E.02669
G1 X106.55 Y110.283 E.02764
G1 X106.962 Y109.559 E.02765
G1 X107.266 Y108.783 E.02765
;WIDTH:0.490653
G1 X107.322 Y108.634 E.00582
;WIDTH:0.531307
G1 X107.379 Y108.484 E.00635
;WIDTH:0.571961
G1 X107.435 Y108.335 E.00688
;WIDTH:0.612615
G1 X107.491 Y108.186 E.00741
;WIDTH:0.653268
G1 X107.548 Y108.036 E.00794
G1 X107.559 Y108.079 E.00217
;WIDTH:0.631641
G1 X107.581 Y108.266 E.00906
;WIDTH:0.586231
G1 X107.604 Y108.453 E.00836
;WIDTH:0.54082
G1 X107.627 Y108.641 E.00766
;WIDTH:0.49541
G1 X107.65 Y108.828 E.00696
;WIDTH:0.449999
G1 X107.65 Y118.451 E.31919
G1 X106.343 Y118.451 E.04336
G1 X105.404 Y118.423 E.03114
G1 X105.159 Y118.264 E.0097
G1 X105.037 Y117.998 E.00972
G1 X105.026 Y111.853 E.20384
G1 X104.612 Y111.6 F9000
M204 P1000
;TYPE:Outer wall
;WIDTH:0.419999
G1 F3600
G1 X105.174 Y111.199 E.02119
G1 X105.713 Y110.684 E.02291
G1 X106.192 Y110.076 E.02378
G1 X106.578 Y109.406 E.02378
G1 X106.863 Y108.686 E.02378
G1 X107.042 Y107.933 E.02378
G1 X107.111 Y107.162 E.0238
G1 X107.063 Y106.362 E.02462
G1 X106.914 Y105.632 E.02291
G1 X106.652 Y104.903 E.0238
G1 X106.273 Y104.197 E.02462
G1 X105.708 Y103.472 E.02826
G1 X105.287 Y103.046 E.01839
G1 X104.67 Y102.579 E.02378
G1 X103.993 Y102.205 E.02378
G1 X103.268 Y101.934 E.02378
;WIDTH:0.455875
G1 X103.017 Y101.861 E.00879
;WIDTH:0.49175
G1 X102.767 Y101.788 E.00955
;WIDTH:0.527625
G1 X102.516 Y101.715 E.01031
G1 X101.737 Y101.675 E.0308
;WIDTH:0.524806
G1 X100.957 Y101.721 E.03068
G1 X100.709 Y101.794 E.01015
;WIDTH:0.489871
G1 X100.461 Y101.867 E.00942
;WIDTH:0.454935
G1 X100.213 Y101.94 E.00868
;WIDTH:0.419999
G1 X99.489 Y102.216 E.0238
G1 X98.791 Y102.608 E.02462
G1 X98.199 Y103.062 E.02291
G1 X97.658 Y103.615 E.02378
G1 X97.203 Y104.241 E.02378
G1 X96.842 Y104.926 E.02378
G1 X96.584 Y105.655 E.02378
G1 X96.433 Y106.414 E.02378
G1 X96.394 Y107.187 E.02378
G1 X96.466 Y107.958 E.0238
G1 X96.658 Y108.736 E.02462
G1 X96.937 Y109.427 E.02291
G1 X97.326 Y110.096 E.02378
G1 X97.807 Y110.702 E.02378
G1 X98.37 Y111.232 E.02377
G1 X98.892 Y111.6 E.01961
G1 X98.88 Y118.058 E.19842
G1 X98.805 Y118.314 E.00821
G1 X98.661 Y118.538 E.0082
G1 X98.459 Y118.713 E.0082
G1 X98.216 Y118.824 E.0082
G1 X97.937 Y118.864 E.00867
G1 X95.461 Y118.864 E.0761
G1 X95.578 Y101.134 E.5448
G1 X100.149 Y101.134 E.14047
;WIDTH:0.455876
G1 X100.423 Y101.152 E.00922
;WIDTH:0.491752
G1 X100.696 Y101.17 E.01002
;WIDTH:0.527628
G1 X100.969 Y101.188 E.01082
G1 X101.785 Y101.175 E.03223
;WIDTH:0.532724
G1 X102.605 Y101.191 E.03274
G1 X102.855 Y101.172 E.01
;WIDTH:0.495149
G1 X103.105 Y101.153 E.00924
;WIDTH:0.457574
G1 X103.355 Y101.134 E.00847
;WIDTH:0.419999
G1 X108.063 Y101.134 E.14467
G1 X108.063 Y118.864 E.54479
G1 X105.638 Y118.864 E.07452
G1 X105.286 Y118.823 E.0109
G1 X105.043 Y118.712 E.00819
G1 X104.842 Y118.537 E.00819
G1 X104.699 Y118.313 E.00819
G1 X104.624 Y118.057 E.00819
G1 X104.612 Y111.64 E.1972
G1 E-.84 F2400
;WIPE_START
G1 F3600
G1 X105.174 Y111.199 E-.25693
G1 X105.381 Y111.001 E-.10307
;WIPE_END
G17
G3 Z.8 I1.106 J.508 P1  F9000
G1 X107.558 Y106.262 Z.8
G1 Z.4
G1 E1.2 F1800
M204 P2000
;TYPE:Inner wall
;WIDTH:0.632784
G1 F5400
G1 X107.564 Y106.357 E.00457
;WIDTH:0.620566
G1 X107.586 Y107.23 E.04111
;WIDTH:0.615403
G1 X107.567 Y107.633 E.01882
;WIDTH:0.653268
G1 X107.548 Y108.036 E.02006
G1 E-.84 F2400
;WIPE_START
G1 F5400
G1 X107.567 Y107.633 E-.14523
G1 X107.586 Y107.23 E-.14523
G1 X107.581 Y107.037 E-.06954
;WIPE_END
G17
G3 Z.8 I-.103 J-1.213 P1  F9000
G1 X96.001 Y108.024 Z.8
G1 Z.4
G1 E1.2 F1800
;WIDTH:0.560796
G1 F5400
G1 X95.984 Y107.625 E.01686
;WIDTH:0.520899
G1 X95.966 Y107.226 E.01556
;WIDTH:0.51398
G1 X95.988 Y106.39 E.03209
;WIDTH:0.52459
G1 X95.994 Y106.301 E.00349
G1 X98.347 Y101.94 F9000
M204 P2500
;TYPE:Internal solid infill
;WIDTH:0.419999
G1 F9741.91
G1 X96.378 Y101.94 E.06051
G1 X96.364 Y104.104 E.06649
G1 X96.505 Y103.841 E.00918
G1 X97.081 Y103.053 E.02998
G1 X97.709 Y102.422 E.02736
G1 X98.313 Y101.961 E.02335
G1 X97.321 Y102.3 F9000
;WIDTH:0.386548
G1 F10690.251
G1 X96.736 Y102.3 E.01639
G1 X96.732 Y102.921 E.01737
G1 X97.294 Y102.329 E.02284
G1 E-.9755 F2400
;WIPE_START
G1 F10690.251
G1 X96.732 Y102.921 E-.18313
G1 X96.733 Y102.736 E-.04137
;WIPE_END
G17
G3 Z.8 I-1.204 J.176 P1  F9000
G1 X98.086 Y112.015 Z.8
G1 Z.4
G1 E1.2 F1800
;WIDTH:0.419999
G1 F9741.91
G1 X97.801 Y111.805 E.01088
G1 X97.176 Y111.203 E.02666
G1 X96.629 Y110.501 E.02734
G1 X96.325 Y109.968 E.01886
G1 X96.271 Y118.059 E.24862
G1 X97.879 Y118.059 E.04941
G1 X98.041 Y118.002 E.00527
G1 X98.075 Y117.848 E.00483
G1 X98.085 Y112.055 E.178
G1 X97.708 Y112.206 F9000
G1 F9741.91
G1 X96.914 Y111.474 E.03318
G1 X96.694 Y111.2 E.01082
G1 X96.651 Y117.682 E.19917
G1 X97.698 Y117.682 E.03218
G1 X97.708 Y112.246 E.16701
G1 X97.358 Y112.38 F9000
;WIDTH:0.37101
G1 F10800
G1 X97.037 Y112.079 E.01177
G1 X97.009 Y117.326 E.14029
G1 X97.343 Y117.326 E.00894
G1 X97.358 Y112.42 E.13115
G1 E-.97778 F2400
;WIPE_START
G1 F10800
G1 X97.355 Y113.42 E-.22222
;WIPE_END
G17
G3 Z.8 I.413 J1.145 P1  F9000
G1 X107.258 Y109.843 Z.8
G1 Z.4
G1 E1.2 F1800
;WIDTH:0.419999
G1 F9741.91
G1 X106.825 Y110.575 E.02612
G1 X106.269 Y111.268 E.02731
G1 X105.719 Y111.792 E.02333
G1 X105.419 Y112.013 E.01146
G1 X105.429 Y117.941 E.18215
G1 X105.524 Y118.031 E.00401
G1 X106.343 Y118.059 E.02517
G1 X107.258 Y118.059 E.02811
G1 X107.258 Y109.883 E.25121
G1 X106.88 Y111.11 F9000
G1 F9741.91
G1 X106.562 Y111.505 E.01558
G1 X105.978 Y112.065 E.02487
G1 X105.796 Y112.204 E.00704
G1 X105.806 Y117.682 E.16831
G1 X106.88 Y117.682 E.03302
G1 X106.88 Y111.15 E.2007
G1 X106.515 Y112.06 F9000
;WIDTH:0.394329
G1 F10453.565
G1 X106.162 Y112.387 E.0138
G1 X106.168 Y117.318 E.14121
G1 X106.517 Y117.318 E.01
G1 X106.515 Y112.1 E.14944
G1 X107.258 Y104.359 F9000
;WIDTH:0.419999
G1 F9741.91
G1 X107.258 Y101.94 E.07431
G1 X105.162 Y101.94 E.06439
G1 X105.775 Y102.405 E.02364
G1 X106.497 Y103.14 E.03166
G1 X106.983 Y103.816 E.02559
G1 X107.239 Y104.323 E.01745
G1 X106.877 Y103.018 F9000
;WIDTH:0.426638
G1 F9573.357
G1 X106.877 Y102.32 E.0218
G1 X106.228 Y102.32 E.0203
G1 X106.749 Y102.852 E.02327
G1 X106.853 Y102.986 E.0053
; stop printing object sandbox.stl id:15 copy 0
;LAYER_CHANGE
;Z:0.6
;HEIGHT:0.2
;BEFORE_LAYER_CHANGE
;0.6
G92 E0

G1 E-.9493 F2400
;WIPE_START
G1 F9573.357
G1 X106.749 Y102.852 E-.04249
G1 X106.228 Y102.32 E-.1866
G1 X106.314 Y102.32 E-.0216
;WIPE_END
;_SET_FAN_SPEED_CHANGING_LAYER
; printing object sandbox.stl id:15 copy 0
G17
G3 Z1 I-.737 J.968 P1  F9000
G1 X117.684 Y110.974 Z1
G1 Z.6
G1 E1.2 F1800
M204 P2000
;TYPE:Inner wall
;WIDTH:0.449999
G1 F5400
G1 X117.62 Y110.901 E.00322
G1 X117.031 Y110.501 E.02364
G1 X116.557 Y110.064 E.02137
G1 X116.152 Y109.562 E.02138
G1 X115.826 Y109.006 E.02139
G1 X115.585 Y108.408 E.02138
G1 X115.434 Y107.782 E.02139
G1 X115.377 Y107.14 E.02138
G1 X115.415 Y106.496 E.02138
G1 X115.547 Y105.865 E.02138
G1 X115.771 Y105.26 E.02139
G1 X116.081 Y104.695 E.02138
G1 X116.47 Y104.181 E.02138
G1 X116.93 Y103.732 E.02133
G1 X117.248 Y103.505 E.01297
G1 X117.756 Y103.194 E.01977
G1 X118.333 Y102.949 E.02078
G1 X118.953 Y102.786 E.02129
G1 X119.579 Y102.703 E.02094
G1 X120.234 Y102.727 E.02175
G1 X120.868 Y102.845 E.02138
G1 X121.478 Y103.055 E.02139
G1 X122.05 Y103.352 E.02138
G1 X122.572 Y103.731 E.02139
G1 X123.031 Y104.18 E.02132
G1 X123.265 Y104.493 E.01297
G1 X123.587 Y104.994 E.01977
G1 X123.845 Y105.565 E.02078
G1 X124.023 Y106.188 E.02149
G1 X124.126 Y107.138 E.03167
G1 X124.06 Y107.824 E.02288
G1 X123.918 Y108.408 E.01993
G1 X123.677 Y109.006 E.02141
G1 X123.35 Y109.562 E.02138
G1 X122.946 Y110.064 E.02138
G1 X122.472 Y110.501 E.02137
G1 X121.883 Y110.901 E.02364
G1 X121.687 Y111.125 E.00987
G1 X121.628 Y111.381 E.00872
G1 X121.628 Y118.077 E.22212
G1 X121.68 Y118.452 E.01254
G1 X117.859 Y118.451 E.12677
G1 X117.875 Y118.076 E.01245
G1 X117.875 Y111.381 E.22207
G1 X117.815 Y111.125 E.00872
G1 X117.71 Y111.004 E.00532
G1 X117.388 Y111.243 F9000
M204 P1000
;TYPE:Outer wall
;WIDTH:0.419999
G1 F3600
G1 X116.773 Y110.826 E.02284
G1 X116.254 Y110.347 E.02168
G1 X115.811 Y109.798 E.02169
G1 X115.454 Y109.189 E.02169
G1 X115.19 Y108.535 E.02169
G1 X115.025 Y107.849 E.02169
G1 X114.962 Y107.146 E.02169
G1 X115.004 Y106.441 E.02169
G1 X115.149 Y105.75 E.02168
G1 X115.393 Y105.088 E.02169
G1 X115.733 Y104.469 E.02169
G1 X116.159 Y103.907 E.02168
G1 X116.663 Y103.414 E.02167
G1 X117.275 Y102.977 E.02308
G1 X117.861 Y102.674 E.02029
G1 X118.529 Y102.444 E.02169
G1 X119.055 Y102.346 E.01645
G1 X119.572 Y102.289 E.01596
G1 X120.28 Y102.315 E.02179
G1 X120.974 Y102.444 E.02169
G1 X121.641 Y102.674 E.02169
G1 X122.267 Y103 E.02169
G1 X122.839 Y103.414 E.02169
G1 X123.343 Y103.907 E.02167
G1 X123.793 Y104.508 E.02308
G1 X124.109 Y105.088 E.02029
G1 X124.354 Y105.75 E.02169
G1 X124.499 Y106.441 E.02169
G1 X124.54 Y107.145 E.02167
G1 X124.469 Y107.893 E.02308
G1 X124.313 Y108.535 E.02029
G1 X124.049 Y109.189 E.02169
G1 X123.692 Y109.798 E.02169
G1 X123.249 Y110.347 E.02169
G1 X122.73 Y110.826 E.02168
G1 X122.103 Y111.252 E.02329
G1 X122.041 Y111.381 E.00441
G1 X122.041 Y118.077 E.20575
G1 X122.095 Y118.425 E.0108
G1 X122.191 Y118.654 E.00764
G1 X122.368 Y118.865 E.00847
G1 X117.157 Y118.864 E.16012
G1 X117.316 Y118.646 E.00829
G1 X117.441 Y118.289 E.01162
G1 X117.461 Y118.076 E.00658
G1 X117.461 Y111.348 E.20672
G1 X117.411 Y111.276 E.00271
G1 E-.84 F2400
;WIPE_START
G1 F3600
G1 X116.773 Y110.826 E-.28108
G1 X116.612 Y110.677 E-.07892
;WIPE_END
G1 Z1 F9000
G1 X118.291 Y118.006 Z1
G1 Z.6
G1 E1.2 F1800
M204 P2500
;TYPE:Internal solid infill
;WIDTH:0.439726
G1 F9257.595
G1 X118.217 Y118.049 E.00278
G1 X118.296 Y118.084 E.0028
G1 X123.436 Y105.055 F9000
;WIDTH:0.421542
G1 F9702.208
G1 X122.358 Y103.984 E.04689
G1 X121.875 Y103.635 E.01838
G1 X121.347 Y103.36 E.01838
G1 X121.133 Y103.286 E.00698
G1 X123.539 Y105.693 E.105
G1 X123.637 Y105.957 E.00869
G1 X123.734 Y106.424 E.01471
G1 X120.407 Y103.096 E.1452
G1 X120.198 Y103.057 E.00655
G1 X119.818 Y103.043 E.01172
G1 X123.787 Y107.011 E.17315
G1 X123.794 Y107.132 E.00372
G1 X123.757 Y107.517 E.01194
G1 X119.298 Y103.058 E.19456
G1 X118.847 Y103.142 E.01416
G1 X123.682 Y107.978 E.21099
G1 X123.566 Y108.397 E.01342
G1 X118.434 Y103.264 E.22394
G1 X118.155 Y103.36 E.00909
G1 X118.049 Y103.415 E.00369
G1 X123.412 Y108.778 E.234
G1 X123.223 Y109.125 E.01218
G1 X117.696 Y103.598 E.24117
G1 X117.38 Y103.817 E.01187
G1 X123.014 Y109.452 E.24585
G1 X122.775 Y109.748 E.01175
G1 X117.078 Y104.05 E.24861
G1 X116.807 Y104.315 E.01168
G1 X122.509 Y110.017 E.24879
G1 X122.225 Y110.269 E.0117
G1 X116.563 Y104.607 E.24704
G1 X116.337 Y104.916 E.01182
G1 X121.906 Y110.485 E.24299
G1 X121.596 Y110.71 E.01183
G1 X116.147 Y105.262 E.23773
G1 X116.073 Y105.398 E.00479
G1 X115.985 Y105.635 E.0078
G1 X121.373 Y111.023 E.23511
G1 X121.322 Y111.164 E.00463
G1 X121.297 Y111.482 E.00984
G1 X115.85 Y106.035 E.23767
G1 X115.757 Y106.478 E.01396
G1 X121.297 Y112.018 E.24172
G1 X121.297 Y112.553 E.01652
G1 X115.718 Y106.975 E.2434
G1 X115.709 Y107.135 E.00494
G1 X115.745 Y107.536 E.01244
G1 X121.297 Y113.089 E.24226
G1 X121.297 Y113.624 E.01652
G1 X115.876 Y108.203 E.23654
G1 X115.901 Y108.307 E.00331
G1 X116.124 Y108.86 E.01838
G1 X116.304 Y109.167 E.01098
G1 X121.297 Y114.16 E.21785
G1 X121.297 Y114.695 E.01652
G1 X118.206 Y111.604 E.13488
G1 X118.205 Y112.138 E.01649
G1 X121.297 Y115.23 E.13492
G1 X121.297 Y115.766 E.01652
G1 X118.204 Y112.673 E.13496
G1 X118.203 Y113.208 E.01649
G1 X121.297 Y116.301 E.13499
G1 X121.297 Y116.837 E.01652
G1 X118.202 Y113.742 E.13503
G1 X118.201 Y114.277 E.01649
G1 X121.297 Y117.372 E.13507
G1 X121.297 Y117.908 E.01652
G1 X118.2 Y114.811 E.13511
G1 X118.2 Y115.346 E.01649
G1 X120.974 Y118.121 E.12107
G1 X120.439 Y118.121 E.01652
G1 X118.199 Y115.88 E.09774
G1 X118.198 Y116.415 E.01649
G1 X119.903 Y118.12 E.07441
G1 X119.368 Y118.12 E.01652
G1 X118.197 Y116.95 E.05108
G1 X118.196 Y117.484 E.01649
G1 X119.002 Y118.29 E.03516
G1 E-.95263 F2400
;WIPE_START
G1 F9702.208
G1 X118.295 Y117.583 E-.24737
;WIPE_END
G17
G3 Z1 I.34 J-1.168 P1  F9000
G1 X98.478 Y111.814 Z1
G1 Z.6
G1 E1.2 F1800
M204 P2000
;TYPE:Inner wall
;WIDTH:0.449999
G1 F5400
G1 X98.467 Y117.849 E.20018
G1 X98.425 Y118.14 E.00977
G1 X98.233 Y118.362 E.00972
G1 X97.907 Y118.451 E.0112
G1 X95.877 Y118.451 E.06736
G1 X95.94 Y108.817 E.31957
;WIDTH:0.486932
G1 X95.965 Y108.567 E.00911
;WIDTH:0.523864
G1 X95.991 Y108.316 E.00987
;WIDTH:0.560796
G1 X96.016 Y108.065 E.01063
;WIDTH:0.548627
G1 X96.14 Y108.464 E.01721
;WIDTH:0.499313
G1 X96.264 Y108.863 E.01553
;WIDTH:0.449999
G1 X96.579 Y109.635 E.02765
G1 X97.001 Y110.353 E.02764
G1 X97.523 Y111.003 E.02764
G1 X98.07 Y111.52 E.02499
G1 X98.446 Y111.791 E.01534
G1 E-.84 F2400
;WIPE_START
G1 F5400
G1 X98.449 Y112.791 E-.36
;WIPE_END
G17
G3 Z1 I1.138 J-.431 P1  F9000
G1 X95.994 Y106.301 Z1
G1 Z.6
G1 E1.2 F1800
;WIDTH:0.52459
G1 F5400
G1 X95.978 Y105.926 E.01473
;WIDTH:0.487295
G1 X95.962 Y105.551 E.01359
;WIDTH:0.449999
G1 X95.988 Y101.548 E.13281
G1 X100.066 Y101.551 E.13526
G1 X99.289 Y101.854 E.02765
G1 X98.563 Y102.263 E.02764
G1 X97.901 Y102.775 E.02777
G1 X97.295 Y103.409 E.02911
G1 X96.837 Y104.047 E.02605
G1 X96.453 Y104.787 E.02764
G1 X96.178 Y105.574 E.02765
;WIDTH:0.487295
G1 X96.086 Y105.938 E.01359
;WIDTH:0.52459
G1 X96.004 Y106.263 E.01316
G1 E-.84 F2400
;WIPE_START
G1 F5400
G1 X95.978 Y105.926 E-.1214
G1 X95.962 Y105.551 E-.13512
G1 X95.964 Y105.264 E-.10348
;WIPE_END
G17
G3 Z1 I-.107 J1.212 P1  F9000
G1 X107.561 Y106.291 Z1
G1 Z.6
G1 E1.2 F1800
;WIDTH:0.62804
G1 F5400
G1 X107.496 Y106.092 E.01
;WIDTH:0.58353
G1 X107.432 Y105.892 E.00924
;WIDTH:0.53902
G1 X107.368 Y105.692 E.00848
;WIDTH:0.49451
G1 X107.303 Y105.493 E.00772
;WIDTH:0.449999
G1 X107.018 Y104.71 E.02764
G1 X106.623 Y103.976 E.02764
G1 X106.003 Y103.182 E.03342
G1 X105.537 Y102.717 E.02183
G1 X104.871 Y102.217 E.02764
G1 X104.139 Y101.819 E.02765
G1 X103.438 Y101.551 E.02487
G1 X107.65 Y101.548 E.1397
G1 X107.65 Y105.542 E.13248
;WIDTH:0.49451
G1 X107.627 Y105.729 E.00695
;WIDTH:0.53902
G1 X107.605 Y105.916 E.00763
;WIDTH:0.58353
G1 X107.583 Y106.104 E.00832
;WIDTH:0.62804
G1 X107.565 Y106.252 E.00709
G1 E-.84 F2400
;WIPE_START
G1 F5400
G1 X107.496 Y106.092 E-.06269
G1 X107.432 Y105.892 E-.07549
G1 X107.368 Y105.692 E-.07549
G1 X107.303 Y105.493 E-.07549
G1 X107.236 Y105.308 E-.07085
;WIPE_END
G17
G3 Z1 I-1.152 J-.391 P1  F9000
G1 X105.026 Y111.814 Z1
G1 Z.6
G1 E1.2 F1800
;WIDTH:0.449999
G1 F5400
G1 X105.438 Y111.516 E.01685
G1 X106.038 Y110.941 E.02758
G1 X106.55 Y110.283 E.02765
G1 X106.962 Y109.559 E.02765
G1 X107.266 Y108.783 E.02764
;WIDTH:0.490654
G1 X107.322 Y108.634 E.00582
;WIDTH:0.531309
G1 X107.379 Y108.484 E.00635
;WIDTH:0.571963
G1 X107.435 Y108.335 E.00688
;WIDTH:0.612618
G1 X107.491 Y108.186 E.00741
;WIDTH:0.653272
G1 X107.548 Y108.036 E.00794
G1 X107.559 Y108.079 E.00217
;WIDTH:0.631644
G1 X107.581 Y108.266 E.00906
;WIDTH:0.586233
G1 X107.604 Y108.453 E.00836
;WIDTH:0.540822
G1 X107.627 Y108.641 E.00766
;WIDTH:0.495411
G1 X107.65 Y108.828 E.00696
;WIDTH:0.449999
G1 X107.65 Y118.451 E.31919
G1 X106.343 Y118.451 E.04336
G1 X105.404 Y118.423 E.03114
G1 X105.159 Y118.264 E.0097
G1 X105.037 Y117.998 E.00972
G1 X105.026 Y111.854 E.20379
G1 X104.612 Y111.6 F9000
M204 P1000
;TYPE:Outer wall
;WIDTH:0.419999
G1 F3600
G1 X105.154 Y111.216 E.0204
G1 X105.713 Y110.684 E.02372
G1 X106.192 Y110.076 E.02378
G1 X106.578 Y109.405 E.02378
G1 X106.863 Y108.686 E.02377
G1 X107.042 Y107.934 E.02378
G1 X107.111 Y107.163 E.02378
G1 X107.068 Y106.39 E.02378
G1 X106.914 Y105.632 E.02378
G1 X106.652 Y104.903 E.02378
G1 X106.289 Y104.22 E.02378
G1 X105.708 Y103.472 E.02912
G1 X105.287 Y103.046 E.01839
G1 X104.67 Y102.579 E.02377
G1 X103.993 Y102.205 E.02378
G1 X103.268 Y101.934 E.02378
;WIDTH:0.455875
G1 X103.017 Y101.861 E.00879
;WIDTH:0.491751
G1 X102.767 Y101.788 E.00955
;WIDTH:0.527627
G1 X102.516 Y101.715 E.01031
G1 X101.737 Y101.675 E.0308
;WIDTH:0.524807
G1 X100.957 Y101.721 E.03068
G1 X100.709 Y101.794 E.01015
;WIDTH:0.489871
G1 X100.461 Y101.867 E.00942
;WIDTH:0.454935
G1 X100.213 Y101.94 E.00868
;WIDTH:0.419999
G1 X99.49 Y102.216 E.02378
G1 X98.814 Y102.592 E.02378
G1 X98.198 Y103.063 E.02381
G1 X97.629 Y103.652 E.02518
G1 X97.203 Y104.241 E.02233
G1 X96.842 Y104.926 E.02378
G1 X96.584 Y105.655 E.02378
G1 X96.433 Y106.414 E.02378
G1 X96.394 Y107.187 E.02378
G1 X96.466 Y107.957 E.02378
G1 X96.648 Y108.709 E.02378
G1 X96.937 Y109.427 E.02378
G1 X97.326 Y110.096 E.02377
G1 X97.807 Y110.702 E.02378
G1 X98.37 Y111.232 E.02377
G1 X98.892 Y111.6 E.01961
G1 X98.88 Y118.058 E.19842
G1 X98.805 Y118.314 E.00821
G1 X98.661 Y118.538 E.0082
G1 X98.459 Y118.713 E.0082
G1 X98.216 Y118.824 E.0082
G1 X97.937 Y118.864 E.00867
G1 X95.461 Y118.864 E.0761
G1 X95.578 Y101.134 E.5448
G1 X100.149 Y101.134 E.14047
;WIDTH:0.455875
G1 X100.423 Y101.152 E.00922
;WIDTH:0.491751
G1 X100.696 Y101.17 E.01002
;WIDTH:0.527627
G1 X100.969 Y101.188 E.01082
G1 X101.785 Y101.175 E.03223
;WIDTH:0.532726
G1 X102.605 Y101.191 E.03274
G1 X102.855 Y101.172 E.01
;WIDTH:0.495151
G1 X103.105 Y101.153 E.00924
;WIDTH:0.457575
G1 X103.355 Y101.134 E.00847
;WIDTH:0.419999
G1 X108.063 Y101.134 E.14467
G1 X108.063 Y118.864 E.54479
G1 X105.638 Y118.864 E.07452
G1 X105.286 Y118.823 E.0109
G1 X105.043 Y118.712 E.00819
G1 X104.842 Y118.537 E.00819
G1 X104.699 Y118.313 E.00819
G1 X104.624 Y118.057 E.00819
G1 X104.612 Y111.64 E.19719
G1 E-.84 F2400
;WIPE_START
G1 F3600
G1 X105.154 Y111.216 E-.24759
G1 X105.38 Y111.001 E-.11241
;WIPE_END
G17
G3 Z1 I1.104 J.511 P1  F9000
G1 X107.561 Y106.291 Z1
G1 Z.6
G1 E1.2 F1800
M204 P2000
;TYPE:Inner wall
;WIDTH:0.62804
G1 F5400
G1 X107.567 Y106.388 E.0046
;WIDTH:0.615906
G1 X107.586 Y107.23 E.03936
;WIDTH:0.615405
G1 X107.567 Y107.633 E.01882
;WIDTH:0.653272
G1 X107.548 Y108.036 E.02006
G1 E-.84 F2400
;WIPE_START
G1 F5400
G1 X107.567 Y107.633 E-.14523
G1 X107.586 Y107.23 E-.14523
G1 X107.581 Y107.037 E-.06954
;WIPE_END
G17
G3 Z1 I-.103 J-1.213 P1  F9000
G1 X96.001 Y108.024 Z1
G1 Z.6
G1 E1.2 F1800
;WIDTH:0.560796
G1 F5400
G1 X95.984 Y107.625 E.01686
;WIDTH:0.5209
G1 X95.966 Y107.226 E.01556
;WIDTH:0.51398
G1 X95.988 Y106.39 E.03209
;WIDTH:0.52459
G1 X95.994 Y106.301 E.00349
G1 X98.34 Y101.94 F9000
M204 P2500
;TYPE:Internal solid infill
;WIDTH:0.419999
G1 F9741.91
G1 X96.378 Y101.94 E.06029
G1 X96.364 Y104.104 E.06649
G1 X96.505 Y103.841 E.00916
G1 X97.048 Y103.094 E.02839
G1 X97.709 Y102.422 E.02895
G1 X98.308 Y101.964 E.02317
G1 X97.321 Y102.301 F9000
;WIDTH:0.388084
G1 F10642.679
G1 X96.737 Y102.301 E.01644
G1 X96.733 Y102.914 E.01725
G1 X97.294 Y102.33 E.02278
G1 E-.97449 F2400
;WIPE_START
G1 F10642.679
G1 X96.733 Y102.914 E-.18266
G1 X96.734 Y102.724 E-.04284
;WIPE_END
G17
G3 Z1 I-1.204 J.175 P1  F9000
G1 X98.086 Y112.015 Z1
G1 Z.6
G1 E1.2 F1800
;WIDTH:0.419999
G1 F9741.91
G1 X97.801 Y111.805 E.01088
G1 X97.176 Y111.203 E.02666
G1 X96.629 Y110.501 E.02734
G1 X96.325 Y109.968 E.01886
G1 X96.271 Y118.059 E.24862
G1 X97.879 Y118.059 E.04941
G1 X98.041 Y118.002 E.00527
G1 X98.075 Y117.848 E.00483
G1 X98.085 Y112.055 E.178
G1 X97.708 Y112.206 F9000
G1 F9741.91
G1 X96.914 Y111.474 E.03318
G1 X96.694 Y111.2 E.01082
G1 X96.651 Y117.682 E.19917
G1 X97.698 Y117.682 E.03218
G1 X97.708 Y112.246 E.16701
G1 X97.358 Y112.38 F9000
;WIDTH:0.37101
G1 F10800
G1 X97.037 Y112.079 E.01177
G1 X97.009 Y117.326 E.14029
G1 X97.343 Y117.326 E.00894
G1 X97.358 Y112.42 E.13115
G1 E-.97778 F2400
;WIPE_START
G1 F10800
G1 X97.355 Y113.42 E-.22222
;WIPE_END
G17
G3 Z1 I.413 J1.145 P1  F9000
G1 X107.258 Y109.843 Z1
G1 Z.6
G1 E1.2 F1800
;WIDTH:0.419999
G1 F9741.91
G1 X106.825 Y110.575 E.02612
G1 X106.268 Y111.269 E.02734
G1 X105.707 Y111.801 E.02376
G1 X105.419 Y112.015 E.01103
G1 X105.429 Y117.941 E.18209
G1 X105.524 Y118.031 E.00401
G1 X106.343 Y118.059 E.02517
G1 X107.258 Y118.059 E.02811
G1 X107.258 Y109.883 E.25121
G1 X106.88 Y111.11 F9000
G1 F9741.91
G1 X106.561 Y111.506 E.01562
G1 X105.966 Y112.075 E.02532
G1 X105.796 Y112.206 E.00659
G1 X105.806 Y117.682 E.16825
G1 X106.88 Y117.682 E.03302
G1 X106.88 Y111.15 E.2007
G1 X106.515 Y112.059 F9000
;WIDTH:0.394329
G1 F10453.543
G1 X106.162 Y112.387 E.01381
G1 X106.168 Y117.318 E.14121
G1 X106.517 Y117.318 E.01
G1 X106.515 Y112.099 E.14946
G1 X107.258 Y104.355 F9000
;WIDTH:0.419999
G1 F9741.91
G1 X107.258 Y101.94 E.07419
G1 X105.162 Y101.94 E.06439
G1 X105.775 Y102.405 E.02363
G1 X106.497 Y103.141 E.03171
G1 X107 Y103.842 E.02651
G1 X107.24 Y104.319 E.01639
G1 X106.877 Y103.018 F9000
;WIDTH:0.426684
G1 F9572.209
G1 X106.877 Y102.32 E.02181
G1 X106.228 Y102.32 E.0203
G1 X106.75 Y102.852 E.02331
G1 X106.853 Y102.986 E.00527
; stop printing object sandbox.stl id:15 copy 0
;LAYER_CHANGE
;Z:0.8
;HEIGHT:0.2
;BEFORE_LAYER_CHANGE
;0.8
G92 E0

G1 E-.94927 F2400
;WIPE_START
G1 F9572.209
G1 X106.75 Y102.852 E-.04224
G1 X106.228 Y102.32 E-.18691
G1 X106.314 Y102.32 E-.02157
;WIPE_END
;_SET_FAN_SPEED_CHANGING_LAYER
; printing object sandbox.stl id:15 copy 0
G17
G3 Z1.2 I-.737 J.968 P1  F9000
G1 X117.684 Y110.974 Z1.2
G1 Z.8
G1 E1.2 F1800
M204 P2000
;TYPE:Inner wall
;WIDTH:0.449999
G1 F5400
G1 X117.62 Y110.901 E.00322
G1 X117.031 Y110.501 E.02364
G1 X116.557 Y110.064 E.02137
G1 X116.152 Y109.562 E.02138
G1 X115.827 Y109.009 E.0213
G1 X115.568 Y108.35 E.02347
G1 X115.434 Y107.783 E.01934
G1 X115.377 Y107.14 E.02142
G1 X115.415 Y106.496 E.02138
G1 X115.547 Y105.865 E.02138
G1 X115.771 Y105.26 E.02139
G1 X116.081 Y104.695 E.02138
G1 X116.47 Y104.181 E.02139
G1 X116.931 Y103.731 E.02138
G1 X117.453 Y103.352 E.02139
G1 X118.025 Y103.055 E.02138
G1 X118.635 Y102.845 E.02139
G1 X119.279 Y102.725 E.02174
G1 X119.912 Y102.715 E.02101
G1 X120.552 Y102.786 E.02133
G1 X121.173 Y102.95 E.02133
G1 X121.764 Y103.204 E.02133
G1 X122.311 Y103.542 E.02133
G1 X122.803 Y103.957 E.02133
G1 X123.228 Y104.439 E.02134
G1 X123.578 Y104.979 E.02135
G1 X123.845 Y105.566 E.02139
G1 X124.024 Y106.191 E.02156
G1 X124.126 Y107.137 E.03156
G1 X124.057 Y107.841 E.02347
G1 X123.918 Y108.407 E.01934
G1 X123.677 Y109.006 E.02142
G1 X123.35 Y109.562 E.02138
G1 X122.946 Y110.064 E.02138
G1 X122.472 Y110.501 E.02137
G1 X121.883 Y110.901 E.02363
G1 X121.687 Y111.125 E.00987
G1 X121.628 Y111.381 E.00872
G1 X121.628 Y118.077 E.22212
G1 X121.68 Y118.452 E.01254
G1 X117.823 Y118.451 E.12796
G1 X117.875 Y118.076 E.01256
G1 X117.875 Y111.381 E.22207
G1 X117.815 Y111.125 E.00872
G1 X117.71 Y111.004 E.00532
G1 X117.388 Y111.243 F9000
M204 P1000
;TYPE:Outer wall
;WIDTH:0.419999
G1 F3600
G1 X116.773 Y110.826 E.02284
G1 X116.254 Y110.347 E.02168
G1 X115.811 Y109.798 E.02169
G1 X115.454 Y109.19 E.02166
G1 X115.173 Y108.474 E.02364
G1 X115.025 Y107.849 E.01974
G1 X114.962 Y107.146 E.0217
G1 X115.004 Y106.441 E.02169
G1 X115.149 Y105.751 E.02168
G1 X115.393 Y105.088 E.02169
G1 X115.733 Y104.469 E.02169
G1 X116.159 Y103.907 E.02169
G1 X116.664 Y103.414 E.02169
G1 X117.235 Y103 E.02169
G1 X117.862 Y102.674 E.02169
G1 X118.529 Y102.444 E.02169
G1 X119.055 Y102.346 E.01645
G1 X119.572 Y102.289 E.01596
G1 X120.28 Y102.315 E.02179
G1 X120.974 Y102.444 E.02169
G1 X121.641 Y102.674 E.02169
G1 X122.267 Y103 E.02169
G1 X122.839 Y103.414 E.02169
G1 X123.344 Y103.907 E.02169
G1 X123.77 Y104.469 E.02169
G1 X124.109 Y105.088 E.02169
G1 X124.354 Y105.75 E.02169
G1 X124.499 Y106.441 E.02169
G1 X124.54 Y107.145 E.02166
G1 X124.465 Y107.911 E.02364
G1 X124.313 Y108.535 E.01974
G1 X124.049 Y109.189 E.0217
G1 X123.692 Y109.798 E.02169
G1 X123.249 Y110.347 E.02169
G1 X122.73 Y110.826 E.02168
G1 X122.103 Y111.252 E.02329
G1 X122.041 Y111.381 E.00441
G1 X122.041 Y118.077 E.20575
G1 X122.111 Y118.474 E.01237
G1 X122.343 Y118.865 E.014
G1 X117.148 Y118.864 E.15963
G1 X117.206 Y118.813 E.00236
G1 X117.392 Y118.473 E.01193
G1 X117.461 Y118.076 E.01237
G1 X117.461 Y111.348 E.20672
G1 X117.411 Y111.276 E.00271
G1 E-.84 F2400
;WIPE_START
G1 F3600
G1 X116.773 Y110.826 E-.28108
G1 X116.612 Y110.677 E-.07892
;WIPE_END
G1 Z1.2 F9000
G1 X121.467 Y115.966 Z1.2
G1 Z.8
G1 E1.2 F1800
M204 P2500
;TYPE:Internal solid infill
;WIDTH:0.427297
G1 F9556.943
G1 X119.312 Y118.12 E.09542
G1 X118.769 Y118.12 E.01702
G1 X121.297 Y115.592 E.11198
G1 X121.297 Y115.049 E.01703
G1 X118.225 Y118.12 E.13605
G1 X118.202 Y118.12 E.00073
G1 X118.206 Y117.596 E.01642
G1 X121.297 Y114.505 E.13691
G1 X121.297 Y113.961 E.01703
G1 X118.206 Y117.052 E.13691
G1 X118.206 Y116.509 E.01703
G1 X121.297 Y113.418 E.13691
G1 X121.297 Y112.874 E.01703
G1 X118.206 Y115.965 E.13691
G1 X118.206 Y115.422 E.01703
G1 X121.297 Y112.331 E.13691
G1 X121.297 Y111.787 E.01703
G1 X118.206 Y114.878 E.13691
G1 X118.206 Y114.334 E.01703
G1 X122.705 Y109.835 E.19931
G1 X123.077 Y109.374 E.01857
G1 X123.379 Y108.86 E.01866
G1 X123.543 Y108.454 E.01371
G1 X118.206 Y113.791 E.2364
G1 X118.206 Y113.247 E.01703
G1 X123.736 Y107.717 E.24497
G1 X123.793 Y107.117 E.01888
G1 X118.206 Y112.704 E.24748
G1 X118.206 Y112.16 E.01703
G1 X123.763 Y106.603 E.24613
G1 X123.676 Y106.146 E.01458
G1 X118.206 Y111.616 E.24231
G1 X118.206 Y111.374 E.0076
G1 X118.163 Y111.116 E.00819
G1 X123.552 Y105.727 E.2387
G1 X123.43 Y105.398 E.01099
G1 X123.397 Y105.338 E.00214
G1 X117.966 Y110.769 E.24059
G1 X117.811 Y110.631 E.00651
G1 X117.662 Y110.529 E.00564
G1 X123.205 Y104.987 E.24551
G1 X123.144 Y104.876 E.00398
G1 X122.984 Y104.664 E.0083
G1 X117.338 Y110.31 E.25006
G1 X117.237 Y110.241 E.00384
G1 X117.043 Y110.062 E.00827
G1 X122.743 Y104.361 E.25251
G1 X122.468 Y104.092 E.01204
G1 X116.765 Y109.795 E.25261
G1 X116.523 Y109.494 E.01211
G1 X122.169 Y103.848 E.25012
G1 X121.851 Y103.622 E.01221
G1 X116.305 Y109.169 E.24567
G1 X116.109 Y108.821 E.0125
G1 X121.494 Y103.436 E.23851
G1 X121.347 Y103.36 E.00519
G1 X121.108 Y103.278 E.00789
G1 X115.956 Y108.431 E.22824
G1 X115.885 Y108.251 E.00605
G1 X115.829 Y108.014 E.00763
G1 X120.694 Y103.149 E.21548
G1 X120.236 Y103.064 E.0146
G1 X115.746 Y107.553 E.19886
G1 X115.714 Y107.041 E.01607
G1 X119.716 Y103.039 E.17727
G1 X119.319 Y103.054 E.01244
G1 X119.121 Y103.091 E.00632
G1 X115.763 Y106.449 E.14875
G1 X115.866 Y105.957 E.01575
G1 X115.957 Y105.712 E.00819
G1 X118.389 Y103.28 E.10772
G1 X118.156 Y103.36 E.0077
G1 X117.628 Y103.635 E.01866
G1 X117.145 Y103.984 E.01866
G1 X116.064 Y105.061 E.0478
G1 X119.858 Y118.059 F9000
;WIDTH:0.419999
G1 F9741.91
G1 X121.236 Y118.06 E.04232
G1 X121.236 Y116.682 E.04233
G1 X119.887 Y118.031 E.05862
G1 X120.859 Y117.61 F9000
;WIDTH:0.47277
G1 F8545.933
G1 X120.805 Y117.61 E.00188
G1 X120.779 Y117.656 E.00188
G1 X120.805 Y117.703 E.00188
G1 X120.866 Y117.691 E.00216
G1 E-1.13739 F2400
;WIPE_START
G1 F8545.933
G1 X120.805 Y117.703 E-.01734
G1 X120.779 Y117.656 E-.01509
G1 X120.805 Y117.61 E-.01509
G1 X120.859 Y117.61 E-.01509
;WIPE_END
G17
G3 Z1.2 I.305 J-1.178 P1  F9000
G1 X98.478 Y111.815 Z1.2
G1 Z.8
G1 E1.2 F1800
M204 P2000
;TYPE:Inner wall
;WIDTH:0.449999
G1 F5400
G1 X98.467 Y117.849 E.20014
G1 X98.425 Y118.14 E.00977
G1 X98.233 Y118.362 E.00972
G1 X97.907 Y118.451 E.0112
G1 X95.877 Y118.451 E.06736
G1 X95.94 Y108.888 E.31723
;WIDTH:0.486932
G1 X95.966 Y108.615 E.0099
;WIDTH:0.523864
G1 X95.992 Y108.343 E.01072
;WIDTH:0.560796
G1 X96.018 Y108.07 E.01155
;WIDTH:0.547076
G1 X96.152 Y108.498 E.01843
;WIDTH:0.498538
G1 X96.287 Y108.926 E.01665
;WIDTH:0.449999
G1 X96.579 Y109.634 E.02541
G1 X97.001 Y110.353 E.02765
G1 X97.527 Y111.006 E.02781
G1 X98.068 Y111.509 E.02451
G1 X98.446 Y111.791 E.01565
G1 E-.84 F2400
;WIPE_START
G1 F5400
G1 X98.449 Y112.791 E-.36
;WIPE_END
G17
G3 Z1.2 I1.138 J-.431 P1  F9000
G1 X95.994 Y106.301 Z1.2
G1 Z.8
G1 E1.2 F1800
;WIDTH:0.52459
G1 F5400
G1 X95.978 Y105.926 E.01473
;WIDTH:0.487295
G1 X95.962 Y105.551 E.01359
;WIDTH:0.449999
G1 X95.988 Y101.548 E.13281
G1 X100.066 Y101.551 E.13526
G1 X99.289 Y101.854 E.02765
G1 X98.563 Y102.263 E.02764
G1 X97.9 Y102.776 E.02781
G1 X97.283 Y103.424 E.0297
G1 X96.837 Y104.047 E.02541
G1 X96.453 Y104.787 E.02765
G1 X96.178 Y105.574 E.02764
;WIDTH:0.487295
G1 X96.086 Y105.938 E.01359
;WIDTH:0.52459
G1 X96.004 Y106.263 E.01316
G1 E-.84 F2400
;WIPE_START
G1 F5400
G1 X95.978 Y105.926 E-.1214
G1 X95.962 Y105.551 E-.13512
G1 X95.964 Y105.264 E-.10348
;WIPE_END
G17
G3 Z1.2 I-.107 J1.212 P1  F9000
G1 X107.561 Y106.291 Z1.2
G1 Z.8
G1 E1.2 F1800
;WIDTH:0.62804
G1 F5400
G1 X107.496 Y106.092 E.01
;WIDTH:0.58353
G1 X107.432 Y105.892 E.00924
;WIDTH:0.53902
G1 X107.368 Y105.692 E.00848
;WIDTH:0.49451
G1 X107.303 Y105.493 E.00772
;WIDTH:0.449999
G1 X107.018 Y104.71 E.02764
G1 X106.623 Y103.976 E.02765
G1 X106.003 Y103.182 E.03342
G1 X105.538 Y102.717 E.02182
G1 X104.871 Y102.217 E.02765
G1 X104.139 Y101.819 E.02764
G1 X103.438 Y101.551 E.02487
G1 X107.65 Y101.548 E.13969
G1 X107.65 Y105.542 E.13248
;WIDTH:0.49451
G1 X107.627 Y105.729 E.00695
;WIDTH:0.53902
G1 X107.605 Y105.916 E.00763
;WIDTH:0.58353
G1 X107.583 Y106.104 E.00832
;WIDTH:0.62804
G1 X107.565 Y106.252 E.00709
G1 E-.84 F2400
;WIPE_START
G1 F5400
G1 X107.496 Y106.092 E-.06269
G1 X107.432 Y105.892 E-.07549
G1 X107.368 Y105.692 E-.07549
G1 X107.303 Y105.493 E-.07549
G1 X107.236 Y105.308 E-.07085
;WIPE_END
G17
G3 Z1.2 I-1.152 J-.392 P1  F9000
G1 X105.026 Y111.811 Z1.2
G1 Z.8
G1 E1.2 F1800
;WIDTH:0.449999
G1 F5400
G1 X105.487 Y111.473 E.01895
G1 X106.038 Y110.941 E.02541
G1 X106.55 Y110.283 E.02764
G1 X106.962 Y109.559 E.02765
G1 X107.266 Y108.783 E.02764
;WIDTH:0.490654
G1 X107.322 Y108.634 E.00582
;WIDTH:0.531308
G1 X107.379 Y108.484 E.00635
;WIDTH:0.571962
G1 X107.435 Y108.335 E.00688
;WIDTH:0.612616
G1 X107.491 Y108.186 E.00741
;WIDTH:0.65327
G1 X107.548 Y108.036 E.00794
G1 X107.559 Y108.079 E.00217
;WIDTH:0.631642
G1 X107.581 Y108.266 E.00906
;WIDTH:0.586232
G1 X107.604 Y108.453 E.00836
;WIDTH:0.540821
G1 X107.627 Y108.641 E.00766
;WIDTH:0.49541
G1 X107.65 Y108.828 E.00696
;WIDTH:0.449999
G1 X107.65 Y118.451 E.31919
G1 X106.343 Y118.451 E.04336
G1 X105.404 Y118.423 E.03114
G1 X105.159 Y118.264 E.0097
G1 X105.037 Y117.998 E.00972
G1 X105.026 Y111.851 E.2039
G1 X104.612 Y111.599 F9000
M204 P1000
;TYPE:Outer wall
;WIDTH:0.419999
G1 F3600
G1 X105.202 Y111.174 E.02234
G1 X105.713 Y110.684 E.02175
G1 X106.192 Y110.076 E.02378
G1 X106.578 Y109.406 E.02378
G1 X106.863 Y108.686 E.02378
G1 X107.042 Y107.934 E.02378
G1 X107.111 Y107.163 E.02378
G1 X107.068 Y106.39 E.02378
G1 X106.914 Y105.632 E.02378
G1 X106.652 Y104.904 E.02378
G1 X106.289 Y104.22 E.02378
G1 X105.708 Y103.472 E.02912
G1 X105.287 Y103.046 E.01839
G1 X104.67 Y102.579 E.02378
G1 X103.993 Y102.205 E.02378
G1 X103.268 Y101.934 E.02378
;WIDTH:0.455875
G1 X103.017 Y101.861 E.00879
;WIDTH:0.491751
G1 X102.767 Y101.788 E.00955
;WIDTH:0.527627
G1 X102.516 Y101.715 E.01031
G1 X101.737 Y101.675 E.0308
;WIDTH:0.524806
G1 X100.957 Y101.721 E.03068
G1 X100.709 Y101.794 E.01015
;WIDTH:0.489871
G1 X100.461 Y101.867 E.00942
;WIDTH:0.454935
G1 X100.213 Y101.94 E.00868
;WIDTH:0.419999
G1 X99.49 Y102.216 E.02378
G1 X98.814 Y102.592 E.02378
G1 X98.198 Y103.063 E.02382
G1 X97.617 Y103.667 E.02575
G1 X97.203 Y104.241 E.02175
G1 X96.842 Y104.926 E.02378
G1 X96.584 Y105.655 E.02378
G1 X96.433 Y106.414 E.02378
G1 X96.394 Y107.187 E.02378
G1 X96.466 Y107.959 E.02382
G1 X96.67 Y108.771 E.02575
G1 X96.937 Y109.427 E.02175
G1 X97.326 Y110.096 E.02378
G1 X97.808 Y110.703 E.02382
G1 X98.423 Y111.272 E.02574
G1 X98.892 Y111.6 E.01759
G1 X98.88 Y118.058 E.19841
G1 X98.805 Y118.314 E.00821
G1 X98.661 Y118.538 E.0082
G1 X98.459 Y118.713 E.0082
G1 X98.216 Y118.824 E.0082
G1 X97.937 Y118.864 E.00867
G1 X95.461 Y118.864 E.0761
G1 X95.578 Y101.134 E.5448
G1 X100.149 Y101.134 E.14047
;WIDTH:0.455875
G1 X100.423 Y101.152 E.00922
;WIDTH:0.491751
G1 X100.696 Y101.17 E.01002
;WIDTH:0.527627
G1 X100.969 Y101.188 E.01082
G1 X101.785 Y101.175 E.03223
;WIDTH:0.532725
G1 X102.605 Y101.191 E.03274
G1 X102.855 Y101.172 E.01
;WIDTH:0.49515
G1 X103.105 Y101.153 E.00924
;WIDTH:0.457575
G1 X103.355 Y101.134 E.00847
;WIDTH:0.419999
G1 X108.063 Y101.134 E.14467
G1 X108.063 Y118.864 E.54479
G1 X105.638 Y118.864 E.07452
G1 X105.286 Y118.823 E.0109
G1 X105.043 Y118.712 E.00819
G1 X104.842 Y118.537 E.00819
G1 X104.699 Y118.313 E.00819
G1 X104.624 Y118.057 E.00819
G1 X104.612 Y111.639 E.19722
G1 E-.84 F2400
;WIPE_START
G1 F3600
G1 X105.202 Y111.174 E-.27036
G1 X105.382 Y111.002 E-.08964
;WIPE_END
G17
G3 Z1.2 I1.105 J.511 P1  F9000
G1 X107.561 Y106.291 Z1.2
G1 Z.8
G1 E1.2 F1800
M204 P2000
;TYPE:Inner wall
;WIDTH:0.62804
G1 F5400
G1 X107.567 Y106.388 E.0046
;WIDTH:0.615906
G1 X107.586 Y107.23 E.03936
;WIDTH:0.615404
G1 X107.567 Y107.633 E.01882
;WIDTH:0.65327
G1 X107.548 Y108.036 E.02006
G1 E-.84 F2400
;WIPE_START
G1 F5400
G1 X107.567 Y107.633 E-.14523
G1 X107.586 Y107.23 E-.14523
G1 X107.581 Y107.037 E-.06954
;WIPE_END
G17
G3 Z1.2 I-.103 J-1.213 P1  F9000
G1 X96.001 Y108.024 Z1.2
G1 Z.8
G1 E1.2 F1800
;WIDTH:0.560796
G1 F5400
G1 X95.984 Y107.625 E.01686
;WIDTH:0.5209
G1 X95.966 Y107.226 E.01556
;WIDTH:0.513978
G1 X95.988 Y106.39 E.03209
;WIDTH:0.52459
G1 X95.994 Y106.301 E.00349
G1 X98.34 Y101.94 F9000
M204 P2500
;TYPE:Internal solid infill
;WIDTH:0.419999
G1 F9741.91
G1 X96.378 Y101.94 E.06029
G1 X96.364 Y104.104 E.06649
G1 X96.505 Y103.841 E.00916
G1 X97.035 Y103.11 E.02777
G1 X97.709 Y102.422 E.02957
G1 X98.308 Y101.964 E.02318
G1 X97.321 Y102.301 F9000
;WIDTH:0.388642
G1 F10625.501
G1 X96.737 Y102.301 E.01646
G1 X96.733 Y102.912 E.0172
G1 X97.293 Y102.33 E.02276
G1 E-.97413 F2400
;WIPE_START
G1 F10625.501
G1 X96.733 Y102.912 E-.18245
G1 X96.734 Y102.72 E-.04343
;WIPE_END
G17
G3 Z1.2 I-1.204 J.175 P1  F9000
G1 X98.086 Y112.017 Z1.2
G1 Z.8
G1 E1.2 F1800
;WIDTH:0.419999
G1 F9741.91
G1 X97.807 Y111.801 E.01081
G1 X97.177 Y111.204 E.02669
G1 X96.629 Y110.501 E.02739
G1 X96.325 Y109.954 E.01924
G1 X96.271 Y118.059 E.24905
G1 X97.879 Y118.059 E.04941
G1 X98.041 Y118.002 E.00527
G1 X98.075 Y117.848 E.00483
G1 X98.085 Y112.057 E.17795
G1 X97.708 Y112.208 F9000
G1 F9741.91
G1 X96.918 Y111.478 E.03307
G1 X96.694 Y111.2 E.01096
G1 X96.651 Y117.682 E.19917
G1 X97.698 Y117.682 E.03218
G1 X97.708 Y112.248 E.16696
G1 X97.358 Y112.376 F9000
;WIDTH:0.371003
G1 F10800
G1 X97.037 Y112.073 E.0118
G1 X97.009 Y117.326 E.14044
G1 X97.343 Y117.326 E.00894
G1 X97.358 Y112.416 E.13126
G1 E-.97778 F2400
;WIPE_START
G1 F10800
G1 X97.355 Y113.416 E-.22222
;WIPE_END
G17
G3 Z1.2 I.413 J1.145 P1  F9000
G1 X107.258 Y109.843 Z1.2
G1 Z.8
G1 E1.2 F1800
;WIDTH:0.419999
G1 F9741.91
G1 X106.825 Y110.575 E.02612
G1 X106.27 Y111.267 E.02726
G1 X105.735 Y111.777 E.0227
G1 X105.419 Y112.011 E.01209
G1 X105.429 Y117.941 E.18222
G1 X105.524 Y118.031 E.00401
G1 X106.343 Y118.059 E.02517
G1 X107.258 Y118.059 E.02811
G1 X107.258 Y109.883 E.25121
G1 X106.88 Y111.11 F9000
G1 F9741.91
G1 X106.564 Y111.504 E.01552
G1 X105.995 Y112.051 E.02424
G1 X105.796 Y112.202 E.00769
G1 X105.806 Y117.682 E.16837
G1 X106.88 Y117.682 E.03302
G1 X106.88 Y111.15 E.20069
G1 X106.515 Y112.06 F9000
;WIDTH:0.394329
G1 F10453.549
G1 X106.162 Y112.387 E.01378
G1 X106.168 Y117.318 E.14122
G1 X106.517 Y117.318 E.01
G1 X106.515 Y112.1 E.14942
G1 X107.258 Y104.355 F9000
;WIDTH:0.419999
G1 F9741.91
G1 X107.258 Y101.94 E.07419
G1 X105.162 Y101.94 E.06439
G1 X105.775 Y102.405 E.02364
G1 X106.497 Y103.141 E.0317
G1 X107 Y103.842 E.02651
G1 X107.24 Y104.319 E.01639
G1 X106.877 Y103.018 F9000
;WIDTH:0.426684
G1 F9572.209
G1 X106.877 Y102.32 E.02181
G1 X106.228 Y102.32 E.0203
G1 X106.75 Y102.852 E.02331
G1 X106.853 Y102.986 E.00527
; stop printing object sandbox.stl id:15 copy 0
;LAYER_CHANGE
;Z:1
;HEIGHT:0.2
;BEFORE_LAYER_CHANGE
;1
G92 E0

G1 E-.94927 F2400
;WIPE_START
G1 F9572.209
G1 X106.75 Y102.852 E-.04224
G1 X106.228 Y102.32 E-.18691
G1 X106.314 Y102.32 E-.02158
;WIPE_END
;_SET_FAN_SPEED_CHANGING_LAYER
; printing object sandbox.stl id:15 copy 0
G17
G3 Z1.4 I-.737 J.968 P1  F9000
G1 X117.684 Y110.974 Z1.4
G1 Z1
G1 E1.2 F1800
M204 P2000
;TYPE:Inner wall
;WIDTH:0.449999
G1 F5400
G1 X117.62 Y110.901 E.00322
G1 X117.031 Y110.501 E.02364
G1 X116.557 Y110.064 E.02137
G1 X116.152 Y109.562 E.02139
G1 X115.826 Y109.006 E.02138
G1 X115.585 Y108.408 E.02139
G1 X115.434 Y107.782 E.02138
G1 X115.377 Y107.14 E.02138
G1 X115.415 Y106.496 E.02138
G1 X115.506 Y106.064 E.01464
G1 X115.672 Y105.498 E.01959
G1 X115.915 Y104.972 E.01919
G1 X116.155 Y104.602 E.01466
G1 X116.515 Y104.133 E.01958
G1 X116.928 Y103.733 E.01908
G1 X117.52 Y103.314 E.02406
G1 X118.025 Y103.055 E.01881
G1 X118.635 Y102.845 E.02141
G1 X119.265 Y102.727 E.02128
G1 X119.99 Y102.709 E.02404
G1 X120.553 Y102.774 E.01881
G1 X121.177 Y102.939 E.02141
G1 X121.769 Y103.193 E.02139
G1 X122.318 Y103.532 E.02138
G1 X122.81 Y103.947 E.02138
G1 X123.241 Y104.436 E.0216
G1 X123.586 Y104.991 E.02169
G1 X123.846 Y105.567 E.02095
G1 X124.024 Y106.194 E.02161
G1 X124.126 Y107.136 E.03145
G1 X124.053 Y107.857 E.02404
G1 X123.918 Y108.408 E.01881
G1 X123.677 Y109.006 E.02141
G1 X123.35 Y109.562 E.02139
G1 X122.946 Y110.064 E.02139
G1 X122.472 Y110.501 E.02137
G1 X121.882 Y110.901 E.02364
G1 X121.687 Y111.125 E.00987
G1 X121.628 Y111.381 E.00872
G1 X121.628 Y118.077 E.22212
G1 X121.68 Y118.452 E.01254
G1 X117.823 Y118.451 E.12796
G1 X117.875 Y118.076 E.01256
G1 X117.875 Y111.381 E.22207
G1 X117.815 Y111.125 E.00872
G1 X117.71 Y111.004 E.00532
G1 X117.388 Y111.243 F9000
M204 P1000
;TYPE:Outer wall
;WIDTH:0.419999
G1 F3600
G1 X116.773 Y110.826 E.02284
G1 X116.254 Y110.347 E.02168
G1 X115.811 Y109.798 E.02169
G1 X115.454 Y109.189 E.02169
G1 X115.19 Y108.535 E.02169
G1 X115.025 Y107.849 E.02169
G1 X114.962 Y107.146 E.02169
G1 X115.004 Y106.441 E.02169
G1 X115.101 Y105.979 E.0145
G1 X115.288 Y105.343 E.02037
G1 X115.552 Y104.772 E.01933
G1 X115.808 Y104.377 E.01449
G1 X116.212 Y103.851 E.02036
G1 X116.663 Y103.414 E.0193
G1 X117.305 Y102.96 E.02416
G1 X117.862 Y102.674 E.01923
G1 X118.529 Y102.444 E.02168
G1 X119.222 Y102.315 E.02166
G1 X120.008 Y102.295 E.02417
G1 X120.63 Y102.367 E.01923
G1 X121.312 Y102.547 E.02168
G1 X121.96 Y102.825 E.02169
G1 X122.561 Y103.196 E.02169
G1 X123.1 Y103.651 E.02169
G1 X123.413 Y104.005 E.0145
G1 X123.81 Y104.536 E.02037
G1 X124.11 Y105.089 E.01933
G1 X124.354 Y105.75 E.02168
G1 X124.499 Y106.441 E.02169
G1 X124.54 Y107.145 E.02166
G1 X124.462 Y107.927 E.02417
G1 X124.313 Y108.535 E.01923
G1 X124.049 Y109.189 E.02168
G1 X123.692 Y109.798 E.02169
G1 X123.249 Y110.347 E.02169
G1 X122.73 Y110.826 E.02168
G1 X122.103 Y111.252 E.02329
G1 X122.041 Y111.381 E.00441
G1 X122.041 Y118.077 E.20575
G1 X122.094 Y118.424 E.01078
G1 X122.259 Y118.765 E.01162
G1 X122.348 Y118.865 E.00414
G1 X117.148 Y118.864 E.15978
G1 X117.207 Y118.812 E.00242
G1 X117.392 Y118.473 E.01189
G1 X117.461 Y118.076 E.01237
G1 X117.461 Y111.348 E.20672
G1 X117.411 Y111.276 E.00271
G1 E-.84 F2400
;WIPE_START
G1 F3600
G1 X116.773 Y110.826 E-.28108
G1 X116.612 Y110.677 E-.07892
;WIPE_END
G1 Z1.4 F9000
G1 X118.221 Y115.704 Z1.4
G1 Z1
G1 E1.2 F1800
M204 P2500
;TYPE:Sparse infill
;WIDTH:0.45
G1 F9023.957
G1 X118.221 Y114.076 E.05401
G1 X121.282 Y117.137 E.14359
G1 X121.282 Y112.992 E.1375
G1 X115.753 Y107.463 E.25936
G1 X115.724 Y107.134 E.01095
G1 X115.759 Y106.542 E.01969
G1 X115.883 Y105.951 E.02004
G1 X115.994 Y105.627 E.01136
G1 X116.219 Y105.14 E.01778
G1 X116.548 Y104.632 E.02009
G1 X116.787 Y104.352 E.01221
G1 X122.469 Y110.034 E.26654
G1 X122.692 Y109.827 E.0101
G1 X123.065 Y109.365 E.01969
G1 X123.366 Y108.853 E.01969
G1 X123.588 Y108.301 E.01974
G1 X123.712 Y107.799 E.01717
G1 X123.772 Y107.192 E.02021
G1 X119.644 Y103.064 E.19367
G1 X119.974 Y103.055 E.01095
G1 X120.488 Y103.115 E.01717
G1 X121.064 Y103.267 E.01974
G1 X121.234 Y103.34 E.00615
G1 E-.93404 F2400
;WIPE_START
G1 F9023.957
G1 X121.064 Y103.267 E-.0493
G1 X120.488 Y103.115 E-.15825
G1 X120.27 Y103.09 E-.05841
;WIPE_END
G17
G3 Z1.4 I-.452 J-1.13 P1  F9000
G1 X98.478 Y111.814 Z1.4
G1 Z1
G1 E1.2 F1800
M204 P2000
;TYPE:Inner wall
;WIDTH:0.449999
G1 F5400
G1 X98.467 Y117.849 E.20018
G1 X98.425 Y118.14 E.00977
G1 X98.233 Y118.362 E.00972
G1 X97.907 Y118.451 E.0112
G1 X95.877 Y118.451 E.06736
G1 X95.94 Y108.909 E.31654
;WIDTH:0.486932
G1 X95.966 Y108.63 E.01014
;WIDTH:0.523864
G1 X95.992 Y108.351 E.01098
;WIDTH:0.560796
G1 X96.018 Y108.072 E.01182
;WIDTH:0.54667
G1 X96.156 Y108.508 E.01879
;WIDTH:0.498335
G1 X96.293 Y108.945 E.01699
;WIDTH:0.449999
G1 X96.578 Y109.634 E.02472
G1 X97.001 Y110.353 E.02767
G1 X97.523 Y111.003 E.02764
G1 X98.07 Y111.52 E.02499
G1 X98.446 Y111.791 E.01534
G1 E-.84 F2400
;WIPE_START
G1 F5400
G1 X98.449 Y112.791 E-.36
;WIPE_END
G17
G3 Z1.4 I1.138 J-.431 P1  F9000
G1 X95.994 Y106.304 Z1.4
G1 Z1
G1 E1.2 F1800
;WIDTH:0.524108
G1 F5400
G1 X95.978 Y105.971 E.01304
;WIDTH:0.487054
G1 X95.961 Y105.639 E.01204
;WIDTH:0.449999
G1 X95.988 Y101.548 E.13571
G1 X100.128 Y101.548 E.13732
G1 X99.673 Y101.69 E.01582
G1 X98.919 Y102.045 E.02765
G1 X98.234 Y102.497 E.02722
G1 X97.84 Y102.832 E.01716
G1 X97.325 Y103.371 E.02472
G1 X96.837 Y104.047 E.02767
G1 X96.45 Y104.793 E.02785
G1 X96.158 Y105.659 E.03032
;WIDTH:0.487054
G1 X96.076 Y105.981 E.01204
;WIDTH:0.524108
G1 X96.004 Y106.265 E.01148
G1 E-.84 F2400
;WIPE_START
G1 F5400
G1 X95.978 Y105.971 E-.10608
G1 X95.961 Y105.639 E-.11976
G1 X95.964 Y105.266 E-.13417
;WIPE_END
G17
G3 Z1.4 I-.098 J1.213 P1  F9000
G1 X107.553 Y106.203 Z1.4
G1 Z1
G1 E1.2 F1800
;WIDTH:0.64242
G1 F5400
G1 X107.491 Y106.026 E.00919
;WIDTH:0.594315
G1 X107.429 Y105.848 E.00845
;WIDTH:0.54621
G1 X107.366 Y105.671 E.00771
;WIDTH:0.498105
G1 X107.304 Y105.494 E.00697
;WIDTH:0.449999
G1 X107.024 Y104.722 E.02724
G1 X106.79 Y104.26 E.01716
G1 X106.387 Y103.633 E.02472
G1 X105.842 Y103.001 E.02767
G1 X105.213 Y102.455 E.02765
G1 X104.512 Y102.005 E.02764
G1 X103.831 Y101.69 E.02487
G1 X103.376 Y101.548 E.01582
G1 X107.65 Y101.548 E.14176
G1 X107.65 Y105.539 E.13238
;WIDTH:0.498105
G1 X107.626 Y105.705 E.00622
;WIDTH:0.54621
G1 X107.601 Y105.871 E.00688
;WIDTH:0.594315
G1 X107.577 Y106.037 E.00754
;WIDTH:0.64242
G1 X107.559 Y106.163 E.00624
G1 E-.84 F2400
;WIPE_START
G1 F5400
G1 X107.491 Y106.026 E-.05534
G1 X107.429 Y105.848 E-.0677
G1 X107.366 Y105.671 E-.0677
G1 X107.304 Y105.494 E-.0677
G1 X107.208 Y105.228 E-.10157
;WIPE_END
G17
G3 Z1.4 I-1.155 J-.383 P1  F9000
G1 X105.026 Y111.814 Z1.4
G1 Z1
G1 E1.2 F1800
;WIDTH:0.449999
G1 F5400
G1 X105.438 Y111.516 E.01685
G1 X106.038 Y110.941 E.02758
G1 X106.55 Y110.283 E.02765
G1 X106.957 Y109.571 E.02722
G1 X107.157 Y109.094 E.01716
;WIDTH:0.496379
G1 X107.216 Y108.98 E.00474
;WIDTH:0.542758
G1 X107.275 Y108.866 E.00522
;WIDTH:0.589137
G1 X107.334 Y108.753 E.0057
;WIDTH:0.635516
G1 X107.393 Y108.639 E.00619
;WIDTH:0.681895
G1 X107.452 Y108.525 E.00667
;WIDTH:0.728274
G1 F5359.959
G1 X107.51 Y108.411 E.00716
G1 X107.527 Y108.458 E.00278
;WIDTH:0.695379
G1 F5400
G1 X107.543 Y108.505 E.00264
;WIDTH:0.662484
G1 X107.565 Y108.638 E.00679
;WIDTH:0.619987
G1 X107.586 Y108.771 E.00633
;WIDTH:0.57749
G1 X107.607 Y108.904 E.00586
;WIDTH:0.534993
G1 X107.628 Y109.036 E.00539
;WIDTH:0.492496
G1 X107.65 Y109.169 E.00493
;WIDTH:0.449999
G1 X107.65 Y118.451 E.30788
G1 X106.343 Y118.451 E.04336
G1 X105.404 Y118.423 E.03114
G1 X105.159 Y118.264 E.0097
G1 X105.037 Y117.998 E.00972
G1 X105.026 Y111.854 E.20379
G1 X104.612 Y111.6 F9000
M204 P1000
;TYPE:Outer wall
;WIDTH:0.419999
G1 F3600
G1 X105.154 Y111.216 E.0204
G1 X105.713 Y110.684 E.02372
G1 X106.192 Y110.076 E.02378
G1 X106.568 Y109.427 E.02305
G1 X106.763 Y108.971 E.01525
G1 X106.966 Y108.314 E.02113
G1 X107.091 Y107.549 E.0238
G1 X107.105 Y106.799 E.02305
G1 X107.054 Y106.306 E.01525
G1 X106.914 Y105.632 E.02113
G1 X106.662 Y104.925 E.02307
G1 X106.44 Y104.481 E.01525
G1 X106.071 Y103.901 E.02113
G1 X105.569 Y103.312 E.0238
G1 X104.987 Y102.801 E.02378
G1 X104.338 Y102.38 E.02378
G1 X103.635 Y102.056 E.02378
;WIDTH:0.467801
G1 X103.391 Y101.96 E.00908
;WIDTH:0.515602
G1 X103.147 Y101.863 E.01011
;WIDTH:0.563403
G1 X102.903 Y101.767 E.01113
G1 X102.515 Y101.725 E.01656
;WIDTH:0.535055
G1 X102.127 Y101.684 E.01565
;WIDTH:0.509136
G1 X101.347 Y101.685 E.02964
;WIDTH:0.542575
G1 X100.57 Y101.784 E.03187
G1 X100.329 Y101.878 E.01054
;WIDTH:0.501717
G1 X100.088 Y101.971 E.00968
;WIDTH:0.460858
G1 X99.846 Y102.065 E.00881
;WIDTH:0.419999
G1 X99.145 Y102.392 E.02378
G1 X98.517 Y102.801 E.02305
G1 X98.137 Y103.121 E.01525
G1 X97.658 Y103.615 E.02113
G1 X97.203 Y104.241 E.0238
G1 X96.841 Y104.927 E.02383
G1 X96.564 Y105.738 E.02634
G1 X96.433 Y106.413 E.02113
G1 X96.394 Y107.187 E.0238
G1 X96.466 Y107.959 E.02383
G1 X96.677 Y108.79 E.02634
G1 X96.936 Y109.427 E.02113
G1 X97.326 Y110.096 E.0238
G1 X97.807 Y110.702 E.02378
G1 X98.37 Y111.232 E.02377
G1 X98.892 Y111.6 E.01961
G1 X98.88 Y118.058 E.19842
G1 X98.805 Y118.314 E.00821
G1 X98.661 Y118.538 E.0082
G1 X98.459 Y118.713 E.0082
G1 X98.216 Y118.824 E.0082
G1 X97.937 Y118.864 E.00867
G1 X95.461 Y118.864 E.0761
G1 X95.578 Y101.134 E.5448
G1 X99.735 Y101.134 E.12774
;WIDTH:0.467801
G1 X100.01 Y101.158 E.00956
;WIDTH:0.515602
G1 X100.285 Y101.182 E.01064
;WIDTH:0.563403
G1 X100.56 Y101.206 E.01171
G1 X100.969 Y101.192 E.01733
;WIDTH:0.535055
G1 X101.377 Y101.178 E.01639
;WIDTH:0.509137
G1 X102.194 Y101.179 E.03103
;WIDTH:0.536088
G1 X103.02 Y101.192 E.03318
G1 X103.27 Y101.173 E.01007
;WIDTH:0.497392
G1 X103.519 Y101.154 E.00928
;WIDTH:0.458696
G1 X103.769 Y101.134 E.00849
;WIDTH:0.419999
G1 X108.063 Y101.134 E.13194
G1 X108.063 Y118.864 E.54479
G1 X105.638 Y118.864 E.07452
G1 X105.286 Y118.823 E.0109
G1 X105.043 Y118.712 E.00819
G1 X104.842 Y118.537 E.00819
G1 X104.699 Y118.313 E.00819
G1 X104.624 Y118.057 E.00819
G1 X104.612 Y111.64 E.19719
G1 E-.84 F2400
;WIPE_START
G1 F3600
G1 X105.154 Y111.216 E-.24759
G1 X105.38 Y111.001 E-.11241
;WIPE_END
G17
G3 Z1.4 I.94 J.773 P1  F9000
G1 X107.51 Y108.411 Z1.4
G1 Z1
G1 E1.2 F1800
M204 P2000
;TYPE:Inner wall
;WIDTH:0.728274
G1 F5359.959
G1 X107.531 Y108.158 E.01416
;WIDTH:0.686916
G1 F5400
G1 X107.552 Y107.906 E.0133
;WIDTH:0.645558
G1 X107.572 Y107.653 E.01245
;WIDTH:0.6042
G1 X107.584 Y106.808 E.03864
;WIDTH:0.606816
G1 X107.571 Y106.539 E.01238
;WIDTH:0.632132
G1 X107.559 Y106.27 E.01293
;WIDTH:0.64242
G1 X107.553 Y106.203 E.00329
G1 E-.84 F2400
;WIPE_START
G1 F5400
G1 X107.559 Y106.27 E-.02426
G1 X107.571 Y106.539 E-.09698
G1 X107.584 Y106.808 E-.09698
G1 X107.579 Y107.202 E-.14178
;WIPE_END
G17
G3 Z1.4 I-.086 J-1.214 P1  F9000
G1 X96.001 Y108.024 Z1.4
G1 Z1
G1 E1.2 F1800
;WIDTH:0.560796
G1 F5400
G1 X95.984 Y107.625 E.01686
;WIDTH:0.5209
G1 X95.966 Y107.226 E.01556
;WIDTH:0.514036
G1 X95.988 Y106.39 E.03212
;WIDTH:0.524108
G1 X95.994 Y106.304 E.00338
G1 X96.271 Y111.212 F9000
M204 P2500
;TYPE:Sparse infill
;WIDTH:0.45
G1 F9023.957
G1 X96.26 Y112.84 E.05401
G1 X98.127 Y114.707 E.08758
G1 X98.121 Y117.948 E.1075
G1 X98.107 Y117.995 E.00164
G1 X98.044 Y118.068 E.00319
G1 X97.883 Y118.105 E.0055
G1 X97.38 Y118.105 E.01669
G1 X96.233 Y116.958 E.0538
G1 X96.243 Y115.33 E.05401
G1 E-.93404 F2400
;WIPE_START
G1 F9023.957
G1 X96.237 Y116.329 E-.26596
;WIPE_END
G17
G3 Z1.4 I.019 J1.217 P1  F9000
G1 X105.38 Y116.19 Z1.4
G1 Z1
G1 E1.2 F1800
G1 F9023.957
G1 X105.383 Y117.818 E.05401
G1 X105.67 Y118.105 E.01346
G1 X107.304 Y118.105 E.0542
G1 X107.304 Y115.594 E.0833
G1 X105.375 Y113.666 E.09045
G1 X105.373 Y111.992 E.05553
G1 X105.668 Y111.775 E.01214
G1 X106.226 Y111.248 E.02549
G1 X106.617 Y110.762 E.02068
G1 X107.304 Y111.449 E.0322
G1 X107.304 Y113.077 E.05401
G1 X107.258 Y104.317 F9000
;TYPE:Internal solid infill
;WIDTH:0.419999
G1 F9741.91
G1 X107.258 Y101.94 E.07304
G1 X105.135 Y101.94 E.06523
G1 X105.54 Y102.213 E.01502
G1 X106.182 Y102.789 E.02651
G1 X106.686 Y103.38 E.02384
G1 X107.159 Y104.118 E.02695
G1 X107.24 Y104.281 E.0056
G1 X106.879 Y103.024 F9000
;WIDTH:0.421996
G1 F9690.588
G1 X106.879 Y102.318 E.0218
G1 X106.223 Y102.318 E.02026
G1 X106.545 Y102.63 E.01385
G1 X106.854 Y102.993 E.01471
G1 E-.95234 F2400
;WIPE_START
G1 F9690.588
G1 X106.545 Y102.63 E-.11795
G1 X106.223 Y102.318 E-.11106
G1 X106.299 Y102.318 E-.01866
;WIPE_END
G17
G3 Z1.4 I.058 J-1.216 P1  F9000
G1 X98.375 Y101.94 Z1.4
G1 Z1
G1 E1.2 F1800
;WIDTH:0.419999
G1 F9741.91
G1 X96.378 Y101.94 E.06137
G1 X96.364 Y104.104 E.06649
G1 X96.505 Y103.841 E.00918
G1 X97.079 Y103.055 E.02989
G1 X97.559 Y102.559 E.02122
G1 X97.981 Y102.198 E.01705
G1 X98.342 Y101.962 E.01326
G1 X97.301 Y102.308 F9000
;WIDTH:0.384996
G1 F10738.753
G1 X96.735 Y102.3 E.01579
G1 X96.731 Y102.922 E.01736
G1 X97.274 Y102.338 E.02224
; stop printing object sandbox.stl id:15 copy 0
;LAYER_CHANGE
;Z:1.2
;HEIGHT:0.2
;BEFORE_LAYER_CHANGE
;1.2
G92 E0

G1 E-.97651 F2400
;WIPE_START
G1 F10738.753
G1 X96.731 Y102.922 E-.17833
G1 X96.732 Y102.72 E-.04516
;WIPE_END
;_SET_FAN_SPEED_CHANGING_LAYER
; printing object sandbox.stl id:15 copy 0
G17
G3 Z1.6 I-.446 J1.132 P1  F9000
G1 X117.684 Y110.974 Z1.6
G1 Z1.2
G1 E1.2 F1800
M204 P2000
;TYPE:Inner wall
;WIDTH:0.449999
G1 F5400
G1 X117.62 Y110.901 E.00322
G1 X117.031 Y110.501 E.02364
G1 X116.557 Y110.064 E.02137
G1 X116.152 Y109.562 E.02138
G1 X115.826 Y109.006 E.02138
G1 X115.586 Y108.412 E.02126
G1 X115.422 Y107.688 E.02463
G1 X115.377 Y107.141 E.01822
G1 X115.415 Y106.496 E.02142
G1 X115.503 Y106.077 E.01419
G1 X115.679 Y105.482 E.02061
G1 X115.915 Y104.973 E.0186
G1 X116.148 Y104.613 E.01422
G1 X116.527 Y104.121 E.02061
G1 X116.93 Y103.731 E.0186
G1 X117.277 Y103.48 E.01422
G1 X117.809 Y103.157 E.02061
G1 X118.325 Y102.939 E.0186
G1 X118.949 Y102.774 E.02142
G1 X119.596 Y102.702 E.02158
G1 X120.254 Y102.739 E.02185
G1 X120.865 Y102.857 E.02067
G1 X121.473 Y103.066 E.02132
G1 X122.044 Y103.363 E.02133
G1 X122.564 Y103.74 E.02133
G1 X123.024 Y104.189 E.02133
G1 X123.412 Y104.702 E.02133
G1 X123.721 Y105.265 E.02133
G1 X123.944 Y105.868 E.02133
G1 X124.076 Y106.498 E.02133
G1 X124.112 Y107.245 E.02481
G1 X124.053 Y107.863 E.02061
G1 X123.918 Y108.407 E.0186
G1 X123.677 Y109.006 E.02142
G1 X123.35 Y109.562 E.02139
G1 X122.946 Y110.064 E.02139
G1 X122.472 Y110.501 E.02137
G1 X121.882 Y110.901 E.02364
G1 X121.687 Y111.125 E.00987
G1 X121.628 Y111.381 E.00872
G1 X121.628 Y118.077 E.22212
G1 X121.68 Y118.452 E.01254
G1 X117.823 Y118.451 E.12796
G1 X117.875 Y118.076 E.01256
G1 X117.875 Y111.381 E.22207
G1 X117.815 Y111.125 E.00872
G1 X117.71 Y111.004 E.00532
G1 X117.388 Y111.243 F9000
M204 P1000
;TYPE:Outer wall
;WIDTH:0.419999
G1 F3600
G1 X116.773 Y110.826 E.02284
G1 X116.254 Y110.347 E.02168
G1 X115.811 Y109.798 E.02169
G1 X115.454 Y109.189 E.02169
G1 X115.19 Y108.536 E.02165
G1 X115.013 Y107.751 E.02473
G1 X114.962 Y107.145 E.01867
G1 X115.004 Y106.441 E.02168
G1 X115.098 Y105.993 E.01408
G1 X115.295 Y105.327 E.02134
G1 X115.552 Y104.772 E.01877
G1 X115.801 Y104.388 E.01408
G1 X116.225 Y103.838 E.02134
G1 X116.664 Y103.413 E.01877
G1 X117.035 Y103.145 E.01408
G1 X117.628 Y102.784 E.02133
G1 X118.191 Y102.547 E.01877
G1 X118.873 Y102.367 E.02168
G1 X119.329 Y102.316 E.01408
G1 X120.023 Y102.296 E.02134
G1 X120.63 Y102.367 E.01877
G1 X121.312 Y102.547 E.02168
G1 X121.96 Y102.825 E.02169
G1 X122.561 Y103.196 E.02169
G1 X123.1 Y103.651 E.02169
G1 X123.567 Y104.18 E.02169
G1 X123.951 Y104.773 E.02169
G1 X124.244 Y105.415 E.02169
G1 X124.439 Y106.093 E.02169
G1 X124.533 Y106.793 E.02169
G1 X124.526 Y107.251 E.01408
G1 X124.459 Y107.942 E.02133
G1 X124.313 Y108.535 E.01877
G1 X124.049 Y109.189 E.02168
G1 X123.692 Y109.798 E.02169
G1 X123.249 Y110.347 E.02169
G1 X122.73 Y110.826 E.02168
G1 X122.103 Y111.252 E.02329
G1 X122.041 Y111.381 E.00441
G1 X122.041 Y118.077 E.20575
G1 X122.111 Y118.474 E.01237
G1 X122.345 Y118.865 E.01402
G1 X117.148 Y118.864 E.15969
G1 X117.207 Y118.812 E.00242
G1 X117.392 Y118.473 E.01189
G1 X117.461 Y118.076 E.01237
G1 X117.461 Y111.348 E.20672
G1 X117.411 Y111.276 E.00271
G1 E-.84 F2400
;WIPE_START
G1 F3600
G1 X116.773 Y110.826 E-.28108
G1 X116.612 Y110.677 E-.07892
;WIPE_END
G1 Z1.6 F9000
G1 X120.625 Y118.106 Z1.6
G1 Z1.2
G1 E1.2 F1800
M204 P2500
;TYPE:Sparse infill
;WIDTH:0.45
G1 F9023.957
G1 X121.284 Y118.106 E.02187
G1 X121.282 Y117.137 E.03214
G1 X118.221 Y114.076 E.14359
G1 X118.221 Y111.373 E.08967
G1 X118.195 Y111.161 E.00708
G1 X118.125 Y110.969 E.00678
G1 X117.959 Y110.734 E.00954
G1 X117.82 Y110.619 E.00599
G1 X117.246 Y110.229 E.02301
G1 X116.81 Y109.827 E.01967
G1 X116.438 Y109.365 E.01969
G1 X116.137 Y108.853 E.01969
G1 X115.918 Y108.308 E.01948
G1 X115.765 Y107.635 E.0229
G1 X115.751 Y107.461 E.00581
G1 X121.282 Y112.992 E.25948
G1 X121.282 Y111.373 E.05371
G1 X121.307 Y111.161 E.00708
G1 X121.377 Y110.969 E.00678
G1 X121.544 Y110.734 E.00954
G1 X121.682 Y110.619 E.00599
G1 X122.257 Y110.229 E.02301
G1 X122.469 Y110.034 E.00957
G1 X116.786 Y104.351 E.26656
G1 X117.153 Y103.997 E.01691
G1 X117.643 Y103.642 E.02007
G1 X117.959 Y103.469 E.01195
G1 X118.437 Y103.267 E.01721
G1 X119.013 Y103.115 E.01976
G1 X119.629 Y103.049 E.02056
G1 X123.767 Y107.187 E.19412
G1 X123.772 Y106.838 E.0116
G1 X123.694 Y106.249 E.01969
G1 X123.492 Y105.595 E.0227
G1 E-.93404 F2400
;WIPE_START
G1 F9023.957
G1 X123.694 Y106.249 E-.182
G1 X123.735 Y106.562 E-.08396
;WIPE_END
G17
G3 Z1.6 I-.248 J-1.191 P1  F9000
G1 X98.478 Y111.814 Z1.6
G1 Z1.2
G1 E1.2 F1800
M204 P2000
;TYPE:Inner wall
;WIDTH:0.449999
G1 F5400
G1 X98.467 Y117.849 E.20018
G1 X98.425 Y118.14 E.00977
G1 X98.233 Y118.362 E.00972
G1 X97.907 Y118.451 E.0112
G1 X95.877 Y118.451 E.06736
G1 X95.938 Y109.243 E.30543
;WIDTH:0.497027
G1 X95.962 Y109.032 E.00787
;WIDTH:0.544054
G1 X95.987 Y108.821 E.00869
;WIDTH:0.591081
G1 X96.012 Y108.609 E.0095
;WIDTH:0.638108
G1 X96.037 Y108.398 E.01032
G1 X96.081 Y108.484 E.00466
;WIDTH:0.592767
G1 X96.188 Y108.737 E.01233
;WIDTH:0.545178
G1 X96.295 Y108.99 E.01126
;WIDTH:0.497589
G1 X96.402 Y109.244 E.01019
;WIDTH:0.449999
G1 X96.629 Y109.729 E.01776
G1 X97.001 Y110.352 E.02408
G1 X97.523 Y111.003 E.02767
G1 X98.07 Y111.52 E.02499
G1 X98.446 Y111.791 E.01534
G1 E-.84 F2400
;WIPE_START
G1 F5400
G1 X98.449 Y112.791 E-.36
;WIPE_END
G17
G3 Z1.6 I1.138 J-.431 P1  F9000
G1 X95.994 Y106.302 Z1.6
G1 Z1.2
G1 E1.2 F1800
;WIDTH:0.524536
G1 F5400
G1 X95.978 Y105.927 E.01474
;WIDTH:0.487268
G1 X95.962 Y105.551 E.0136
;WIDTH:0.449999
G1 X95.988 Y101.548 E.13281
G1 X100.128 Y101.548 E.13732
G1 X99.673 Y101.69 E.01582
G1 X98.919 Y102.045 E.02764
G1 X98.224 Y102.506 E.02765
G1 X97.59 Y103.076 E.0283
G1 X97.258 Y103.455 E.01671
G1 X96.838 Y104.047 E.02408
G1 X96.453 Y104.787 E.02767
G1 X96.178 Y105.574 E.02764
;WIDTH:0.487268
G1 X96.086 Y105.938 E.0136
;WIDTH:0.524536
G1 X96.004 Y106.263 E.01317
G1 E-.84 F2400
;WIPE_START
G1 F5400
G1 X95.978 Y105.927 E-.12146
G1 X95.962 Y105.551 E-.13518
G1 X95.964 Y105.264 E-.10336
;WIPE_END
G17
G3 Z1.6 I-.107 J1.212 P1  F9000
G1 X107.561 Y106.291 Z1.6
G1 Z1.2
G1 E1.2 F1800
;WIDTH:0.62804
G1 F5400
G1 X107.496 Y106.092 E.01
;WIDTH:0.58353
G1 X107.432 Y105.892 E.00924
;WIDTH:0.53902
G1 X107.368 Y105.692 E.00848
;WIDTH:0.49451
G1 X107.303 Y105.493 E.00772
;WIDTH:0.449999
G1 X107.018 Y104.71 E.02765
G1 X106.629 Y103.986 E.02726
G1 X106.32 Y103.549 E.01776
G1 X105.843 Y103.002 E.02408
G1 X105.213 Y102.455 E.02767
G1 X104.512 Y102.005 E.02764
G1 X103.831 Y101.69 E.02487
G1 X103.376 Y101.548 E.01582
G1 X107.65 Y101.548 E.14176
G1 X107.65 Y105.542 E.13248
;WIDTH:0.49451
G1 X107.627 Y105.729 E.00695
;WIDTH:0.53902
G1 X107.605 Y105.916 E.00763
;WIDTH:0.58353
G1 X107.583 Y106.104 E.00832
;WIDTH:0.62804
G1 X107.565 Y106.252 E.00709
G1 E-.84 F2400
;WIPE_START
G1 F5400
G1 X107.496 Y106.092 E-.06269
G1 X107.432 Y105.892 E-.07549
G1 X107.368 Y105.692 E-.07549
G1 X107.303 Y105.493 E-.07549
G1 X107.236 Y105.308 E-.07085
;WIPE_END
G17
G3 Z1.6 I-1.152 J-.392 P1  F9000
G1 X105.026 Y111.809 Z1.6
G1 Z1.2
G1 E1.2 F1800
;WIDTH:0.449999
G1 F5400
G1 X105.517 Y111.447 E.02022
G1 X106.037 Y110.941 E.02408
G1 X106.55 Y110.283 E.02767
G1 X106.962 Y109.559 E.02764
G1 X107.266 Y108.783 E.02765
;WIDTH:0.490654
G1 X107.322 Y108.634 E.00582
;WIDTH:0.531309
G1 X107.379 Y108.484 E.00635
;WIDTH:0.571963
G1 X107.435 Y108.335 E.00688
;WIDTH:0.612618
G1 X107.491 Y108.186 E.00741
;WIDTH:0.653272
G1 X107.548 Y108.036 E.00794
G1 X107.559 Y108.079 E.00217
;WIDTH:0.631644
G1 X107.581 Y108.266 E.00906
;WIDTH:0.586233
G1 X107.604 Y108.453 E.00836
;WIDTH:0.540822
G1 X107.627 Y108.641 E.00766
;WIDTH:0.495411
G1 X107.65 Y108.828 E.00696
;WIDTH:0.449999
G1 X107.65 Y118.451 E.31919
G1 X106.343 Y118.451 E.04336
G1 X105.404 Y118.423 E.03114
G1 X105.159 Y118.264 E.0097
G1 X105.037 Y117.998 E.00972
G1 X105.026 Y111.849 E.20395
G1 X104.612 Y111.599 F9000
M204 P1000
;TYPE:Outer wall
;WIDTH:0.419999
G1 F3600
G1 X105.231 Y111.148 E.02351
G1 X105.713 Y110.685 E.02055
G1 X106.192 Y110.076 E.0238
G1 X106.578 Y109.406 E.02378
G1 X106.863 Y108.686 E.02378
G1 X107.042 Y107.934 E.02378
G1 X107.111 Y107.163 E.02378
G1 X107.068 Y106.39 E.02378
G1 X106.914 Y105.632 E.02378
G1 X106.652 Y104.903 E.02378
G1 X106.301 Y104.241 E.02305
G1 X106.006 Y103.818 E.01583
G1 X105.569 Y103.312 E.02055
G1 X104.987 Y102.801 E.0238
G1 X104.338 Y102.38 E.02378
G1 X103.635 Y102.056 E.02378
;WIDTH:0.4678
G1 X103.391 Y101.96 E.00908
;WIDTH:0.515601
G1 X103.147 Y101.863 E.01011
;WIDTH:0.563401
G1 X102.903 Y101.767 E.01113
G1 X102.515 Y101.725 E.01655
;WIDTH:0.535054
G1 X102.127 Y101.684 E.01565
;WIDTH:0.509136
G1 X101.347 Y101.685 E.02964
;WIDTH:0.542574
G1 X100.57 Y101.784 E.03187
G1 X100.329 Y101.878 E.01054
;WIDTH:0.501716
G1 X100.088 Y101.971 E.00968
;WIDTH:0.460858
G1 X99.846 Y102.065 E.00881
;WIDTH:0.419999
G1 X99.145 Y102.392 E.02378
G1 X98.498 Y102.816 E.02378
G1 X97.935 Y103.312 E.02305
G1 X97.593 Y103.697 E.01583
G1 X97.203 Y104.24 E.02055
G1 X96.842 Y104.926 E.0238
G1 X96.584 Y105.655 E.02378
G1 X96.436 Y106.39 E.02305
G1 X96.398 Y106.904 E.01583
G1 X96.416 Y107.573 E.02055
G1 X96.543 Y108.337 E.0238
G1 X96.771 Y109.051 E.02305
G1 X96.986 Y109.52 E.01583
G1 X97.325 Y110.096 E.02055
G1 X97.807 Y110.702 E.0238
G1 X98.37 Y111.232 E.02377
G1 X98.892 Y111.6 E.01961
G1 X98.88 Y118.058 E.19842
G1 X98.805 Y118.314 E.00821
G1 X98.661 Y118.538 E.0082
G1 X98.459 Y118.713 E.0082
G1 X98.216 Y118.824 E.0082
G1 X97.937 Y118.864 E.00867
G1 X95.461 Y118.864 E.0761
G1 X95.578 Y101.134 E.5448
G1 X99.735 Y101.134 E.12774
;WIDTH:0.4678
G1 X100.01 Y101.158 E.00956
;WIDTH:0.515601
G1 X100.285 Y101.182 E.01064
;WIDTH:0.563402
G1 X100.56 Y101.206 E.01171
G1 X100.969 Y101.192 E.01733
;WIDTH:0.535055
G1 X101.377 Y101.178 E.01639
;WIDTH:0.509137
G1 X102.194 Y101.179 E.03104
;WIDTH:0.536087
G1 X103.02 Y101.192 E.03318
G1 X103.269 Y101.173 E.01007
;WIDTH:0.497391
G1 X103.519 Y101.154 E.00928
;WIDTH:0.458695
G1 X103.769 Y101.134 E.00849
;WIDTH:0.419999
G1 X108.063 Y101.134 E.13194
G1 X108.063 Y118.864 E.54479
G1 X105.638 Y118.864 E.07452
G1 X105.286 Y118.823 E.0109
G1 X105.043 Y118.712 E.00819
G1 X104.842 Y118.537 E.00819
G1 X104.699 Y118.313 E.00819
G1 X104.624 Y118.057 E.00819
G1 X104.612 Y111.639 E.19723
G1 E-.84 F2400
;WIPE_START
G1 F3600
G1 X105.231 Y111.148 E-.28413
G1 X105.383 Y111.002 E-.07587
;WIPE_END
G17
G3 Z1.6 I1.105 J.511 P1  F9000
G1 X107.561 Y106.291 Z1.6
G1 Z1.2
G1 E1.2 F1800
M204 P2000
;TYPE:Inner wall
;WIDTH:0.62804
G1 F5400
G1 X107.567 Y106.388 E.0046
;WIDTH:0.615906
G1 X107.586 Y107.23 E.03936
;WIDTH:0.615405
G1 X107.567 Y107.633 E.01882
;WIDTH:0.653272
G1 X107.548 Y108.036 E.02006
G1 E-.84 F2400
;WIPE_START
G1 F5400
G1 X107.567 Y107.633 E-.14523
G1 X107.586 Y107.23 E-.14523
G1 X107.581 Y107.037 E-.06954
;WIPE_END
G17
G3 Z1.6 I-.142 J-1.209 P1  F9000
G1 X96.037 Y108.398 Z1.6
G1 Z1.2
G1 E1.2 F1800
;WIDTH:0.638108
G1 F5400
G1 X96.017 Y108.147 E.01222
;WIDTH:0.595374
G1 X95.998 Y107.896 E.01134
;WIDTH:0.552639
G1 X95.978 Y107.645 E.01046
;WIDTH:0.509904
G1 X95.969 Y106.915 E.02778
;WIDTH:0.514648
G1 X95.989 Y106.378 E.02065
;WIDTH:0.524536
G1 X95.994 Y106.302 E.003
G1 X96.271 Y111.212 F9000
M204 P2500
;TYPE:Sparse infill
;WIDTH:0.45
G1 F9023.957
G1 X96.26 Y112.84 E.05401
G1 X98.127 Y114.707 E.08758
G1 X98.121 Y117.948 E.1075
G1 X98.107 Y117.995 E.00164
G1 X98.044 Y118.068 E.00319
G1 X97.883 Y118.105 E.0055
G1 X97.38 Y118.105 E.01669
G1 X96.233 Y116.958 E.0538
G1 X96.243 Y115.33 E.05401
G1 E-.93404 F2400
;WIPE_START
G1 F9023.957
G1 X96.237 Y116.329 E-.26596
;WIPE_END
G17
G3 Z1.6 I.019 J1.217 P1  F9000
G1 X105.38 Y116.19 Z1.6
G1 Z1.2
G1 E1.2 F1800
G1 F9023.957
G1 X105.383 Y117.818 E.05401
G1 X105.67 Y118.105 E.01346
G1 X107.304 Y118.105 E.0542
G1 X107.304 Y115.594 E.0833
G1 X105.375 Y113.666 E.09045
G1 X105.373 Y111.985 E.05574
G1 X105.714 Y111.735 E.01404
G1 X106.229 Y111.245 E.02359
G1 X106.617 Y110.762 E.02054
G1 X107.304 Y111.449 E.03219
G1 X107.304 Y113.077 E.05401
G1 X107.258 Y104.355 F9000
;TYPE:Internal solid infill
;WIDTH:0.419999
G1 F9741.91
G1 X107.258 Y101.94 E.07419
G1 X105.135 Y101.94 E.06523
G1 X105.539 Y102.211 E.01497
G1 X106.102 Y102.708 E.02306
G1 X106.616 Y103.292 E.02392
G1 X107.001 Y103.844 E.02069
G1 X107.24 Y104.319 E.01632
G1 X106.878 Y103.016 F9000
;WIDTH:0.424005
G1 F9639.501
G1 X106.878 Y102.319 E.02165
G1 X106.234 Y102.319 E.02
G1 X106.851 Y102.987 E.02823
G1 E-.95102 F2400
;WIPE_START
G1 F9639.501
G1 X106.234 Y102.319 E-.22634
G1 X106.325 Y102.319 E-.02264
;WIPE_END
G17
G3 Z1.6 I.058 J-1.216 P1  F9000
G1 X98.378 Y101.94 Z1.6
G1 Z1.2
G1 E1.2 F1800
;WIDTH:0.419999
G1 F9741.91
G1 X96.378 Y101.94 E.06144
G1 X96.364 Y104.104 E.06649
G1 X96.504 Y103.842 E.00914
G1 X96.988 Y103.166 E.02554
G1 X97.387 Y102.723 E.01833
G1 X97.965 Y102.211 E.0237
G1 X98.344 Y101.962 E.01395
G1 X97.324 Y102.299 F9000
;WIDTH:0.383341
G1 F10790.96
G1 X96.734 Y102.299 E.01635
G1 X96.733 Y102.907 E.01687
G1 X97.121 Y102.482 E.01595
G1 X97.294 Y102.326 E.00647
; stop printing object sandbox.stl id:15 copy 0
;LAYER_CHANGE
;Z:1.4
;HEIGHT:0.2
;BEFORE_LAYER_CHANGE
;1.4
G92 E0

G1 E-.97759 F2400
;WIPE_START
G1 F10790.96
G1 X97.121 Y102.482 E-.05186
G1 X96.733 Y102.907 E-.1279
G1 X96.734 Y102.715 E-.04265
;WIPE_END
;_SET_FAN_SPEED_CHANGING_LAYER
; printing object sandbox.stl id:15 copy 0
G17
G3 Z1.8 I-.446 J1.132 P1  F9000
G1 X117.684 Y110.974 Z1.8
G1 Z1.4
G1 E1.2 F1800
M204 P2000
;TYPE:Inner wall
;WIDTH:0.449999
G1 F5400
G1 X117.62 Y110.901 E.00322
G1 X117.031 Y110.501 E.02364
G1 X116.557 Y110.064 E.02137
G1 X116.152 Y109.562 E.02138
G1 X115.826 Y109.006 E.02139
G1 X115.586 Y108.413 E.02124
G1 X115.42 Y107.671 E.02522
G1 X115.377 Y107.141 E.01763
G1 X115.415 Y106.496 E.02143
G1 X115.5 Y106.09 E.01374
G1 X115.686 Y105.466 E.02162
G1 X115.914 Y104.973 E.01801
G1 X116.266 Y104.431 E.02143
G1 X116.692 Y103.947 E.02139
G1 X117.009 Y103.68 E.01374
G1 X117.54 Y103.302 E.02163
G1 X118.024 Y103.056 E.01801
G1 X118.635 Y102.845 E.02143
G1 X119.264 Y102.728 E.02124
G1 X120.024 Y102.711 E.02523
G1 X120.552 Y102.774 E.01763
G1 X121.177 Y102.939 E.02143
G1 X121.769 Y103.193 E.02139
G1 X122.318 Y103.532 E.02138
G1 X122.81 Y103.947 E.02139
G1 X123.237 Y104.431 E.02138
G1 X123.59 Y104.976 E.02155
G1 X123.855 Y105.585 E.02201
G1 X124.022 Y106.181 E.02054
G1 X124.126 Y107.14 E.03198
G1 X124.089 Y107.552 E.01374
G1 X123.978 Y108.195 E.02162
G1 X123.809 Y108.711 E.01801
G1 X123.524 Y109.29 E.02143
G1 X123.157 Y109.821 E.02138
G1 X122.717 Y110.291 E.02139
G1 X122.387 Y110.553 E.01398
G1 X121.882 Y110.901 E.02032
G1 X121.687 Y111.125 E.00987
G1 X121.628 Y111.381 E.00872
G1 X121.628 Y118.077 E.22212
G1 X121.68 Y118.452 E.01254
G1 X117.823 Y118.451 E.12796
G1 X117.875 Y118.076 E.01256
G1 X117.875 Y111.381 E.22207
G1 X117.815 Y111.125 E.00872
G1 X117.71 Y111.004 E.00532
G1 X117.388 Y111.243 F9000
M204 P1000
;TYPE:Outer wall
;WIDTH:0.419999
G1 F3600
G1 X116.773 Y110.826 E.02284
G1 X116.254 Y110.347 E.02168
G1 X115.811 Y109.798 E.02169
G1 X115.454 Y109.189 E.02169
G1 X115.19 Y108.536 E.02165
G1 X115.01 Y107.733 E.02529
G1 X114.962 Y107.146 E.01811
G1 X115.004 Y106.441 E.02168
G1 X115.095 Y106.006 E.01367
G1 X115.302 Y105.31 E.0223
G1 X115.552 Y104.773 E.01821
G1 X115.936 Y104.18 E.02169
G1 X116.402 Y103.651 E.02169
G1 X116.742 Y103.364 E.01367
G1 X117.334 Y102.944 E.0223
G1 X117.862 Y102.674 E.01821
G1 X118.529 Y102.444 E.02169
G1 X119.221 Y102.315 E.02165
G1 X120.044 Y102.297 E.02529
G1 X120.629 Y102.367 E.01811
G1 X121.312 Y102.547 E.02169
G1 X121.96 Y102.825 E.02169
G1 X122.561 Y103.196 E.02169
G1 X123.1 Y103.651 E.02169
G1 X123.567 Y104.18 E.02169
G1 X123.809 Y104.554 E.01367
G1 X124.153 Y105.193 E.0223
G1 X124.354 Y105.75 E.01821
G1 X124.499 Y106.441 E.02169
G1 X124.54 Y107.146 E.02169
G1 X124.501 Y107.589 E.01367
G1 X124.378 Y108.304 E.0223
G1 X124.193 Y108.867 E.01821
G1 X123.881 Y109.5 E.02169
G1 X123.48 Y110.081 E.02169
G1 X122.998 Y110.596 E.02169
G1 X122.644 Y110.877 E.01389
G1 X122.103 Y111.252 E.02022
G1 X122.041 Y111.381 E.00441
G1 X122.041 Y118.077 E.20575
G1 X122.111 Y118.474 E.01237
G1 X122.346 Y118.865 E.01403
G1 X117.148 Y118.864 E.15971
G1 X117.207 Y118.812 E.00242
G1 X117.392 Y118.473 E.01189
G1 X117.461 Y118.076 E.01237
G1 X117.461 Y111.348 E.20672
G1 X117.411 Y111.276 E.00271
G1 E-.84 F2400
;WIPE_START
G1 F3600
G1 X116.773 Y110.826 E-.28108
G1 X116.612 Y110.677 E-.07892
;WIPE_END
G1 Z1.8 F9000
G1 X118.221 Y115.704 Z1.8
G1 Z1.4
G1 E1.2 F1800
M204 P2500
;TYPE:Sparse infill
;WIDTH:0.45
G1 F9023.957
G1 X118.221 Y114.076 E.05401
G1 X121.282 Y117.137 E.14359
G1 X121.282 Y112.992 E.1375
G1 X115.75 Y107.46 E.25951
G1 X115.724 Y107.137 E.01075
G1 X115.759 Y106.542 E.01978
G1 X115.882 Y105.953 E.01997
G1 X116.007 Y105.596 E.01254
G1 X116.218 Y105.141 E.01663
G1 X116.542 Y104.641 E.01978
G1 X116.792 Y104.357 E.01254
G1 X122.476 Y110.041 E.26663
G1 X122.887 Y109.603 E.01993
G1 X123.225 Y109.115 E.01969
G1 X123.488 Y108.58 E.01978
G1 X123.644 Y108.103 E.01663
G1 X123.726 Y107.734 E.01254
G1 X123.774 Y107.194 E.018
G1 X119.646 Y103.066 E.19365
G1 X120.008 Y103.058 E.01201
G1 X120.487 Y103.115 E.01602
G1 X121.064 Y103.267 E.01978
G1 X121.236 Y103.341 E.00621
G1 E-.93404 F2400
;WIPE_START
G1 F9023.957
G1 X121.064 Y103.267 E-.04978
G1 X120.487 Y103.115 E-.15858
G1 X120.272 Y103.089 E-.0576
;WIPE_END
G17
G3 Z1.8 I-.452 J-1.13 P1  F9000
G1 X98.478 Y111.814 Z1.8
G1 Z1.4
G1 E1.2 F1800
M204 P2000
;TYPE:Inner wall
;WIDTH:0.449999
G1 F5400
G1 X98.467 Y117.849 E.20018
G1 X98.425 Y118.14 E.00977
G1 X98.233 Y118.362 E.00972
G1 X97.907 Y118.451 E.0112
G1 X95.877 Y118.451 E.06736
G1 X95.94 Y108.817 E.31957
;WIDTH:0.486932
G1 X95.965 Y108.567 E.00911
;WIDTH:0.523864
G1 X95.991 Y108.316 E.00987
;WIDTH:0.560796
G1 X96.016 Y108.065 E.01063
;WIDTH:0.548627
G1 X96.141 Y108.468 E.01739
;WIDTH:0.499313
G1 X96.267 Y108.871 E.01569
;WIDTH:0.449999
G1 X96.638 Y109.746 E.03152
G1 X97.006 Y110.359 E.02373
G1 X97.612 Y111.093 E.03155
G1 X98.07 Y111.52 E.0208
G1 X98.446 Y111.791 E.01535
G1 E-.84 F2400
;WIPE_START
G1 F5400
G1 X98.449 Y112.791 E-.36
;WIPE_END
G17
G3 Z1.8 I1.138 J-.431 P1  F9000
G1 X95.994 Y106.301 Z1.8
G1 Z1.4
G1 E1.2 F1800
;WIDTH:0.52459
G1 F5400
G1 X95.978 Y105.926 E.01473
;WIDTH:0.487295
G1 X95.962 Y105.551 E.01359
;WIDTH:0.449999
G1 X95.988 Y101.548 E.13281
G1 X100.066 Y101.551 E.13526
G1 X99.289 Y101.854 E.02765
G1 X98.563 Y102.263 E.02764
G1 X97.898 Y102.778 E.02793
G1 X97.246 Y103.47 E.03152
G1 X96.837 Y104.047 E.02344
G1 X96.453 Y104.787 E.02767
G1 X96.178 Y105.574 E.02764
;WIDTH:0.487295
G1 X96.086 Y105.938 E.01359
;WIDTH:0.52459
G1 X96.004 Y106.263 E.01316
G1 E-.84 F2400
;WIPE_START
G1 F5400
G1 X95.978 Y105.926 E-.1214
G1 X95.962 Y105.551 E-.13512
G1 X95.964 Y105.264 E-.10348
;WIPE_END
G17
G3 Z1.8 I-.074 J1.215 P1  F9000
G1 X107.534 Y105.965 Z1.8
G1 Z1.4
G1 E1.2 F1800
;WIDTH:0.680904
G1 F5400
G1 X107.51 Y105.92 E.00267
;WIDTH:0.65154
G1 X107.486 Y105.875 E.00255
;WIDTH:0.622176
G1 X107.409 Y105.683 E.00977
;WIDTH:0.579132
G1 X107.332 Y105.49 E.00905
;WIDTH:0.536088
G1 X107.256 Y105.298 E.00832
;WIDTH:0.493044
G1 X107.179 Y105.106 E.00759
;WIDTH:0.449999
G1 X106.963 Y104.596 E.01836
G1 X106.623 Y103.977 E.02344
G1 X106.003 Y103.182 E.03344
G1 X105.538 Y102.717 E.02182
G1 X104.871 Y102.217 E.02765
G1 X104.139 Y101.819 E.02764
G1 X103.438 Y101.551 E.02487
G1 X107.65 Y101.548 E.13969
G1 X107.65 Y105.114 E.1183
;WIDTH:0.49618
G1 X107.627 Y105.284 E.00635
;WIDTH:0.542361
G1 X107.603 Y105.455 E.00699
;WIDTH:0.588542
G1 X107.58 Y105.625 E.00764
;WIDTH:0.634723
G1 X107.557 Y105.795 E.00829
;WIDTH:0.680904
G1 X107.54 Y105.926 E.00685
G1 E-.84 F2400
;WIPE_START
G1 F5400
G1 X107.51 Y105.92 E-.01079
G1 X107.486 Y105.875 E-.01848
G1 X107.409 Y105.683 E-.07453
G1 X107.332 Y105.49 E-.07453
G1 X107.256 Y105.298 E-.07453
G1 X107.179 Y105.106 E-.07453
G1 X107.144 Y105.022 E-.0326
;WIPE_END
G17
G3 Z1.8 I-1.162 J-.362 P1  F9000
G1 X105.026 Y111.814 Z1.8
G1 Z1.4
G1 E1.2 F1800
;WIDTH:0.449999
G1 F5400
G1 X105.438 Y111.516 E.01685
G1 X106.038 Y110.941 E.02758
G1 X106.55 Y110.283 E.02765
G1 X106.958 Y109.569 E.02731
G1 X107.17 Y109.058 E.01836
;WIDTH:0.496377
G1 X107.227 Y108.95 E.0045
;WIDTH:0.542754
G1 X107.284 Y108.842 E.00496
;WIDTH:0.589132
G1 X107.34 Y108.734 E.00542
;WIDTH:0.635509
G1 X107.397 Y108.626 E.00588
;WIDTH:0.681887
G1 X107.454 Y108.519 E.00634
;WIDTH:0.728264
G1 F5360.038
G1 X107.51 Y108.411 E.0068
G1 X107.527 Y108.457 E.00273
;WIDTH:0.695995
G1 F5400
G1 X107.543 Y108.503 E.0026
;WIDTH:0.663726
G1 X107.564 Y108.629 E.00644
;WIDTH:0.620981
G1 X107.585 Y108.754 E.00599
;WIDTH:0.578236
G1 X107.607 Y108.879 E.00555
;WIDTH:0.53549
G1 X107.628 Y109.005 E.00511
;WIDTH:0.492745
G1 X107.65 Y109.13 E.00466
;WIDTH:0.449999
G1 X107.65 Y118.451 E.30918
G1 X106.343 Y118.451 E.04336
G1 X105.404 Y118.423 E.03114
G1 X105.159 Y118.264 E.0097
G1 X105.037 Y117.998 E.00972
G1 X105.026 Y111.854 E.20379
G1 X104.612 Y111.6 F9000
M204 P1000
;TYPE:Outer wall
;WIDTH:0.419999
G1 F3600
G1 X105.154 Y111.216 E.0204
G1 X105.713 Y110.684 E.02372
G1 X106.192 Y110.076 E.02378
G1 X106.577 Y109.408 E.02369
G1 X106.775 Y108.935 E.01576
G1 X106.966 Y108.314 E.01997
G1 X107.091 Y107.549 E.0238
G1 X107.103 Y106.776 E.02378
G1 X107.005 Y106.008 E.02378
G1 X106.797 Y105.265 E.0237
G1 X106.599 Y104.792 E.01576
G1 X106.289 Y104.221 E.01997
G1 X105.708 Y103.472 E.02914
G1 X105.287 Y103.046 E.01839
G1 X104.67 Y102.579 E.02378
G1 X103.993 Y102.205 E.02378
G1 X103.268 Y101.934 E.02378
;WIDTH:0.455875
G1 X103.017 Y101.861 E.00879
;WIDTH:0.491751
G1 X102.767 Y101.788 E.00955
;WIDTH:0.527627
G1 X102.516 Y101.715 E.01031
G1 X101.737 Y101.675 E.0308
;WIDTH:0.524806
G1 X100.957 Y101.721 E.03068
G1 X100.709 Y101.794 E.01015
;WIDTH:0.489871
G1 X100.461 Y101.867 E.00942
;WIDTH:0.454935
G1 X100.213 Y101.94 E.00868
;WIDTH:0.419999
G1 X99.49 Y102.216 E.02378
G1 X98.814 Y102.592 E.02378
G1 X98.197 Y103.064 E.02385
G1 X97.582 Y103.712 E.02747
G1 X97.203 Y104.24 E.01997
G1 X96.842 Y104.926 E.0238
G1 X96.584 Y105.655 E.02378
G1 X96.433 Y106.414 E.02378
G1 X96.394 Y107.187 E.02378
G1 X96.466 Y107.957 E.02378
G1 X96.649 Y108.712 E.02385
G1 X96.995 Y109.536 E.02747
G1 X97.327 Y110.098 E.02005
G1 X97.894 Y110.79 E.02749
G1 X98.37 Y111.232 E.01996
G1 X98.892 Y111.6 E.01963
G1 X98.88 Y118.058 E.19842
G1 X98.805 Y118.314 E.00821
G1 X98.661 Y118.538 E.0082
G1 X98.459 Y118.713 E.0082
G1 X98.216 Y118.824 E.0082
G1 X97.937 Y118.864 E.00867
G1 X95.461 Y118.864 E.0761
G1 X95.578 Y101.134 E.5448
G1 X100.149 Y101.134 E.14047
;WIDTH:0.455876
G1 X100.423 Y101.152 E.00922
;WIDTH:0.491752
G1 X100.696 Y101.17 E.01002
;WIDTH:0.527628
G1 X100.969 Y101.188 E.01082
G1 X101.785 Y101.175 E.03223
;WIDTH:0.532726
G1 X102.605 Y101.191 E.03274
G1 X102.855 Y101.172 E.01
;WIDTH:0.495151
G1 X103.105 Y101.153 E.00924
;WIDTH:0.457575
G1 X103.355 Y101.134 E.00847
;WIDTH:0.419999
G1 X108.063 Y101.134 E.14467
G1 X108.063 Y118.864 E.54479
G1 X105.638 Y118.864 E.07452
G1 X105.286 Y118.823 E.0109
G1 X105.043 Y118.712 E.00819
G1 X104.842 Y118.537 E.00819
G1 X104.699 Y118.313 E.00819
G1 X104.624 Y118.057 E.00819
G1 X104.612 Y111.64 E.19719
G1 E-.84 F2400
;WIPE_START
G1 F3600
G1 X105.154 Y111.216 E-.24759
G1 X105.38 Y111.001 E-.11241
;WIPE_END
G17
G3 Z1.8 I1.119 J.479 P1  F9000
G1 X107.534 Y105.965 Z1.8
G1 Z1.4
G1 E1.2 F1800
M204 P2000
;TYPE:Inner wall
;WIDTH:0.680904
G1 F5400
G1 X107.559 Y106.387 E.02196
;WIDTH:0.6312
G1 X107.584 Y106.809 E.02025
;WIDTH:0.604198
G1 X107.572 Y107.653 E.03863
;WIDTH:0.645554
G1 X107.552 Y107.906 E.01245
;WIDTH:0.686909
G1 X107.531 Y108.158 E.0133
;WIDTH:0.728264
G1 F5360.038
G1 X107.51 Y108.411 E.01415
G1 E-.84 F2400
;WIPE_START
G1 F5360.038
G1 X107.531 Y108.158 E-.09124
G1 X107.552 Y107.906 E-.09124
G1 X107.572 Y107.653 E-.09124
G1 X107.576 Y107.414 E-.08627
;WIPE_END
G17
G3 Z1.8 I-.064 J-1.215 P1  F9000
G1 X96.001 Y108.024 Z1.8
G1 Z1.4
G1 E1.2 F1800
;WIDTH:0.560796
G1 F5400
G1 X95.984 Y107.625 E.01686
;WIDTH:0.5209
G1 X95.966 Y107.226 E.01556
;WIDTH:0.51398
G1 X95.988 Y106.39 E.03209
;WIDTH:0.52459
G1 X95.994 Y106.301 E.00349
G1 X96.271 Y111.212 F9000
M204 P2500
;TYPE:Sparse infill
;WIDTH:0.45
G1 F9023.957
G1 X96.26 Y112.84 E.05401
G1 X98.127 Y114.707 E.08758
G1 X98.121 Y117.948 E.1075
G1 X98.107 Y117.995 E.00164
G1 X98.044 Y118.068 E.00319
G1 X97.883 Y118.105 E.0055
G1 X97.38 Y118.105 E.01669
G1 X96.233 Y116.958 E.0538
G1 X96.243 Y115.33 E.05401
G1 E-.93404 F2400
;WIPE_START
G1 F9023.957
G1 X96.237 Y116.329 E-.26596
;WIPE_END
G17
G3 Z1.8 I.019 J1.217 P1  F9000
G1 X105.38 Y116.19 Z1.8
G1 Z1.4
G1 E1.2 F1800
G1 F9023.957
G1 X105.383 Y117.818 E.05401
G1 X105.67 Y118.105 E.01346
G1 X107.304 Y118.105 E.0542
G1 X107.304 Y115.594 E.0833
G1 X105.375 Y113.666 E.09045
G1 X105.373 Y111.992 E.05553
G1 X105.668 Y111.775 E.01214
G1 X106.226 Y111.248 E.02549
G1 X106.617 Y110.762 E.02068
G1 X107.304 Y111.449 E.0322
G1 X107.304 Y113.077 E.05401
G1 X107.258 Y104.349 F9000
;TYPE:Internal solid infill
;WIDTH:0.419999
G1 F9741.91
G1 X107.258 Y101.94 E.07403
G1 X105.162 Y101.94 E.06439
G1 X105.775 Y102.405 E.02364
G1 X106.497 Y103.141 E.0317
G1 X106.998 Y103.838 E.02636
G1 X107.239 Y104.314 E.0164
G1 X106.877 Y103.018 F9000
;WIDTH:0.426684
G1 F9572.209
G1 X106.877 Y102.32 E.02181
G1 X106.228 Y102.32 E.0203
G1 X106.75 Y102.852 E.02331
G1 X106.853 Y102.986 E.00526
G1 E-.94927 F2400
;WIPE_START
G1 F9572.209
G1 X106.75 Y102.852 E-.0422
G1 X106.228 Y102.32 E-.18692
G1 X106.314 Y102.32 E-.02161
;WIPE_END
G17
G3 Z1.8 I.058 J-1.216 P1  F9000
G1 X98.354 Y101.94 Z1.8
G1 Z1.4
G1 E1.2 F1800
;WIDTH:0.419999
G1 F9741.91
G1 X96.378 Y101.94 E.06072
G1 X96.364 Y104.104 E.06649
G1 X96.504 Y103.843 E.0091
G1 X96.927 Y103.243 E.02257
G1 X97.636 Y102.488 E.03181
G1 X98.322 Y101.964 E.02653
G1 X97.311 Y102.302 F9000
;WIDTH:0.389922
G1 F10586.306
G1 X96.738 Y102.302 E.0162
G1 X96.733 Y102.917 E.01739
G1 X97.283 Y102.331 E.02272
; stop printing object sandbox.stl id:15 copy 0
;LAYER_CHANGE
;Z:1.6
;HEIGHT:0.2
;BEFORE_LAYER_CHANGE
;1.6
G92 E0

G1 E-.97329 F2400
;WIPE_START
G1 F10586.306
G1 X96.733 Y102.917 E-.18215
G1 X96.735 Y102.721 E-.04456
;WIPE_END
;_SET_FAN_SPEED_CHANGING_LAYER
; printing object sandbox.stl id:15 copy 0
G17
G3 Z2 I-.446 J1.132 P1  F9000
G1 X117.684 Y110.974 Z2
G1 Z1.6
G1 E1.2 F1800
M204 P2000
;TYPE:Inner wall
;WIDTH:0.449999
G1 F5400
G1 X117.62 Y110.901 E.00322
G1 X117.031 Y110.501 E.02364
G1 X116.557 Y110.064 E.02137
G1 X116.152 Y109.562 E.02139
G1 X115.829 Y109.011 E.02122
G1 X115.55 Y108.284 E.02582
G1 X115.434 Y107.784 E.01704
G1 X115.377 Y107.14 E.02145
G1 X115.415 Y106.496 E.02139
G1 X115.497 Y106.103 E.01331
G1 X115.692 Y105.449 E.02264
G1 X115.914 Y104.973 E.01742
G1 X116.266 Y104.431 E.02145
G1 X116.692 Y103.947 E.02138
G1 X116.999 Y103.689 E.01331
G1 X117.555 Y103.294 E.02263
G1 X118.023 Y103.056 E.01742
G1 X118.635 Y102.845 E.02145
G1 X119.263 Y102.728 E.02122
G1 X120.042 Y102.713 E.02582
G1 X120.552 Y102.774 E.01704
G1 X121.177 Y102.939 E.02145
G1 X121.769 Y103.193 E.02139
G1 X122.318 Y103.532 E.02138
G1 X122.81 Y103.947 E.02139
G1 X123.24 Y104.434 E.02153
G1 X123.594 Y105.002 E.02218
G1 X123.846 Y105.57 E.02062
G1 X124.026 Y106.201 E.02176
G1 X124.125 Y107.134 E.03115
G1 X124.043 Y107.908 E.02582
G1 X123.919 Y108.407 E.01704
G1 X123.677 Y109.006 E.02145
G1 X123.35 Y109.562 E.02139
G1 X122.946 Y110.064 E.02138
G1 X122.472 Y110.501 E.02137
G1 X121.882 Y110.901 E.02364
G1 X121.687 Y111.125 E.00987
G1 X121.628 Y111.381 E.00872
G1 X121.628 Y118.077 E.22212
G1 X121.68 Y118.452 E.01254
G1 X117.823 Y118.451 E.12796
G1 X117.875 Y118.076 E.01256
G1 X117.875 Y111.381 E.22207
G1 X117.815 Y111.125 E.00872
G1 X117.71 Y111.004 E.00532
G1 X117.388 Y111.243 F9000
M204 P1000
;TYPE:Outer wall
;WIDTH:0.419999
G1 F3600
G1 X116.773 Y110.826 E.02284
G1 X116.254 Y110.347 E.02168
G1 X115.811 Y109.798 E.02169
G1 X115.455 Y109.191 E.02164
G1 X115.154 Y108.405 E.02585
G1 X115.025 Y107.849 E.01755
G1 X114.962 Y107.146 E.02169
G1 X115.004 Y106.441 E.02169
G1 X115.093 Y106.019 E.01326
G1 X115.309 Y105.293 E.02326
G1 X115.552 Y104.773 E.01765
G1 X115.936 Y104.18 E.02169
G1 X116.402 Y103.651 E.02169
G1 X116.732 Y103.373 E.01327
G1 X117.35 Y102.935 E.02325
G1 X117.861 Y102.674 E.01765
G1 X118.529 Y102.444 E.02169
G1 X119.221 Y102.315 E.02164
G1 X120.062 Y102.299 E.02585
G1 X120.629 Y102.367 E.01755
G1 X121.312 Y102.547 E.02169
G1 X121.96 Y102.825 E.02169
G1 X122.561 Y103.196 E.02169
G1 X123.1 Y103.651 E.02169
G1 X123.386 Y103.975 E.01326
G1 X123.838 Y104.582 E.02326
G1 X124.109 Y105.088 E.01765
G1 X124.354 Y105.75 E.02169
G1 X124.431 Y106.116 E.01147
G1 X124.54 Y107.144 E.03178
G1 X124.451 Y107.981 E.02585
G1 X124.313 Y108.535 E.01755
G1 X124.049 Y109.189 E.02169
G1 X123.692 Y109.798 E.02169
G1 X123.249 Y110.347 E.02169
G1 X122.73 Y110.826 E.02168
G1 X122.103 Y111.252 E.02329
G1 X122.041 Y111.381 E.00441
G1 X122.041 Y118.077 E.20575
G1 X122.111 Y118.474 E.01237
G1 X122.346 Y118.865 E.01404
G1 X117.148 Y118.864 E.15973
G1 X117.207 Y118.812 E.00242
G1 X117.392 Y118.473 E.01189
G1 X117.461 Y118.076 E.01237
G1 X117.461 Y111.348 E.20672
G1 X117.411 Y111.276 E.00271
G1 E-.84 F2400
;WIPE_START
G1 F3600
G1 X116.773 Y110.826 E-.28108
G1 X116.612 Y110.677 E-.07892
;WIPE_END
G1 Z2 F9000
G1 X118.221 Y115.704 Z2
G1 Z1.6
G1 E1.2 F1800
M204 P2500
;TYPE:Sparse infill
;WIDTH:0.45
G1 F9023.957
G1 X118.221 Y114.076 E.05401
G1 X121.282 Y117.137 E.14359
G1 X121.282 Y112.992 E.1375
G1 X115.753 Y107.463 E.25936
G1 X115.724 Y107.134 E.01094
G1 X115.759 Y106.542 E.01969
G1 X115.882 Y105.954 E.01993
G1 X116.013 Y105.58 E.01313
G1 X116.218 Y105.142 E.01605
G1 X116.542 Y104.641 E.0198
G1 X116.792 Y104.357 E.01254
G1 X122.469 Y110.034 E.26629
G1 X122.692 Y109.827 E.0101
G1 X123.065 Y109.365 E.01969
G1 X123.366 Y108.853 E.01969
G1 X123.589 Y108.3 E.0198
G1 X123.702 Y107.848 E.01544
G1 X123.771 Y107.191 E.0219
G1 X119.647 Y103.066 E.19351
G1 X120.024 Y103.059 E.01253
G1 X120.487 Y103.114 E.01544
G1 X121.064 Y103.267 E.0198
G1 X121.236 Y103.341 E.00624
G1 E-.93404 F2400
;WIPE_START
G1 F9023.957
G1 X121.064 Y103.267 E-.05002
G1 X120.487 Y103.114 E-.15875
G1 X120.273 Y103.089 E-.05719
;WIPE_END
G17
G3 Z2 I-.452 J-1.13 P1  F9000
G1 X98.478 Y111.814 Z2
G1 Z1.6
G1 E1.2 F1800
M204 P2000
;TYPE:Inner wall
;WIDTH:0.449999
G1 F5400
G1 X98.467 Y117.849 E.20018
G1 X98.425 Y118.14 E.00977
G1 X98.233 Y118.362 E.00972
G1 X97.907 Y118.451 E.0112
G1 X95.877 Y118.451 E.06736
G1 X95.94 Y108.817 E.31957
;WIDTH:0.486932
G1 X95.965 Y108.567 E.00911
;WIDTH:0.523864
G1 X95.991 Y108.316 E.00987
;WIDTH:0.560796
G1 X96.016 Y108.065 E.01063
;WIDTH:0.548628
G1 X96.142 Y108.469 E.01741
;WIDTH:0.499314
G1 X96.268 Y108.872 E.01571
;WIDTH:0.449999
G1 X96.647 Y109.763 E.03213
G1 X97.001 Y110.352 E.0228
G1 X97.523 Y111.003 E.02767
G1 X98.07 Y111.52 E.02499
G1 X98.446 Y111.791 E.01534
G1 E-.84 F2400
;WIPE_START
G1 F5400
G1 X98.449 Y112.791 E-.36
;WIPE_END
G17
G3 Z2 I1.138 J-.431 P1  F9000
G1 X95.994 Y106.301 Z2
G1 Z1.6
G1 E1.2 F1800
;WIDTH:0.52459
G1 F5400
G1 X95.978 Y105.926 E.01473
;WIDTH:0.487295
G1 X95.962 Y105.551 E.01359
;WIDTH:0.449999
G1 X95.988 Y101.548 E.13281
G1 X100.128 Y101.548 E.13732
G1 X99.673 Y101.69 E.01582
G1 X98.919 Y102.045 E.02764
G1 X98.224 Y102.506 E.02765
G1 X97.592 Y103.073 E.02818
G1 X97.234 Y103.486 E.01812
G1 X96.837 Y104.047 E.0228
G1 X96.453 Y104.787 E.02767
G1 X96.178 Y105.574 E.02764
;WIDTH:0.487295
G1 X96.086 Y105.938 E.01359
;WIDTH:0.52459
G1 X96.004 Y106.263 E.01316
G1 E-.84 F2400
;WIPE_START
G1 F5400
G1 X95.978 Y105.926 E-.1214
G1 X95.962 Y105.551 E-.13512
G1 X95.964 Y105.264 E-.10348
;WIPE_END
G17
G3 Z2 I-.107 J1.212 P1  F9000
G1 X107.561 Y106.291 Z2
G1 Z1.6
G1 E1.2 F1800
;WIDTH:0.62804
G1 F5400
G1 X107.496 Y106.092 E.01
;WIDTH:0.58353
G1 X107.432 Y105.892 E.00924
;WIDTH:0.53902
G1 X107.368 Y105.692 E.00848
;WIDTH:0.49451
G1 X107.303 Y105.493 E.00772
;WIDTH:0.449999
G1 X107.018 Y104.71 E.02765
G1 X106.628 Y103.984 E.02735
G1 X106.296 Y103.518 E.01896
G1 X105.843 Y103.002 E.0228
G1 X105.213 Y102.455 E.02767
G1 X104.512 Y102.005 E.02764
G1 X103.831 Y101.69 E.02487
G1 X103.376 Y101.548 E.01582
G1 X107.65 Y101.548 E.14176
G1 X107.65 Y105.542 E.13248
;WIDTH:0.49451
G1 X107.627 Y105.729 E.00695
;WIDTH:0.53902
G1 X107.605 Y105.916 E.00763
;WIDTH:0.58353
G1 X107.583 Y106.104 E.00832
;WIDTH:0.62804
G1 X107.565 Y106.252 E.00709
G1 E-.84 F2400
;WIPE_START
G1 F5400
G1 X107.496 Y106.092 E-.06269
G1 X107.432 Y105.892 E-.07549
G1 X107.368 Y105.692 E-.07549
G1 X107.303 Y105.493 E-.07549
G1 X107.236 Y105.308 E-.07085
;WIPE_END
G17
G3 Z2 I-1.152 J-.392 P1  F9000
G1 X105.026 Y111.808 Z2
G1 Z1.6
G1 E1.2 F1800
;WIDTH:0.449999
G1 F5400
G1 X105.546 Y111.421 E.02148
G1 X106.037 Y110.941 E.0228
G1 X106.55 Y110.283 E.02767
G1 X106.962 Y109.559 E.02765
G1 X107.266 Y108.783 E.02765
;WIDTH:0.490654
G1 X107.322 Y108.634 E.00582
;WIDTH:0.531309
G1 X107.379 Y108.484 E.00635
;WIDTH:0.571963
G1 X107.435 Y108.335 E.00688
;WIDTH:0.612618
G1 X107.491 Y108.186 E.00741
;WIDTH:0.653272
G1 X107.548 Y108.036 E.00794
G1 X107.559 Y108.079 E.00217
;WIDTH:0.631644
G1 X107.581 Y108.266 E.00906
;WIDTH:0.586233
G1 X107.604 Y108.453 E.00836
;WIDTH:0.540822
G1 X107.627 Y108.641 E.00766
;WIDTH:0.495411
G1 X107.65 Y108.828 E.00696
;WIDTH:0.449999
G1 X107.65 Y118.451 E.31919
G1 X106.343 Y118.451 E.04336
G1 X105.404 Y118.423 E.03114
G1 X105.159 Y118.264 E.0097
G1 X105.037 Y117.998 E.00972
G1 X105.026 Y111.848 E.204
G1 X104.612 Y111.598 F9000
M204 P1000
;TYPE:Outer wall
;WIDTH:0.419999
G1 F3600
G1 X105.259 Y111.123 E.02466
G1 X105.713 Y110.685 E.01939
G1 X106.192 Y110.076 E.0238
G1 X106.578 Y109.406 E.02378
G1 X106.863 Y108.686 E.02378
G1 X107.042 Y107.934 E.02378
G1 X107.111 Y107.163 E.02378
G1 X107.068 Y106.39 E.02378
G1 X106.914 Y105.632 E.02378
G1 X106.652 Y104.903 E.02378
G1 X106.29 Y104.222 E.02371
G1 X105.983 Y103.789 E.01633
G1 X105.569 Y103.312 E.01939
G1 X104.987 Y102.801 E.0238
G1 X104.338 Y102.38 E.02378
G1 X103.635 Y102.056 E.02378
;WIDTH:0.4678
G1 X103.391 Y101.96 E.00908
;WIDTH:0.515601
G1 X103.147 Y101.863 E.01011
;WIDTH:0.563401
G1 X102.903 Y101.767 E.01113
G1 X102.515 Y101.725 E.01655
;WIDTH:0.535054
G1 X102.127 Y101.684 E.01565
;WIDTH:0.509136
G1 X101.347 Y101.685 E.02964
;WIDTH:0.542574
G1 X100.57 Y101.784 E.03187
G1 X100.329 Y101.878 E.01054
;WIDTH:0.501716
G1 X100.088 Y101.971 E.00968
;WIDTH:0.460858
G1 X99.846 Y102.065 E.00881
;WIDTH:0.419999
G1 X99.145 Y102.392 E.02378
G1 X98.498 Y102.816 E.02378
G1 X97.903 Y103.346 E.02448
G1 X97.57 Y103.727 E.01555
G1 X97.203 Y104.24 E.01939
G1 X96.842 Y104.926 E.0238
G1 X96.584 Y105.655 E.02378
G1 X96.433 Y106.414 E.02378
G1 X96.394 Y107.187 E.02378
G1 X96.466 Y107.957 E.02378
G1 X96.649 Y108.712 E.02386
G1 X97.003 Y109.553 E.02804
G1 X97.325 Y110.096 E.01939
G1 X97.807 Y110.702 E.0238
G1 X98.37 Y111.232 E.02377
G1 X98.892 Y111.6 E.01961
G1 X98.88 Y118.058 E.19842
G1 X98.805 Y118.314 E.00821
G1 X98.661 Y118.538 E.0082
G1 X98.459 Y118.713 E.0082
G1 X98.216 Y118.824 E.0082
G1 X97.937 Y118.864 E.00867
G1 X95.461 Y118.864 E.0761
G1 X95.578 Y101.134 E.5448
G1 X99.735 Y101.134 E.12774
;WIDTH:0.4678
G1 X100.01 Y101.158 E.00956
;WIDTH:0.515601
G1 X100.285 Y101.182 E.01064
;WIDTH:0.563402
G1 X100.56 Y101.206 E.01171
G1 X100.969 Y101.192 E.01733
;WIDTH:0.535055
G1 X101.377 Y101.178 E.01639
;WIDTH:0.509137
G1 X102.194 Y101.179 E.03103
;WIDTH:0.536087
G1 X103.02 Y101.192 E.03318
G1 X103.269 Y101.173 E.01007
;WIDTH:0.497391
G1 X103.519 Y101.154 E.00928
;WIDTH:0.458695
G1 X103.769 Y101.134 E.00849
;WIDTH:0.419999
G1 X108.063 Y101.134 E.13194
G1 X108.063 Y118.864 E.54479
G1 X105.638 Y118.864 E.07452
G1 X105.286 Y118.823 E.0109
G1 X105.043 Y118.712 E.00819
G1 X104.842 Y118.537 E.00819
G1 X104.699 Y118.313 E.00819
G1 X104.624 Y118.057 E.00819
G1 X104.612 Y111.638 E.19724
G1 E-.84 F2400
;WIPE_START
G1 F3600
G1 X105.259 Y111.123 E-.29761
G1 X105.384 Y111.003 E-.06239
;WIPE_END
G17
G3 Z2 I1.105 J.51 P1  F9000
G1 X107.561 Y106.291 Z2
G1 Z1.6
G1 E1.2 F1800
M204 P2000
;TYPE:Inner wall
;WIDTH:0.62804
G1 F5400
G1 X107.567 Y106.388 E.0046
;WIDTH:0.615906
G1 X107.586 Y107.23 E.03936
;WIDTH:0.615405
G1 X107.567 Y107.633 E.01882
;WIDTH:0.653272
G1 X107.548 Y108.036 E.02006
G1 E-.84 F2400
;WIPE_START
G1 F5400
G1 X107.567 Y107.633 E-.14523
G1 X107.586 Y107.23 E-.14523
G1 X107.581 Y107.037 E-.06954
;WIPE_END
G17
G3 Z2 I-.103 J-1.213 P1  F9000
G1 X96.001 Y108.024 Z2
G1 Z1.6
G1 E1.2 F1800
;WIDTH:0.560796
G1 F5400
G1 X95.984 Y107.625 E.01686
;WIDTH:0.5209
G1 X95.966 Y107.226 E.01556
;WIDTH:0.51398
G1 X95.988 Y106.39 E.03209
;WIDTH:0.52459
G1 X95.994 Y106.301 E.00349
G1 X96.271 Y111.212 F9000
M204 P2500
;TYPE:Sparse infill
;WIDTH:0.45
G1 F9023.957
G1 X96.26 Y112.84 E.05401
G1 X98.127 Y114.707 E.08758
G1 X98.121 Y117.948 E.1075
G1 X98.107 Y117.995 E.00164
G1 X98.044 Y118.068 E.00319
G1 X97.883 Y118.105 E.0055
G1 X97.38 Y118.105 E.01669
G1 X96.233 Y116.958 E.0538
G1 X96.243 Y115.33 E.05401
G1 E-.93404 F2400
;WIPE_START
G1 F9023.957
G1 X96.237 Y116.329 E-.26596
;WIPE_END
G17
G3 Z2 I.019 J1.217 P1  F9000
G1 X105.38 Y116.19 Z2
G1 Z1.6
G1 E1.2 F1800
G1 F9023.957
G1 X105.383 Y117.818 E.05401
G1 X105.67 Y118.105 E.01346
G1 X107.304 Y118.105 E.0542
G1 X107.304 Y115.594 E.0833
G1 X105.375 Y113.666 E.09045
G1 X105.373 Y111.983 E.05581
G1 X105.73 Y111.72 E.01473
G1 X106.231 Y111.243 E.02292
G1 X106.617 Y110.762 E.02047
G1 X107.304 Y111.449 E.03219
G1 X107.304 Y113.077 E.05401
G1 X107.258 Y104.355 F9000
;TYPE:Internal solid infill
;WIDTH:0.419999
G1 F9741.91
G1 X107.258 Y101.94 E.07419
G1 X105.135 Y101.94 E.06523
G1 X105.539 Y102.211 E.01497
G1 X106.102 Y102.708 E.02306
G1 X106.591 Y103.261 E.02269
G1 X107.001 Y103.844 E.02189
G1 X107.24 Y104.319 E.01634
G1 X106.877 Y103.009 F9000
;WIDTH:0.423763
G1 F9645.626
G1 X106.879 Y102.319 E.02142
G1 X106.234 Y102.319 E.02
G1 X106.85 Y102.98 E.02803
G1 E-.95118 F2400
;WIPE_START
G1 F9645.626
G1 X106.234 Y102.319 E-.22474
G1 X106.331 Y102.319 E-.02408
;WIPE_END
G17
G3 Z2 I.058 J-1.216 P1  F9000
G1 X98.363 Y101.94 Z2
G1 Z1.6
G1 E1.2 F1800
;WIDTH:0.419999
G1 F9741.91
G1 X96.378 Y101.94 E.06099
G1 X96.364 Y104.113 E.06676
G1 X96.561 Y103.751 E.01266
G1 X96.916 Y103.257 E.01869
G1 X97.3 Y102.812 E.01805
G1 X98.055 Y102.143 E.03102
G1 X98.329 Y101.962 E.01008
G1 X97.337 Y102.298 F9000
;WIDTH:0.381521
G1 F10800
G1 X96.733 Y102.298 E.01664
G1 X96.729 Y102.925 E.01729
G1 X97.095 Y102.51 E.01527
G1 X97.306 Y102.324 E.00775
; stop printing object sandbox.stl id:15 copy 0
;LAYER_CHANGE
;Z:1.8
;HEIGHT:0.2
;BEFORE_LAYER_CHANGE
;1.8
G92 E0

G1 E-.97778 F2400
;WIPE_START
G1 F10800
G1 X97.095 Y102.51 E-.0624
G1 X96.729 Y102.925 E-.12301
G1 X96.73 Y102.759 E-.03681
;WIPE_END
;_SET_FAN_SPEED_CHANGING_LAYER
; printing object sandbox.stl id:15 copy 0
G17
G3 Z2.2 I-.444 J1.133 P1  F9000
G1 X117.684 Y110.974 Z2.2
G1 Z1.8
G1 E1.2 F1800
M204 P2000
;TYPE:Inner wall
;WIDTH:0.449999
G1 F5400
G1 X117.62 Y110.901 E.00322
G1 X117.031 Y110.501 E.02364
G1 X116.557 Y110.064 E.02137
G1 X116.152 Y109.562 E.02138
G1 X115.829 Y109.011 E.0212
G1 X115.634 Y108.499 E.01817
G1 X115.434 Y107.784 E.02463
G1 X115.377 Y107.14 E.02146
G1 X115.415 Y106.496 E.02139
G1 X115.495 Y106.116 E.01288
G1 X115.699 Y105.433 E.02363
G1 X115.914 Y104.974 E.01683
G1 X116.263 Y104.436 E.02127
G1 X116.646 Y104.018 E.0188
G1 X117.179 Y103.537 E.02382
G1 X117.652 Y103.257 E.01825
G1 X118.324 Y102.939 E.02463
G1 X118.949 Y102.774 E.02146
G1 X119.335 Y102.731 E.01288
G1 X120.048 Y102.713 E.02364
G1 X120.551 Y102.774 E.01683
G1 X121.177 Y102.939 E.02146
G1 X121.769 Y103.193 E.02139
G1 X122.318 Y103.532 E.02138
G1 X122.81 Y103.947 E.02138
G1 X123.237 Y104.431 E.02138
G1 X123.59 Y104.975 E.02151
G1 X123.859 Y105.593 E.02235
G1 X124.026 Y106.203 E.02097
G1 X124.125 Y107.134 E.03106
G1 X124.066 Y107.679 E.01817
G1 X123.919 Y108.406 E.02463
G1 X123.677 Y109.006 E.02146
G1 X123.35 Y109.562 E.02139
G1 X122.946 Y110.064 E.02139
G1 X122.472 Y110.501 E.02137
G1 X121.882 Y110.901 E.02364
G1 X121.687 Y111.125 E.00987
G1 X121.628 Y111.381 E.00872
G1 X121.628 Y118.077 E.22212
G1 X121.68 Y118.452 E.01254
G1 X117.823 Y118.451 E.12796
G1 X117.875 Y118.076 E.01256
G1 X117.875 Y111.381 E.22207
G1 X117.815 Y111.125 E.00872
G1 X117.71 Y111.004 E.00532
G1 X117.388 Y111.243 F9000
M204 P1000
;TYPE:Outer wall
;WIDTH:0.419999
G1 F3600
G1 X116.773 Y110.826 E.02284
G1 X116.254 Y110.347 E.02168
G1 X115.811 Y109.798 E.02169
G1 X115.455 Y109.191 E.02164
G1 X115.149 Y108.388 E.02641
G1 X115.025 Y107.849 E.01699
G1 X114.962 Y107.146 E.02169
G1 X115.004 Y106.441 E.02169
G1 X115.149 Y105.75 E.02171
G1 X115.316 Y105.277 E.01541
G1 X115.551 Y104.773 E.01709
G1 X115.935 Y104.182 E.02164
G1 X116.515 Y103.548 E.0264
G1 X116.94 Y103.197 E.01694
G1 X117.681 Y102.76 E.02641
G1 X118.191 Y102.547 E.01699
G1 X118.873 Y102.367 E.02169
G1 X119.576 Y102.289 E.02171
G1 X120.077 Y102.3 E.01541
G1 X120.629 Y102.367 E.01709
G1 X121.312 Y102.547 E.02169
G1 X121.96 Y102.825 E.02169
G1 X122.561 Y103.196 E.02169
G1 X123.1 Y103.651 E.02169
G1 X123.567 Y104.18 E.02169
G1 X123.952 Y104.773 E.02171
G1 X124.248 Y105.454 E.0228
G1 X124.431 Y106.118 E.02117
G1 X124.54 Y107.144 E.03171
G1 X124.448 Y107.998 E.02641
G1 X124.313 Y108.535 E.01699
G1 X124.049 Y109.189 E.02169
G1 X123.692 Y109.798 E.02169
G1 X123.249 Y110.347 E.02169
G1 X122.73 Y110.826 E.02168
G1 X122.103 Y111.252 E.02329
G1 X122.041 Y111.381 E.00441
G1 X122.041 Y118.077 E.20575
G1 X122.111 Y118.474 E.01237
G1 X122.347 Y118.865 E.01405
G1 X117.147 Y118.864 E.15976
G1 X117.206 Y118.812 E.00241
G1 X117.392 Y118.473 E.01191
G1 X117.461 Y118.076 E.01237
G1 X117.461 Y111.348 E.20672
G1 X117.411 Y111.276 E.00271
G1 E-.84 F2400
;WIPE_START
G1 F3600
G1 X116.773 Y110.826 E-.28108
G1 X116.612 Y110.677 E-.07892
;WIPE_END
G1 Z2.2 F9000
G1 X120.625 Y118.106 Z2.2
G1 Z1.8
G1 E1.2 F1800
M204 P2500
;TYPE:Sparse infill
;WIDTH:0.45
G1 F9023.957
G1 X121.284 Y118.106 E.02187
G1 X121.282 Y117.137 E.03214
G1 X118.221 Y114.076 E.14359
G1 X118.221 Y111.373 E.08967
G1 X118.195 Y111.161 E.00708
G1 X118.125 Y110.969 E.00678
G1 X117.959 Y110.734 E.00954
G1 X117.82 Y110.619 E.00599
G1 X117.246 Y110.229 E.02301
G1 X116.81 Y109.827 E.01967
G1 X116.438 Y109.365 E.01969
G1 X116.142 Y108.861 E.01939
G1 X115.877 Y108.166 E.02466
G1 X115.777 Y107.73 E.01486
G1 X115.753 Y107.463 E.00888
G1 X121.282 Y112.992 E.25936
G1 X121.282 Y111.373 E.05371
G1 X121.307 Y111.161 E.00708
G1 X121.377 Y110.969 E.00678
G1 X121.544 Y110.734 E.00954
G1 X121.682 Y110.619 E.00599
G1 X122.257 Y110.229 E.02301
G1 X122.469 Y110.034 E.00957
G1 X116.799 Y104.363 E.26599
G1 X117.04 Y104.1 E.01184
G1 X117.378 Y103.821 E.01456
G1 X118.022 Y103.441 E.02479
G1 X118.435 Y103.268 E.01486
G1 X119.013 Y103.115 E.01982
G1 X119.63 Y103.05 E.02057
G1 X123.771 Y107.191 E.19429
G1 X123.744 Y106.542 E.02156
G1 X123.621 Y105.957 E.01982
G1 X123.493 Y105.599 E.01261
G1 E-.93404 F2400
;WIPE_START
G1 F9023.957
G1 X123.621 Y105.957 E-.10109
G1 X123.744 Y106.542 E-.15893
G1 X123.745 Y106.564 E-.00594
;WIPE_END
G17
G3 Z2.2 I-.248 J-1.192 P1  F9000
G1 X98.478 Y111.814 Z2.2
G1 Z1.8
G1 E1.2 F1800
M204 P2000
;TYPE:Inner wall
;WIDTH:0.449999
G1 F5400
G1 X98.467 Y117.849 E.20018
G1 X98.425 Y118.14 E.00977
G1 X98.233 Y118.362 E.00972
G1 X97.907 Y118.451 E.0112
G1 X95.877 Y118.451 E.06736
G1 X95.938 Y109.243 E.30544
;WIDTH:0.497027
G1 X95.962 Y109.032 E.00787
;WIDTH:0.544054
G1 X95.987 Y108.821 E.00868
;WIDTH:0.591081
G1 X96.012 Y108.609 E.0095
;WIDTH:0.638108
G1 X96.037 Y108.398 E.01031
G1 X96.081 Y108.484 E.00465
;WIDTH:0.592773
G1 X96.19 Y108.74 E.0125
;WIDTH:0.545182
G1 X96.299 Y108.997 E.01142
;WIDTH:0.497591
G1 X96.407 Y109.254 E.01034
;WIDTH:0.449999
G1 X96.777 Y110.001 E.02765
G1 X97.245 Y110.681 E.02738
G1 X97.639 Y111.12 E.01957
G1 X98.071 Y111.521 E.01956
G1 X98.446 Y111.791 E.01529
G1 E-.84 F2400
;WIPE_START
G1 F5400
G1 X98.449 Y112.791 E-.36
;WIPE_END
G17
G3 Z2.2 I1.138 J-.431 P1  F9000
G1 X95.994 Y106.302 Z2.2
G1 Z1.8
G1 E1.2 F1800
;WIDTH:0.524514
G1 F5400
G1 X95.978 Y105.927 E.01474
;WIDTH:0.487257
G1 X95.962 Y105.551 E.0136
;WIDTH:0.449999
G1 X95.988 Y101.548 E.13281
G1 X100.128 Y101.548 E.13732
G1 X99.673 Y101.69 E.01582
G1 X98.919 Y102.045 E.02765
G1 X98.224 Y102.506 E.02765
G1 X97.594 Y103.072 E.02812
G1 X97.222 Y103.501 E.01882
G1 X96.837 Y104.047 E.02215
G1 X96.453 Y104.787 E.02766
G1 X96.178 Y105.574 E.02764
;WIDTH:0.487257
G1 X96.086 Y105.938 E.0136
;WIDTH:0.524514
G1 X96.004 Y106.263 E.01317
G1 E-.84 F2400
;WIPE_START
G1 F5400
G1 X95.978 Y105.927 E-.12148
G1 X95.962 Y105.551 E-.13521
G1 X95.964 Y105.264 E-.10332
;WIPE_END
G17
G3 Z2.2 I-.074 J1.215 P1  F9000
G1 X107.534 Y105.965 Z2.2
G1 Z1.8
G1 E1.2 F1800
;WIDTH:0.680904
G1 F5400
G1 X107.51 Y105.92 E.00267
;WIDTH:0.651544
G1 X107.486 Y105.875 E.00255
;WIDTH:0.622183
G1 X107.407 Y105.678 E.01002
;WIDTH:0.579137
G1 X107.328 Y105.481 E.00928
;WIDTH:0.536091
G1 X107.249 Y105.283 E.00853
;WIDTH:0.493045
G1 X107.17 Y105.086 E.00779
;WIDTH:0.449999
G1 X106.751 Y104.193 E.03274
G1 X106.387 Y103.633 E.02215
G1 X105.842 Y103.001 E.02766
G1 X105.213 Y102.455 E.02764
G1 X104.512 Y102.005 E.02764
G1 X103.831 Y101.69 E.02487
G1 X103.376 Y101.548 E.01582
G1 X107.65 Y101.548 E.14176
G1 X107.65 Y105.114 E.11831
;WIDTH:0.49618
G1 X107.627 Y105.285 E.00634
;WIDTH:0.542361
G1 X107.603 Y105.455 E.00699
;WIDTH:0.588542
G1 X107.58 Y105.625 E.00764
;WIDTH:0.634723
G1 X107.557 Y105.795 E.00828
;WIDTH:0.680904
G1 X107.54 Y105.926 E.00685
G1 E-.84 F2400
;WIPE_START
G1 F5400
G1 X107.51 Y105.92 E-.01079
G1 X107.486 Y105.875 E-.01848
G1 X107.407 Y105.678 E-.07645
G1 X107.328 Y105.481 E-.07645
G1 X107.249 Y105.283 E-.07645
G1 X107.17 Y105.086 E-.07645
G1 X107.141 Y105.024 E-.02494
;WIPE_END
G17
G3 Z2.2 I-1.162 J-.362 P1  F9000
G1 X105.026 Y111.814 Z2.2
G1 Z1.8
G1 E1.2 F1800
;WIDTH:0.449999
G1 F5400
G1 X105.438 Y111.516 E.01685
G1 X106.038 Y110.941 E.02758
G1 X106.55 Y110.283 E.02765
G1 X106.959 Y109.566 E.02738
G1 X107.183 Y109.021 E.01957
;WIDTH:0.496375
G1 X107.238 Y108.919 E.00426
;WIDTH:0.542751
G1 X107.292 Y108.818 E.0047
;WIDTH:0.589127
G1 X107.347 Y108.716 E.00513
;WIDTH:0.635503
G1 X107.401 Y108.614 E.00557
;WIDTH:0.681879
G1 X107.456 Y108.513 E.00601
;WIDTH:0.728254
G1 F5360.115
G1 X107.51 Y108.411 E.00644
G1 X107.526 Y108.456 E.00267
;WIDTH:0.696691
G1 F5400
G1 X107.542 Y108.501 E.00254
;WIDTH:0.665128
G1 X107.564 Y108.619 E.00608
;WIDTH:0.622103
G1 X107.585 Y108.737 E.00566
;WIDTH:0.579077
G1 X107.607 Y108.855 E.00524
;WIDTH:0.536051
G1 X107.628 Y108.973 E.00482
;WIDTH:0.493025
G1 X107.65 Y109.091 E.0044
;WIDTH:0.449999
G1 X107.65 Y118.451 E.31048
G1 X106.343 Y118.451 E.04336
G1 X105.404 Y118.423 E.03114
G1 X105.159 Y118.264 E.0097
G1 X105.037 Y117.998 E.00972
G1 X105.026 Y111.854 E.20379
G1 X104.612 Y111.6 F9000
M204 P1000
;TYPE:Outer wall
;WIDTH:0.419999
G1 F3600
G1 X105.154 Y111.216 E.0204
G1 X105.713 Y110.684 E.02372
G1 X106.192 Y110.076 E.02378
G1 X106.577 Y109.407 E.02372
G1 X106.788 Y108.899 E.0169
G1 X106.966 Y108.314 E.01881
G1 X107.091 Y107.549 E.02379
G1 X107.103 Y106.776 E.02378
G1 X107.005 Y106.008 E.02378
G1 X106.795 Y105.26 E.02387
G1 X106.402 Y104.416 E.02861
G1 X106.071 Y103.901 E.01881
G1 X105.569 Y103.312 E.0238
G1 X104.987 Y102.801 E.02378
G1 X104.338 Y102.38 E.02378
G1 X103.635 Y102.056 E.02378
;WIDTH:0.4678
G1 X103.391 Y101.96 E.00908
;WIDTH:0.515601
G1 X103.147 Y101.863 E.01011
;WIDTH:0.563402
G1 X102.903 Y101.767 E.01113
G1 X102.515 Y101.725 E.01655
;WIDTH:0.535055
G1 X102.127 Y101.684 E.01565
;WIDTH:0.509136
G1 X101.347 Y101.685 E.02964
;WIDTH:0.542574
G1 X100.57 Y101.784 E.03187
G1 X100.329 Y101.878 E.01054
;WIDTH:0.501716
G1 X100.088 Y101.971 E.00968
;WIDTH:0.460858
G1 X99.846 Y102.065 E.00881
;WIDTH:0.419999
G1 X99.145 Y102.392 E.02378
G1 X98.498 Y102.816 E.02378
G1 X97.905 Y103.344 E.0244
G1 X97.558 Y103.742 E.01621
G1 X97.203 Y104.24 E.01881
G1 X96.842 Y104.926 E.0238
G1 X96.584 Y105.655 E.02378
G1 X96.433 Y106.412 E.02372
G1 X96.397 Y106.961 E.0169
G1 X96.416 Y107.573 E.01881
G1 X96.543 Y108.337 E.02379
G1 X96.779 Y109.074 E.02378
G1 X97.119 Y109.769 E.02378
G1 X97.554 Y110.406 E.02372
G1 X97.92 Y110.817 E.0169
G1 X98.37 Y111.232 E.0188
G1 X98.892 Y111.6 E.01962
G1 X98.88 Y118.058 E.19842
G1 X98.805 Y118.314 E.00821
G1 X98.661 Y118.538 E.0082
G1 X98.459 Y118.713 E.0082
G1 X98.216 Y118.824 E.0082
G1 X97.937 Y118.864 E.00867
G1 X95.461 Y118.864 E.0761
G1 X95.578 Y101.134 E.5448
G1 X99.735 Y101.134 E.12774
;WIDTH:0.4678
G1 X100.01 Y101.158 E.00956
;WIDTH:0.515601
G1 X100.285 Y101.182 E.01064
;WIDTH:0.563402
G1 X100.56 Y101.206 E.01171
G1 X100.969 Y101.192 E.01733
;WIDTH:0.535055
G1 X101.377 Y101.178 E.01639
;WIDTH:0.509136
G1 X102.194 Y101.179 E.03104
;WIDTH:0.536089
G1 X103.02 Y101.192 E.03318
G1 X103.269 Y101.173 E.01007
;WIDTH:0.497393
G1 X103.519 Y101.154 E.00928
;WIDTH:0.458696
G1 X103.769 Y101.134 E.00849
;WIDTH:0.419999
G1 X108.063 Y101.134 E.13194
G1 X108.063 Y118.864 E.54479
G1 X105.638 Y118.864 E.07452
G1 X105.286 Y118.823 E.0109
G1 X105.043 Y118.712 E.00819
G1 X104.842 Y118.537 E.00819
G1 X104.699 Y118.313 E.00819
G1 X104.624 Y118.057 E.00819
G1 X104.612 Y111.64 E.19719
G1 E-.84 F2400
;WIPE_START
G1 F3600
G1 X105.154 Y111.216 E-.24759
G1 X105.38 Y111.001 E-.11241
;WIPE_END
G17
G3 Z2.2 I1.119 J.479 P1  F9000
G1 X107.534 Y105.965 Z2.2
G1 Z1.8
G1 E1.2 F1800
M204 P2000
;TYPE:Inner wall
;WIDTH:0.680904
G1 F5400
G1 X107.559 Y106.387 E.02196
;WIDTH:0.6312
G1 X107.584 Y106.809 E.02025
;WIDTH:0.604198
G1 X107.572 Y107.653 E.03863
;WIDTH:0.64555
G1 X107.552 Y107.906 E.01245
;WIDTH:0.686902
G1 X107.531 Y108.158 E.0133
;WIDTH:0.728254
G1 F5360.115
G1 X107.51 Y108.411 E.01415
G1 E-.84 F2400
;WIPE_START
G1 F5360.115
G1 X107.531 Y108.158 E-.09124
G1 X107.552 Y107.906 E-.09124
G1 X107.572 Y107.653 E-.09124
G1 X107.576 Y107.413 E-.08629
;WIPE_END
G17
G3 Z2.2 I-.103 J-1.213 P1  F9000
G1 X96.037 Y108.398 Z2.2
G1 Z1.8
G1 E1.2 F1800
;WIDTH:0.638108
G1 F5400
G1 X96.018 Y108.147 E.01222
;WIDTH:0.59538
G1 X95.998 Y107.896 E.01134
;WIDTH:0.552651
G1 X95.978 Y107.645 E.01046
;WIDTH:0.509922
G1 X95.968 Y106.973 E.02557
;WIDTH:0.51439
G1 X95.989 Y106.382 E.02273
;WIDTH:0.524514
G1 X95.994 Y106.302 E.00314
G1 X96.271 Y111.212 F9000
M204 P2500
;TYPE:Sparse infill
;WIDTH:0.45
G1 F9023.957
G1 X96.26 Y112.84 E.05401
G1 X98.127 Y114.707 E.08758
G1 X98.121 Y117.948 E.1075
G1 X98.107 Y117.995 E.00164
G1 X98.044 Y118.068 E.00319
G1 X97.883 Y118.105 E.0055
G1 X97.38 Y118.105 E.01669
G1 X96.233 Y116.958 E.0538
G1 X96.243 Y115.33 E.05401
G1 E-.93404 F2400
;WIPE_START
G1 F9023.957
G1 X96.237 Y116.329 E-.26596
;WIPE_END
G17
G3 Z2.2 I.019 J1.217 P1  F9000
G1 X105.38 Y116.19 Z2.2
G1 Z1.8
G1 E1.2 F1800
G1 F9023.957
G1 X105.383 Y117.818 E.05401
G1 X105.67 Y118.105 E.01346
G1 X107.304 Y118.105 E.0542
G1 X107.304 Y115.594 E.0833
G1 X105.375 Y113.666 E.09045
G1 X105.373 Y111.992 E.05553
G1 X105.668 Y111.775 E.01214
G1 X106.226 Y111.248 E.02549
G1 X106.617 Y110.762 E.02068
G1 X107.304 Y111.449 E.0322
G1 X107.304 Y113.077 E.05401
G1 X107.258 Y104.342 F9000
;TYPE:Internal solid infill
;WIDTH:0.419999
G1 F9741.91
G1 X107.258 Y101.94 E.0738
G1 X105.135 Y101.94 E.06523
G1 X105.54 Y102.213 E.01502
G1 X106.182 Y102.789 E.02651
G1 X106.685 Y103.38 E.02384
G1 X107.132 Y104.075 E.02539
G1 X107.241 Y104.305 E.00783
G1 X106.879 Y103.024 F9000
;WIDTH:0.421997
G1 F9690.562
G1 X106.879 Y102.318 E.0218
G1 X106.223 Y102.318 E.02026
G1 X106.545 Y102.63 E.01385
G1 X106.854 Y102.993 E.01471
G1 E-.95234 F2400
;WIPE_START
G1 F9690.562
G1 X106.545 Y102.63 E-.11795
G1 X106.223 Y102.318 E-.11106
G1 X106.299 Y102.318 E-.01866
;WIPE_END
G17
G3 Z2.2 I.058 J-1.216 P1  F9000
G1 X98.37 Y101.94 Z2.2
G1 Z1.8
G1 E1.2 F1800
;WIDTH:0.419999
G1 F9741.91
G1 X96.378 Y101.94 E.0612
G1 X96.364 Y104.104 E.06649
G1 X96.504 Y103.842 E.00912
G1 X96.95 Y103.214 E.02368
G1 X97.299 Y102.822 E.01612
G1 X97.965 Y102.211 E.02777
G1 X98.336 Y101.962 E.01374
G1 X97.323 Y102.299 F9000
;WIDTH:0.383672
G1 F10780.478
G1 X96.734 Y102.299 E.01635
G1 X96.73 Y102.919 E.01723
G1 X97.119 Y102.484 E.01619
G1 X97.293 Y102.326 E.00656
; stop printing object sandbox.stl id:15 copy 0
;LAYER_CHANGE
;Z:2
;HEIGHT:0.2
;BEFORE_LAYER_CHANGE
;2
G92 E0

G1 E-.97738 F2400
;WIPE_START
G1 F10780.478
G1 X97.119 Y102.484 E-.05257
G1 X96.73 Y102.919 E-.12978
G1 X96.732 Y102.738 E-.04027
;WIPE_END
;_SET_FAN_SPEED_CHANGING_LAYER
; printing object sandbox.stl id:15 copy 0
G17
G3 Z2.4 I-.445 J1.133 P1  F9000
G1 X117.684 Y110.974 Z2.4
G1 Z2
G1 E1.2 F1800
M204 P2000
;TYPE:Inner wall
;WIDTH:0.449999
G1 F5400
G1 X117.62 Y110.901 E.00322
G1 X117.031 Y110.501 E.02364
G1 X116.557 Y110.064 E.02137
G1 X116.152 Y109.562 E.02138
G1 X115.829 Y109.012 E.02118
G1 X115.626 Y108.475 E.01903
G1 X115.434 Y107.784 E.02378
G1 X115.377 Y107.14 E.02148
G1 X115.415 Y106.496 E.02139
G1 X115.492 Y106.128 E.01246
G1 X115.639 Y105.605 E.01803
G1 X115.914 Y104.974 E.02282
G1 X116.263 Y104.436 E.02127
G1 X116.665 Y103.999 E.0197
G1 X117.178 Y103.537 E.0229
G1 X117.675 Y103.245 E.01912
G1 X118.323 Y102.94 E.02378
G1 X118.949 Y102.774 E.02148
G1 X119.323 Y102.733 E.01246
G1 X119.866 Y102.709 E.01803
G1 X120.551 Y102.774 E.02282
G1 X121.177 Y102.939 E.02148
G1 X121.769 Y103.193 E.02139
G1 X122.318 Y103.532 E.02138
G1 X122.81 Y103.947 E.02139
G1 X123.239 Y104.433 E.0215
G1 X123.599 Y105.01 E.02253
G1 X123.847 Y105.571 E.02036
G1 X124.027 Y106.205 E.02184
G1 X124.125 Y107.133 E.03098
G1 X124.063 Y107.703 E.01903
G1 X123.919 Y108.406 E.02378
G1 X123.677 Y109.006 E.02148
G1 X123.35 Y109.562 E.02139
G1 X122.946 Y110.064 E.02139
G1 X122.472 Y110.501 E.02137
G1 X121.882 Y110.901 E.02364
G1 X121.687 Y111.125 E.00987
G1 X121.628 Y111.381 E.00872
G1 X121.628 Y118.077 E.22212
G1 X121.68 Y118.452 E.01254
G1 X117.823 Y118.451 E.12796
G1 X117.875 Y118.076 E.01256
G1 X117.875 Y111.381 E.22207
G1 X117.815 Y111.125 E.00872
G1 X117.71 Y111.004 E.00532
G1 X117.388 Y111.243 F9000
M204 P1000
;TYPE:Outer wall
;WIDTH:0.419999
G1 F3600
G1 X116.773 Y110.826 E.02284
G1 X116.254 Y110.347 E.02168
G1 X115.811 Y109.798 E.02169
G1 X115.455 Y109.191 E.02163
G1 X115.144 Y108.37 E.02696
G1 X115.025 Y107.849 E.01643
G1 X114.962 Y107.146 E.0217
G1 X115.004 Y106.441 E.02169
G1 X115.149 Y105.75 E.0217
G1 X115.323 Y105.26 E.01597
G1 X115.551 Y104.773 E.01653
G1 X115.935 Y104.182 E.02164
G1 X116.529 Y103.536 E.02696
G1 X116.94 Y103.197 E.01637
G1 X117.697 Y102.752 E.02698
G1 X118.191 Y102.547 E.01643
G1 X118.873 Y102.367 E.0217
G1 X119.575 Y102.289 E.0217
G1 X120.095 Y102.301 E.01597
G1 X120.629 Y102.367 E.01653
G1 X121.312 Y102.547 E.0217
G1 X121.96 Y102.825 E.02169
G1 X122.561 Y103.196 E.02169
G1 X123.1 Y103.651 E.02169
G1 X123.568 Y104.181 E.0217
G1 X123.856 Y104.613 E.01597
G1 X124.109 Y105.088 E.01653
G1 X124.354 Y105.75 E.0217
G1 X124.431 Y106.12 E.0116
G1 X124.54 Y107.144 E.03164
G1 X124.444 Y108.016 E.02696
G1 X124.313 Y108.534 E.01643
G1 X124.049 Y109.189 E.0217
G1 X123.692 Y109.798 E.02169
G1 X123.249 Y110.347 E.02169
G1 X122.73 Y110.826 E.02168
G1 X122.103 Y111.252 E.02329
G1 X122.041 Y111.381 E.00441
G1 X122.041 Y118.077 E.20575
G1 X122.094 Y118.424 E.01078
G1 X122.259 Y118.765 E.01161
G1 X122.348 Y118.865 E.00414
G1 X117.148 Y118.864 E.15978
G1 X117.206 Y118.812 E.00241
G1 X117.392 Y118.473 E.0119
G1 X117.461 Y118.076 E.01237
G1 X117.461 Y111.348 E.20672
G1 X117.411 Y111.276 E.00271
G1 E-.84 F2400
;WIPE_START
G1 F3600
G1 X116.773 Y110.826 E-.28108
G1 X116.612 Y110.677 E-.07892
;WIPE_END
G1 Z2.4 F9000
G1 X120.625 Y118.106 Z2.4
G1 Z2
G1 E1.2 F1800
M204 P2500
;TYPE:Sparse infill
;WIDTH:0.45
G1 F9023.957
G1 X121.284 Y118.106 E.02187
G1 X121.282 Y117.137 E.03214
G1 X118.221 Y114.076 E.14359
G1 X118.221 Y111.373 E.08967
G1 X118.195 Y111.161 E.00708
G1 X118.125 Y110.969 E.00678
G1 X117.959 Y110.734 E.00954
G1 X117.82 Y110.619 E.00599
G1 X117.246 Y110.229 E.02301
G1 X116.81 Y109.827 E.01967
G1 X116.438 Y109.365 E.01969
G1 X116.142 Y108.862 E.01936
G1 X115.873 Y108.15 E.02524
G1 X115.777 Y107.73 E.01428
G1 X115.753 Y107.463 E.0089
G1 X121.282 Y112.992 E.25936
G1 X121.282 Y111.373 E.05371
G1 X121.307 Y111.161 E.00708
G1 X121.377 Y110.969 E.00678
G1 X121.544 Y110.734 E.00954
G1 X121.682 Y110.619 E.00599
G1 X122.257 Y110.229 E.02301
G1 X122.469 Y110.034 E.00957
G1 X116.799 Y104.364 E.26596
G1 X117.052 Y104.089 E.0124
G1 X117.377 Y103.822 E.01395
G1 X118.037 Y103.433 E.0254
G1 X118.434 Y103.268 E.01428
G1 X119.013 Y103.115 E.01985
G1 X119.63 Y103.05 E.02058
G1 X123.771 Y107.191 E.19427
G1 X123.744 Y106.542 E.02155
G1 X123.622 Y105.961 E.01969
G1 X123.489 Y105.6 E.01275
G1 E-.93404 F2400
;WIPE_START
G1 F9023.957
G1 X123.622 Y105.961 E-.10222
G1 X123.744 Y106.542 E-.15786
G1 X123.745 Y106.564 E-.00587
;WIPE_END
G17
G3 Z2.4 I-.248 J-1.192 P1  F9000
G1 X98.478 Y111.814 Z2.4
G1 Z2
G1 E1.2 F1800
M204 P2000
;TYPE:Inner wall
;WIDTH:0.449999
G1 F5400
G1 X98.467 Y117.849 E.20018
G1 X98.425 Y118.14 E.00977
G1 X98.233 Y118.362 E.00972
G1 X97.907 Y118.451 E.0112
G1 X95.877 Y118.451 E.06736
G1 X95.94 Y108.825 E.31931
;WIDTH:0.499159
G1 X95.966 Y108.617 E.00778
;WIDTH:0.548319
G1 X95.992 Y108.41 E.00862
;WIDTH:0.597478
G1 X96.018 Y108.202 E.00946
G1 X96.038 Y108.251 E.00238
;WIDTH:0.578056
G1 X96.115 Y108.458 E.00965
;WIDTH:0.535371
G1 X96.192 Y108.666 E.00888
;WIDTH:0.492685
G1 X96.268 Y108.873 E.00811
;WIDTH:0.449999
G1 X96.666 Y109.797 E.03337
G1 X97.001 Y110.352 E.02151
G1 X97.523 Y111.003 E.02766
G1 X98.07 Y111.52 E.02499
G1 X98.446 Y111.791 E.01534
G1 E-.84 F2400
;WIPE_START
G1 F5400
G1 X98.449 Y112.791 E-.36
;WIPE_END
G17
G3 Z2.4 I1.138 J-.431 P1  F9000
G1 X95.994 Y106.301 Z2.4
G1 Z2
G1 E1.2 F1800
;WIDTH:0.524592
G1 F5400
G1 X95.978 Y105.926 E.01473
;WIDTH:0.487296
G1 X95.962 Y105.551 E.01359
;WIDTH:0.449999
G1 X95.988 Y101.548 E.13281
G1 X100.066 Y101.551 E.13526
G1 X99.289 Y101.854 E.02765
G1 X98.563 Y102.263 E.02764
G1 X97.967 Y102.717 E.02487
G1 X97.585 Y103.111 E.0182
G1 X97.21 Y103.516 E.01831
G1 X96.837 Y104.047 E.02151
G1 X96.453 Y104.787 E.02766
G1 X96.178 Y105.574 E.02764
;WIDTH:0.487296
G1 X96.086 Y105.938 E.01359
;WIDTH:0.524592
G1 X96.004 Y106.263 E.01316
G1 E-.84 F2400
;WIPE_START
G1 F5400
G1 X95.978 Y105.926 E-.1214
G1 X95.962 Y105.551 E-.13512
G1 X95.964 Y105.264 E-.10348
;WIPE_END
G17
G3 Z2.4 I-.107 J1.212 P1  F9000
G1 X107.561 Y106.291 Z2.4
G1 Z2
G1 E1.2 F1800
;WIDTH:0.62804
G1 F5400
G1 X107.496 Y106.092 E.01
;WIDTH:0.58353
G1 X107.432 Y105.892 E.00924
;WIDTH:0.53902
G1 X107.368 Y105.692 E.00848
;WIDTH:0.49451
G1 X107.303 Y105.493 E.00772
;WIDTH:0.449999
G1 X107.018 Y104.71 E.02764
G1 X106.623 Y103.976 E.02765
G1 X106.003 Y103.182 E.03342
G1 X105.538 Y102.717 E.02182
G1 X104.871 Y102.217 E.02764
G1 X104.139 Y101.819 E.02764
G1 X103.438 Y101.551 E.02487
G1 X107.65 Y101.548 E.13969
G1 X107.65 Y105.542 E.13248
;WIDTH:0.49451
G1 X107.627 Y105.729 E.00695
;WIDTH:0.53902
G1 X107.605 Y105.916 E.00763
;WIDTH:0.58353
G1 X107.583 Y106.104 E.00832
;WIDTH:0.62804
G1 X107.565 Y106.252 E.00709
G1 E-.84 F2400
;WIPE_START
G1 F5400
G1 X107.496 Y106.092 E-.06269
G1 X107.432 Y105.892 E-.07549
G1 X107.368 Y105.692 E-.07549
G1 X107.303 Y105.493 E-.07549
G1 X107.236 Y105.308 E-.07085
;WIPE_END
G17
G3 Z2.4 I-1.152 J-.392 P1  F9000
G1 X105.026 Y111.806 Z2.4
G1 Z2
G1 E1.2 F1800
;WIDTH:0.449999
G1 F5400
G1 X105.575 Y111.396 E.02274
G1 X106.037 Y110.941 E.0215
G1 X106.55 Y110.283 E.02766
G1 X106.962 Y109.559 E.02765
G1 X107.266 Y108.783 E.02764
;WIDTH:0.490654
G1 X107.322 Y108.634 E.00582
;WIDTH:0.531309
G1 X107.379 Y108.484 E.00635
;WIDTH:0.571963
G1 X107.435 Y108.335 E.00688
;WIDTH:0.612618
G1 X107.491 Y108.186 E.00741
;WIDTH:0.653272
G1 X107.548 Y108.036 E.00794
G1 X107.559 Y108.079 E.00217
;WIDTH:0.631644
G1 X107.581 Y108.266 E.00906
;WIDTH:0.586233
G1 X107.604 Y108.453 E.00836
;WIDTH:0.540822
G1 X107.627 Y108.641 E.00766
;WIDTH:0.495411
G1 X107.65 Y108.828 E.00696
;WIDTH:0.449999
G1 X107.65 Y118.451 E.31919
G1 X106.343 Y118.451 E.04336
G1 X105.404 Y118.423 E.03114
G1 X105.159 Y118.264 E.0097
G1 X105.037 Y117.998 E.00972
G1 X105.026 Y111.846 E.20405
G1 X104.612 Y111.598 F9000
M204 P1000
;TYPE:Outer wall
;WIDTH:0.419999
G1 F3600
G1 X105.288 Y111.098 E.02581
G1 X105.713 Y110.685 E.01823
G1 X106.192 Y110.076 E.02379
G1 X106.578 Y109.406 E.02378
G1 X106.863 Y108.686 E.02378
G1 X107.042 Y107.934 E.02378
G1 X107.111 Y107.163 E.02378
G1 X107.068 Y106.39 E.02378
G1 X106.914 Y105.632 E.02378
G1 X106.652 Y104.903 E.02378
G1 X106.289 Y104.22 E.02378
G1 X105.708 Y103.472 E.02912
G1 X105.287 Y103.046 E.01839
G1 X104.67 Y102.579 E.02378
G1 X103.993 Y102.205 E.02378
G1 X103.268 Y101.934 E.02378
;WIDTH:0.455875
G1 X103.017 Y101.861 E.00879
;WIDTH:0.491751
G1 X102.767 Y101.788 E.00955
;WIDTH:0.527627
G1 X102.516 Y101.715 E.01031
G1 X101.737 Y101.675 E.0308
;WIDTH:0.524806
G1 X100.957 Y101.721 E.03068
G1 X100.709 Y101.794 E.01015
;WIDTH:0.489871
G1 X100.461 Y101.867 E.00942
;WIDTH:0.454935
G1 X100.213 Y101.94 E.00868
;WIDTH:0.419999
G1 X99.49 Y102.216 E.02378
G1 X98.814 Y102.592 E.02378
G1 X98.196 Y103.064 E.02388
G1 X97.547 Y103.757 E.02918
G1 X97.203 Y104.24 E.01823
G1 X96.842 Y104.926 E.02379
G1 X96.584 Y105.655 E.02378
G1 X96.433 Y106.414 E.02378
G1 X96.394 Y107.19 E.02388
G1 X96.501 Y108.134 E.02918
G1 X96.649 Y108.712 E.01834
G1 X97.021 Y109.586 E.0292
G1 X97.325 Y110.096 E.01823
G1 X97.807 Y110.702 E.02379
G1 X98.37 Y111.232 E.02377
G1 X98.892 Y111.6 E.01961
G1 X98.88 Y118.058 E.19842
G1 X98.805 Y118.314 E.00821
G1 X98.661 Y118.538 E.0082
G1 X98.459 Y118.713 E.0082
G1 X98.216 Y118.824 E.0082
G1 X97.937 Y118.864 E.00867
G1 X95.461 Y118.864 E.0761
G1 X95.578 Y101.134 E.5448
G1 X100.149 Y101.134 E.14047
;WIDTH:0.455875
G1 X100.423 Y101.152 E.00922
;WIDTH:0.491751
G1 X100.696 Y101.17 E.01002
;WIDTH:0.527627
G1 X100.969 Y101.188 E.01082
G1 X101.785 Y101.175 E.03223
;WIDTH:0.532725
G1 X102.605 Y101.191 E.03274
G1 X102.855 Y101.172 E.01
;WIDTH:0.49515
G1 X103.105 Y101.153 E.00924
;WIDTH:0.457575
G1 X103.355 Y101.134 E.00847
;WIDTH:0.419999
G1 X108.063 Y101.134 E.14467
G1 X108.063 Y118.864 E.54479
G1 X105.638 Y118.864 E.07452
G1 X105.286 Y118.823 E.0109
G1 X105.043 Y118.712 E.00819
G1 X104.842 Y118.537 E.00819
G1 X104.699 Y118.313 E.00819
G1 X104.624 Y118.057 E.00819
G1 X104.612 Y111.638 E.19726
G1 E-.84 F2400
;WIPE_START
G1 F3600
G1 X105.288 Y111.098 E-.31113
G1 X105.385 Y111.004 E-.04887
;WIPE_END
G17
G3 Z2.4 I1.105 J.51 P1  F9000
G1 X107.561 Y106.291 Z2.4
G1 Z2
G1 E1.2 F1800
M204 P2000
;TYPE:Inner wall
;WIDTH:0.62804
G1 F5400
G1 X107.567 Y106.388 E.0046
;WIDTH:0.615906
G1 X107.586 Y107.23 E.03936
;WIDTH:0.615405
G1 X107.567 Y107.633 E.01882
;WIDTH:0.653272
G1 X107.548 Y108.036 E.02006
G1 E-.84 F2400
;WIPE_START
G1 F5400
G1 X107.567 Y107.633 E-.14523
G1 X107.586 Y107.23 E-.14523
G1 X107.581 Y107.037 E-.06954
;WIPE_END
G17
G3 Z2.4 I-.122 J-1.211 P1  F9000
G1 X96.018 Y108.202 Z2.4
G1 Z2
G1 E1.2 F1800
;WIDTH:0.597478
G1 F5400
G1 X96.001 Y107.881 E.01454
;WIDTH:0.559098
G1 X95.984 Y107.559 E.01353
;WIDTH:0.520718
G1 X95.967 Y107.238 E.01252
;WIDTH:0.51398
G1 X95.988 Y106.39 E.03256
;WIDTH:0.524592
G1 X95.994 Y106.301 E.00349
G1 X96.271 Y111.212 F9000
M204 P2500
;TYPE:Sparse infill
;WIDTH:0.45
G1 F9023.957
G1 X96.26 Y112.84 E.05401
G1 X98.127 Y114.707 E.08758
G1 X98.121 Y117.948 E.1075
G1 X98.107 Y117.995 E.00164
G1 X98.044 Y118.068 E.00319
G1 X97.883 Y118.105 E.0055
G1 X97.38 Y118.105 E.01669
G1 X96.233 Y116.958 E.0538
G1 X96.243 Y115.33 E.05401
G1 E-.93404 F2400
;WIPE_START
G1 F9023.957
G1 X96.237 Y116.329 E-.26596
;WIPE_END
G17
G3 Z2.4 I.019 J1.217 P1  F9000
G1 X105.38 Y116.19 Z2.4
G1 Z2
G1 E1.2 F1800
G1 F9023.957
G1 X105.383 Y117.818 E.05401
G1 X105.67 Y118.105 E.01346
G1 X107.304 Y118.105 E.0542
G1 X107.304 Y115.594 E.0833
G1 X105.375 Y113.666 E.09045
G1 X105.372 Y111.981 E.05588
G1 X105.747 Y111.705 E.01544
G1 X106.232 Y111.241 E.02225
G1 X106.617 Y110.762 E.02039
G1 X107.304 Y111.449 E.03219
G1 X107.304 Y113.077 E.05401
G1 X107.258 Y104.355 F9000
;TYPE:Internal solid infill
;WIDTH:0.419999
G1 F9741.91
G1 X107.258 Y101.94 E.07419
G1 X105.162 Y101.94 E.06439
G1 X105.775 Y102.405 E.02364
G1 X106.497 Y103.141 E.0317
G1 X107 Y103.842 E.02651
G1 X107.24 Y104.319 E.01639
G1 X106.877 Y103.018 F9000
;WIDTH:0.426684
G1 F9572.209
G1 X106.877 Y102.32 E.02181
G1 X106.228 Y102.32 E.0203
G1 X106.75 Y102.852 E.02331
G1 X106.853 Y102.986 E.00527
G1 E-.94927 F2400
;WIPE_START
G1 F9572.209
G1 X106.75 Y102.852 E-.04224
G1 X106.228 Y102.32 E-.18691
G1 X106.314 Y102.32 E-.02158
;WIPE_END
G17
G3 Z2.4 I.058 J-1.216 P1  F9000
G1 X98.34 Y101.94 Z2.4
G1 Z2
G1 E1.2 F1800
;WIDTH:0.419999
G1 F9741.91
G1 X96.378 Y101.94 E.06029
G1 X96.364 Y104.104 E.06649
G1 X96.504 Y103.842 E.00913
G1 X96.958 Y103.207 E.02399
G1 X97.707 Y102.424 E.03329
G1 X98.308 Y101.964 E.02325
G1 X97.321 Y102.303 F9000
;WIDTH:0.391547
G1 F10536.962
G1 X96.738 Y102.303 E.01654
G1 X96.734 Y102.913 E.01734
G1 X97.293 Y102.332 E.02291
; stop printing object sandbox.stl id:15 copy 0
;LAYER_CHANGE
;Z:2.2
;HEIGHT:0.2
;BEFORE_LAYER_CHANGE
;2.2
G92 E0

G1 E-.97223 F2400
;WIPE_START
G1 F10536.962
G1 X96.734 Y102.913 E-.18367
G1 X96.736 Y102.72 E-.0441
;WIPE_END
;_SET_FAN_SPEED_CHANGING_LAYER
; printing object sandbox.stl id:15 copy 0
G17
G3 Z2.6 I-.446 J1.132 P1  F9000
G1 X117.684 Y110.974 Z2.6
G1 Z2.2
G1 E1.2 F1800
M204 P2000
;TYPE:Inner wall
;WIDTH:0.449999
G1 F5400
G1 X117.62 Y110.901 E.00322
G1 X117.031 Y110.501 E.02364
G1 X116.557 Y110.064 E.02137
G1 X116.152 Y109.562 E.02139
G1 X115.826 Y109.006 E.02138
G1 X115.587 Y108.415 E.02116
G1 X115.484 Y107.938 E.01619
G1 X115.394 Y107.37 E.01909
G1 X115.397 Y106.805 E.01873
G1 X115.49 Y106.137 E.02236
G1 X115.645 Y105.589 E.01891
G1 X115.913 Y104.975 E.02223
G1 X116.266 Y104.431 E.02149
G1 X116.692 Y103.947 E.02139
G1 X117.18 Y103.536 E.02116
G1 X117.601 Y103.29 E.01619
G1 X118.113 Y103.027 E.01909
G1 X118.65 Y102.853 E.01873
G1 X119.314 Y102.734 E.02236
G1 X119.883 Y102.71 E.01891
G1 X120.55 Y102.773 E.02223
G1 X121.177 Y102.939 E.0215
G1 X121.769 Y103.193 E.02139
G1 X122.318 Y103.532 E.02138
G1 X122.81 Y103.947 E.02138
G1 X123.237 Y104.431 E.02138
G1 X123.589 Y104.974 E.02148
G1 X123.864 Y105.605 E.02282
G1 X124.027 Y106.207 E.02067
G1 X124.125 Y107.133 E.0309
G1 X124.059 Y107.728 E.01987
G1 X123.919 Y108.405 E.02294
G1 X123.677 Y109.006 E.0215
G1 X123.35 Y109.562 E.02139
G1 X122.946 Y110.064 E.02139
G1 X122.472 Y110.501 E.02137
G1 X121.882 Y110.901 E.02364
G1 X121.687 Y111.125 E.00987
G1 X121.628 Y111.381 E.00872
G1 X121.628 Y118.077 E.22212
G1 X121.68 Y118.452 E.01254
G1 X117.823 Y118.451 E.12796
G1 X117.875 Y118.076 E.01256
G1 X117.875 Y111.381 E.22207
G1 X117.815 Y111.125 E.00872
G1 X117.71 Y111.004 E.00532
G1 X117.388 Y111.243 F9000
M204 P1000
;TYPE:Outer wall
;WIDTH:0.419999
G1 F3600
G1 X116.773 Y110.826 E.02284
G1 X116.254 Y110.347 E.02168
G1 X115.811 Y109.798 E.02169
G1 X115.454 Y109.189 E.02169
G1 X115.191 Y108.537 E.02163
G1 X115.001 Y107.661 E.02752
G1 X114.962 Y107.146 E.01587
G1 X115.004 Y106.441 E.0217
G1 X115.149 Y105.75 E.0217
G1 X115.329 Y105.243 E.01653
G1 X115.551 Y104.773 E.01597
G1 X115.936 Y104.18 E.0217
G1 X116.402 Y103.651 E.02169
G1 X116.94 Y103.197 E.02163
G1 X117.713 Y102.744 E.02752
G1 X118.19 Y102.547 E.01587
G1 X118.873 Y102.367 E.0217
G1 X119.575 Y102.289 E.0217
G1 X120.113 Y102.302 E.01653
G1 X120.629 Y102.366 E.01597
G1 X121.312 Y102.547 E.02171
G1 X121.96 Y102.825 E.02169
G1 X122.561 Y103.196 E.02169
G1 X123.1 Y103.651 E.02169
G1 X123.567 Y104.18 E.02169
G1 X123.951 Y104.773 E.0217
G1 X124.254 Y105.467 E.02326
G1 X124.432 Y106.122 E.02086
G1 X124.54 Y107.144 E.03158
G1 X124.441 Y108.034 E.02752
G1 X124.313 Y108.534 E.01587
G1 X124.049 Y109.189 E.02171
G1 X123.692 Y109.798 E.02169
G1 X123.249 Y110.347 E.02169
G1 X122.73 Y110.826 E.02168
G1 X122.103 Y111.252 E.02329
G1 X122.041 Y111.381 E.00441
G1 X122.041 Y118.077 E.20575
G1 X122.094 Y118.424 E.01078
G1 X122.259 Y118.765 E.01162
G1 X122.348 Y118.865 E.00414
G1 X117.148 Y118.864 E.15978
G1 X117.207 Y118.812 E.00242
G1 X117.392 Y118.473 E.01189
G1 X117.461 Y118.076 E.01237
G1 X117.461 Y111.348 E.20672
G1 X117.411 Y111.276 E.00271
G1 E-.84 F2400
;WIPE_START
G1 F3600
G1 X116.773 Y110.826 E-.28108
G1 X116.612 Y110.677 E-.07892
;WIPE_END
G1 Z2.6 F9000
G1 X120.625 Y118.106 Z2.6
G1 Z2.2
G1 E1.2 F1800
M204 P2500
;TYPE:Sparse infill
;WIDTH:0.45
G1 F9023.957
G1 X121.284 Y118.106 E.02187
G1 X121.282 Y117.137 E.03214
G1 X118.221 Y114.076 E.14359
G1 X118.221 Y111.373 E.08967
G1 X118.195 Y111.161 E.00708
G1 X118.125 Y110.969 E.00678
G1 X117.959 Y110.734 E.00954
G1 X117.82 Y110.619 E.00599
G1 X117.246 Y110.229 E.02301
G1 X116.81 Y109.827 E.01967
G1 X116.438 Y109.365 E.01969
G1 X116.137 Y108.853 E.01969
G1 X115.919 Y108.313 E.01933
G1 X115.748 Y107.458 E.02893
G1 X121.282 Y112.992 E.25962
G1 X121.282 Y111.373 E.05371
G1 X121.307 Y111.161 E.00708
G1 X121.377 Y110.969 E.00678
G1 X121.544 Y110.734 E.00954
G1 X121.682 Y110.619 E.00599
G1 X122.257 Y110.229 E.02301
G1 X122.469 Y110.034 E.00957
G1 X116.792 Y104.357 E.26629
G1 X116.935 Y104.196 E.00715
G1 X117.38 Y103.82 E.01933
G1 X118.052 Y103.426 E.02582
G1 X118.434 Y103.268 E.0137
G1 X119.013 Y103.115 E.01987
G1 X119.63 Y103.05 E.02058
G1 X123.771 Y107.191 E.19425
G1 X123.744 Y106.542 E.02154
G1 X123.621 Y105.955 E.01987
G1 X123.494 Y105.598 E.01257
G1 E-.93404 F2400
;WIPE_START
G1 F9023.957
G1 X123.621 Y105.955 E-.10079
G1 X123.744 Y106.542 E-.15935
G1 X123.745 Y106.564 E-.00582
;WIPE_END
G17
G3 Z2.6 I-.248 J-1.192 P1  F9000
G1 X98.478 Y111.814 Z2.6
G1 Z2.2
G1 E1.2 F1800
M204 P2000
;TYPE:Inner wall
;WIDTH:0.449999
G1 F5400
G1 X98.467 Y117.849 E.20018
G1 X98.425 Y118.14 E.00977
G1 X98.233 Y118.362 E.00972
G1 X97.907 Y118.451 E.0112
G1 X95.877 Y118.451 E.06736
G1 X95.94 Y108.817 E.31957
;WIDTH:0.486932
G1 X95.965 Y108.567 E.00911
;WIDTH:0.523864
G1 X95.991 Y108.316 E.00987
;WIDTH:0.560796
G1 X96.016 Y108.065 E.01063
;WIDTH:0.548628
G1 X96.14 Y108.464 E.01721
;WIDTH:0.499314
G1 X96.264 Y108.863 E.01553
;WIDTH:0.449999
G1 X96.579 Y109.634 E.02765
G1 X97.009 Y110.363 E.02807
G1 X97.666 Y111.148 E.03396
G1 X98.064 Y111.514 E.01793
G1 X98.446 Y111.791 E.01563
G1 E-.84 F2400
;WIPE_START
G1 F5400
G1 X98.449 Y112.791 E-.36
;WIPE_END
G17
G3 Z2.6 I1.138 J-.431 P1  F9000
G1 X95.994 Y106.301 Z2.6
G1 Z2.2
G1 E1.2 F1800
;WIDTH:0.52459
G1 F5400
G1 X95.978 Y105.926 E.01473
;WIDTH:0.487295
G1 X95.962 Y105.551 E.01359
;WIDTH:0.449999
G1 X95.988 Y101.548 E.13281
G1 X100.128 Y101.548 E.13732
G1 X99.673 Y101.69 E.01582
G1 X98.919 Y102.045 E.02764
G1 X98.224 Y102.506 E.02765
G1 X97.596 Y103.07 E.02802
G1 X97.198 Y103.532 E.02022
G1 X96.837 Y104.047 E.02086
G1 X96.453 Y104.787 E.02766
G1 X96.178 Y105.574 E.02764
;WIDTH:0.487295
G1 X96.086 Y105.938 E.01359
;WIDTH:0.52459
G1 X96.004 Y106.263 E.01316
G1 E-.84 F2400
;WIPE_START
G1 F5400
G1 X95.978 Y105.926 E-.1214
G1 X95.962 Y105.551 E-.13512
G1 X95.964 Y105.264 E-.10348
;WIPE_END
G17
G3 Z2.6 I-.074 J1.215 P1  F9000
G1 X107.534 Y105.965 Z2.6
G1 Z2.2
G1 E1.2 F1800
;WIDTH:0.680904
G1 F5400
G1 X107.51 Y105.92 E.00267
;WIDTH:0.651544
G1 X107.486 Y105.875 E.00255
;WIDTH:0.622183
G1 X107.408 Y105.68 E.00989
;WIDTH:0.579137
G1 X107.33 Y105.486 E.00916
;WIDTH:0.536091
G1 X107.253 Y105.291 E.00842
;WIDTH:0.493045
G1 X107.175 Y105.096 E.00769
;WIDTH:0.449999
G1 X106.833 Y104.336 E.02764
G1 X106.386 Y103.633 E.02765
G1 X105.842 Y103.001 E.02765
G1 X105.213 Y102.455 E.02764
G1 X104.512 Y102.005 E.02764
G1 X103.831 Y101.69 E.02487
G1 X103.376 Y101.548 E.01582
G1 X107.65 Y101.548 E.14176
G1 X107.65 Y105.114 E.11831
;WIDTH:0.49618
G1 X107.627 Y105.285 E.00634
;WIDTH:0.542361
G1 X107.603 Y105.455 E.00699
;WIDTH:0.588542
G1 X107.58 Y105.625 E.00764
;WIDTH:0.634723
G1 X107.557 Y105.795 E.00828
;WIDTH:0.680904
G1 X107.54 Y105.926 E.00685
G1 E-.84 F2400
;WIPE_START
G1 F5400
G1 X107.51 Y105.92 E-.01079
G1 X107.486 Y105.875 E-.01848
G1 X107.408 Y105.68 E-.07546
G1 X107.33 Y105.486 E-.07546
G1 X107.253 Y105.291 E-.07546
G1 X107.175 Y105.096 E-.07546
G1 X107.142 Y105.023 E-.02889
;WIPE_END
G17
G3 Z2.6 I-1.162 J-.362 P1  F9000
G1 X105.026 Y111.814 Z2.6
G1 Z2.2
G1 E1.2 F1800
;WIDTH:0.449999
G1 F5400
G1 X105.438 Y111.516 E.01685
G1 X106.038 Y110.941 E.02758
G1 X106.55 Y110.283 E.02765
G1 X106.96 Y109.565 E.02745
G1 X107.197 Y108.984 E.0208
;WIDTH:0.496373
G1 X107.249 Y108.888 E.00402
;WIDTH:0.542746
G1 X107.301 Y108.793 E.00444
;WIDTH:0.58912
G1 X107.354 Y108.697 E.00485
;WIDTH:0.635493
G1 X107.406 Y108.602 E.00526
;WIDTH:0.681867
G1 X107.458 Y108.506 E.00567
;WIDTH:0.72824
G1 F5360.225
G1 X107.51 Y108.411 E.00608
G1 X107.526 Y108.455 E.0026
;WIDTH:0.697478
G1 F5400
G1 X107.541 Y108.499 E.00248
;WIDTH:0.666715
G1 X107.563 Y108.609 E.00572
;WIDTH:0.623372
G1 X107.585 Y108.72 E.00533
;WIDTH:0.580029
G1 X107.606 Y108.83 E.00493
;WIDTH:0.536686
G1 X107.628 Y108.941 E.00453
;WIDTH:0.493343
G1 X107.65 Y109.051 E.00413
;WIDTH:0.449999
G1 X107.65 Y118.451 E.3118
G1 X106.343 Y118.451 E.04336
G1 X105.404 Y118.423 E.03114
G1 X105.159 Y118.264 E.0097
G1 X105.037 Y117.998 E.00972
G1 X105.026 Y111.854 E.20379
G1 X104.612 Y111.6 F9000
M204 P1000
;TYPE:Outer wall
;WIDTH:0.419999
G1 F3600
G1 X105.154 Y111.216 E.0204
G1 X105.713 Y110.684 E.02372
G1 X106.192 Y110.076 E.02378
G1 X106.578 Y109.407 E.02374
G1 X106.801 Y108.864 E.01804
G1 X106.966 Y108.314 E.01765
G1 X107.091 Y107.549 E.02379
G1 X107.103 Y106.776 E.02378
G1 X107.005 Y106.008 E.02378
G1 X106.796 Y105.263 E.02378
G1 X106.483 Y104.555 E.02378
G1 X106.071 Y103.9 E.02378
G1 X105.569 Y103.312 E.02378
G1 X104.987 Y102.801 E.02378
G1 X104.338 Y102.38 E.02378
G1 X103.635 Y102.056 E.02378
;WIDTH:0.4678
G1 X103.391 Y101.96 E.00908
;WIDTH:0.515601
G1 X103.147 Y101.863 E.01011
;WIDTH:0.563401
G1 X102.903 Y101.767 E.01113
G1 X102.515 Y101.725 E.01655
;WIDTH:0.535054
G1 X102.127 Y101.684 E.01565
;WIDTH:0.509136
G1 X101.347 Y101.685 E.02964
;WIDTH:0.542574
G1 X100.57 Y101.784 E.03187
G1 X100.329 Y101.878 E.01054
;WIDTH:0.501716
G1 X100.088 Y101.971 E.00968
;WIDTH:0.460858
G1 X99.846 Y102.065 E.00881
;WIDTH:0.419999
G1 X99.145 Y102.392 E.02378
G1 X98.498 Y102.816 E.02378
G1 X97.908 Y103.341 E.02427
G1 X97.535 Y103.772 E.01751
G1 X97.203 Y104.24 E.01765
G1 X96.842 Y104.926 E.02379
G1 X96.584 Y105.655 E.02378
G1 X96.433 Y106.414 E.02378
G1 X96.394 Y107.187 E.02378
G1 X96.466 Y107.957 E.02378
G1 X96.648 Y108.709 E.02378
G1 X96.937 Y109.427 E.02378
G1 X97.328 Y110.099 E.02389
G1 X97.947 Y110.844 E.02975
G1 X98.37 Y111.232 E.01765
G1 X98.892 Y111.6 E.01962
G1 X98.88 Y118.058 E.19842
G1 X98.805 Y118.314 E.00821
G1 X98.661 Y118.538 E.0082
G1 X98.459 Y118.713 E.0082
G1 X98.216 Y118.824 E.0082
G1 X97.937 Y118.864 E.00867
G1 X95.461 Y118.864 E.0761
G1 X95.578 Y101.134 E.5448
G1 X99.735 Y101.134 E.12774
;WIDTH:0.4678
G1 X100.01 Y101.158 E.00956
;WIDTH:0.515601
G1 X100.285 Y101.182 E.01064
;WIDTH:0.563402
G1 X100.56 Y101.206 E.01171
G1 X100.969 Y101.192 E.01733
;WIDTH:0.535055
G1 X101.377 Y101.178 E.01639
;WIDTH:0.509137
G1 X102.194 Y101.179 E.03103
;WIDTH:0.536087
G1 X103.02 Y101.192 E.03318
G1 X103.269 Y101.173 E.01007
;WIDTH:0.497391
G1 X103.519 Y101.154 E.00928
;WIDTH:0.458695
G1 X103.769 Y101.134 E.00849
;WIDTH:0.419999
G1 X108.063 Y101.134 E.13194
G1 X108.063 Y118.864 E.54479
G1 X105.638 Y118.864 E.07452
G1 X105.286 Y118.823 E.0109
G1 X105.043 Y118.712 E.00819
G1 X104.842 Y118.537 E.00819
G1 X104.699 Y118.313 E.00819
G1 X104.624 Y118.057 E.00819
G1 X104.612 Y111.64 E.19719
G1 E-.84 F2400
;WIPE_START
G1 F3600
G1 X105.154 Y111.216 E-.24759
G1 X105.38 Y111.001 E-.11241
;WIPE_END
G17
G3 Z2.6 I1.119 J.479 P1  F9000
G1 X107.534 Y105.965 Z2.6
G1 Z2.2
G1 E1.2 F1800
M204 P2000
;TYPE:Inner wall
;WIDTH:0.680904
G1 F5400
G1 X107.559 Y106.387 E.02196
;WIDTH:0.6312
G1 X107.584 Y106.809 E.02025
;WIDTH:0.604198
G1 X107.572 Y107.653 E.03863
;WIDTH:0.645546
G1 X107.552 Y107.906 E.01244
;WIDTH:0.686893
G1 X107.531 Y108.158 E.0133
;WIDTH:0.72824
G1 F5360.225
G1 X107.51 Y108.411 E.01415
G1 E-.84 F2400
;WIPE_START
G1 F5360.225
G1 X107.531 Y108.158 E-.09123
G1 X107.552 Y107.906 E-.09123
G1 X107.572 Y107.653 E-.09123
G1 X107.576 Y107.413 E-.08631
;WIPE_END
G17
G3 Z2.6 I-.064 J-1.215 P1  F9000
G1 X96.001 Y108.024 Z2.6
G1 Z2.2
G1 E1.2 F1800
;WIDTH:0.560796
G1 F5400
G1 X95.984 Y107.625 E.01686
;WIDTH:0.5209
G1 X95.966 Y107.226 E.01556
;WIDTH:0.51398
G1 X95.988 Y106.39 E.03209
;WIDTH:0.52459
G1 X95.994 Y106.301 E.00349
G1 X96.271 Y111.212 F9000
M204 P2500
;TYPE:Sparse infill
;WIDTH:0.45
G1 F9023.957
G1 X96.26 Y112.84 E.05401
G1 X98.127 Y114.707 E.08758
G1 X98.121 Y117.948 E.1075
G1 X98.107 Y117.995 E.00164
G1 X98.044 Y118.068 E.00319
G1 X97.883 Y118.105 E.0055
G1 X97.38 Y118.105 E.01669
G1 X96.233 Y116.958 E.0538
G1 X96.243 Y115.33 E.05401
G1 E-.93404 F2400
;WIPE_START
G1 F9023.957
G1 X96.237 Y116.329 E-.26596
;WIPE_END
G17
G3 Z2.6 I.019 J1.217 P1  F9000
G1 X105.38 Y116.19 Z2.6
G1 Z2.2
G1 E1.2 F1800
G1 F9023.957
G1 X105.383 Y117.818 E.05401
G1 X105.67 Y118.105 E.01346
G1 X107.304 Y118.105 E.0542
G1 X107.304 Y115.594 E.0833
G1 X105.375 Y113.666 E.09045
G1 X105.373 Y111.992 E.05553
G1 X105.668 Y111.775 E.01214
G1 X106.226 Y111.248 E.02549
G1 X106.617 Y110.762 E.02068
G1 X107.304 Y111.449 E.0322
G1 X107.304 Y113.077 E.05401
G1 X107.258 Y104.311 F9000
;TYPE:Internal solid infill
;WIDTH:0.419999
G1 F9741.91
G1 X107.258 Y101.94 E.07286
G1 X105.135 Y101.94 E.06523
G1 X105.539 Y102.211 E.01497
G1 X106.102 Y102.707 E.02304
G1 X106.684 Y103.378 E.02729
G1 X107.241 Y104.275 E.03244
G1 X106.878 Y103.022 F9000
;WIDTH:0.424581
G1 F9624.954
G1 X106.878 Y102.319 E.02187
G1 X106.235 Y102.319 E.02
G1 X106.851 Y102.993 E.02839
G1 E-.95065 F2400
;WIPE_START
G1 F9624.954
G1 X106.235 Y102.319 E-.22758
G1 X106.323 Y102.319 E-.02177
;WIPE_END
G17
G3 Z2.6 I.058 J-1.216 P1  F9000
G1 X98.363 Y101.94 Z2.6
G1 Z2.2
G1 E1.2 F1800
;WIDTH:0.419999
G1 F9741.91
G1 X96.378 Y101.94 E.06099
G1 X96.364 Y104.112 E.06674
G1 X96.559 Y103.754 E.01254
G1 X96.926 Y103.244 E.0193
G1 X97.3 Y102.813 E.01754
G1 X98.055 Y102.143 E.03103
G1 X98.329 Y101.962 E.01008
G1 X97.337 Y102.298 F9000
;WIDTH:0.381505
G1 F10800
G1 X96.733 Y102.298 E.01666
G1 X96.729 Y102.924 E.01727
G1 X97.093 Y102.513 E.01513
G1 X97.307 Y102.324 E.00788
; stop printing object sandbox.stl id:15 copy 0
;LAYER_CHANGE
;Z:2.4
;HEIGHT:0.2
;BEFORE_LAYER_CHANGE
;2.4
G92 E0

G1 E-.97778 F2400
;WIPE_START
G1 F10800
G1 X97.093 Y102.513 E-.06347
G1 X96.729 Y102.924 E-.12189
G1 X96.73 Y102.758 E-.03686
;WIPE_END
;_SET_FAN_SPEED_CHANGING_LAYER
; printing object sandbox.stl id:15 copy 0
G17
G3 Z2.8 I-.444 J1.133 P1  F9000
G1 X117.684 Y110.974 Z2.8
G1 Z2.4
G1 E1.2 F1800
M204 P2000
;TYPE:Inner wall
;WIDTH:0.449999
G1 F5400
G1 X117.62 Y110.901 E.00322
G1 X117.031 Y110.501 E.02364
G1 X116.557 Y110.064 E.02137
G1 X116.152 Y109.562 E.02138
G1 X115.826 Y109.006 E.02139
G1 X115.587 Y108.415 E.02115
G1 X115.457 Y107.805 E.02071
G1 X115.377 Y107.143 E.0221
G1 X115.415 Y106.496 E.02151
G1 X115.548 Y105.863 E.02146
G1 X115.802 Y105.21 E.02322
G1 X116.092 Y104.699 E.01949
G1 X116.481 Y104.187 E.02135
G1 X116.968 Y103.715 E.0225
G1 X117.452 Y103.363 E.01987
G1 X118.022 Y103.056 E.02144
G1 X118.635 Y102.845 E.02151
G1 X119.261 Y102.728 E.02114
G1 X119.886 Y102.721 E.02071
G1 X120.55 Y102.773 E.0221
G1 X121.177 Y102.939 E.02151
G1 X121.769 Y103.193 E.02139
G1 X122.318 Y103.532 E.02138
G1 X122.81 Y103.947 E.02138
G1 X123.237 Y104.431 E.02138
G1 X123.589 Y104.974 E.02146
G1 X123.868 Y105.616 E.02322
G1 X124.028 Y106.208 E.02035
G1 X124.125 Y107.132 E.03082
G1 X124.055 Y107.753 E.02071
G1 X123.92 Y108.405 E.0221
G1 X123.677 Y109.006 E.02151
G1 X123.35 Y109.562 E.02138
G1 X122.946 Y110.064 E.02139
G1 X122.472 Y110.501 E.02137
G1 X121.882 Y110.901 E.02364
G1 X121.687 Y111.125 E.00987
G1 X121.628 Y111.381 E.00872
G1 X121.628 Y118.077 E.22212
G1 X121.68 Y118.452 E.01254
G1 X117.823 Y118.451 E.12796
G1 X117.875 Y118.076 E.01256
G1 X117.875 Y111.381 E.22207
G1 X117.815 Y111.125 E.00872
G1 X117.71 Y111.004 E.00532
G1 X117.388 Y111.243 F9000
M204 P1000
;TYPE:Outer wall
;WIDTH:0.419999
G1 F3600
G1 X116.773 Y110.826 E.02284
G1 X116.254 Y110.347 E.02168
G1 X115.811 Y109.798 E.02169
G1 X115.454 Y109.189 E.02169
G1 X115.191 Y108.537 E.02162
G1 X115.052 Y107.891 E.02028
G1 X114.962 Y107.146 E.02306
G1 X115.004 Y106.441 E.02171
G1 X115.149 Y105.75 E.02169
G1 X115.336 Y105.226 E.01709
G1 X115.551 Y104.773 E.01541
G1 X115.936 Y104.18 E.02171
G1 X116.402 Y103.651 E.02169
G1 X116.942 Y103.196 E.02169
G1 X117.412 Y102.899 E.01709
G1 X117.861 Y102.674 E.01541
G1 X118.529 Y102.444 E.02171
G1 X119.221 Y102.315 E.02162
G1 X119.881 Y102.307 E.02028
G1 X120.629 Y102.366 E.02306
G1 X121.312 Y102.547 E.02171
G1 X121.96 Y102.825 E.02169
G1 X122.561 Y103.196 E.02169
G1 X123.1 Y103.651 E.02169
G1 X123.567 Y104.18 E.02169
G1 X123.951 Y104.773 E.02169
G1 X124.258 Y105.478 E.02364
G1 X124.432 Y106.124 E.02054
G1 X124.54 Y107.144 E.03152
G1 X124.466 Y107.799 E.02028
G1 X124.313 Y108.534 E.02306
G1 X124.049 Y109.189 E.02171
G1 X123.692 Y109.798 E.02169
G1 X123.249 Y110.347 E.02169
G1 X122.73 Y110.826 E.02168
G1 X122.103 Y111.252 E.02329
G1 X122.041 Y111.381 E.00441
G1 X122.041 Y118.077 E.20575
G1 X122.111 Y118.474 E.01237
G1 X122.341 Y118.865 E.01396
G1 X117.148 Y118.864 E.15957
G1 X117.207 Y118.812 E.00242
G1 X117.392 Y118.473 E.01189
G1 X117.461 Y118.076 E.01237
G1 X117.461 Y111.348 E.20672
G1 X117.411 Y111.276 E.00271
G1 E-.84 F2400
;WIPE_START
G1 F3600
G1 X116.773 Y110.826 E-.28108
G1 X116.612 Y110.677 E-.07892
;WIPE_END
G1 Z2.8 F9000
G1 X123.572 Y105.817 Z2.8
G1 Z2.4
G1 E1.2 F1800
M204 P2500
;TYPE:Sparse infill
;WIDTH:0.45
G1 F9023.957
G1 X123.621 Y105.955 E.00484
G1 X123.744 Y106.542 E.0199
G1 X123.778 Y107.123 E.01931
G1 X123.744 Y107.421 E.00997
G1 X123.471 Y107.24 E.01086
G1 X123.122 Y106.891 E.01638
G1 X121.748 Y104.819 E.08249
G1 X121.399 Y104.47 E.01638
G1 X119.305 Y103.074 E.08348
G1 X118.723 Y103.181 E.01961
G1 X118.156 Y103.376 E.0199
G1 X117.786 Y103.561 E.01372
G1 X117.392 Y103.81 E.01547
G1 X116.9 Y104.235 E.02155
G1 X117.254 Y104.47 E.01408
G1 X117.603 Y104.819 E.01638
G1 X118.977 Y106.891 E.08249
G1 X119.326 Y107.24 E.01638
G1 X121.399 Y108.615 E.08249
G1 X121.748 Y108.964 E.01638
G1 X122.462 Y110.04 E.04283
G1 X122.257 Y110.229 E.00925
G1 X121.682 Y110.619 E.02301
G1 X121.544 Y110.734 E.00599
G1 X121.377 Y110.969 E.00954
G1 X121.307 Y111.161 E.00678
G1 X121.282 Y111.373 E.00708
G1 X121.282 Y112.682 E.04343
G1 X119.326 Y111.385 E.07783
G1 X118.977 Y111.036 E.01638
G1 X117.603 Y108.964 E.08249
G1 X117.254 Y108.615 E.01638
G1 X115.774 Y107.633 E.05891
G1 X115.919 Y108.313 E.02308
G1 X116.137 Y108.853 E.01931
G1 X116.438 Y109.365 E.01969
G1 X116.81 Y109.827 E.01969
G1 X117.246 Y110.229 E.01967
G1 X117.82 Y110.619 E.02301
G1 X117.959 Y110.734 E.00599
G1 X118.125 Y110.969 E.00954
G1 X118.195 Y111.161 E.00678
G1 X118.221 Y111.373 E.00708
G1 X118.221 Y114.041 E.0885
G1 X118.977 Y115.181 E.04539
G1 X119.326 Y115.53 E.01638
G1 X121.282 Y116.827 E.07783
G1 X121.284 Y118.106 E.04242
G1 X120.934 Y118.106 E.0116
G1 E-.93404 F2400
;WIPE_START
G1 F9023.957
G1 X121.284 Y118.106 E-.09297
G1 X121.283 Y117.455 E-.17299
;WIPE_END
G17
G3 Z2.8 I.292 J-1.181 P1  F9000
G1 X98.478 Y111.814 Z2.8
G1 Z2.4
G1 E1.2 F1800
M204 P2000
;TYPE:Inner wall
;WIDTH:0.449999
G1 F5400
G1 X98.467 Y117.849 E.20018
G1 X98.425 Y118.14 E.00977
G1 X98.233 Y118.362 E.00972
G1 X97.907 Y118.451 E.0112
G1 X95.877 Y118.451 E.06736
G1 X95.94 Y108.817 E.31957
;WIDTH:0.486932
G1 X95.965 Y108.567 E.00911
;WIDTH:0.523864
G1 X95.991 Y108.316 E.00987
;WIDTH:0.560796
G1 X96.016 Y108.065 E.01063
;WIDTH:0.548628
G1 X96.14 Y108.464 E.01721
;WIDTH:0.499314
G1 X96.264 Y108.863 E.01553
;WIDTH:0.449999
G1 X96.579 Y109.634 E.02765
G1 X97.001 Y110.353 E.02764
G1 X97.523 Y111.003 E.02764
G1 X98.07 Y111.52 E.02499
G1 X98.446 Y111.791 E.01534
G1 E-.84 F2400
;WIPE_START
G1 F5400
G1 X98.449 Y112.791 E-.36
;WIPE_END
G17
G3 Z2.8 I1.138 J-.431 P1  F9000
G1 X95.994 Y106.301 Z2.8
G1 Z2.4
G1 E1.2 F1800
;WIDTH:0.52459
G1 F5400
G1 X95.978 Y105.926 E.01473
;WIDTH:0.487295
G1 X95.962 Y105.551 E.01359
;WIDTH:0.449999
G1 X95.988 Y101.548 E.13281
G1 X100.128 Y101.548 E.13732
G1 X99.673 Y101.69 E.01582
G1 X98.919 Y102.045 E.02764
G1 X98.224 Y102.506 E.02765
G1 X97.597 Y103.069 E.02798
G1 X97.186 Y103.547 E.02092
G1 X96.837 Y104.047 E.02021
G1 X96.453 Y104.787 E.02766
G1 X96.178 Y105.574 E.02764
;WIDTH:0.487295
G1 X96.086 Y105.938 E.01359
;WIDTH:0.52459
G1 X96.004 Y106.263 E.01316
G1 E-.84 F2400
;WIPE_START
G1 F5400
G1 X95.978 Y105.926 E-.1214
G1 X95.962 Y105.551 E-.13512
G1 X95.964 Y105.264 E-.10348
;WIPE_END
G17
G3 Z2.8 I-.107 J1.212 P1  F9000
G1 X107.561 Y106.291 Z2.8
G1 Z2.4
G1 E1.2 F1800
;WIDTH:0.62804
G1 F5400
G1 X107.496 Y106.092 E.01
;WIDTH:0.58353
G1 X107.432 Y105.892 E.00924
;WIDTH:0.53902
G1 X107.368 Y105.692 E.00848
;WIDTH:0.49451
G1 X107.303 Y105.493 E.00772
;WIDTH:0.449999
G1 X107.02 Y104.714 E.02748
G1 X106.721 Y104.142 E.02142
G1 X106.386 Y103.633 E.02021
G1 X105.842 Y103.001 E.02766
G1 X105.213 Y102.455 E.02765
G1 X104.512 Y102.005 E.02764
G1 X103.831 Y101.69 E.02487
G1 X103.376 Y101.548 E.01582
G1 X107.65 Y101.548 E.14176
G1 X107.65 Y105.542 E.13248
;WIDTH:0.49451
G1 X107.627 Y105.729 E.00695
;WIDTH:0.53902
G1 X107.605 Y105.916 E.00763
;WIDTH:0.58353
G1 X107.583 Y106.104 E.00832
;WIDTH:0.62804
G1 X107.565 Y106.252 E.00709
G1 E-.84 F2400
;WIPE_START
G1 F5400
G1 X107.496 Y106.092 E-.06269
G1 X107.432 Y105.892 E-.07549
G1 X107.368 Y105.692 E-.07549
G1 X107.303 Y105.493 E-.07549
G1 X107.236 Y105.308 E-.07084
;WIPE_END
G17
G3 Z2.8 I-1.152 J-.391 P1  F9000
G1 X105.026 Y111.814 Z2.8
G1 Z2.4
G1 E1.2 F1800
;WIDTH:0.449999
G1 F5400
G1 X105.438 Y111.516 E.01685
G1 X106.038 Y110.941 E.02758
G1 X106.55 Y110.283 E.02765
G1 X106.962 Y109.559 E.02764
G1 X107.266 Y108.783 E.02765
;WIDTH:0.490654
G1 X107.322 Y108.634 E.00582
;WIDTH:0.531309
G1 X107.379 Y108.484 E.00635
;WIDTH:0.571963
G1 X107.435 Y108.335 E.00688
;WIDTH:0.612618
G1 X107.491 Y108.186 E.00741
;WIDTH:0.653272
G1 X107.548 Y108.036 E.00794
G1 X107.559 Y108.079 E.00217
;WIDTH:0.631644
G1 X107.581 Y108.266 E.00906
;WIDTH:0.586233
G1 X107.604 Y108.453 E.00836
;WIDTH:0.540822
G1 X107.627 Y108.641 E.00766
;WIDTH:0.495411
G1 X107.65 Y108.828 E.00696
;WIDTH:0.449999
G1 X107.65 Y118.451 E.31919
G1 X106.343 Y118.451 E.04336
G1 X105.404 Y118.423 E.03114
G1 X105.159 Y118.264 E.0097
G1 X105.037 Y117.998 E.00972
G1 X105.026 Y111.854 E.20379
G1 X104.612 Y111.6 F9000
M204 P1000
;TYPE:Outer wall
;WIDTH:0.419999
G1 F3600
G1 X105.154 Y111.216 E.0204
G1 X105.713 Y110.684 E.02372
G1 X106.192 Y110.076 E.02378
G1 X106.578 Y109.406 E.02378
G1 X106.863 Y108.686 E.02378
G1 X107.042 Y107.934 E.02378
G1 X107.111 Y107.163 E.02378
G1 X107.068 Y106.39 E.02378
G1 X106.914 Y105.632 E.02378
G1 X106.653 Y104.904 E.02374
G1 X106.374 Y104.367 E.01862
G1 X106.071 Y103.901 E.01707
G1 X105.569 Y103.312 E.02379
G1 X104.987 Y102.801 E.02378
G1 X104.338 Y102.38 E.02378
G1 X103.635 Y102.056 E.02378
;WIDTH:0.4678
G1 X103.391 Y101.96 E.00908
;WIDTH:0.515601
G1 X103.147 Y101.863 E.01011
;WIDTH:0.563401
G1 X102.903 Y101.767 E.01113
G1 X102.515 Y101.725 E.01655
;WIDTH:0.535054
G1 X102.127 Y101.684 E.01565
;WIDTH:0.509136
G1 X101.347 Y101.685 E.02964
;WIDTH:0.542574
G1 X100.57 Y101.784 E.03187
G1 X100.329 Y101.878 E.01054
;WIDTH:0.501716
G1 X100.088 Y101.971 E.00968
;WIDTH:0.460858
G1 X99.846 Y102.065 E.00881
;WIDTH:0.419999
G1 X99.145 Y102.392 E.02378
G1 X98.498 Y102.816 E.02378
G1 X97.909 Y103.339 E.02421
G1 X97.523 Y103.787 E.01815
G1 X97.203 Y104.24 E.01707
G1 X96.842 Y104.926 E.02379
G1 X96.584 Y105.655 E.02378
G1 X96.433 Y106.414 E.02378
G1 X96.394 Y107.187 E.02378
G1 X96.466 Y107.957 E.02378
G1 X96.648 Y108.709 E.02378
G1 X96.937 Y109.427 E.02378
G1 X97.326 Y110.096 E.02378
G1 X97.807 Y110.702 E.02378
G1 X98.37 Y111.232 E.02377
G1 X98.892 Y111.6 E.01961
G1 X98.88 Y118.058 E.19842
G1 X98.805 Y118.314 E.00821
G1 X98.661 Y118.538 E.0082
G1 X98.459 Y118.713 E.0082
G1 X98.216 Y118.824 E.0082
G1 X97.937 Y118.864 E.00867
G1 X95.461 Y118.864 E.0761
G1 X95.578 Y101.134 E.5448
G1 X99.735 Y101.134 E.12774
;WIDTH:0.4678
G1 X100.01 Y101.158 E.00956
;WIDTH:0.515601
G1 X100.285 Y101.182 E.01064
;WIDTH:0.563402
G1 X100.56 Y101.206 E.01171
G1 X100.969 Y101.192 E.01733
;WIDTH:0.535055
G1 X101.377 Y101.178 E.01639
;WIDTH:0.509137
G1 X102.194 Y101.179 E.03103
;WIDTH:0.536087
G1 X103.02 Y101.192 E.03318
G1 X103.269 Y101.173 E.01007
;WIDTH:0.497391
G1 X103.519 Y101.154 E.00928
;WIDTH:0.458695
G1 X103.769 Y101.134 E.00849
;WIDTH:0.419999
G1 X108.063 Y101.134 E.13194
G1 X108.063 Y118.864 E.54479
G1 X105.638 Y118.864 E.07452
G1 X105.286 Y118.823 E.0109
G1 X105.043 Y118.712 E.00819
G1 X104.842 Y118.537 E.00819
G1 X104.699 Y118.313 E.00819
G1 X104.624 Y118.057 E.00819
G1 X104.612 Y111.64 E.19719
G1 E-.84 F2400
;WIPE_START
G1 F3600
G1 X105.154 Y111.216 E-.24759
G1 X105.38 Y111.001 E-.11241
;WIPE_END
G17
G3 Z2.8 I1.104 J.511 P1  F9000
G1 X107.561 Y106.291 Z2.8
G1 Z2.4
G1 E1.2 F1800
M204 P2000
;TYPE:Inner wall
;WIDTH:0.62804
G1 F5400
G1 X107.567 Y106.388 E.0046
;WIDTH:0.615906
G1 X107.586 Y107.23 E.03936
;WIDTH:0.615405
G1 X107.567 Y107.633 E.01882
;WIDTH:0.653272
G1 X107.548 Y108.036 E.02006
G1 E-.84 F2400
;WIPE_START
G1 F5400
G1 X107.567 Y107.633 E-.14523
G1 X107.586 Y107.23 E-.14523
G1 X107.581 Y107.037 E-.06954
;WIPE_END
G17
G3 Z2.8 I-.103 J-1.213 P1  F9000
G1 X96.001 Y108.024 Z2.8
G1 Z2.4
G1 E1.2 F1800
;WIDTH:0.560796
G1 F5400
G1 X95.984 Y107.625 E.01686
;WIDTH:0.5209
G1 X95.966 Y107.226 E.01556
;WIDTH:0.51398
G1 X95.988 Y106.39 E.03209
;WIDTH:0.52459
G1 X95.994 Y106.301 E.00349
G1 X96.272 Y110.954 F9000
M204 P2500
;TYPE:Sparse infill
;WIDTH:0.45
G1 F9023.957
G1 X96.262 Y112.582 E.05401
G1 X96.529 Y112.76 E.01063
G1 X96.878 Y113.109 E.01638
G1 X98.126 Y114.992 E.07494
G1 X98.121 Y117.948 E.09806
G1 X98.107 Y117.995 E.00164
G1 X98.044 Y118.068 E.00319
G1 X97.883 Y118.105 E.0055
G1 X97.442 Y118.105 E.01462
G1 X96.878 Y117.254 E.03387
G1 X96.529 Y116.905 E.01638
G1 X96.234 Y116.709 E.01172
G1 X96.245 Y115.081 E.05401
G1 E-.93404 F2400
;WIPE_START
G1 F9023.957
G1 X96.238 Y116.081 E-.26596
;WIPE_END
G17
G3 Z2.8 I.018 J1.217 P1  F9000
G1 X105.38 Y115.949 Z2.8
G1 Z2.4
G1 E1.2 F1800
G1 F9023.957
G1 X105.382 Y117.577 E.05401
G1 X105.732 Y118.105 E.02099
G1 X107.304 Y118.105 E.05213
G1 X107.304 Y115.804 E.07632
G1 X106.891 Y115.53 E.01641
G1 X106.542 Y115.181 E.01638
G1 X105.375 Y113.421 E.07005
G1 X105.373 Y111.992 E.04742
G1 X105.668 Y111.775 E.01214
G1 X106.226 Y111.248 E.02549
G1 X106.476 Y110.937 E.01323
G1 X106.542 Y111.036 E.00395
G1 X106.891 Y111.385 E.01638
G1 X107.304 Y111.659 E.01641
G1 X107.304 Y113.287 E.05401
G1 X107.258 Y104.348 F9000
;TYPE:Internal solid infill
;WIDTH:0.419999
G1 F9741.91
G1 X107.258 Y101.94 E.07399
G1 X105.135 Y101.94 E.06523
G1 X105.54 Y102.213 E.01502
G1 X106.182 Y102.789 E.02651
G1 X106.685 Y103.379 E.02383
G1 X107.049 Y103.928 E.02022
G1 X107.24 Y104.312 E.01318
G1 X106.879 Y103.024 F9000
;WIDTH:0.421996
G1 F9690.588
G1 X106.879 Y102.318 E.0218
G1 X106.223 Y102.318 E.02026
G1 X106.545 Y102.63 E.01385
G1 X106.854 Y102.993 E.01471
G1 E-.95234 F2400
;WIPE_START
G1 F9690.588
G1 X106.545 Y102.63 E-.11795
G1 X106.223 Y102.318 E-.11106
G1 X106.299 Y102.318 E-.01866
;WIPE_END
G17
G3 Z2.8 I.058 J-1.216 P1  F9000
G1 X98.363 Y101.94 Z2.8
G1 Z2.4
G1 E1.2 F1800
;WIDTH:0.419999
G1 F9741.91
G1 X96.378 Y101.94 E.06099
G1 X96.364 Y104.112 E.06674
G1 X96.558 Y103.755 E.01248
G1 X96.913 Y103.26 E.01873
G1 X97.3 Y102.812 E.01818
G1 X98.055 Y102.143 E.03101
G1 X98.329 Y101.962 E.01008
G1 X97.337 Y102.298 F9000
;WIDTH:0.381513
G1 F10800
G1 X96.733 Y102.298 E.01666
G1 X96.729 Y102.925 E.0173
G1 X97.092 Y102.514 E.01512
G1 X97.307 Y102.324 E.00792
; stop printing object sandbox.stl id:15 copy 0
;LAYER_CHANGE
;Z:2.6
;HEIGHT:0.2
;BEFORE_LAYER_CHANGE
;2.6
G92 E0

G1 E-.97778 F2400
;WIPE_START
G1 F10800
G1 X97.092 Y102.514 E-.06378
G1 X96.729 Y102.925 E-.12179
G1 X96.73 Y102.76 E-.03665
;WIPE_END
;_SET_FAN_SPEED_CHANGING_LAYER
; printing object sandbox.stl id:15 copy 0
G17
G3 Z3 I-.444 J1.133 P1  F9000
G1 X117.684 Y110.974 Z3
G1 Z2.6
G1 E1.2 F1800
M204 P2000
;TYPE:Inner wall
;WIDTH:0.449999
G1 F5400
G1 X117.62 Y110.901 E.00322
G1 X117.031 Y110.501 E.02364
G1 X116.557 Y110.064 E.02137
G1 X116.152 Y109.562 E.02138
G1 X115.826 Y109.006 E.02138
G1 X115.585 Y108.408 E.02139
G1 X115.434 Y107.782 E.02138
G1 X115.377 Y107.14 E.02138
G1 X115.415 Y106.496 E.02139
G1 X115.491 Y106.134 E.01226
G1 X115.669 Y105.525 E.02108
G1 X115.909 Y104.983 E.01966
G1 X116.203 Y104.555 E.0172
G1 X116.55 Y104.103 E.0189
G1 X116.95 Y103.73 E.01816
G1 X117.466 Y103.359 E.02106
G1 X118.034 Y103.064 E.02123
G1 X118.641 Y102.856 E.02128
G1 X119.302 Y102.735 E.02231
G1 X119.929 Y102.712 E.02081
G1 X120.549 Y102.773 E.02066
G1 X121.177 Y102.939 E.02153
G1 X121.769 Y103.193 E.02139
G1 X122.318 Y103.532 E.02138
G1 X122.81 Y103.947 E.02139
G1 X123.238 Y104.432 E.02145
G1 X123.615 Y105.037 E.02362
G1 X123.844 Y105.563 E.01904
G1 X124.022 Y106.181 E.02132
G1 X124.107 Y106.818 E.02133
G1 X124.094 Y107.493 E.02239
G1 X123.993 Y108.112 E.02081
G1 X123.81 Y108.708 E.02066
G1 X123.524 Y109.29 E.02153
G1 X123.157 Y109.821 E.02138
G1 X122.717 Y110.291 E.02139
G1 X122.387 Y110.553 E.01398
G1 X121.882 Y110.901 E.02032
G1 X121.687 Y111.125 E.00987
G1 X121.628 Y111.381 E.00872
G1 X121.628 Y118.077 E.22212
G1 X121.68 Y118.452 E.01254
G1 X117.859 Y118.451 E.12677
G1 X117.875 Y118.076 E.01245
G1 X117.875 Y111.381 E.22207
G1 X117.815 Y111.125 E.00872
G1 X117.71 Y111.004 E.00532
G1 X117.388 Y111.243 F9000
M204 P1000
;TYPE:Outer wall
;WIDTH:0.419999
G1 F3600
G1 X116.773 Y110.826 E.02284
G1 X116.254 Y110.347 E.02168
G1 X115.811 Y109.798 E.02169
G1 X115.454 Y109.189 E.02169
G1 X115.19 Y108.535 E.02169
G1 X115.025 Y107.849 E.02169
G1 X114.962 Y107.146 E.02169
G1 X115.004 Y106.441 E.02169
G1 X115.086 Y106.049 E.01229
G1 X115.28 Y105.384 E.02129
G1 X115.55 Y104.775 E.02047
G1 X115.939 Y104.209 E.0211
G1 X116.402 Y103.652 E.02227
G1 X116.942 Y103.196 E.02172
G1 X117.542 Y102.825 E.02169
G1 X118.191 Y102.547 E.02169
G1 X118.873 Y102.367 E.02169
G1 X119.257 Y102.324 E.01185
G1 X119.941 Y102.299 E.02104
G1 X120.628 Y102.366 E.02123
G1 X121.312 Y102.547 E.02172
G1 X121.96 Y102.825 E.02169
G1 X122.561 Y103.196 E.02169
G1 X123.1 Y103.651 E.02169
G1 X123.356 Y103.94 E.01185
G1 X123.769 Y104.486 E.02104
G1 X124.109 Y105.087 E.02122
G1 X124.354 Y105.75 E.02172
G1 X124.499 Y106.441 E.02169
G1 X124.54 Y107.146 E.02169
G1 X124.506 Y107.53 E.01185
G1 X124.395 Y108.206 E.02104
G1 X124.193 Y108.866 E.02123
G1 X123.881 Y109.5 E.02172
G1 X123.48 Y110.081 E.02169
G1 X122.998 Y110.596 E.02169
G1 X122.644 Y110.877 E.01389
G1 X122.103 Y111.252 E.02022
G1 X122.041 Y111.381 E.00441
G1 X122.041 Y118.077 E.20575
G1 X122.095 Y118.425 E.0108
G1 X122.191 Y118.654 E.00764
G1 X122.368 Y118.865 E.00847
G1 X117.157 Y118.864 E.16012
G1 X117.316 Y118.646 E.00829
G1 X117.441 Y118.289 E.01162
G1 X117.461 Y118.076 E.00658
G1 X117.461 Y111.348 E.20672
G1 X117.411 Y111.276 E.00271
G1 E-.84 F2400
;WIPE_START
G1 F3600
G1 X116.773 Y110.826 E-.28108
G1 X116.612 Y110.677 E-.07892
;WIPE_END
G1 Z3 F9000
G1 X123.643 Y106.063 Z3
G1 Z2.6
G1 E1.2 F1800
M204 P2500
;TYPE:Sparse infill
;WIDTH:0.45
G1 F9023.957
G1 X123.744 Y106.542 E.01624
G1 X123.779 Y107.134 E.01969
G1 X123.731 Y107.677 E.01808
G1 X123.471 Y107.594 E.00904
G1 X122.769 Y106.891 E.03297
G1 X122.102 Y104.819 E.07222
G1 X121.399 Y104.116 E.03297
G1 X119.326 Y103.449 E.07222
G1 X118.997 Y103.12 E.01545
G1 X118.439 Y103.267 E.01914
G1 X117.894 Y103.501 E.01969
G1 X117.389 Y103.813 E.01969
G1 X117.091 Y104.064 E.01291
G1 X117.254 Y104.116 E.00566
G1 X117.957 Y104.819 E.03297
G1 X118.624 Y106.891 E.07222
G1 X119.326 Y107.594 E.03297
G1 X121.399 Y108.261 E.07222
G1 X122.102 Y108.964 E.03297
G1 X122.454 Y110.058 E.03815
G1 X122.003 Y110.416 E.01908
G1 X121.684 Y110.617 E.01251
G1 X121.544 Y110.734 E.00607
G1 X121.377 Y110.969 E.00954
G1 X121.307 Y111.161 E.00678
G1 X121.282 Y111.373 E.00708
G1 X121.282 Y112.368 E.03303
G1 X119.326 Y111.739 E.06815
G1 X118.624 Y111.036 E.03297
G1 X117.957 Y108.964 E.07222
G1 X117.254 Y108.261 E.03297
G1 X115.792 Y107.791 E.05094
G1 X115.915 Y108.303 E.01747
G1 X116.137 Y108.853 E.01969
G1 X116.438 Y109.365 E.01969
G1 X116.81 Y109.827 E.01969
G1 X117.246 Y110.229 E.01967
G1 X117.82 Y110.619 E.02301
G1 X117.959 Y110.734 E.00599
G1 X118.125 Y110.969 E.00954
G1 X118.195 Y111.161 E.00678
G1 X118.221 Y111.373 E.00708
G1 X118.217 Y113.918 E.08441
G1 X118.624 Y115.181 E.04403
G1 X119.326 Y115.884 E.03297
G1 X121.282 Y116.513 E.06815
G1 X121.284 Y118.106 E.05282
G1 X121.248 Y118.106 E.00119
G1 E-.93404 F2400
;WIPE_START
G1 F9023.957
G1 X121.284 Y118.106 E-.00955
G1 X121.283 Y117.142 E-.25641
;WIPE_END
G17
G3 Z3 I.277 J-1.185 P1  F9000
G1 X98.478 Y111.814 Z3
G1 Z2.6
G1 E1.2 F1800
M204 P2000
;TYPE:Inner wall
;WIDTH:0.449999
G1 F5400
G1 X98.467 Y117.849 E.20018
G1 X98.425 Y118.14 E.00977
G1 X98.233 Y118.362 E.00972
G1 X97.907 Y118.451 E.0112
G1 X95.877 Y118.451 E.06736
G1 X95.94 Y108.817 E.31957
;WIDTH:0.486932
G1 X95.965 Y108.567 E.00911
;WIDTH:0.523864
G1 X95.991 Y108.316 E.00987
;WIDTH:0.560796
G1 X96.016 Y108.065 E.01063
;WIDTH:0.548628
G1 X96.14 Y108.464 E.01721
;WIDTH:0.499314
G1 X96.264 Y108.863 E.01553
;WIDTH:0.449999
G1 X96.579 Y109.634 E.02765
G1 X97.001 Y110.353 E.02764
G1 X97.523 Y111.003 E.02764
G1 X98.07 Y111.52 E.02499
G1 X98.446 Y111.791 E.01534
G1 E-.84 F2400
;WIPE_START
G1 F5400
G1 X98.449 Y112.791 E-.36
;WIPE_END
G17
G3 Z3 I1.138 J-.431 P1  F9000
G1 X95.994 Y106.301 Z3
G1 Z2.6
G1 E1.2 F1800
;WIDTH:0.524592
G1 F5400
G1 X95.978 Y105.926 E.01473
;WIDTH:0.487296
G1 X95.962 Y105.551 E.01359
;WIDTH:0.449999
G1 X95.988 Y101.548 E.13281
G1 X100.128 Y101.548 E.13732
G1 X99.673 Y101.69 E.01582
G1 X98.919 Y102.045 E.02765
G1 X98.224 Y102.506 E.02765
G1 X97.597 Y103.068 E.02793
G1 X97.174 Y103.563 E.02162
G1 X96.837 Y104.047 E.01955
G1 X96.453 Y104.787 E.02766
G1 X96.178 Y105.574 E.02764
;WIDTH:0.487296
G1 X96.086 Y105.938 E.01359
;WIDTH:0.524592
G1 X96.004 Y106.263 E.01316
G1 E-.84 F2400
;WIPE_START
G1 F5400
G1 X95.978 Y105.926 E-.1214
G1 X95.962 Y105.551 E-.13512
G1 X95.964 Y105.264 E-.10348
;WIPE_END
G17
G3 Z3 I-.074 J1.215 P1  F9000
G1 X107.534 Y105.965 Z3
G1 Z2.6
G1 E1.2 F1800
;WIDTH:0.680904
G1 F5400
G1 X107.51 Y105.92 E.00267
;WIDTH:0.651544
G1 X107.486 Y105.875 E.00255
;WIDTH:0.622183
G1 X107.408 Y105.68 E.00989
;WIDTH:0.579137
G1 X107.33 Y105.486 E.00916
;WIDTH:0.536091
G1 X107.253 Y105.291 E.00842
;WIDTH:0.493045
G1 X107.175 Y105.096 E.00769
;WIDTH:0.449999
G1 X106.833 Y104.336 E.02764
G1 X106.386 Y103.633 E.02765
G1 X105.842 Y103.001 E.02764
G1 X105.213 Y102.455 E.02765
G1 X104.512 Y102.005 E.02764
G1 X103.831 Y101.69 E.02487
G1 X103.376 Y101.548 E.01582
G1 X107.65 Y101.548 E.14176
G1 X107.65 Y105.114 E.11831
;WIDTH:0.49618
G1 X107.627 Y105.285 E.00634
;WIDTH:0.542361
G1 X107.603 Y105.455 E.00699
;WIDTH:0.588542
G1 X107.58 Y105.625 E.00764
;WIDTH:0.634723
G1 X107.557 Y105.795 E.00828
;WIDTH:0.680904
G1 X107.54 Y105.926 E.00685
G1 E-.84 F2400
;WIPE_START
G1 F5400
G1 X107.51 Y105.92 E-.01079
G1 X107.486 Y105.875 E-.01848
G1 X107.408 Y105.68 E-.07546
G1 X107.33 Y105.486 E-.07546
G1 X107.253 Y105.291 E-.07546
G1 X107.175 Y105.096 E-.07546
G1 X107.142 Y105.023 E-.02889
;WIPE_END
G17
G3 Z3 I-1.162 J-.362 P1  F9000
G1 X105.026 Y111.814 Z3
G1 Z2.6
G1 E1.2 F1800
;WIDTH:0.449999
G1 F5400
G1 X105.438 Y111.516 E.01685
G1 X106.038 Y110.941 E.02758
G1 X106.55 Y110.283 E.02765
G1 X106.961 Y109.563 E.02751
G1 X107.21 Y108.947 E.02205
;WIDTH:0.49637
G1 X107.26 Y108.857 E.00379
;WIDTH:0.542742
G1 X107.31 Y108.768 E.00417
;WIDTH:0.589113
G1 X107.36 Y108.679 E.00456
;WIDTH:0.635484
G1 X107.41 Y108.589 E.00495
;WIDTH:0.681855
G1 X107.46 Y108.5 E.00533
;WIDTH:0.728226
G1 F5360.334
G1 X107.51 Y108.411 E.00572
G1 X107.525 Y108.453 E.00252
;WIDTH:0.69838
G1 F5400
G1 X107.54 Y108.496 E.00241
;WIDTH:0.668533
G1 X107.562 Y108.599 E.00537
;WIDTH:0.624827
G1 X107.584 Y108.702 E.005
;WIDTH:0.58112
G1 X107.606 Y108.805 E.00462
;WIDTH:0.537413
G1 X107.628 Y108.908 E.00425
;WIDTH:0.493706
G1 X107.65 Y109.011 E.00387
;WIDTH:0.449999
G1 X107.65 Y118.451 E.31312
G1 X106.343 Y118.451 E.04336
G1 X105.404 Y118.423 E.03114
G1 X105.159 Y118.264 E.0097
G1 X105.037 Y117.998 E.00972
G1 X105.026 Y111.854 E.20379
G1 X104.612 Y111.6 F9000
M204 P1000
;TYPE:Outer wall
;WIDTH:0.419999
G1 F3600
G1 X105.154 Y111.216 E.0204
G1 X105.713 Y110.684 E.02372
G1 X106.192 Y110.076 E.02378
G1 X106.578 Y109.406 E.02375
G1 X106.814 Y108.828 E.01919
G1 X106.966 Y108.314 E.01649
G1 X107.091 Y107.549 E.02379
G1 X107.103 Y106.776 E.02378
G1 X107.005 Y106.008 E.02378
G1 X106.796 Y105.263 E.02378
G1 X106.483 Y104.555 E.02378
G1 X106.071 Y103.9 E.02378
G1 X105.569 Y103.312 E.02378
G1 X104.987 Y102.801 E.02378
G1 X104.338 Y102.38 E.02378
G1 X103.635 Y102.056 E.02378
;WIDTH:0.4678
G1 X103.391 Y101.96 E.00908
;WIDTH:0.515601
G1 X103.147 Y101.863 E.01011
;WIDTH:0.563401
G1 X102.903 Y101.767 E.01113
G1 X102.515 Y101.725 E.01655
;WIDTH:0.535054
G1 X102.127 Y101.684 E.01565
;WIDTH:0.509136
G1 X101.347 Y101.685 E.02964
;WIDTH:0.542574
G1 X100.57 Y101.784 E.03187
G1 X100.329 Y101.878 E.01054
;WIDTH:0.501716
G1 X100.088 Y101.971 E.00968
;WIDTH:0.460858
G1 X99.846 Y102.065 E.00881
;WIDTH:0.419999
G1 X99.145 Y102.392 E.02378
G1 X98.498 Y102.816 E.02378
G1 X97.91 Y103.338 E.02415
G1 X97.511 Y103.801 E.01879
G1 X97.203 Y104.241 E.01649
G1 X96.842 Y104.926 E.02379
G1 X96.584 Y105.655 E.02378
G1 X96.433 Y106.414 E.02378
G1 X96.394 Y107.187 E.02378
G1 X96.466 Y107.957 E.02378
G1 X96.648 Y108.709 E.02378
G1 X96.937 Y109.427 E.02378
G1 X97.326 Y110.096 E.02378
G1 X97.807 Y110.702 E.02378
G1 X98.37 Y111.232 E.02377
G1 X98.892 Y111.6 E.01961
G1 X98.88 Y118.058 E.19842
G1 X98.805 Y118.314 E.00821
G1 X98.661 Y118.538 E.0082
G1 X98.459 Y118.713 E.0082
G1 X98.216 Y118.824 E.0082
G1 X97.937 Y118.864 E.00867
G1 X95.461 Y118.864 E.0761
G1 X95.578 Y101.134 E.5448
G1 X99.735 Y101.134 E.12774
;WIDTH:0.4678
G1 X100.01 Y101.158 E.00956
;WIDTH:0.515601
G1 X100.285 Y101.182 E.01064
;WIDTH:0.563402
G1 X100.56 Y101.206 E.01171
G1 X100.969 Y101.192 E.01733
;WIDTH:0.535055
G1 X101.377 Y101.178 E.01639
;WIDTH:0.509137
G1 X102.194 Y101.179 E.03103
;WIDTH:0.536087
G1 X103.02 Y101.192 E.03318
G1 X103.269 Y101.173 E.01007
;WIDTH:0.497391
G1 X103.519 Y101.154 E.00928
;WIDTH:0.458695
G1 X103.769 Y101.134 E.00849
;WIDTH:0.419999
G1 X108.063 Y101.134 E.13194
G1 X108.063 Y118.864 E.54479
G1 X105.638 Y118.864 E.07452
G1 X105.286 Y118.823 E.0109
G1 X105.043 Y118.712 E.00819
G1 X104.842 Y118.537 E.00819
G1 X104.699 Y118.313 E.00819
G1 X104.624 Y118.057 E.00819
G1 X104.612 Y111.64 E.19719
G1 E-.84 F2400
;WIPE_START
G1 F3600
G1 X105.154 Y111.216 E-.24759
G1 X105.38 Y111.001 E-.11241
;WIPE_END
G17
G3 Z3 I1.119 J.479 P1  F9000
G1 X107.534 Y105.965 Z3
G1 Z2.6
G1 E1.2 F1800
M204 P2000
;TYPE:Inner wall
;WIDTH:0.680904
G1 F5400
G1 X107.559 Y106.387 E.02196
;WIDTH:0.6312
G1 X107.584 Y106.809 E.02025
;WIDTH:0.604196
G1 X107.572 Y107.653 E.03862
;WIDTH:0.64554
G1 X107.552 Y107.906 E.01244
;WIDTH:0.686883
G1 X107.531 Y108.158 E.0133
;WIDTH:0.728226
G1 F5360.334
G1 X107.51 Y108.411 E.01415
G1 E-.84 F2400
;WIPE_START
G1 F5360.334
G1 X107.531 Y108.158 E-.09122
G1 X107.552 Y107.906 E-.09122
G1 X107.572 Y107.653 E-.09122
G1 X107.576 Y107.413 E-.08633
;WIPE_END
G17
G3 Z3 I.116 J-1.211 P1  F9000
G1 X95.994 Y106.301 Z3
G1 Z2.6
G1 E1.2 F1800
;WIDTH:0.524592
G1 F5400
G1 X95.988 Y106.39 E.00349
;WIDTH:0.51398
G1 X95.966 Y107.226 E.03209
;WIDTH:0.5209
G1 X95.984 Y107.625 E.01556
;WIDTH:0.560796
G1 X96.001 Y108.024 E.01686
G1 X96.274 Y110.692 F9000
M204 P2500
;TYPE:Sparse infill
;WIDTH:0.45
G1 F9023.957
G1 X96.263 Y112.321 E.05401
G1 X96.529 Y112.406 E.00925
G1 X97.231 Y113.109 E.03297
G1 X97.898 Y115.181 E.07222
G1 X98.126 Y115.408 E.01065
G1 X98.121 Y117.948 E.08423
G1 X98.107 Y117.995 E.00164
G1 X98.044 Y118.068 E.00319
G1 X97.883 Y118.105 E.0055
G1 X97.505 Y118.105 E.01252
G1 X97.231 Y117.254 E.02965
G1 X96.529 Y116.551 E.03297
G1 X96.236 Y116.457 E.0102
G1 X96.247 Y114.829 E.05401
G1 E-.93404 F2400
;WIPE_START
G1 F9023.957
G1 X96.24 Y115.829 E-.26596
;WIPE_END
G17
G3 Z3 I.046 J1.216 P1  F9000
G1 X105.379 Y115.486 Z3
G1 Z2.6
G1 E1.2 F1800
G1 F9023.957
G1 X105.382 Y117.114 E.05401
G1 X105.521 Y117.254 E.00656
G1 X105.795 Y118.105 E.02965
G1 X107.304 Y118.105 E.05003
G1 X107.304 Y116.017 E.06926
G1 X106.891 Y115.884 E.01437
G1 X106.189 Y115.181 E.03297
G1 X105.521 Y113.109 E.07222
G1 X105.374 Y112.962 E.00691
G1 X105.373 Y111.992 E.03217
G1 X105.668 Y111.775 E.01214
G1 X106.226 Y111.248 E.02549
G1 X106.304 Y111.151 E.0041
G1 X106.891 Y111.739 E.02757
G1 X107.304 Y111.872 E.01437
G1 X107.304 Y113.5 E.05401
G1 X107.258 Y104.311 F9000
;TYPE:Internal solid infill
;WIDTH:0.419999
G1 F9741.91
G1 X107.258 Y101.94 E.07286
G1 X105.135 Y101.94 E.06523
G1 X105.54 Y102.213 E.01502
G1 X106.182 Y102.789 E.02651
G1 X106.685 Y103.379 E.02382
G1 X107.241 Y104.275 E.03239
G1 X106.879 Y103.024 F9000
;WIDTH:0.421996
G1 F9690.588
G1 X106.879 Y102.318 E.0218
G1 X106.223 Y102.318 E.02026
G1 X106.545 Y102.63 E.01385
G1 X106.854 Y102.993 E.01471
G1 E-.95234 F2400
;WIPE_START
G1 F9690.588
G1 X106.545 Y102.63 E-.11794
G1 X106.223 Y102.318 E-.11106
G1 X106.299 Y102.318 E-.01866
;WIPE_END
G17
G3 Z3 I.058 J-1.216 P1  F9000
G1 X98.363 Y101.94 Z3
G1 Z2.6
G1 E1.2 F1800
;WIDTH:0.419999
G1 F9741.91
G1 X96.378 Y101.94 E.06099
G1 X96.364 Y104.112 E.06673
G1 X96.557 Y103.756 E.01242
G1 X96.901 Y103.276 E.01817
G1 X97.301 Y102.812 E.01882
G1 X98.055 Y102.143 E.03098
G1 X98.329 Y101.962 E.01008
G1 X97.337 Y102.298 F9000
;WIDTH:0.381519
G1 F10800
G1 X96.733 Y102.298 E.01667
G1 X96.729 Y102.926 E.01733
G1 X97.091 Y102.515 E.01511
G1 X97.307 Y102.324 E.00796
; stop printing object sandbox.stl id:15 copy 0
;LAYER_CHANGE
;Z:2.8
;HEIGHT:0.2
;BEFORE_LAYER_CHANGE
;2.8
G92 E0

G1 E-.97778 F2400
;WIPE_START
G1 F10800
G1 X97.091 Y102.515 E-.06408
G1 X96.729 Y102.926 E-.12168
G1 X96.73 Y102.762 E-.03646
;WIPE_END
;_SET_FAN_SPEED_CHANGING_LAYER
; printing object sandbox.stl id:15 copy 0
G17
G3 Z3.2 I-.444 J1.133 P1  F9000
G1 X117.684 Y110.974 Z3.2
G1 Z2.8
G1 E1.2 F1800
M204 P2000
;TYPE:Inner wall
;WIDTH:0.449999
G1 F5400
G1 X117.62 Y110.901 E.00322
G1 X117.031 Y110.501 E.02364
G1 X116.557 Y110.064 E.02137
G1 X116.152 Y109.562 E.02139
G1 X115.825 Y109.005 E.02143
G1 X115.623 Y108.514 E.01763
G1 X115.434 Y107.777 E.02523
G1 X115.377 Y107.14 E.02124
G1 X115.415 Y106.496 E.02139
G1 X115.547 Y105.864 E.02143
G1 X115.728 Y105.364 E.01763
G1 X116.079 Y104.699 E.02495
G1 X116.624 Y104.021 E.02883
G1 X117.183 Y103.535 E.02458
G1 X117.935 Y103.099 E.02883
G1 X118.639 Y102.844 E.02485
G1 X119.26 Y102.728 E.02096
G1 X120.134 Y102.721 E.02898
G1 X120.872 Y102.847 E.02485
G1 X121.478 Y103.055 E.02124
G1 X122.05 Y103.352 E.02138
G1 X122.572 Y103.731 E.02139
G1 X123.033 Y104.181 E.02138
G1 X123.417 Y104.688 E.02111
G1 X123.816 Y105.466 E.02898
G1 X124.034 Y106.182 E.02485
G1 X124.078 Y106.516 E.01115
G1 X124.109 Y107.463 E.03144
G1 X124.027 Y107.988 E.01763
G1 X123.806 Y108.716 E.02523
G1 X123.524 Y109.29 E.02124
G1 X123.157 Y109.821 E.02138
G1 X122.717 Y110.291 E.02139
G1 X122.387 Y110.553 E.01398
G1 X121.882 Y110.901 E.02032
G1 X121.687 Y111.125 E.00987
G1 X121.628 Y111.381 E.00872
G1 X121.628 Y118.077 E.22212
G1 X121.68 Y118.452 E.01254
G1 X117.823 Y118.451 E.12796
G1 X117.875 Y118.076 E.01256
G1 X117.875 Y111.381 E.22207
G1 X117.815 Y111.125 E.00872
G1 X117.71 Y111.004 E.00532
G1 X117.388 Y111.243 F9000
M204 P1000
;TYPE:Outer wall
;WIDTH:0.419999
G1 F3600
G1 X116.773 Y110.826 E.02284
G1 X116.254 Y110.347 E.02168
G1 X115.811 Y109.798 E.02169
G1 X115.454 Y109.189 E.02169
G1 X115.229 Y108.644 E.01811
G1 X115.025 Y107.847 E.02529
G1 X114.962 Y107.146 E.02165
G1 X115.004 Y106.441 E.02169
G1 X115.149 Y105.75 E.02169
G1 X115.349 Y105.196 E.01811
G1 X115.732 Y104.47 E.02522
G1 X116.325 Y103.733 E.02905
G1 X116.941 Y103.197 E.02512
G1 X117.759 Y102.723 E.02905
G1 X118.53 Y102.444 E.02519
G1 X119.22 Y102.315 E.02157
G1 X120.167 Y102.307 E.02909
G1 X120.975 Y102.445 E.02519
G1 X121.641 Y102.674 E.02165
G1 X122.267 Y103 E.02169
G1 X122.839 Y103.414 E.02169
G1 X123.344 Y103.907 E.02169
G1 X123.769 Y104.468 E.02162
G1 X124.2 Y105.31 E.02909
G1 X124.439 Y106.094 E.02519
G1 X124.488 Y106.461 E.01137
G1 X124.522 Y107.498 E.03189
G1 X124.431 Y108.08 E.01811
G1 X124.192 Y108.868 E.02529
G1 X123.881 Y109.5 E.02165
G1 X123.48 Y110.081 E.02169
G1 X122.998 Y110.596 E.02169
G1 X122.644 Y110.877 E.01389
G1 X122.103 Y111.252 E.02022
G1 X122.041 Y111.381 E.00441
G1 X122.041 Y118.077 E.20575
G1 X122.111 Y118.474 E.01237
G1 X122.343 Y118.865 E.014
G1 X117.148 Y118.864 E.15964
G1 X117.207 Y118.812 E.00242
G1 X117.392 Y118.473 E.01189
G1 X117.461 Y118.076 E.01237
G1 X117.461 Y111.348 E.20672
G1 X117.411 Y111.276 E.00271
G1 E-.84 F2400
;WIPE_START
G1 F3600
G1 X116.773 Y110.826 E-.28108
G1 X116.612 Y110.677 E-.07892
;WIPE_END
G1 Z3.2 F9000
G1 X118.221 Y111.448 Z3.2
G1 Z2.8
G1 E1.2 F1800
M204 P2500
;TYPE:Sparse infill
;WIDTH:0.45
G1 F9023.957
G1 X118.221 Y113.02 E.05214
G1 X118.31 Y113.109 E.00418
G1 X118.27 Y115.181 E.06876
G1 X119.326 Y116.238 E.04955
G1 X121.282 Y116.2 E.06488
G1 X121.284 Y118.106 E.06322
G1 X118.294 Y118.105 E.0992
G1 X118.31 Y117.254 E.02825
G1 X118.221 Y117.165 E.00418
G1 X118.221 Y115.593 E.05214
G1 E-.93404 F2400
;WIPE_START
G1 F9023.957
G1 X118.221 Y116.593 E-.26596
;WIPE_END
G17
G3 Z3.2 I1.185 J-.279 P1  F9000
G1 X115.805 Y106.322 Z3.2
G1 Z2.8
G1 E1.2 F1800
G1 F9023.957
G1 X115.759 Y106.542 E.00746
G1 X115.724 Y107.134 E.01969
G1 X115.776 Y107.718 E.01945
G1 X115.831 Y107.935 E.00742
G1 X117.254 Y107.907 E.04719
G1 X118.31 Y108.964 E.04955
G1 X118.27 Y111.036 E.06876
G1 X119.326 Y112.093 E.04955
G1 X121.282 Y112.055 E.06488
G1 X121.282 Y111.373 E.02262
G1 X121.307 Y111.161 E.00708
G1 X121.377 Y110.969 E.00678
G1 X121.544 Y110.734 E.00954
G1 X121.684 Y110.617 E.00607
G1 X122.003 Y110.416 E.01251
G1 X122.434 Y110.074 E.01822
G1 X122.455 Y108.964 E.03685
G1 X121.399 Y107.907 E.04955
G1 X119.326 Y107.948 E.06876
G1 X118.27 Y106.891 E.04955
G1 X118.31 Y104.819 E.06876
G1 X117.344 Y103.853 E.0453
G1 X118.081 Y103.414 E.02846
G1 X118.71 Y103.186 E.02218
G1 X119.326 Y103.802 E.0289
G1 X121.399 Y103.762 E.06876
G1 X122.455 Y104.819 E.04955
G1 X122.415 Y106.891 E.06876
G1 X123.471 Y107.948 E.04955
G1 X123.679 Y107.943 E.00689
G1 X123.764 Y107.434 E.01714
G1 X123.772 Y106.838 E.01978
G1 X123.704 Y106.327 E.01708
G1 E-.93404 F2400
;WIPE_START
G1 F9023.957
G1 X123.772 Y106.838 E-.13697
G1 X123.765 Y107.322 E-.12899
;WIPE_END
G17
G3 Z3.2 I-.213 J-1.198 P1  F9000
G1 X98.478 Y111.814 Z3.2
G1 Z2.8
G1 E1.2 F1800
M204 P2000
;TYPE:Inner wall
;WIDTH:0.449999
G1 F5400
G1 X98.467 Y117.849 E.20018
G1 X98.425 Y118.14 E.00977
G1 X98.233 Y118.362 E.00972
G1 X97.907 Y118.451 E.0112
G1 X95.877 Y118.451 E.06736
G1 X95.94 Y108.817 E.31957
;WIDTH:0.486932
G1 X95.965 Y108.567 E.00911
;WIDTH:0.523864
G1 X95.991 Y108.316 E.00987
;WIDTH:0.560796
G1 X96.016 Y108.065 E.01063
;WIDTH:0.548628
G1 X96.14 Y108.464 E.01721
;WIDTH:0.499314
G1 X96.264 Y108.863 E.01553
;WIDTH:0.449999
G1 X96.579 Y109.634 E.02765
G1 X97.001 Y110.353 E.02764
G1 X97.523 Y111.003 E.02764
G1 X98.07 Y111.52 E.02499
G1 X98.446 Y111.791 E.01534
G1 E-.84 F2400
;WIPE_START
G1 F5400
G1 X98.449 Y112.791 E-.36
;WIPE_END
G17
G3 Z3.2 I1.146 J-.409 P1  F9000
G1 X96.021 Y105.99 Z3.2
G1 Z2.8
G1 E1.2 F1800
;WIDTH:0.574026
G1 F5400
G1 X96.005 Y105.878 E.00487
;WIDTH:0.539441
G1 X95.985 Y105.503 E.01519
;WIDTH:0.49472
G1 X95.965 Y105.128 E.01383
;WIDTH:0.449999
G1 X95.988 Y101.548 E.11877
G1 X100.066 Y101.551 E.13526
G1 X99.289 Y101.854 E.02765
G1 X98.563 Y102.263 E.02764
G1 X97.967 Y102.717 E.02487
G1 X97.149 Y103.597 E.03986
G1 X96.631 Y104.41 E.03197
G1 X96.301 Y105.175 E.02764
;WIDTH:0.491342
G1 X96.208 Y105.447 E.01049
;WIDTH:0.532684
G1 X96.114 Y105.718 E.01146
;WIDTH:0.574026
G1 X96.034 Y105.952 E.01069
G1 E-.84 F2400
;WIPE_START
G1 F5400
G1 X96.005 Y105.878 E-.02848
G1 X95.985 Y105.503 E-.1352
G1 X95.965 Y105.128 E-.1352
G1 X95.966 Y104.959 E-.06112
;WIPE_END
G17
G3 Z3.2 I-.139 J1.209 P1  F9000
G1 X107.561 Y106.291 Z3.2
G1 Z2.8
G1 E1.2 F1800
;WIDTH:0.62804
G1 F5400
G1 X107.496 Y106.092 E.01
;WIDTH:0.58353
G1 X107.432 Y105.892 E.00924
;WIDTH:0.53902
G1 X107.368 Y105.692 E.00848
;WIDTH:0.49451
G1 X107.303 Y105.493 E.00772
;WIDTH:0.449999
G1 X107.018 Y104.71 E.02765
G1 X106.625 Y103.979 E.02753
G1 X106.258 Y103.47 E.0208
G1 X105.538 Y102.717 E.03458
G1 X104.871 Y102.217 E.02765
G1 X104.139 Y101.819 E.02764
G1 X103.438 Y101.551 E.02487
G1 X107.65 Y101.548 E.13969
G1 X107.65 Y105.542 E.13248
;WIDTH:0.49451
G1 X107.627 Y105.729 E.00695
;WIDTH:0.53902
G1 X107.605 Y105.916 E.00763
;WIDTH:0.58353
G1 X107.583 Y106.104 E.00832
;WIDTH:0.62804
G1 X107.565 Y106.252 E.00709
G1 E-.84 F2400
;WIPE_START
G1 F5400
G1 X107.496 Y106.092 E-.06269
G1 X107.432 Y105.892 E-.07549
G1 X107.368 Y105.692 E-.07549
G1 X107.303 Y105.493 E-.07549
G1 X107.236 Y105.308 E-.07085
;WIPE_END
G17
G3 Z3.2 I-1.152 J-.391 P1  F9000
G1 X105.026 Y111.814 Z3.2
G1 Z2.8
G1 E1.2 F1800
;WIDTH:0.449999
G1 F5400
G1 X105.438 Y111.516 E.01685
G1 X106.038 Y110.941 E.02758
G1 X106.55 Y110.283 E.02765
G1 X106.962 Y109.559 E.02764
G1 X107.266 Y108.783 E.02765
;WIDTH:0.490654
G1 X107.322 Y108.634 E.00582
;WIDTH:0.531308
G1 X107.379 Y108.484 E.00635
;WIDTH:0.571962
G1 X107.435 Y108.335 E.00688
;WIDTH:0.612616
G1 X107.491 Y108.186 E.00741
;WIDTH:0.65327
G1 X107.548 Y108.036 E.00794
G1 X107.559 Y108.079 E.00217
;WIDTH:0.631643
G1 X107.581 Y108.266 E.00906
;WIDTH:0.586232
G1 X107.604 Y108.453 E.00836
;WIDTH:0.540821
G1 X107.627 Y108.641 E.00766
;WIDTH:0.49541
G1 X107.65 Y108.828 E.00696
;WIDTH:0.449999
G1 X107.65 Y118.451 E.31919
G1 X106.343 Y118.451 E.04336
G1 X105.404 Y118.423 E.03114
G1 X105.159 Y118.264 E.0097
G1 X105.037 Y117.998 E.00972
G1 X105.026 Y111.854 E.20379
G1 X104.612 Y111.6 F9000
M204 P1000
;TYPE:Outer wall
;WIDTH:0.419999
G1 F3600
G1 X105.154 Y111.216 E.0204
G1 X105.713 Y110.684 E.02372
G1 X106.192 Y110.076 E.02378
G1 X106.578 Y109.406 E.02378
G1 X106.863 Y108.686 E.02378
G1 X107.042 Y107.933 E.02378
G1 X107.111 Y107.163 E.02378
G1 X107.068 Y106.39 E.02378
G1 X106.914 Y105.632 E.02378
G1 X106.652 Y104.903 E.02378
G1 X106.289 Y104.221 E.02376
G1 X105.922 Y103.712 E.01927
G1 X105.287 Y103.046 E.02829
G1 X104.67 Y102.579 E.02378
G1 X103.993 Y102.205 E.02378
G1 X103.268 Y101.934 E.02378
;WIDTH:0.455875
G1 X103.017 Y101.861 E.00879
;WIDTH:0.49175
G1 X102.767 Y101.788 E.00955
;WIDTH:0.527625
G1 X102.516 Y101.715 E.01031
G1 X101.737 Y101.675 E.0308
;WIDTH:0.524806
G1 X100.957 Y101.721 E.03068
G1 X100.709 Y101.794 E.01015
;WIDTH:0.489871
G1 X100.461 Y101.867 E.00942
;WIDTH:0.454935
G1 X100.213 Y101.94 E.00868
;WIDTH:0.419999
G1 X99.49 Y102.216 E.02378
G1 X98.814 Y102.592 E.02378
G1 X98.217 Y103.046 E.02304
G1 X97.496 Y103.822 E.03254
G1 X97.01 Y104.577 E.02759
G1 X96.7 Y105.286 E.02378
G1 X96.494 Y106.036 E.02392
G1 X96.394 Y107.048 E.03123
G1 X96.466 Y107.957 E.02803
G1 X96.648 Y108.709 E.02378
G1 X96.937 Y109.427 E.02378
G1 X97.326 Y110.096 E.02378
G1 X97.807 Y110.702 E.02378
G1 X98.37 Y111.232 E.02377
G1 X98.892 Y111.6 E.01961
G1 X98.88 Y118.058 E.19842
G1 X98.805 Y118.314 E.00821
G1 X98.661 Y118.538 E.0082
G1 X98.459 Y118.713 E.0082
G1 X98.216 Y118.824 E.0082
G1 X97.937 Y118.864 E.00867
G1 X95.461 Y118.864 E.0761
G1 X95.578 Y101.134 E.5448
G1 X100.149 Y101.134 E.14047
;WIDTH:0.455875
G1 X100.423 Y101.152 E.00922
;WIDTH:0.491751
G1 X100.696 Y101.17 E.01002
;WIDTH:0.527627
G1 X100.969 Y101.188 E.01082
G1 X101.785 Y101.175 E.03223
;WIDTH:0.532724
G1 X102.605 Y101.191 E.03274
G1 X102.855 Y101.172 E.01
;WIDTH:0.495149
G1 X103.105 Y101.153 E.00924
;WIDTH:0.457574
G1 X103.355 Y101.134 E.00847
;WIDTH:0.419999
G1 X108.063 Y101.134 E.14467
G1 X108.063 Y118.864 E.54479
G1 X105.638 Y118.864 E.07452
G1 X105.286 Y118.823 E.0109
G1 X105.043 Y118.712 E.00819
G1 X104.842 Y118.537 E.00819
G1 X104.699 Y118.313 E.00819
G1 X104.624 Y118.057 E.00819
G1 X104.612 Y111.64 E.19719
G1 E-.84 F2400
;WIPE_START
G1 F3600
G1 X105.154 Y111.216 E-.24759
G1 X105.38 Y111.001 E-.11241
;WIPE_END
G17
G3 Z3.2 I1.104 J.511 P1  F9000
G1 X107.561 Y106.291 Z3.2
G1 Z2.8
G1 E1.2 F1800
M204 P2000
;TYPE:Inner wall
;WIDTH:0.62804
G1 F5400
G1 X107.567 Y106.388 E.0046
;WIDTH:0.615906
G1 X107.586 Y107.23 E.03936
;WIDTH:0.615404
G1 X107.567 Y107.633 E.01882
;WIDTH:0.65327
G1 X107.548 Y108.036 E.02006
G1 E-.84 F2400
;WIPE_START
G1 F5400
G1 X107.567 Y107.633 E-.14523
G1 X107.586 Y107.23 E-.14523
G1 X107.581 Y107.037 E-.06954
;WIPE_END
G17
G3 Z3.2 I-.103 J-1.213 P1  F9000
G1 X96.001 Y108.024 Z3.2
G1 Z2.8
G1 E1.2 F1800
;WIDTH:0.560796
G1 F5400
G1 X95.983 Y107.534 E.0207
;WIDTH:0.52137
G1 X95.966 Y107.044 E.01913
;WIDTH:0.527985
G1 X95.993 Y106.517 E.02086
;WIDTH:0.574026
G1 X96.021 Y105.99 E.02284
G1 X96.276 Y110.429 F9000
M204 P2500
;TYPE:Sparse infill
;WIDTH:0.45
G1 F9023.957
G1 X96.265 Y112.058 E.05401
G1 X96.529 Y112.052 E.00875
G1 X97.585 Y113.109 E.04955
G1 X97.545 Y115.181 E.06876
G1 X98.125 Y115.761 E.02721
G1 X98.121 Y117.948 E.07253
G1 X98.107 Y117.995 E.00164
G1 X98.044 Y118.068 E.00319
G1 X97.883 Y118.105 E.0055
G1 X97.569 Y118.105 E.01042
G1 X97.585 Y117.254 E.02823
G1 X96.529 Y116.198 E.04955
G1 X96.238 Y116.203 E.00966
G1 X96.248 Y114.575 E.05401
G1 E-.93404 F2400
;WIPE_START
G1 F9023.957
G1 X96.242 Y115.575 E-.26596
;WIPE_END
G17
G3 Z3.2 I.059 J1.216 P1  F9000
G1 X105.378 Y115.131 Z3.2
G1 Z2.8
G1 E1.2 F1800
G1 F9023.957
G1 X105.381 Y116.76 E.05401
G1 X105.875 Y117.254 E.02318
G1 X105.859 Y118.105 E.02823
G1 X107.304 Y118.105 E.04793
G1 X107.304 Y116.23 E.0622
G1 X106.891 Y116.238 E.01368
G1 X105.835 Y115.181 E.04955
G1 X105.875 Y113.109 E.06876
G1 X105.374 Y112.607 E.02352
G1 X105.373 Y111.992 E.02042
G1 X105.668 Y111.775 E.01214
G1 X106.134 Y111.335 E.02127
G1 X106.891 Y112.093 E.03554
G1 X107.304 Y112.085 E.01368
G1 X107.304 Y110.456 E.05401
G1 X107.258 Y104.355 F9000
;TYPE:Internal solid infill
;WIDTH:0.419999
G1 F9741.91
G1 X107.258 Y101.94 E.07419
G1 X105.162 Y101.94 E.06439
G1 X105.775 Y102.405 E.02364
G1 X106.508 Y103.159 E.03231
G1 X107 Y103.841 E.02584
G1 X107.24 Y104.319 E.01642
G1 X106.876 Y103.018 F9000
;WIDTH:0.428132
G1 F9536.228
G1 X106.876 Y102.321 E.02189
G1 X106.228 Y102.321 E.02035
G1 X106.763 Y102.872 E.02412
G1 X106.852 Y102.987 E.00454
G1 E-.94833 F2400
;WIPE_START
G1 F9536.228
G1 X106.763 Y102.872 E-.03644
G1 X106.228 Y102.321 E-.19335
G1 X106.315 Y102.321 E-.02188
;WIPE_END
G17
G3 Z3.2 I.058 J-1.216 P1  F9000
G1 X98.34 Y101.94 Z3.2
G1 Z2.8
G1 E1.2 F1800
;WIDTH:0.419999
G1 F9741.91
G1 X96.378 Y101.94 E.06029
G1 X96.364 Y104.089 E.06604
G1 X96.905 Y103.274 E.03006
G1 X97.707 Y102.425 E.03589
G1 X98.308 Y101.964 E.02329
G1 X97.32 Y102.304 F9000
;WIDTH:0.393124
G1 F10489.514
G1 X96.739 Y102.304 E.01659
G1 X96.735 Y102.921 E.01762
G1 X97.293 Y102.333 E.02314
; stop printing object sandbox.stl id:15 copy 0
;LAYER_CHANGE
;Z:3
;HEIGHT:0.2
;BEFORE_LAYER_CHANGE
;3
G92 E0

G1 E-.9712 F2400
;WIPE_START
G1 F10489.514
G1 X96.735 Y102.921 E-.18549
G1 X96.736 Y102.732 E-.04331
;WIPE_END
;_SET_FAN_SPEED_CHANGING_LAYER
; printing object sandbox.stl id:15 copy 0
G17
G3 Z3.4 I-.446 J1.132 P1  F9000
G1 X117.684 Y110.974 Z3.4
G1 Z3
G1 E1.2 F1800
M204 P2000
;TYPE:Inner wall
;WIDTH:0.449999
G1 F5400
G1 X117.62 Y110.901 E.00322
G1 X117.031 Y110.501 E.02364
G1 X116.557 Y110.064 E.02137
G1 X116.152 Y109.562 E.02138
G1 X115.83 Y109.014 E.0211
G1 X115.521 Y108.178 E.02956
G1 X115.394 Y107.458 E.02426
G1 X115.384 Y106.817 E.02125
G1 X115.468 Y106.187 E.0211
G1 X115.74 Y105.338 E.02956
G1 X116.079 Y104.7 E.02397
G1 X116.636 Y104.009 E.02943
G1 X117.182 Y103.535 E.02397
G1 X117.95 Y103.092 E.02943
G1 X118.639 Y102.844 E.02426
G1 X119.26 Y102.728 E.02097
G1 X120.151 Y102.722 E.02956
G1 X120.872 Y102.846 E.02426
G1 X121.478 Y103.055 E.02126
G1 X122.05 Y103.352 E.02138
G1 X122.572 Y103.731 E.02139
G1 X123.033 Y104.181 E.02138
G1 X123.417 Y104.688 E.0211
G1 X123.822 Y105.482 E.02956
G1 X124.034 Y106.182 E.02426
G1 X124.078 Y106.513 E.01109
G1 X124.109 Y107.463 E.03151
G1 X124.024 Y108.005 E.01822
G1 X123.807 Y108.715 E.02463
G1 X123.524 Y109.29 E.02126
G1 X123.157 Y109.821 E.02138
G1 X122.717 Y110.291 E.02139
G1 X122.387 Y110.553 E.01398
G1 X121.882 Y110.901 E.02032
G1 X121.687 Y111.125 E.00987
G1 X121.628 Y111.381 E.00872
G1 X121.628 Y118.077 E.22212
G1 X121.68 Y118.452 E.01254
G1 X117.823 Y118.451 E.12796
G1 X117.875 Y118.076 E.01256
G1 X117.875 Y111.381 E.22207
G1 X117.815 Y111.125 E.00872
G1 X117.71 Y111.004 E.00532
G1 X117.388 Y111.243 F9000
M204 P1000
;TYPE:Outer wall
;WIDTH:0.419999
G1 F3600
G1 X116.773 Y110.826 E.02284
G1 X116.254 Y110.347 E.02168
G1 X115.811 Y109.798 E.02169
G1 X115.455 Y109.192 E.02161
G1 X115.121 Y108.286 E.02965
G1 X114.981 Y107.497 E.02463
G1 X114.97 Y106.793 E.02165
G1 X115.063 Y106.095 E.02161
G1 X115.357 Y105.177 E.02965
G1 X115.732 Y104.471 E.02455
G1 X116.337 Y103.72 E.02961
G1 X116.941 Y103.197 E.02456
G1 X117.776 Y102.715 E.02961
G1 X118.53 Y102.444 E.02463
G1 X119.22 Y102.315 E.02158
G1 X120.185 Y102.308 E.02965
G1 X120.975 Y102.444 E.02463
G1 X121.641 Y102.674 E.02165
G1 X122.267 Y103 E.02169
G1 X122.839 Y103.414 E.02169
G1 X123.344 Y103.907 E.02169
G1 X123.769 Y104.467 E.02161
G1 X124.207 Y105.327 E.02965
G1 X124.439 Y106.094 E.02463
G1 X124.488 Y106.459 E.0113
G1 X124.522 Y107.498 E.03196
G1 X124.428 Y108.098 E.01867
G1 X124.193 Y108.868 E.02473
G1 X123.881 Y109.5 E.02165
G1 X123.48 Y110.081 E.02169
G1 X122.998 Y110.596 E.02169
G1 X122.644 Y110.877 E.01389
G1 X122.103 Y111.252 E.02022
G1 X122.041 Y111.381 E.00441
G1 X122.041 Y118.077 E.20575
G1 X122.111 Y118.474 E.01237
G1 X122.344 Y118.865 E.01401
G1 X117.148 Y118.864 E.15967
G1 X117.207 Y118.812 E.00242
G1 X117.392 Y118.473 E.01189
G1 X117.461 Y118.076 E.01237
G1 X117.461 Y111.348 E.20672
G1 X117.411 Y111.276 E.00271
G1 E-.84 F2400
;WIPE_START
G1 F3600
G1 X116.773 Y110.826 E-.28108
G1 X116.612 Y110.677 E-.07892
;WIPE_END
G1 Z3.4 F9000
G1 X117.061 Y110.058 Z3.4
G1 Z3
G1 E1.2 F1800
M204 P2500
;TYPE:Sparse infill
;WIDTH:0.45
G1 F9023.957
G1 X117.246 Y110.229 E.00836
G1 X117.82 Y110.619 E.02301
G1 X117.959 Y110.734 E.00599
G1 X118.125 Y110.969 E.00954
G1 X118.196 Y111.171 E.0071
G1 X118.331 Y111.036 E.00631
G1 X118.249 Y108.964 E.0688
G1 X119.326 Y107.887 E.05053
G1 X121.399 Y107.968 E.0688
G1 X122.476 Y106.891 E.05053
G1 X122.394 Y104.819 E.0688
G1 X122.785 Y104.428 E.01834
G1 X122.348 Y103.996 E.02038
G1 X121.867 Y103.648 E.01969
G1 X121.675 Y103.548 E.0072
G1 X121.399 Y103.823 E.01294
G1 X119.326 Y103.742 E.0688
G1 X118.249 Y104.819 E.05053
G1 X118.331 Y106.891 E.0688
G1 X117.254 Y107.968 E.05053
G1 X115.826 Y107.912 E.04741
G1 X115.739 Y107.425 E.01642
G1 X115.731 Y106.837 E.01948
G1 X115.803 Y106.296 E.01812
G1 X123.698 Y106.278 F9000
G1 F9023.957
G1 X123.772 Y106.838 E.01874
G1 X123.764 Y107.433 E.01976
G1 X123.691 Y107.895 E.01552
G1 X123.471 Y107.887 E.00728
G1 X122.394 Y108.964 E.05053
G1 X122.438 Y110.071 E.03676
G1 X122.003 Y110.416 E.0184
G1 X121.684 Y110.617 E.01251
G1 X121.544 Y110.734 E.00607
G1 X121.377 Y110.969 E.00954
G1 X121.307 Y111.161 E.00678
G1 X121.282 Y111.373 E.00708
G1 X121.282 Y112.109 E.02442
G1 X119.326 Y112.032 E.06492
G1 X118.249 Y113.109 E.05053
G1 X118.331 Y115.181 E.0688
G1 X118.221 Y115.291 E.00516
G1 X118.221 Y116.821 E.05076
G1 X119.911 Y118.105 F9000
G1 F9023.957
G1 X118.283 Y118.105 E.05401
G1 X118.249 Y117.254 E.02826
G1 X119.326 Y116.177 E.05053
G1 X121.282 Y116.254 E.06492
G1 X121.282 Y114.626 E.05401
G1 E-.93404 F2400
;WIPE_START
G1 F9023.957
G1 X121.282 Y115.626 E-.26596
;WIPE_END
G17
G3 Z3.4 I.201 J-1.2 P1  F9000
G1 X98.478 Y111.814 Z3.4
G1 Z3
G1 E1.2 F1800
M204 P2000
;TYPE:Inner wall
;WIDTH:0.449999
G1 F5400
G1 X98.467 Y117.849 E.20018
G1 X98.425 Y118.14 E.00977
G1 X98.233 Y118.362 E.00972
G1 X97.907 Y118.451 E.0112
G1 X95.877 Y118.451 E.06736
G1 X95.94 Y108.817 E.31957
;WIDTH:0.486932
G1 X95.965 Y108.567 E.00911
;WIDTH:0.523864
G1 X95.991 Y108.316 E.00987
;WIDTH:0.560796
G1 X96.016 Y108.065 E.01063
;WIDTH:0.548628
G1 X96.14 Y108.464 E.01721
;WIDTH:0.499314
G1 X96.264 Y108.863 E.01553
;WIDTH:0.449999
G1 X96.579 Y109.634 E.02765
G1 X97.001 Y110.353 E.02764
G1 X97.523 Y111.003 E.02764
G1 X98.07 Y111.52 E.02499
G1 X98.446 Y111.791 E.01534
G1 E-.84 F2400
;WIPE_START
G1 F5400
G1 X98.449 Y112.791 E-.36
;WIPE_END
G17
G3 Z3.4 I1.146 J-.409 P1  F9000
G1 X96.021 Y105.991 Z3.4
G1 Z3
G1 E1.2 F1800
;WIDTH:0.57394
G1 F5400
G1 X96.004 Y105.878 E.00491
;WIDTH:0.539084
G1 X95.985 Y105.503 E.01518
;WIDTH:0.494542
G1 X95.965 Y105.128 E.01382
;WIDTH:0.449999
G1 X95.988 Y101.548 E.11877
G1 X100.066 Y101.551 E.13526
G1 X99.289 Y101.854 E.02765
G1 X98.563 Y102.263 E.02764
G1 X97.967 Y102.717 E.02487
G1 X97.137 Y103.613 E.04051
G1 X96.631 Y104.41 E.03131
G1 X96.301 Y105.175 E.02764
;WIDTH:0.491313
G1 X96.208 Y105.447 E.0105
;WIDTH:0.532627
G1 X96.114 Y105.719 E.01147
;WIDTH:0.57394
G1 X96.034 Y105.953 E.0107
G1 E-.84 F2400
;WIPE_START
G1 F5400
G1 X96.004 Y105.878 E-.02882
G1 X95.985 Y105.503 E-.1352
G1 X95.965 Y105.128 E-.1352
G1 X95.966 Y104.959 E-.06079
;WIPE_END
G17
G3 Z3.4 I-.139 J1.209 P1  F9000
G1 X107.561 Y106.291 Z3.4
G1 Z3
G1 E1.2 F1800
;WIDTH:0.62804
G1 F5400
G1 X107.496 Y106.092 E.01
;WIDTH:0.58353
G1 X107.432 Y105.892 E.00924
;WIDTH:0.53902
G1 X107.368 Y105.692 E.00848
;WIDTH:0.49451
G1 X107.303 Y105.493 E.00772
;WIDTH:0.449999
G1 X107.018 Y104.71 E.02764
G1 X106.623 Y103.976 E.02765
G1 X106.003 Y103.182 E.03342
G1 X105.538 Y102.717 E.02182
G1 X104.871 Y102.217 E.02765
G1 X104.139 Y101.819 E.02764
G1 X103.438 Y101.551 E.02487
G1 X107.65 Y101.548 E.13969
G1 X107.65 Y105.542 E.13248
;WIDTH:0.49451
G1 X107.627 Y105.729 E.00695
;WIDTH:0.53902
G1 X107.605 Y105.916 E.00763
;WIDTH:0.58353
G1 X107.583 Y106.104 E.00832
;WIDTH:0.62804
G1 X107.565 Y106.252 E.00709
G1 E-.84 F2400
;WIPE_START
G1 F5400
G1 X107.496 Y106.092 E-.06269
G1 X107.432 Y105.892 E-.07549
G1 X107.368 Y105.692 E-.07549
G1 X107.303 Y105.493 E-.07549
G1 X107.236 Y105.308 E-.07085
;WIPE_END
G17
G3 Z3.4 I-1.152 J-.391 P1  F9000
G1 X105.026 Y111.814 Z3.4
G1 Z3
G1 E1.2 F1800
;WIDTH:0.449999
G1 F5400
G1 X105.438 Y111.516 E.01685
G1 X106.038 Y110.941 E.02758
G1 X106.549 Y110.286 E.02756
G1 X106.911 Y109.658 E.02405
G1 X107.266 Y108.783 E.03131
;WIDTH:0.490654
G1 X107.322 Y108.634 E.00582
;WIDTH:0.531309
G1 X107.379 Y108.484 E.00635
;WIDTH:0.571963
G1 X107.435 Y108.335 E.00688
;WIDTH:0.612618
G1 X107.491 Y108.186 E.00741
;WIDTH:0.653272
G1 X107.548 Y108.036 E.00794
G1 X107.559 Y108.079 E.00217
;WIDTH:0.631644
G1 X107.581 Y108.266 E.00906
;WIDTH:0.586233
G1 X107.604 Y108.453 E.00836
;WIDTH:0.540822
G1 X107.627 Y108.641 E.00766
;WIDTH:0.495411
G1 X107.65 Y108.828 E.00696
;WIDTH:0.449999
G1 X107.65 Y118.451 E.31919
G1 X106.343 Y118.451 E.04336
G1 X105.404 Y118.423 E.03114
G1 X105.159 Y118.264 E.0097
G1 X105.037 Y117.998 E.00972
G1 X105.026 Y111.854 E.20379
G1 X104.612 Y111.6 F9000
M204 P1000
;TYPE:Outer wall
;WIDTH:0.419999
G1 F3600
G1 X105.154 Y111.216 E.0204
G1 X105.713 Y110.684 E.02372
G1 X106.192 Y110.077 E.02377
G1 X106.529 Y109.499 E.02054
G1 X106.863 Y108.686 E.02701
G1 X107.042 Y107.934 E.02378
G1 X107.111 Y107.163 E.02378
G1 X107.068 Y106.39 E.02378
G1 X106.914 Y105.632 E.02378
G1 X106.652 Y104.903 E.02378
G1 X106.289 Y104.22 E.02378
G1 X105.708 Y103.472 E.02912
G1 X105.287 Y103.046 E.01839
G1 X104.67 Y102.579 E.02378
G1 X103.993 Y102.205 E.02378
G1 X103.268 Y101.934 E.02378
;WIDTH:0.455875
G1 X103.017 Y101.861 E.00879
;WIDTH:0.49175
G1 X102.767 Y101.788 E.00955
;WIDTH:0.527625
G1 X102.516 Y101.715 E.01031
G1 X101.737 Y101.675 E.0308
;WIDTH:0.524806
G1 X100.957 Y101.721 E.03068
G1 X100.709 Y101.794 E.01015
;WIDTH:0.489871
G1 X100.461 Y101.867 E.00942
;WIDTH:0.454935
G1 X100.213 Y101.94 E.00868
;WIDTH:0.419999
G1 X99.49 Y102.216 E.02378
G1 X98.814 Y102.592 E.02378
G1 X98.217 Y103.046 E.02304
G1 X97.484 Y103.837 E.03313
G1 X97.01 Y104.577 E.02701
G1 X96.7 Y105.286 E.02378
G1 X96.494 Y106.037 E.02392
G1 X96.394 Y107.067 E.0318
G1 X96.466 Y107.957 E.02745
G1 X96.648 Y108.709 E.02378
G1 X96.937 Y109.427 E.02378
G1 X97.326 Y110.096 E.02378
G1 X97.807 Y110.702 E.02378
G1 X98.37 Y111.232 E.02377
G1 X98.892 Y111.6 E.01961
G1 X98.88 Y118.058 E.19842
G1 X98.805 Y118.314 E.00821
G1 X98.661 Y118.538 E.0082
G1 X98.459 Y118.713 E.0082
G1 X98.216 Y118.824 E.0082
G1 X97.937 Y118.864 E.00867
G1 X95.461 Y118.864 E.0761
G1 X95.578 Y101.134 E.5448
G1 X100.149 Y101.134 E.14047
;WIDTH:0.455875
G1 X100.423 Y101.152 E.00922
;WIDTH:0.491751
G1 X100.696 Y101.17 E.01002
;WIDTH:0.527627
G1 X100.969 Y101.188 E.01082
G1 X101.785 Y101.175 E.03223
;WIDTH:0.532724
G1 X102.605 Y101.191 E.03274
G1 X102.855 Y101.172 E.01
;WIDTH:0.495149
G1 X103.105 Y101.153 E.00924
;WIDTH:0.457574
G1 X103.355 Y101.134 E.00847
;WIDTH:0.419999
G1 X108.063 Y101.134 E.14467
G1 X108.063 Y118.864 E.54479
G1 X105.638 Y118.864 E.07452
G1 X105.286 Y118.823 E.0109
G1 X105.043 Y118.712 E.00819
G1 X104.842 Y118.537 E.00819
G1 X104.699 Y118.313 E.00819
G1 X104.624 Y118.057 E.00819
G1 X104.612 Y111.64 E.19719
G1 E-.84 F2400
;WIPE_START
G1 F3600
G1 X105.154 Y111.216 E-.24759
G1 X105.38 Y111.001 E-.11241
;WIPE_END
G17
G3 Z3.4 I1.104 J.511 P1  F9000
G1 X107.561 Y106.291 Z3.4
G1 Z3
G1 E1.2 F1800
M204 P2000
;TYPE:Inner wall
;WIDTH:0.62804
G1 F5400
G1 X107.567 Y106.388 E.0046
;WIDTH:0.615906
G1 X107.586 Y107.23 E.03936
;WIDTH:0.615405
G1 X107.567 Y107.633 E.01882
;WIDTH:0.653272
G1 X107.548 Y108.036 E.02006
G1 E-.84 F2400
;WIPE_START
G1 F5400
G1 X107.567 Y107.633 E-.14523
G1 X107.586 Y107.23 E-.14523
G1 X107.581 Y107.037 E-.06954
;WIPE_END
G17
G3 Z3.4 I-.103 J-1.213 P1  F9000
G1 X96.001 Y108.024 Z3.4
G1 Z3
G1 E1.2 F1800
;WIDTH:0.560796
G1 F5400
G1 X95.983 Y107.544 E.02029
;WIDTH:0.521228
G1 X95.965 Y107.063 E.01874
;WIDTH:0.5278
G1 X95.993 Y106.527 E.02122
;WIDTH:0.57394
G1 X96.021 Y105.991 E.02324
G1 X96.275 Y110.475 F9000
M204 P2500
;TYPE:Sparse infill
;WIDTH:0.45
G1 F9023.957
G1 X96.265 Y112.103 E.05401
G1 X96.529 Y112.113 E.00876
G1 X97.343 Y111.3 E.03818
G1 X97.84 Y111.778 E.02289
G1 X98.132 Y111.992 E.012
G1 X98.131 Y112.502 E.01693
G1 X97.524 Y113.109 E.02846
G1 X97.606 Y115.181 E.0688
G1 X96.529 Y116.258 E.05053
G1 X96.237 Y116.247 E.00967
G1 X96.225 Y118.105 E.06163
G1 X97.558 Y118.105 E.0442
G1 X97.524 Y117.254 E.02825
G1 X98.123 Y116.654 E.02812
G1 X98.126 Y115.026 E.05401
G1 E-.93404 F2400
;WIPE_START
G1 F9023.957
G1 X98.124 Y116.026 E-.26596
;WIPE_END
G17
G3 Z3.4 I.191 J1.202 P1  F9000
G1 X107.304 Y114.565 Z3.4
G1 Z3
G1 E1.2 F1800
G1 F9023.957
G1 X107.304 Y116.193 E.05401
G1 X106.891 Y116.177 E.01369
G1 X105.814 Y117.254 E.05053
G1 X105.848 Y118.105 E.02825
G1 X105.619 Y118.105 E.00758
G1 X105.46 Y118.068 E.00544
G1 X105.397 Y117.995 E.00318
G1 X105.383 Y117.948 E.00164
G1 X105.379 Y115.698 E.07462
G1 X105.896 Y115.181 E.02425
G1 X105.814 Y113.109 E.0688
G1 X106.891 Y112.032 E.05053
G1 X107.304 Y112.048 E.01369
G1 X107.304 Y110.42 E.05401
G1 X107.258 Y104.355 F9000
;TYPE:Internal solid infill
;WIDTH:0.419999
G1 F9741.91
G1 X107.258 Y101.94 E.07419
G1 X105.162 Y101.94 E.06439
G1 X105.775 Y102.405 E.02364
G1 X106.497 Y103.141 E.0317
G1 X107 Y103.842 E.02651
G1 X107.24 Y104.319 E.01639
G1 X106.877 Y103.018 F9000
;WIDTH:0.426683
G1 F9572.234
G1 X106.877 Y102.32 E.02181
G1 X106.228 Y102.32 E.0203
G1 X106.75 Y102.852 E.02331
G1 X106.853 Y102.986 E.00527
G1 E-.94927 F2400
;WIPE_START
G1 F9572.234
G1 X106.75 Y102.852 E-.04224
G1 X106.228 Y102.32 E-.18691
G1 X106.314 Y102.32 E-.02157
;WIPE_END
G17
G3 Z3.4 I.058 J-1.216 P1  F9000
G1 X98.34 Y101.94 Z3.4
G1 Z3
G1 E1.2 F1800
;WIDTH:0.419999
G1 F9741.91
G1 X96.378 Y101.94 E.06029
G1 X96.364 Y104.089 E.06604
G1 X96.892 Y103.29 E.02944
G1 X97.706 Y102.425 E.0365
G1 X98.308 Y101.964 E.02329
G1 X97.32 Y102.304 F9000
;WIDTH:0.393485
G1 F10478.711
G1 X96.739 Y102.304 E.0166
G1 X96.735 Y102.923 E.01768
G1 X97.293 Y102.333 E.02319
; stop printing object sandbox.stl id:15 copy 0
;LAYER_CHANGE
;Z:3.2
;HEIGHT:0.2
;BEFORE_LAYER_CHANGE
;3.2
G92 E0

G1 E-.97096 F2400
;WIPE_START
G1 F10478.711
G1 X96.735 Y102.923 E-.18592
G1 X96.736 Y102.734 E-.04312
;WIPE_END
;_SET_FAN_SPEED_CHANGING_LAYER
; printing object sandbox.stl id:15 copy 0
G17
G3 Z3.6 I-.445 J1.133 P1  F9000
G1 X117.684 Y110.974 Z3.6
G1 Z3.2
G1 E1.2 F1800
M204 P2000
;TYPE:Inner wall
;WIDTH:0.449999
G1 F5400
G1 X117.62 Y110.901 E.00322
G1 X117.031 Y110.501 E.02364
G1 X116.557 Y110.064 E.02137
G1 X116.152 Y109.562 E.02138
G1 X115.826 Y109.006 E.02138
G1 X115.588 Y108.417 E.02109
G1 X115.403 Y107.527 E.03015
G1 X115.385 Y106.814 E.02367
G1 X115.468 Y106.187 E.02098
G1 X115.747 Y105.322 E.03015
G1 X116.078 Y104.7 E.02337
G1 X116.648 Y103.996 E.03004
G1 X117.181 Y103.536 E.02337
G1 X117.966 Y103.084 E.03004
G1 X118.638 Y102.844 E.02367
G1 X119.26 Y102.729 E.02098
G1 X120.168 Y102.723 E.03015
G1 X120.871 Y102.846 E.02367
G1 X121.478 Y103.055 E.02128
G1 X122.05 Y103.352 E.02138
G1 X122.572 Y103.731 E.02139
G1 X123.033 Y104.181 E.02138
G1 X123.417 Y104.688 E.02109
G1 X123.829 Y105.498 E.03015
G1 X124.034 Y106.181 E.02367
G1 X124.078 Y106.511 E.01103
G1 X124.109 Y107.462 E.03158
G1 X124.02 Y108.022 E.0188
G1 X123.807 Y108.715 E.02404
G1 X123.524 Y109.29 E.02128
G1 X123.157 Y109.821 E.02138
G1 X122.717 Y110.291 E.02139
G1 X122.387 Y110.553 E.01398
G1 X121.882 Y110.901 E.02032
G1 X121.687 Y111.125 E.00987
G1 X121.628 Y111.381 E.00872
G1 X121.628 Y118.077 E.22212
G1 X121.68 Y118.452 E.01254
G1 X117.823 Y118.451 E.12796
G1 X117.875 Y118.076 E.01256
G1 X117.875 Y111.381 E.22207
G1 X117.815 Y111.125 E.00872
G1 X117.71 Y111.004 E.00532
G1 X117.388 Y111.243 F9000
M204 P1000
;TYPE:Outer wall
;WIDTH:0.419999
G1 F3600
G1 X116.773 Y110.826 E.02284
G1 X116.254 Y110.347 E.02168
G1 X115.811 Y109.798 E.02169
G1 X115.454 Y109.189 E.02169
G1 X115.191 Y108.537 E.02161
G1 X114.991 Y107.575 E.0302
G1 X114.97 Y106.792 E.02407
G1 X115.063 Y106.096 E.02158
G1 X115.364 Y105.16 E.0302
G1 X115.732 Y104.471 E.02399
G1 X116.349 Y103.707 E.03018
G1 X116.941 Y103.197 E.02399
G1 X117.792 Y102.707 E.03018
G1 X118.53 Y102.444 E.02407
G1 X119.22 Y102.315 E.02158
G1 X120.203 Y102.309 E.0302
G1 X120.975 Y102.444 E.02407
G1 X121.641 Y102.674 E.02166
G1 X122.267 Y103 E.02169
G1 X122.839 Y103.414 E.02169
G1 X123.344 Y103.907 E.02169
G1 X123.769 Y104.467 E.02161
G1 X124.214 Y105.343 E.0302
G1 X124.439 Y106.094 E.02407
G1 X124.533 Y106.793 E.02166
G1 X124.522 Y107.498 E.02168
G1 X124.424 Y108.116 E.01923
G1 X124.193 Y108.868 E.02417
G1 X123.881 Y109.5 E.02166
G1 X123.48 Y110.081 E.02169
G1 X122.998 Y110.596 E.02169
G1 X122.644 Y110.877 E.01389
G1 X122.103 Y111.252 E.02022
G1 X122.041 Y111.381 E.00441
G1 X122.041 Y118.077 E.20575
G1 X122.094 Y118.424 E.01078
G1 X122.342 Y118.865 E.01554
G1 X117.161 Y118.864 E.15919
G1 X117.389 Y118.479 E.01376
G1 X117.461 Y118.076 E.01258
G1 X117.461 Y111.348 E.20672
G1 X117.411 Y111.276 E.00271
G1 E-.84 F2400
;WIPE_START
G1 F3600
G1 X116.773 Y110.826 E-.28108
G1 X116.612 Y110.677 E-.07892
;WIPE_END
G1 Z3.6 F9000
G1 X115.934 Y108.303 Z3.6
G1 Z3.2
G1 E1.2 F1800
M204 P2500
;TYPE:Internal solid infill
;WIDTH:0.383126
G1 F10797.781
G1 X116.147 Y108.835 E.0159
G1 X116.445 Y109.346 E.01639
G1 X116.814 Y109.807 E.01639
G1 X117.247 Y110.209 E.01637
G1 X117.823 Y110.602 E.01933
G1 X118.139 Y110.962 E.01327
G1 X118.236 Y111.381 E.01194
G1 X118.236 Y117.932 E.18159
G1 X118.264 Y118.063 E.00371
G1 X118.394 Y118.09 E.00371
G1 X121.108 Y118.09 E.07523
G1 X121.239 Y118.063 E.00371
G1 X121.266 Y117.932 E.00371
G1 X121.266 Y111.381 E.1816
G1 X121.376 Y110.944 E.01249
G1 X121.561 Y110.703 E.00843
G1 X121.992 Y110.405 E.01452
G1 X122.462 Y110.032 E.01664
G1 X122.867 Y109.602 E.01639
G1 X123.205 Y109.116 E.01639
G1 X123.467 Y108.587 E.01638
G1 X123.645 Y108.023 E.01639
G1 X123.746 Y107.443 E.01632
G1 X123.757 Y106.85 E.01644
G1 X123.68 Y106.264 E.01639
G1 X123.515 Y105.696 E.01639
G1 X123.267 Y105.166 E.01624
G1 X123.104 Y104.884 E.00903
G1 X122.754 Y104.427 E.01595
G1 X122.334 Y104.012 E.01636
G1 X121.856 Y103.666 E.01637
G1 X121.332 Y103.393 E.01637
G1 X120.779 Y103.202 E.01622
G1 X120.138 Y103.088 E.01806
G1 X119.303 Y103.09 E.02315
G1 X118.744 Y103.193 E.01576
G1 X118.126 Y103.41 E.01814
G1 X117.665 Y103.662 E.01458
G1 X117.134 Y104.045 E.01814
G1 X116.758 Y104.419 E.01469
G1 X116.396 Y104.88 E.01625
G1 X116.084 Y105.455 E.01814
G1 X115.91 Y105.957 E.01472
G1 X115.782 Y106.534 E.01638
G1 X115.747 Y107.123 E.01636
G1 X115.801 Y107.711 E.01637
G1 X115.925 Y108.264 E.01573
G1 X116.186 Y106.318 F9000
;TYPE:Sparse infill
;WIDTH:0.45
G1 F9023.957
G1 X116.134 Y106.592 E.00926
G1 X116.102 Y107.129 E.01783
G1 X116.15 Y107.665 E.01785
G1 X116.213 Y107.929 E.00902
G1 X117.254 Y107.615 E.03606
G1 X117.977 Y106.891 E.03395
G1 X118.603 Y104.819 E.07181
G1 X119.326 Y104.095 E.03395
G1 X120.912 Y103.617 E.05493
G1 X121.435 Y103.837 E.01882
G1 X121.892 Y104.119 E.01784
G1 X122.305 Y104.467 E.01792
G1 X122.489 Y104.661 E.00885
G1 X122.708 Y104.95 E.01204
G1 X122.122 Y106.891 E.06726
G1 X121.399 Y107.615 E.03395
G1 X119.326 Y108.24 E.07181
G1 X118.603 Y108.964 E.03395
G1 X118.165 Y110.415 E.05028
G1 X118.238 Y110.476 E.00317
G1 X118.462 Y110.792 E.01285
G1 X118.564 Y111.073 E.0099
G1 X118.598 Y111.35 E.00927
G1 X118.598 Y113.124 E.05885
G1 X119.326 Y112.385 E.03442
G1 X120.905 Y111.909 E.05469
G1 X120.905 Y111.35 E.01854
G1 X120.938 Y111.073 E.00927
G1 X121.04 Y110.792 E.0099
G1 X121.264 Y110.476 E.01285
G1 X121.462 Y110.311 E.00854
G1 X121.785 Y110.108 E.01266
G1 X122.225 Y109.758 E.01865
G1 X122.593 Y109.366 E.01784
G1 X122.652 Y109.279 E.00348
G1 X122.748 Y108.964 E.01093
G1 X123.006 Y108.706 E.01209
G1 X123.136 Y108.441 E.0098
G1 X123.314 Y107.858 E.0202
G1 X123.387 Y107.4 E.0154
G1 X123.391 Y107.141 E.00859
G1 X120.905 Y114.426 F9000
G1 F9023.957
G1 X120.905 Y116.054 E.05401
G1 X119.326 Y116.53 E.05469
G1 X118.603 Y117.254 E.03395
G1 X118.598 Y117.728 E.01574
G1 X119.767 Y117.728 E.03879
G1 E-.93404 F2400
;WIPE_START
G1 F9023.957
G1 X118.767 Y117.728 E-.26596
;WIPE_END
G17
G3 Z3.6 I.34 J-1.169 P1  F9000
G1 X98.478 Y111.828 Z3.6
G1 Z3.2
G1 E1.2 F1800
M204 P2000
;TYPE:Inner wall
;WIDTH:0.449999
G1 F5400
G1 X98.467 Y117.849 E.19972
G1 X98.425 Y118.14 E.00977
G1 X98.233 Y118.362 E.00972
G1 X97.907 Y118.451 E.0112
G1 X95.877 Y118.451 E.06736
G1 X95.938 Y109.244 E.30542
;WIDTH:0.497026
G1 X95.962 Y109.032 E.00788
;WIDTH:0.544053
G1 X95.987 Y108.821 E.00869
;WIDTH:0.59108
G1 X96.012 Y108.61 E.00951
;WIDTH:0.638106
G1 X96.037 Y108.398 E.01032
G1 X96.081 Y108.484 E.00466
;WIDTH:0.59276
G1 X96.19 Y108.74 E.01247
;WIDTH:0.545173
G1 X96.298 Y108.996 E.01139
;WIDTH:0.497586
G1 X96.406 Y109.253 E.01031
;WIDTH:0.449999
G1 X96.734 Y109.921 E.02469
G1 X97.25 Y110.687 E.03065
G1 X97.757 Y111.24 E.02487
G1 X98.447 Y111.803 E.02954
G1 E-.84 F2400
;WIPE_START
G1 F5400
G1 X98.45 Y112.803 E-.36
;WIPE_END
G17
G3 Z3.6 I1.147 J-.408 P1  F9000
G1 X96.022 Y105.972 Z3.6
G1 Z3.2
G1 E1.2 F1800
;WIDTH:0.575876
G1 F5400
G1 X96.008 Y105.878 E.00411
;WIDTH:0.546296
G1 X95.986 Y105.503 E.01541
;WIDTH:0.498148
G1 X95.965 Y105.128 E.01394
;WIDTH:0.449999
G1 X95.988 Y101.548 E.11877
G1 X100.066 Y101.551 E.13526
G1 X99.289 Y101.854 E.02765
G1 X98.563 Y102.263 E.02764
G1 X97.967 Y102.717 E.02487
G1 X97.124 Y103.628 E.04117
G1 X96.631 Y104.41 E.03065
G1 X96.301 Y105.175 E.02764
;WIDTH:0.491958
G1 X96.208 Y105.441 E.0103
;WIDTH:0.533917
G1 X96.115 Y105.706 E.01126
;WIDTH:0.575876
G1 X96.035 Y105.934 E.01049
G1 E-.84 F2400
;WIPE_START
G1 F5400
G1 X96.008 Y105.878 E-.02241
G1 X95.986 Y105.503 E-.13524
G1 X95.965 Y105.128 E-.13524
G1 X95.966 Y104.942 E-.06711
;WIPE_END
G17
G3 Z3.6 I-.107 J1.212 P1  F9000
G1 X107.534 Y105.965 Z3.6
G1 Z3.2
G1 E1.2 F1800
;WIDTH:0.680904
G1 F5400
G1 X107.51 Y105.92 E.00267
;WIDTH:0.651544
G1 X107.486 Y105.875 E.00255
;WIDTH:0.622183
G1 X107.408 Y105.68 E.00989
;WIDTH:0.579137
G1 X107.33 Y105.486 E.00916
;WIDTH:0.536091
G1 X107.253 Y105.291 E.00842
;WIDTH:0.493045
G1 X107.175 Y105.096 E.00769
;WIDTH:0.449999
G1 X106.824 Y104.321 E.02822
G1 X106.246 Y103.458 E.03446
G1 X105.538 Y102.717 E.03402
G1 X104.871 Y102.217 E.02765
G1 X104.139 Y101.819 E.02764
G1 X103.438 Y101.551 E.02487
G1 X107.65 Y101.548 E.13969
G1 X107.65 Y105.114 E.11831
;WIDTH:0.49618
G1 X107.627 Y105.285 E.00634
;WIDTH:0.542361
G1 X107.603 Y105.455 E.00699
;WIDTH:0.588542
G1 X107.58 Y105.625 E.00764
;WIDTH:0.634723
G1 X107.557 Y105.795 E.00828
;WIDTH:0.680904
G1 X107.54 Y105.926 E.00685
G1 E-.84 F2400
;WIPE_START
G1 F5400
G1 X107.51 Y105.92 E-.01079
G1 X107.486 Y105.875 E-.01848
G1 X107.408 Y105.68 E-.07546
G1 X107.33 Y105.486 E-.07546
G1 X107.253 Y105.291 E-.07546
G1 X107.175 Y105.096 E-.07546
G1 X107.142 Y105.023 E-.02889
;WIPE_END
G17
G3 Z3.6 I-1.162 J-.362 P1  F9000
G1 X105.026 Y111.814 Z3.6
G1 Z3.2
G1 E1.2 F1800
;WIDTH:0.449999
G1 F5400
G1 X105.449 Y111.505 E.01736
G1 X106.22 Y110.732 E.03623
G1 X106.769 Y109.929 E.03228
G1 X107.128 Y109.176 E.02765
;WIDTH:0.496357
G1 X107.192 Y109.049 E.00527
;WIDTH:0.542714
G1 X107.255 Y108.921 E.00581
;WIDTH:0.589071
G1 X107.319 Y108.793 E.00635
;WIDTH:0.635428
G1 X107.383 Y108.666 E.00689
;WIDTH:0.681785
G1 X107.447 Y108.538 E.00743
;WIDTH:0.728142
G1 F5360.992
G1 X107.511 Y108.41 E.00797
G1 X107.528 Y108.459 E.00288
;WIDTH:0.694088
G1 F5400
G1 X107.545 Y108.508 E.00273
;WIDTH:0.660033
G1 X107.566 Y108.658 E.00761
;WIDTH:0.618027
G1 X107.587 Y108.808 E.0071
;WIDTH:0.57602
G1 X107.608 Y108.957 E.00658
;WIDTH:0.534013
G1 X107.629 Y109.107 E.00606
;WIDTH:0.492006
G1 X107.65 Y109.257 E.00554
;WIDTH:0.449999
G1 X107.65 Y118.451 E.30496
G1 X106.343 Y118.451 E.04336
G1 X105.404 Y118.423 E.03114
G1 X105.159 Y118.264 E.0097
G1 X105.037 Y117.998 E.00972
G1 X105.026 Y111.854 E.20379
G1 X104.612 Y111.6 F9000
M204 P1000
;TYPE:Outer wall
;WIDTH:0.419999
G1 F3600
G1 X105.156 Y111.214 E.02049
G1 X105.899 Y110.467 E.03238
G1 X106.397 Y109.748 E.02687
G1 X106.734 Y109.051 E.02378
G1 X106.967 Y108.313 E.02378
G1 X107.091 Y107.549 E.02378
G1 X107.103 Y106.776 E.02378
G1 X107.005 Y106.008 E.02378
G1 X106.796 Y105.263 E.02378
G1 X106.48 Y104.551 E.02393
G1 X105.903 Y103.688 E.03192
G1 X105.287 Y103.046 E.02732
G1 X104.67 Y102.579 E.02378
G1 X103.993 Y102.205 E.02378
G1 X103.268 Y101.934 E.02378
;WIDTH:0.455875
G1 X103.017 Y101.861 E.00879
;WIDTH:0.491751
G1 X102.767 Y101.788 E.00955
;WIDTH:0.527627
G1 X102.516 Y101.715 E.01031
G1 X101.737 Y101.675 E.0308
;WIDTH:0.524806
G1 X100.957 Y101.721 E.03068
G1 X100.709 Y101.794 E.01015
;WIDTH:0.489871
G1 X100.461 Y101.867 E.00942
;WIDTH:0.454935
G1 X100.213 Y101.94 E.00868
;WIDTH:0.419999
G1 X99.49 Y102.216 E.02378
G1 X98.814 Y102.592 E.02378
G1 X98.217 Y103.046 E.02304
G1 X97.473 Y103.852 E.03371
G1 X97.01 Y104.577 E.02643
G1 X96.7 Y105.286 E.02378
G1 X96.495 Y106.032 E.02378
G1 X96.4 Y106.8 E.02378
G1 X96.416 Y107.573 E.02378
G1 X96.543 Y108.337 E.02378
G1 X96.779 Y109.074 E.02377
G1 X97.078 Y109.692 E.02112
G1 X97.555 Y110.408 E.02643
G1 X98.062 Y110.961 E.02304
G1 X98.892 Y111.604 E.03227
G1 X98.88 Y118.058 E.1983
G1 X98.805 Y118.314 E.00821
G1 X98.661 Y118.538 E.0082
G1 X98.459 Y118.713 E.0082
G1 X98.216 Y118.824 E.0082
G1 X97.937 Y118.864 E.00867
G1 X95.461 Y118.864 E.0761
G1 X95.578 Y101.134 E.5448
G1 X100.149 Y101.134 E.14047
;WIDTH:0.455875
G1 X100.423 Y101.152 E.00922
;WIDTH:0.491751
G1 X100.696 Y101.17 E.01002
;WIDTH:0.527627
G1 X100.969 Y101.188 E.01082
G1 X101.785 Y101.175 E.03223
;WIDTH:0.532725
G1 X102.605 Y101.191 E.03274
G1 X102.855 Y101.172 E.01
;WIDTH:0.49515
G1 X103.105 Y101.153 E.00924
;WIDTH:0.457575
G1 X103.355 Y101.134 E.00847
;WIDTH:0.419999
G1 X108.063 Y101.134 E.14467
G1 X108.063 Y118.864 E.54479
G1 X105.638 Y118.864 E.07452
G1 X105.286 Y118.823 E.0109
G1 X105.043 Y118.712 E.00819
G1 X104.842 Y118.537 E.00819
G1 X104.699 Y118.313 E.00819
G1 X104.624 Y118.057 E.00819
G1 X104.612 Y111.64 E.19719
G1 E-.84 F2400
;WIPE_START
G1 F3600
G1 X105.156 Y111.214 E-.24867
G1 X105.374 Y110.995 E-.11133
;WIPE_END
G17
G3 Z3.6 I1.118 J.48 P1  F9000
G1 X107.534 Y105.965 Z3.6
G1 Z3.2
G1 E1.2 F1800
M204 P2000
;TYPE:Inner wall
;WIDTH:0.680904
G1 F5400
G1 X107.559 Y106.387 E.02196
;WIDTH:0.6312
G1 X107.584 Y106.809 E.02025
;WIDTH:0.604196
G1 X107.572 Y107.653 E.03862
;WIDTH:0.645512
G1 X107.552 Y107.906 E.01244
;WIDTH:0.686827
G1 X107.531 Y108.158 E.01329
;WIDTH:0.728142
G1 F5360.992
G1 X107.511 Y108.41 E.01414
G1 E-.84 F2400
;WIPE_START
G1 F5360.992
G1 X107.531 Y108.158 E-.09117
G1 X107.552 Y107.906 E-.09117
G1 X107.572 Y107.653 E-.09117
G1 X107.576 Y107.413 E-.08648
;WIPE_END
G17
G3 Z3.6 I-.104 J-1.213 P1  F9000
G1 X96.037 Y108.398 Z3.6
G1 Z3.2
G1 E1.2 F1800
;WIDTH:0.638106
G1 F5400
G1 X96.018 Y108.147 E.01221
;WIDTH:0.595404
G1 X95.998 Y107.896 E.01133
;WIDTH:0.552702
G1 X95.978 Y107.645 E.01045
;WIDTH:0.51
G1 X95.97 Y106.808 E.03188
;WIDTH:0.529135
G1 X95.996 Y106.39 E.01659
;WIDTH:0.575876
G1 X96.022 Y105.972 E.01818
G1 X98.34 Y101.94 F9000
M204 P2500
;TYPE:Internal solid infill
;WIDTH:0.419999
G1 F9741.91
G1 X96.378 Y101.94 E.06029
G1 X96.364 Y104.089 E.06604
G1 X96.88 Y103.306 E.02882
G1 X97.706 Y102.425 E.03711
G1 X98.308 Y101.964 E.0233
G1 X97.32 Y102.304 F9000
;WIDTH:0.393833
G1 F10468.321
G1 X96.739 Y102.304 E.01661
G1 X96.735 Y102.924 E.01774
G1 X97.293 Y102.333 E.02324
G1 E-.97074 F2400
;WIPE_START
G1 F10468.321
G1 X96.735 Y102.924 E-.18633
G1 X96.737 Y102.737 E-.04294
;WIPE_END
G17
G3 Z3.6 I-.18 J1.204 P1  F9000
G1 X107.258 Y104.311 Z3.6
G1 Z3.2
G1 E1.2 F1800
;WIDTH:0.419999
G1 F9741.91
G1 X107.258 Y101.94 E.07286
G1 X105.162 Y101.94 E.06439
G1 X105.775 Y102.405 E.02364
G1 X106.573 Y103.241 E.03554
G1 X107.24 Y104.275 E.0378
G1 X106.875 Y103.009 F9000
;WIDTH:0.430451
G1 F9479.162
G1 X106.875 Y102.322 E.02169
G1 X106.228 Y102.322 E.02043
G1 X106.85 Y102.978 E.02854
G1 X107.304 Y110.632 F9000
;TYPE:Sparse infill
;WIDTH:0.45
G1 F9023.957
G1 X107.304 Y112.261 E.05401
G1 X106.891 Y112.385 E.01429
G1 X106.168 Y113.109 E.03395
G1 X105.542 Y115.181 E.07181
G1 X105.378 Y115.345 E.00769
G1 X105.383 Y117.948 E.08633
G1 X105.397 Y117.995 E.00164
G1 X105.46 Y118.068 E.00318
G1 X105.619 Y118.105 E.00544
G1 X105.911 Y118.105 E.00968
G1 X106.168 Y117.254 E.02948
G1 X106.891 Y116.53 E.03395
G1 X107.304 Y116.406 E.01429
G1 X107.304 Y114.777 E.05401
G1 E-.93404 F2400
;WIPE_START
G1 F9023.957
G1 X107.304 Y115.777 E-.26596
;WIPE_END
G17
G3 Z3.6 I.053 J-1.216 P1  F9000
G1 X98.126 Y115.38 Z3.6
G1 Z3.2
G1 E1.2 F1800
G1 F9023.957
G1 X98.123 Y117.009 E.05401
G1 X97.878 Y117.254 E.0115
G1 X97.621 Y118.105 E.02948
G1 X96.225 Y118.105 E.0463
G1 X96.239 Y115.992 E.07007
G1 X96.529 Y115.905 E.01003
G1 X97.252 Y115.181 E.03395
G1 X97.878 Y113.109 E.07181
G1 X98.13 Y112.856 E.01185
G1 X98.132 Y112 E.02841
G1 X97.507 Y111.48 E.02694
G1 X97.177 Y111.112 E.01642
G1 X96.529 Y111.76 E.03041
G1 X96.266 Y111.839 E.00909
G1 X96.256 Y113.467 E.05401
; stop printing object sandbox.stl id:15 copy 0
;LAYER_CHANGE
;Z:3.4
;HEIGHT:0.2
;BEFORE_LAYER_CHANGE
;3.4
G92 E0

G1 E-.93404 F2400
;WIPE_START
G1 F9023.957
G1 X96.262 Y112.467 E-.26596
;WIPE_END
;_SET_FAN_SPEED_CHANGING_LAYER
; printing object sandbox.stl id:15 copy 0
G17
G3 Z3.8 I.085 J1.214 P1  F9000
G1 X117.684 Y110.974 Z3.8
G1 Z3.4
G1 E1.2 F1800
M204 P2000
;TYPE:Inner wall
;WIDTH:0.449999
G1 F5400
G1 X117.62 Y110.901 E.00322
G1 X117.031 Y110.501 E.02364
G1 X116.557 Y110.064 E.02137
G1 X116.152 Y109.562 E.02138
G1 X115.826 Y109.006 E.02138
G1 X115.585 Y108.408 E.02139
G1 X115.434 Y107.782 E.02138
G1 X115.377 Y107.139 E.02139
G1 X115.415 Y106.496 E.02138
G1 X115.547 Y105.864 E.02142
G1 X115.748 Y105.316 E.01934
G1 X116.082 Y104.693 E.02347
G1 X116.471 Y104.181 E.02133
G1 X116.886 Y103.771 E.01934
G1 X117.456 Y103.351 E.02351
G1 X117.97 Y103.081 E.01925
G1 X118.637 Y102.845 E.02347
G1 X119.268 Y102.727 E.0213
G1 X119.913 Y102.703 E.02138
G1 X120.554 Y102.774 E.02139
G1 X121.177 Y102.939 E.02138
G1 X121.769 Y103.193 E.02139
G1 X122.318 Y103.532 E.02138
G1 X122.811 Y103.948 E.02142
G1 X123.198 Y104.384 E.01934
G1 X123.589 Y104.974 E.02347
G1 X123.726 Y105.275 E.01096
G1 X123.945 Y105.872 E.02109
G1 X124.076 Y106.499 E.02127
G1 X124.109 Y107.462 E.03194
G1 X124.005 Y108.098 E.02138
G1 X123.808 Y108.712 E.02139
G1 X123.524 Y109.29 E.02138
G1 X123.157 Y109.821 E.02138
G1 X122.717 Y110.291 E.02139
G1 X122.387 Y110.553 E.01398
G1 X121.882 Y110.901 E.02032
G1 X121.687 Y111.125 E.00987
G1 X121.628 Y111.381 E.00872
G1 X121.628 Y118.077 E.22212
G1 X121.68 Y118.452 E.01254
G1 X117.823 Y118.451 E.12796
G1 X117.875 Y118.076 E.01256
G1 X117.875 Y111.381 E.22207
G1 X117.815 Y111.125 E.00872
G1 X117.71 Y111.004 E.00532
G1 X117.388 Y111.243 F9000
M204 P1000
;TYPE:Outer wall
;WIDTH:0.419999
G1 F3600
G1 X116.773 Y110.826 E.02284
G1 X116.254 Y110.347 E.02168
G1 X115.811 Y109.798 E.02169
G1 X115.454 Y109.189 E.02169
G1 X115.19 Y108.535 E.02169
G1 X115.025 Y107.849 E.02169
G1 X114.962 Y107.145 E.02169
G1 X115.004 Y106.441 E.02168
G1 X115.149 Y105.75 E.0217
G1 X115.369 Y105.147 E.01974
G1 X115.733 Y104.469 E.02364
G1 X116.159 Y103.907 E.02167
G1 X116.617 Y103.456 E.01974
G1 X117.236 Y102.999 E.02365
G1 X117.804 Y102.701 E.01971
G1 X118.53 Y102.444 E.02364
G1 X119.223 Y102.315 E.02166
G1 X119.928 Y102.289 E.02169
G1 X120.63 Y102.367 E.02169
G1 X121.312 Y102.547 E.02168
G1 X121.96 Y102.825 E.02169
G1 X122.561 Y103.196 E.02169
G1 X123.101 Y103.651 E.0217
G1 X123.527 Y104.131 E.01974
G1 X123.952 Y104.773 E.02364
G1 X124.244 Y105.415 E.02166
G1 X124.439 Y106.093 E.02169
G1 X124.533 Y106.793 E.02169
G1 X124.522 Y107.498 E.02169
G1 X124.408 Y108.195 E.02169
G1 X124.193 Y108.867 E.02169
G1 X123.881 Y109.5 E.02168
G1 X123.48 Y110.081 E.02169
G1 X122.998 Y110.596 E.02169
G1 X122.644 Y110.877 E.01389
G1 X122.103 Y111.252 E.02022
G1 X122.041 Y111.381 E.00441
G1 X122.041 Y118.077 E.20575
G1 X122.111 Y118.474 E.01237
G1 X122.346 Y118.865 E.01403
G1 X117.148 Y118.864 E.15971
G1 X117.207 Y118.812 E.00242
G1 X117.392 Y118.473 E.01189
G1 X117.461 Y118.076 E.01237
G1 X117.461 Y111.348 E.20672
G1 X117.411 Y111.276 E.00271
G1 E-.84 F2400
;WIPE_START
G1 F3600
G1 X116.773 Y110.826 E-.28108
G1 X116.612 Y110.677 E-.07892
;WIPE_END
G1 Z3.8 F9000
G1 X123.416 Y109.137 Z3.8
G1 Z3.4
G1 E1.2 F1800
M204 P500
;TYPE:Internal Bridge
;WIDTH:0.389872
;HEIGHT:0.389872
G1 F6154.219
G1 X123.416 Y105.469 E.1784
G1 X123.271 Y105.15 E.01704
G1 X122.976 Y104.705 E.02598
G1 X122.976 Y109.445 E.23058
G1 X122.874 Y109.593 E.0087
G1 X122.536 Y109.954 E.02408
G1 X122.536 Y104.19 E.28034
G1 X122.096 Y103.821 E.02793
G1 X122.096 Y110.321 E.31616
G1 X121.657 Y110.619 E.02583
G1 X121.657 Y103.55 E.34384
G1 X121.217 Y103.35 E.02349
G1 X121.217 Y118.089 E.7169
G1 X120.777 Y118.089 E.0214
G1 X120.777 Y103.208 E.72382
G1 X120.487 Y103.132 E.01458
G1 X120.337 Y103.115 E.00734
G1 X120.337 Y118.089 E.72835
G1 X119.897 Y118.089 E.0214
G1 X119.897 Y103.066 E.7307
G1 X119.457 Y103.083 E.02141
G1 X119.457 Y118.089 E.72991
G1 X119.017 Y118.089 E.0214
G1 X119.017 Y103.142 E.727
G1 X118.732 Y103.196 E.01414
G1 X118.577 Y103.25 E.00796
G1 X118.577 Y118.089 E.72174
G1 X118.237 Y118.089 E.01657
G1 X118.237 Y111.372 E.32671
G1 X118.211 Y111.157 E.01052
G1 X118.138 Y110.958 E.01035
G1 X118.138 Y103.406 E.36729
G1 X117.698 Y103.633 E.02407
G1 X117.698 Y110.515 E.33475
G1 X117.258 Y110.217 E.02585
G1 X117.258 Y103.948 E.30495
G1 X117.122 Y104.048 E.0082
G1 X116.818 Y104.347 E.02077
G1 X116.818 Y109.81 E.26573
G1 X116.451 Y109.356 E.02841
G1 X116.378 Y109.231 E.00704
G1 X116.378 Y104.908 E.21027
G1 X116.079 Y105.465 E.03075
G1 X115.938 Y105.85 E.01996
G1 X115.938 Y108.845 E.14565
G1 E-.84 F2400
;WIPE_START
G1 F6154.219
G1 X115.938 Y107.845 E-.36
;WIPE_END
G17
G3 Z3.8 I-.27 J-1.187 P1  F9000
G1 X98.478 Y111.814 Z3.8
G1 Z3.4
G1 E1.2 F1800
M204 P2000
;TYPE:Inner wall
;WIDTH:0.449999
;HEIGHT:0.2
G1 F5400
M106 S255
G1 X98.467 Y117.849 E.20018
G1 X98.425 Y118.14 E.00977
G1 X98.233 Y118.362 E.00972
G1 X97.907 Y118.451 E.0112
G1 X95.877 Y118.451 E.06736
G1 X95.94 Y108.817 E.31957
;WIDTH:0.486932
G1 X95.965 Y108.567 E.00911
;WIDTH:0.523864
G1 X95.991 Y108.316 E.00987
;WIDTH:0.560796
G1 X96.016 Y108.065 E.01063
;WIDTH:0.548628
G1 X96.14 Y108.464 E.01721
;WIDTH:0.499314
G1 X96.264 Y108.863 E.01553
;WIDTH:0.449999
G1 X96.579 Y109.634 E.02764
G1 X97.001 Y110.353 E.02764
G1 X97.523 Y111.003 E.02765
G1 X98.07 Y111.52 E.02499
G1 X98.446 Y111.791 E.01534
G1 E-.84 F2400
;WIPE_START
G1 F5400
G1 X98.449 Y112.791 E-.36
;WIPE_END
G17
G3 Z3.8 I1.138 J-.431 P1  F9000
G1 X95.994 Y106.301 Z3.8
G1 Z3.4
G1 E1.2 F1800
;WIDTH:0.524592
G1 F5400
G1 X95.978 Y105.926 E.01473
;WIDTH:0.487296
G1 X95.962 Y105.551 E.01359
;WIDTH:0.449999
G1 X95.988 Y101.548 E.13281
G1 X100.066 Y101.551 E.13526
G1 X99.289 Y101.854 E.02765
G1 X98.563 Y102.263 E.02764
G1 X97.904 Y102.772 E.02765
G1 X97.324 Y103.371 E.02764
G1 X96.837 Y104.047 E.02764
G1 X96.453 Y104.787 E.02765
G1 X96.178 Y105.574 E.02764
;WIDTH:0.487296
G1 X96.086 Y105.938 E.01359
;WIDTH:0.524592
G1 X96.004 Y106.263 E.01316
G1 E-.84 F2400
;WIPE_START
G1 F5400
G1 X95.978 Y105.926 E-.1214
G1 X95.962 Y105.551 E-.13512
G1 X95.964 Y105.264 E-.10348
;WIPE_END
G17
G3 Z3.8 I-.107 J1.212 P1  F9000
G1 X107.561 Y106.291 Z3.8
G1 Z3.4
G1 E1.2 F1800
;WIDTH:0.62804
G1 F5400
G1 X107.496 Y106.092 E.01
;WIDTH:0.58353
G1 X107.432 Y105.892 E.00924
;WIDTH:0.53902
G1 X107.368 Y105.692 E.00848
;WIDTH:0.49451
G1 X107.303 Y105.493 E.00772
;WIDTH:0.449999
G1 X107.018 Y104.71 E.02764
G1 X106.623 Y103.976 E.02765
G1 X106.003 Y103.182 E.03342
G1 X105.538 Y102.717 E.02182
G1 X104.871 Y102.217 E.02765
G1 X104.139 Y101.819 E.02764
G1 X103.438 Y101.551 E.02487
G1 X107.65 Y101.548 E.13969
G1 X107.65 Y105.542 E.13248
;WIDTH:0.49451
G1 X107.627 Y105.729 E.00695
;WIDTH:0.53902
G1 X107.605 Y105.916 E.00763
;WIDTH:0.58353
G1 X107.583 Y106.104 E.00832
;WIDTH:0.62804
G1 X107.565 Y106.252 E.00709
G1 E-.84 F2400
;WIPE_START
G1 F5400
G1 X107.496 Y106.092 E-.06269
G1 X107.432 Y105.892 E-.07549
G1 X107.368 Y105.692 E-.07549
G1 X107.303 Y105.493 E-.07549
G1 X107.236 Y105.308 E-.07085
;WIPE_END
G17
G3 Z3.8 I-1.152 J-.391 P1  F9000
G1 X105.026 Y111.814 Z3.8
G1 Z3.4
G1 E1.2 F1800
;WIDTH:0.449999
G1 F5400
G1 X105.438 Y111.516 E.01685
G1 X106.038 Y110.941 E.02758
G1 X106.549 Y110.285 E.02758
G1 X106.93 Y109.621 E.02538
G1 X107.266 Y108.783 E.02997
;WIDTH:0.490654
G1 X107.322 Y108.634 E.00582
;WIDTH:0.531309
G1 X107.379 Y108.484 E.00635
;WIDTH:0.571963
G1 X107.435 Y108.335 E.00688
;WIDTH:0.612618
G1 X107.491 Y108.186 E.00741
;WIDTH:0.653272
G1 X107.548 Y108.036 E.00794
G1 X107.559 Y108.079 E.00217
;WIDTH:0.631644
G1 X107.581 Y108.266 E.00906
;WIDTH:0.586233
G1 X107.604 Y108.453 E.00836
;WIDTH:0.540822
G1 X107.627 Y108.641 E.00766
;WIDTH:0.495411
G1 X107.65 Y108.828 E.00696
;WIDTH:0.449999
G1 X107.65 Y118.451 E.31919
G1 X106.343 Y118.451 E.04336
G1 X105.404 Y118.423 E.03114
G1 X105.159 Y118.264 E.0097
G1 X105.037 Y117.998 E.00972
G1 X105.026 Y111.854 E.20379
G1 X104.612 Y111.6 F9000
M204 P1000
;TYPE:Outer wall
;WIDTH:0.419999
G1 F3600
G1 X105.154 Y111.216 E.0204
G1 X105.713 Y110.684 E.02372
G1 X106.192 Y110.077 E.02376
G1 X106.547 Y109.465 E.02174
G1 X106.863 Y108.686 E.02582
G1 X107.042 Y107.934 E.02378
G1 X107.111 Y107.163 E.02378
G1 X107.068 Y106.39 E.02378
G1 X106.914 Y105.632 E.02378
G1 X106.652 Y104.903 E.02378
G1 X106.289 Y104.22 E.02378
G1 X105.708 Y103.472 E.02912
G1 X105.287 Y103.046 E.01839
G1 X104.67 Y102.579 E.02378
G1 X103.993 Y102.205 E.02378
G1 X103.268 Y101.934 E.02378
;WIDTH:0.455875
G1 X103.017 Y101.861 E.00879
;WIDTH:0.491751
G1 X102.767 Y101.788 E.00955
;WIDTH:0.527627
G1 X102.516 Y101.715 E.01031
G1 X101.737 Y101.675 E.0308
;WIDTH:0.524806
G1 X100.957 Y101.721 E.03068
G1 X100.709 Y101.794 E.01015
;WIDTH:0.489871
G1 X100.461 Y101.867 E.00942
;WIDTH:0.454935
G1 X100.213 Y101.94 E.00868
;WIDTH:0.419999
G1 X99.49 Y102.216 E.02378
G1 X98.814 Y102.592 E.02378
G1 X98.199 Y103.062 E.02378
G1 X97.658 Y103.615 E.02378
G1 X97.203 Y104.241 E.02377
G1 X96.842 Y104.926 E.02378
G1 X96.584 Y105.655 E.02378
G1 X96.433 Y106.414 E.02378
G1 X96.394 Y107.187 E.02378
G1 X96.466 Y107.957 E.02378
G1 X96.648 Y108.709 E.02378
G1 X96.937 Y109.427 E.02378
G1 X97.326 Y110.096 E.02377
G1 X97.807 Y110.702 E.02378
G1 X98.37 Y111.232 E.02377
G1 X98.892 Y111.6 E.01961
G1 X98.88 Y118.058 E.19842
G1 X98.805 Y118.314 E.00821
G1 X98.661 Y118.538 E.0082
G1 X98.459 Y118.713 E.0082
G1 X98.216 Y118.824 E.0082
G1 X97.937 Y118.864 E.00867
G1 X95.461 Y118.864 E.0761
G1 X95.578 Y101.134 E.5448
G1 X100.149 Y101.134 E.14047
;WIDTH:0.455875
G1 X100.423 Y101.152 E.00922
;WIDTH:0.491751
G1 X100.696 Y101.17 E.01002
;WIDTH:0.527627
G1 X100.969 Y101.188 E.01082
G1 X101.785 Y101.175 E.03223
;WIDTH:0.532725
G1 X102.605 Y101.191 E.03274
G1 X102.855 Y101.172 E.01
;WIDTH:0.49515
G1 X103.105 Y101.153 E.00924
;WIDTH:0.457575
G1 X103.355 Y101.134 E.00847
;WIDTH:0.419999
G1 X108.063 Y101.134 E.14467
G1 X108.063 Y118.864 E.54479
G1 X105.638 Y118.864 E.07452
G1 X105.286 Y118.823 E.0109
G1 X105.043 Y118.712 E.00819
G1 X104.842 Y118.537 E.00819
G1 X104.699 Y118.313 E.00819
G1 X104.624 Y118.057 E.00819
G1 X104.612 Y111.64 E.19719
G1 E-.84 F2400
;WIPE_START
G1 F3600
G1 X105.154 Y111.216 E-.24759
G1 X105.38 Y111.001 E-.11241
;WIPE_END
G17
G3 Z3.8 I1.104 J.511 P1  F9000
G1 X107.561 Y106.291 Z3.8
G1 Z3.4
G1 E1.2 F1800
M204 P2000
;TYPE:Inner wall
;WIDTH:0.62804
G1 F5400
G1 X107.567 Y106.388 E.0046
;WIDTH:0.615906
G1 X107.586 Y107.23 E.03936
;WIDTH:0.615405
G1 X107.567 Y107.633 E.01882
;WIDTH:0.653272
G1 X107.548 Y108.036 E.02006
G1 E-.84 F2400
;WIPE_START
G1 F5400
G1 X107.567 Y107.633 E-.14523
G1 X107.586 Y107.23 E-.14523
G1 X107.581 Y107.037 E-.06954
;WIPE_END
G17
G3 Z3.8 I.077 J-1.215 P1  F9000
G1 X95.994 Y106.301 Z3.8
G1 Z3.4
G1 E1.2 F1800
;WIDTH:0.524592
G1 F5400
G1 X95.988 Y106.39 E.00349
;WIDTH:0.51398
G1 X95.966 Y107.226 E.03209
;WIDTH:0.5209
G1 X95.984 Y107.625 E.01556
;WIDTH:0.560796
G1 X96.001 Y108.024 E.01686
G1 X98.086 Y112.015 F9000
M204 P2500
;TYPE:Internal solid infill
;WIDTH:0.419999
G1 F9741.91
G1 X97.801 Y111.805 E.01088
G1 X97.176 Y111.203 E.02666
G1 X96.629 Y110.501 E.02735
G1 X96.325 Y109.968 E.01886
G1 X96.271 Y118.059 E.24862
G1 X97.879 Y118.059 E.04941
G1 X98.041 Y118.002 E.00527
G1 X98.075 Y117.848 E.00483
G1 X98.085 Y112.055 E.178
G1 X97.708 Y112.206 F9000
G1 F9741.91
G1 X96.914 Y111.474 E.03318
G1 X96.694 Y111.2 E.01082
G1 X96.651 Y117.682 E.19917
G1 X97.698 Y117.682 E.03218
G1 X97.708 Y112.246 E.16701
G1 X97.358 Y112.38 F9000
;WIDTH:0.37101
G1 F10800
G1 X97.037 Y112.079 E.01177
G1 X97.009 Y117.326 E.14029
G1 X97.343 Y117.326 E.00894
G1 X97.358 Y112.42 E.13115
G1 E-.97778 F2400
;WIPE_START
G1 F10800
G1 X97.355 Y113.42 E-.22222
;WIPE_END
G17
G3 Z3.8 I.414 J1.144 P1  F9000
G1 X107.258 Y109.833 Z3.8
G1 Z3.4
G1 E1.2 F1800
;WIDTH:0.419999
G1 F9741.91
G1 X106.825 Y110.574 E.02635
G1 X106.268 Y111.269 E.02738
G1 X105.707 Y111.801 E.02376
G1 X105.419 Y112.015 E.01103
G1 X105.429 Y117.941 E.18209
G1 X105.524 Y118.031 E.00401
G1 X106.343 Y118.059 E.02517
G1 X107.258 Y118.059 E.02811
G1 X107.258 Y109.873 E.25151
G1 X106.88 Y111.11 F9000
G1 F9741.91
G1 X106.561 Y111.506 E.01562
G1 X105.966 Y112.075 E.02532
G1 X105.796 Y112.206 E.00659
G1 X105.806 Y117.682 E.16825
G1 X106.88 Y117.682 E.03302
G1 X106.88 Y111.15 E.2007
G1 X106.515 Y112.059 F9000
;WIDTH:0.394329
G1 F10453.543
G1 X106.162 Y112.387 E.01381
G1 X106.168 Y117.318 E.14121
G1 X106.517 Y117.318 E.01
G1 X106.515 Y112.099 E.14946
G1 X107.258 Y104.355 F9000
;WIDTH:0.419999
G1 F9741.91
G1 X107.258 Y101.94 E.07419
G1 X105.162 Y101.94 E.06439
G1 X105.775 Y102.405 E.02364
G1 X106.497 Y103.141 E.0317
G1 X107 Y103.842 E.02651
G1 X107.24 Y104.319 E.01639
G1 X106.877 Y103.018 F9000
;WIDTH:0.426683
G1 F9572.234
G1 X106.877 Y102.32 E.02181
G1 X106.228 Y102.32 E.0203
G1 X106.75 Y102.852 E.02331
G1 X106.853 Y102.986 E.00527
G1 E-.94927 F2400
;WIPE_START
G1 F9572.234
G1 X106.75 Y102.852 E-.04224
G1 X106.228 Y102.32 E-.18691
G1 X106.314 Y102.32 E-.02157
;WIPE_END
G17
G3 Z3.8 I.058 J-1.216 P1  F9000
G1 X98.34 Y101.94 Z3.8
G1 Z3.4
G1 E1.2 F1800
;WIDTH:0.419999
G1 F9741.91
G1 X96.378 Y101.94 E.06029
G1 X96.364 Y104.104 E.06649
G1 X96.505 Y103.841 E.00919
G1 X97.081 Y103.053 E.02997
G1 X97.71 Y102.421 E.0274
G1 X98.308 Y101.964 E.02313
G1 X97.321 Y102.3 F9000
;WIDTH:0.386568
G1 F10689.628
G1 X96.736 Y102.3 E.0164
G1 X96.732 Y102.921 E.01737
G1 X97.294 Y102.329 E.02284
; stop printing object sandbox.stl id:15 copy 0
;LAYER_CHANGE
;Z:3.6
;HEIGHT:0.2
;BEFORE_LAYER_CHANGE
;3.6
G92 E0

G1 E-.97548 F2400
;WIPE_START
G1 F10689.628
G1 X96.732 Y102.921 E-.18315
G1 X96.733 Y102.736 E-.04136
;WIPE_END
;_SET_FAN_SPEED_CHANGING_LAYER
; printing object sandbox.stl id:15 copy 0
G17
G3 Z4 I-.445 J1.133 P1  F9000
G1 X117.684 Y110.974 Z4
G1 Z3.6
G1 E1.2 F1800
M204 P2000
;TYPE:Inner wall
;WIDTH:0.449999
G1 F5400
G1 X117.62 Y110.901 E.00322
G1 X117.031 Y110.501 E.02364
G1 X116.557 Y110.064 E.02137
G1 X116.152 Y109.562 E.02139
G1 X115.826 Y109.006 E.02138
G1 X115.585 Y108.408 E.02138
G1 X115.434 Y107.781 E.02139
G1 X115.377 Y107.14 E.02138
G1 X115.415 Y106.496 E.02138
G1 X115.547 Y105.864 E.02141
G1 X115.754 Y105.3 E.01993
G1 X116.082 Y104.693 E.02288
G1 X116.47 Y104.181 E.02132
G1 X116.931 Y103.73 E.02139
G1 X117.453 Y103.352 E.02138
G1 X118.025 Y103.055 E.02138
G1 X118.635 Y102.845 E.02139
G1 X119.268 Y102.727 E.02138
G1 X119.913 Y102.703 E.02138
G1 X120.554 Y102.774 E.02139
G1 X121.177 Y102.939 E.02138
G1 X121.769 Y103.193 E.02139
G1 X122.318 Y103.532 E.02138
G1 X122.81 Y103.947 E.02139
G1 X123.237 Y104.432 E.02141
G1 X123.565 Y104.935 E.01993
G1 X123.856 Y105.56 E.02288
G1 X123.946 Y105.876 E.01089
G1 X124.076 Y106.5 E.02116
G1 X124.109 Y107.462 E.03193
G1 X124.014 Y108.055 E.01993
G1 X123.808 Y108.714 E.02288
G1 X123.524 Y109.29 E.02132
G1 X123.157 Y109.821 E.02138
G1 X122.717 Y110.291 E.02139
G1 X122.387 Y110.553 E.01398
G1 X121.882 Y110.901 E.02032
G1 X121.687 Y111.125 E.00987
G1 X121.628 Y111.381 E.00872
G1 X121.628 Y118.077 E.22212
G1 X121.68 Y118.452 E.01254
G1 X117.823 Y118.451 E.12796
G1 X117.875 Y118.076 E.01256
G1 X117.875 Y111.381 E.22207
G1 X117.815 Y111.125 E.00872
G1 X117.71 Y111.004 E.00532
G1 X117.388 Y111.243 F9000
M204 P1000
;TYPE:Outer wall
;WIDTH:0.419999
G1 F3600
G1 X116.773 Y110.826 E.02284
G1 X116.254 Y110.347 E.02168
G1 X115.811 Y109.798 E.02169
G1 X115.454 Y109.189 E.02169
G1 X115.19 Y108.535 E.02169
G1 X115.025 Y107.848 E.02169
G1 X114.962 Y107.146 E.02168
G1 X115.004 Y106.441 E.02169
G1 X115.149 Y105.75 E.02169
G1 X115.376 Y105.13 E.02029
G1 X115.733 Y104.469 E.02308
G1 X116.159 Y103.907 E.02167
G1 X116.664 Y103.413 E.02169
G1 X117.235 Y103 E.02168
G1 X117.862 Y102.674 E.02169
G1 X118.529 Y102.444 E.02169
G1 X119.223 Y102.315 E.02169
G1 X119.928 Y102.289 E.02169
G1 X120.63 Y102.367 E.02169
G1 X121.312 Y102.547 E.02168
G1 X121.96 Y102.825 E.02169
G1 X122.561 Y103.196 E.02169
G1 X123.1 Y103.651 E.02169
G1 X123.567 Y104.181 E.02169
G1 X123.928 Y104.734 E.02029
G1 X124.244 Y105.415 E.02308
G1 X124.439 Y106.093 E.02167
G1 X124.533 Y106.793 E.02169
G1 X124.522 Y107.498 E.02169
G1 X124.417 Y108.151 E.02029
G1 X124.193 Y108.867 E.02308
G1 X123.881 Y109.5 E.02167
G1 X123.48 Y110.081 E.02169
G1 X122.998 Y110.596 E.02169
G1 X122.644 Y110.877 E.01389
G1 X122.103 Y111.252 E.02022
G1 X122.041 Y111.381 E.00441
G1 X122.041 Y118.077 E.20575
G1 X122.111 Y118.474 E.01237
G1 X122.346 Y118.865 E.01404
G1 X117.148 Y118.864 E.15973
G1 X117.207 Y118.812 E.00242
G1 X117.392 Y118.473 E.01189
G1 X117.461 Y118.076 E.01237
G1 X117.461 Y111.348 E.20672
G1 X117.411 Y111.276 E.00271
G1 E-.84 F2400
;WIPE_START
G1 F3600
G1 X116.773 Y110.826 E-.28108
G1 X116.612 Y110.677 E-.07892
;WIPE_END
G1 Z4 F9000
G1 X119.143 Y118.29 Z4
G1 Z3.6
G1 E1.2 F1800
M204 P2500
;TYPE:Internal solid infill
;WIDTH:0.427297
G1 F9556.943
G1 X121.297 Y116.136 E.09542
G1 X121.297 Y115.592 E.01703
G1 X118.769 Y118.12 E.11198
G1 X118.225 Y118.12 E.01702
G1 X121.297 Y115.049 E.13605
G1 X121.297 Y114.505 E.01703
G1 X118.206 Y117.596 E.13691
G1 X118.206 Y117.052 E.01703
G1 X121.297 Y113.961 E.13691
G1 X121.297 Y113.418 E.01703
G1 X118.206 Y116.509 E.13691
G1 X118.206 Y115.965 E.01703
G1 X121.297 Y112.874 E.13691
G1 X121.297 Y112.331 E.01703
G1 X118.206 Y115.422 E.13691
G1 X118.206 Y114.878 E.01703
G1 X121.297 Y111.787 E.13691
G1 X121.297 Y111.374 E.01295
G1 X121.315 Y111.226 E.00467
G1 X118.206 Y114.334 E.13771
G1 X118.206 Y113.791 E.01703
G1 X123.542 Y108.455 E.23635
G1 X123.691 Y107.979 E.01562
G1 X123.732 Y107.721 E.00819
G1 X118.206 Y113.247 E.24479
G1 X118.206 Y112.704 E.01703
G1 X123.783 Y107.127 E.24704
G1 X123.787 Y106.837 E.00908
G1 X123.757 Y106.609 E.00719
G1 X118.206 Y112.16 E.24588
G1 X118.206 Y111.616 E.01703
G1 X123.679 Y106.143 E.24243
G1 X123.557 Y105.721 E.01376
G1 X118.163 Y111.116 E.23895
G1 X118.112 Y110.976 E.00467
G1 X117.966 Y110.769 E.00792
G1 X123.391 Y105.345 E.2403
G1 X123.275 Y105.096 E.0086
G1 X123.204 Y104.987 E.00405
G1 X117.662 Y110.529 E.2455
G1 X117.338 Y110.31 E.01226
G1 X122.99 Y104.658 E.25034
G1 X122.738 Y104.366 E.01207
G1 X117.043 Y110.062 E.25229
G1 X116.765 Y109.795 E.01204
G1 X122.469 Y104.092 E.25263
G1 X122.174 Y103.844 E.01208
G1 X116.523 Y109.494 E.25031
G1 X116.425 Y109.374 E.00486
G1 X116.305 Y109.169 E.00744
G1 X121.845 Y103.629 E.24538
G1 X121.616 Y103.488 E.00842
G1 X121.495 Y103.436 E.00414
G1 X116.108 Y108.822 E.23858
G1 X115.952 Y108.434 E.01308
G1 X121.114 Y103.272 E.22866
G1 X120.69 Y103.153 E.0138
G1 X115.83 Y108.013 E.21528
G1 X115.762 Y107.728 E.00918
G1 X115.746 Y107.553 E.00549
G1 X120.228 Y103.071 E.19854
G1 X119.9 Y103.035 E.01033
G1 X119.714 Y103.042 E.00584
G1 X115.714 Y107.041 E.17717
G1 X115.763 Y106.449 E.01861
G1 X119.121 Y103.091 E.14875
G1 X118.719 Y103.166 E.0128
G1 X118.389 Y103.28 E.01096
G1 X115.955 Y105.713 E.10778
G1 X116.057 Y105.437 E.00923
G1 X116.361 Y104.873 E.02005
G1 X116.704 Y104.421 E.01777
G1 X117.74 Y103.385 E.04589
G1 X119.858 Y118.059 F9000
;WIDTH:0.419999
G1 F9741.91
G1 X121.236 Y118.06 E.04232
G1 X121.236 Y116.682 E.04233
G1 X119.887 Y118.031 E.05862
G1 X120.859 Y117.61 F9000
;WIDTH:0.47277
G1 F8545.933
G1 X120.805 Y117.61 E.00188
G1 X120.779 Y117.656 E.00188
G1 X120.805 Y117.703 E.00188
G1 X120.866 Y117.691 E.00216
G1 E-1.13739 F2400
;WIPE_START
G1 F8545.933
G1 X120.805 Y117.703 E-.01734
G1 X120.779 Y117.656 E-.01509
G1 X120.805 Y117.61 E-.01509
G1 X120.859 Y117.61 E-.01509
;WIPE_END
G17
G3 Z4 I.305 J-1.178 P1  F9000
G1 X98.478 Y111.814 Z4
G1 Z3.6
G1 E1.2 F1800
M204 P2000
;TYPE:Inner wall
;WIDTH:0.449999
G1 F5400
G1 X98.467 Y117.849 E.20018
G1 X98.425 Y118.14 E.00977
G1 X98.233 Y118.362 E.00972
G1 X97.907 Y118.451 E.0112
G1 X95.877 Y118.451 E.06736
G1 X95.94 Y108.817 E.31958
;WIDTH:0.486932
G1 X95.965 Y108.566 E.00911
;WIDTH:0.523864
G1 X95.991 Y108.316 E.00987
;WIDTH:0.560796
G1 X96.016 Y108.065 E.01063
;WIDTH:0.548632
G1 X96.14 Y108.464 E.01721
;WIDTH:0.499316
G1 X96.264 Y108.863 E.01553
;WIDTH:0.449999
G1 X96.579 Y109.634 E.02765
G1 X97.001 Y110.353 E.02764
G1 X97.523 Y111.003 E.02765
G1 X98.07 Y111.52 E.02499
G1 X98.446 Y111.791 E.01534
G1 E-.84 F2400
;WIPE_START
G1 F5400
G1 X98.449 Y112.791 E-.36
;WIPE_END
G17
G3 Z4 I1.138 J-.431 P1  F9000
G1 X95.994 Y106.301 Z4
G1 Z3.6
G1 E1.2 F1800
;WIDTH:0.524592
G1 F5400
G1 X95.978 Y105.926 E.01473
;WIDTH:0.487296
G1 X95.962 Y105.551 E.01359
;WIDTH:0.449999
G1 X95.988 Y101.548 E.13281
G1 X100.066 Y101.551 E.13526
G1 X99.289 Y101.854 E.02765
G1 X98.563 Y102.263 E.02764
G1 X97.904 Y102.772 E.02765
G1 X97.324 Y103.371 E.02764
G1 X96.837 Y104.047 E.02764
G1 X96.453 Y104.787 E.02765
G1 X96.178 Y105.574 E.02764
;WIDTH:0.487296
G1 X96.086 Y105.938 E.01359
;WIDTH:0.524592
G1 X96.004 Y106.263 E.01316
G1 E-.84 F2400
;WIPE_START
G1 F5400
G1 X95.978 Y105.926 E-.1214
G1 X95.962 Y105.551 E-.13512
G1 X95.964 Y105.264 E-.10348
;WIPE_END
G17
G3 Z4 I-.107 J1.212 P1  F9000
G1 X107.561 Y106.291 Z4
G1 Z3.6
G1 E1.2 F1800
;WIDTH:0.62804
G1 F5400
G1 X107.496 Y106.092 E.01
;WIDTH:0.58353
G1 X107.432 Y105.892 E.00924
;WIDTH:0.53902
G1 X107.368 Y105.692 E.00848
;WIDTH:0.49451
G1 X107.303 Y105.493 E.00772
;WIDTH:0.449999
G1 X107.018 Y104.71 E.02764
G1 X106.623 Y103.977 E.0276
G1 X106.21 Y103.409 E.02332
G1 X105.996 Y103.18 E.01038
G1 X105.538 Y102.717 E.02162
G1 X104.871 Y102.217 E.02765
G1 X104.139 Y101.819 E.02764
G1 X103.438 Y101.551 E.02487
G1 X107.65 Y101.548 E.13969
G1 X107.65 Y105.542 E.13248
;WIDTH:0.49451
G1 X107.627 Y105.729 E.00695
;WIDTH:0.53902
G1 X107.605 Y105.916 E.00763
;WIDTH:0.58353
G1 X107.583 Y106.104 E.00832
;WIDTH:0.62804
G1 X107.565 Y106.252 E.00709
G1 E-.84 F2400
;WIPE_START
G1 F5400
G1 X107.496 Y106.092 E-.06269
G1 X107.432 Y105.892 E-.07549
G1 X107.368 Y105.692 E-.07549
G1 X107.303 Y105.493 E-.07549
G1 X107.236 Y105.308 E-.07085
;WIPE_END
G17
G3 Z4 I-1.152 J-.391 P1  F9000
G1 X105.026 Y111.814 Z4
G1 Z3.6
G1 E1.2 F1800
;WIDTH:0.449999
G1 F5400
G1 X105.438 Y111.516 E.01685
G1 X106.038 Y110.941 E.02758
G1 X106.549 Y110.285 E.0276
G1 X106.939 Y109.604 E.02602
G1 X107.266 Y108.783 E.02931
;WIDTH:0.490654
G1 X107.322 Y108.634 E.00582
;WIDTH:0.531308
G1 X107.379 Y108.484 E.00635
;WIDTH:0.571962
G1 X107.435 Y108.335 E.00688
;WIDTH:0.612616
G1 X107.491 Y108.186 E.00741
;WIDTH:0.65327
G1 X107.548 Y108.036 E.00794
G1 X107.559 Y108.079 E.00217
;WIDTH:0.631642
G1 X107.581 Y108.266 E.00906
;WIDTH:0.586232
G1 X107.604 Y108.453 E.00836
;WIDTH:0.540821
G1 X107.627 Y108.641 E.00766
;WIDTH:0.49541
G1 X107.65 Y108.828 E.00696
;WIDTH:0.449999
G1 X107.65 Y118.451 E.31919
G1 X106.343 Y118.451 E.04336
G1 X105.404 Y118.423 E.03114
G1 X105.159 Y118.264 E.0097
G1 X105.037 Y117.998 E.00972
G1 X105.026 Y111.854 E.20379
G1 X104.612 Y111.6 F9000
M204 P1000
;TYPE:Outer wall
;WIDTH:0.419999
G1 F3600
G1 X105.154 Y111.216 E.0204
G1 X105.713 Y110.684 E.02372
G1 X106.192 Y110.077 E.02377
G1 X106.556 Y109.448 E.02232
G1 X106.863 Y108.686 E.02524
G1 X107.042 Y107.933 E.02378
G1 X107.111 Y107.163 E.02378
G1 X107.068 Y106.39 E.02378
G1 X106.914 Y105.632 E.02378
G1 X106.652 Y104.903 E.02378
G1 X106.289 Y104.221 E.02377
G1 X105.875 Y103.652 E.0216
G1 X105.287 Y103.046 E.02595
G1 X104.67 Y102.579 E.02378
G1 X103.993 Y102.205 E.02378
G1 X103.268 Y101.934 E.02378
;WIDTH:0.455875
G1 X103.017 Y101.861 E.00879
;WIDTH:0.491751
G1 X102.767 Y101.788 E.00955
;WIDTH:0.527627
G1 X102.516 Y101.715 E.01031
G1 X101.737 Y101.675 E.0308
;WIDTH:0.524806
G1 X100.957 Y101.721 E.03068
G1 X100.709 Y101.794 E.01015
;WIDTH:0.489871
G1 X100.461 Y101.867 E.00942
;WIDTH:0.454935
G1 X100.213 Y101.94 E.00868
;WIDTH:0.419999
G1 X99.49 Y102.216 E.02378
G1 X98.814 Y102.592 E.02378
G1 X98.199 Y103.062 E.02378
G1 X97.658 Y103.615 E.02378
G1 X97.203 Y104.241 E.02377
G1 X96.842 Y104.926 E.02378
G1 X96.584 Y105.655 E.02378
G1 X96.433 Y106.414 E.02378
G1 X96.394 Y107.187 E.02378
G1 X96.466 Y107.957 E.02378
G1 X96.648 Y108.709 E.02377
G1 X96.937 Y109.427 E.02378
G1 X97.326 Y110.096 E.02377
G1 X97.807 Y110.702 E.02378
G1 X98.37 Y111.232 E.02377
G1 X98.892 Y111.6 E.01961
G1 X98.88 Y118.058 E.19842
G1 X98.805 Y118.314 E.00821
G1 X98.661 Y118.538 E.0082
G1 X98.459 Y118.713 E.0082
G1 X98.216 Y118.824 E.0082
G1 X97.937 Y118.864 E.00867
G1 X95.461 Y118.864 E.0761
G1 X95.578 Y101.134 E.5448
G1 X100.149 Y101.134 E.14047
;WIDTH:0.455875
G1 X100.423 Y101.152 E.00922
;WIDTH:0.491751
G1 X100.696 Y101.17 E.01002
;WIDTH:0.527627
G1 X100.969 Y101.188 E.01082
G1 X101.785 Y101.175 E.03223
;WIDTH:0.532725
G1 X102.605 Y101.191 E.03274
G1 X102.855 Y101.172 E.01
;WIDTH:0.49515
G1 X103.105 Y101.153 E.00924
;WIDTH:0.457575
G1 X103.355 Y101.134 E.00847
;WIDTH:0.419999
G1 X108.063 Y101.134 E.14467
G1 X108.063 Y118.864 E.54479
G1 X105.638 Y118.864 E.07452
G1 X105.286 Y118.823 E.0109
G1 X105.043 Y118.712 E.00819
G1 X104.842 Y118.537 E.00819
G1 X104.699 Y118.313 E.00819
G1 X104.624 Y118.057 E.00819
G1 X104.612 Y111.64 E.19719
G1 E-.84 F2400
;WIPE_START
G1 F3600
G1 X105.154 Y111.216 E-.24759
G1 X105.38 Y111.001 E-.11241
;WIPE_END
G17
G3 Z4 I1.104 J.511 P1  F9000
G1 X107.561 Y106.291 Z4
G1 Z3.6
G1 E1.2 F1800
M204 P2000
;TYPE:Inner wall
;WIDTH:0.62804
G1 F5400
G1 X107.567 Y106.388 E.0046
;WIDTH:0.615906
G1 X107.586 Y107.23 E.03936
;WIDTH:0.615404
G1 X107.567 Y107.633 E.01882
;WIDTH:0.65327
G1 X107.548 Y108.036 E.02006
G1 E-.84 F2400
;WIPE_START
G1 F5400
G1 X107.567 Y107.633 E-.14523
G1 X107.586 Y107.23 E-.14523
G1 X107.581 Y107.037 E-.06954
;WIPE_END
G17
G3 Z4 I-.103 J-1.213 P1  F9000
G1 X96.001 Y108.024 Z4
G1 Z3.6
G1 E1.2 F1800
;WIDTH:0.560796
G1 F5400
G1 X95.984 Y107.625 E.01686
;WIDTH:0.5209
G1 X95.966 Y107.226 E.01556
;WIDTH:0.51398
G1 X95.988 Y106.39 E.03209
;WIDTH:0.524592
G1 X95.994 Y106.301 E.00349
G1 X98.352 Y101.94 F9000
M204 P2500
;TYPE:Internal solid infill
;WIDTH:0.419999
G1 F9741.91
G1 X96.378 Y101.94 E.06067
G1 X96.364 Y104.104 E.06649
G1 X96.504 Y103.842 E.00913
G1 X97.007 Y103.141 E.0265
G1 X97.709 Y102.423 E.03086
G1 X98.32 Y101.964 E.02349
G1 X97.321 Y102.302 F9000
;WIDTH:0.388927
G1 F10616.75
G1 X96.737 Y102.302 E.01647
G1 X96.733 Y102.907 E.01706
G1 X97.293 Y102.33 E.02266
G1 E-.97394 F2400
;WIPE_START
G1 F10616.75
G1 X96.733 Y102.907 E-.18169
G1 X96.734 Y102.71 E-.04437
;WIPE_END
G17
G3 Z4 I-1.204 J.175 P1  F9000
G1 X98.086 Y112.015 Z4
G1 Z3.6
G1 E1.2 F1800
;WIDTH:0.419999
G1 F9741.91
G1 X97.801 Y111.805 E.01088
G1 X97.176 Y111.203 E.02666
G1 X96.629 Y110.501 E.02735
G1 X96.325 Y109.968 E.01886
G1 X96.271 Y118.059 E.24862
G1 X97.879 Y118.059 E.04941
G1 X98.041 Y118.002 E.00527
G1 X98.075 Y117.848 E.00483
G1 X98.085 Y112.055 E.178
G1 X97.708 Y112.206 F9000
G1 F9741.91
G1 X96.914 Y111.474 E.03318
G1 X96.694 Y111.2 E.01082
G1 X96.651 Y117.682 E.19917
G1 X97.698 Y117.682 E.03218
G1 X97.708 Y112.246 E.16701
G1 X97.358 Y112.38 F9000
;WIDTH:0.37101
G1 F10800
G1 X97.037 Y112.079 E.01177
G1 X97.009 Y117.326 E.14029
G1 X97.343 Y117.326 E.00894
G1 X97.358 Y112.42 E.13115
G1 E-.97778 F2400
;WIPE_START
G1 F10800
G1 X97.355 Y113.42 E-.22222
;WIPE_END
G17
G3 Z4 I.41 J1.146 P1  F9000
G1 X107.258 Y109.88 Z4
G1 Z3.6
G1 E1.2 F1800
;WIDTH:0.419999
G1 F9741.91
G1 X106.825 Y110.575 E.02516
G1 X106.268 Y111.269 E.02733
G1 X105.707 Y111.801 E.02376
G1 X105.419 Y112.015 E.01103
G1 X105.429 Y117.941 E.18209
G1 X105.524 Y118.031 E.00401
G1 X106.343 Y118.059 E.02517
G1 X107.258 Y118.059 E.02811
G1 X107.258 Y109.92 E.25007
G1 X106.88 Y111.11 F9000
G1 F9741.91
G1 X106.561 Y111.506 E.01562
G1 X105.966 Y112.075 E.02532
G1 X105.796 Y112.206 E.00659
G1 X105.806 Y117.682 E.16825
G1 X106.88 Y117.682 E.03302
G1 X106.88 Y111.15 E.2007
G1 X106.515 Y112.059 F9000
;WIDTH:0.394329
G1 F10453.558
G1 X106.162 Y112.387 E.01381
G1 X106.168 Y117.318 E.14121
G1 X106.517 Y117.318 E.01
G1 X106.515 Y112.099 E.14946
G1 X107.258 Y104.355 F9000
;WIDTH:0.419999
G1 F9741.91
G1 X107.258 Y101.94 E.07419
G1 X105.162 Y101.94 E.06439
G1 X105.775 Y102.405 E.02364
G1 X106.456 Y103.094 E.02977
G1 X106.999 Y103.841 E.02839
G1 X107.24 Y104.319 E.01643
G1 X106.878 Y103.028 F9000
;WIDTH:0.425714
G1 F9596.466
G1 X106.878 Y102.32 E.02209
G1 X106.228 Y102.32 E.02026
G1 X106.708 Y102.805 E.02129
G1 X106.853 Y102.996 E.00749
; stop printing object sandbox.stl id:15 copy 0
;LAYER_CHANGE
;Z:3.8
;HEIGHT:0.2
;BEFORE_LAYER_CHANGE
;3.8
G92 E0

G1 E-.94991 F2400
;WIPE_START
G1 F9596.466
G1 X106.708 Y102.805 E-.06006
G1 X106.228 Y102.32 E-.17066
G1 X106.305 Y102.32 E-.01937
;WIPE_END
;_SET_FAN_SPEED_CHANGING_LAYER
; printing object sandbox.stl id:15 copy 0
G17
G3 Z4.2 I-.736 J.969 P1  F9000
G1 X117.638 Y110.924 Z4.2
G1 Z3.8
G1 E1.2 F1800
M204 P2000
;TYPE:Inner wall
;WIDTH:0.449999
G1 F5400
G1 X117.298 Y110.682 E.01384
G1 X116.793 Y110.282 E.0214
G1 X116.354 Y109.813 E.02129
G1 X115.989 Y109.284 E.02132
G1 X115.705 Y108.707 E.02132
G1 X115.509 Y108.095 E.02133
G1 X115.405 Y107.46 E.02132
G1 X115.396 Y106.818 E.02133
G1 X115.481 Y106.18 E.02133
G1 X115.659 Y105.562 E.02133
G1 X115.926 Y104.977 E.02133
G1 X116.276 Y104.437 E.02134
G1 X116.702 Y103.955 E.02135
G1 X117.202 Y103.534 E.02168
G1 X117.729 Y103.209 E.02053
G1 X118.328 Y102.952 E.02162
G1 X118.956 Y102.785 E.02157
G1 X119.592 Y102.715 E.02122
G1 X120.234 Y102.739 E.02131
G1 X120.866 Y102.857 E.02131
G1 X121.473 Y103.066 E.02132
G1 X122.044 Y103.363 E.02133
G1 X122.565 Y103.74 E.02134
G1 X123.025 Y104.191 E.02135
G1 X123.419 Y104.712 E.02168
G1 X123.717 Y105.254 E.02054
G1 X123.942 Y105.866 E.02162
G1 X124.077 Y106.502 E.02157
G1 X124.109 Y107.462 E.03185
G1 X124.01 Y108.072 E.02051
G1 X123.808 Y108.713 E.02228
G1 X123.524 Y109.29 E.02135
G1 X123.157 Y109.821 E.02138
G1 X122.717 Y110.291 E.02139
G1 X122.387 Y110.553 E.01398
G1 X121.882 Y110.901 E.02032
G1 X121.687 Y111.125 E.00987
G1 X121.628 Y111.381 E.00872
G1 X121.628 Y118.077 E.22212
G1 X121.68 Y118.452 E.01254
G1 X117.823 Y118.451 E.12796
G1 X117.875 Y118.076 E.01256
G1 X117.875 Y111.273 E.22567
G1 X117.708 Y110.974 E.01134
G1 X117.671 Y110.948 E.00153
G1 X117.388 Y111.243 F9000
M204 P1000
;TYPE:Outer wall
;WIDTH:0.419999
G1 F3600
G1 X116.773 Y110.826 E.02284
G1 X116.254 Y110.347 E.02168
G1 X115.811 Y109.798 E.02169
G1 X115.454 Y109.189 E.02169
G1 X115.19 Y108.535 E.02169
G1 X115.025 Y107.849 E.02169
G1 X114.962 Y107.146 E.02168
G1 X115.004 Y106.441 E.02169
G1 X115.149 Y105.75 E.02169
G1 X115.393 Y105.088 E.02169
G1 X115.733 Y104.469 E.02169
G1 X116.159 Y103.907 E.02169
G1 X116.664 Y103.414 E.02169
G1 X117.235 Y102.999 E.02169
G1 X117.837 Y102.686 E.02085
G1 X118.529 Y102.444 E.02252
G1 X119.223 Y102.315 E.02168
G1 X119.928 Y102.289 E.02169
G1 X120.63 Y102.367 E.02169
G1 X121.312 Y102.547 E.02168
G1 X121.96 Y102.825 E.02169
G1 X122.561 Y103.196 E.02169
G1 X123.1 Y103.651 E.02169
G1 X123.567 Y104.18 E.02169
G1 X123.951 Y104.773 E.02169
G1 X124.234 Y105.39 E.02085
G1 X124.439 Y106.093 E.02252
G1 X124.533 Y106.793 E.02168
G1 X124.522 Y107.498 E.02169
G1 X124.414 Y108.168 E.02085
G1 X124.193 Y108.867 E.02252
G1 X123.881 Y109.5 E.02168
G1 X123.48 Y110.081 E.02169
G1 X122.998 Y110.596 E.02169
G1 X122.644 Y110.877 E.01388
G1 X122.103 Y111.252 E.02022
G1 X122.041 Y111.381 E.00441
G1 X122.041 Y118.077 E.20575
G1 X122.111 Y118.474 E.01237
G1 X122.347 Y118.865 E.01405
G1 X117.147 Y118.864 E.15976
G1 X117.206 Y118.812 E.00241
G1 X117.392 Y118.473 E.01191
G1 X117.461 Y118.076 E.01237
G1 X117.461 Y111.348 E.20672
G1 X117.411 Y111.276 E.00271
G1 E-.84 F2400
;WIPE_START
G1 F3600
G1 X116.773 Y110.826 E-.28108
G1 X116.612 Y110.677 E-.07892
;WIPE_END
G1 Z4.2 F9000
G1 X118.286 Y118.01 Z4.2
G1 Z3.8
G1 E1.2 F1800
M204 P2500
;TYPE:Internal solid infill
;WIDTH:0.433076
G1 F9415.386
G1 X118.213 Y118.053 E.00269
G1 X118.29 Y118.087 E.0027
G1 X123.449 Y105.056 F9000
;WIDTH:0.422045
G1 F9689.335
G1 X122.573 Y104.18 E.03825
G1 X122.123 Y103.801 E.0182
G1 X121.616 Y103.488 E.01841
G1 X121.14 Y103.283 E.01601
G1 X123.545 Y105.689 E.10509
G1 X123.709 Y106.248 E.018
G1 X123.73 Y106.41 E.00505
G1 X120.412 Y103.092 E.14497
G1 X119.822 Y103.038 E.01831
G1 X123.785 Y107.001 E.17314
G1 X123.765 Y107.517 E.01596
G1 X119.305 Y103.057 E.19486
G1 X118.853 Y103.141 E.0142
G1 X123.69 Y107.978 E.21133
G1 X123.564 Y108.388 E.01324
G1 X118.44 Y103.264 E.22386
G1 X118.053 Y103.413 E.01281
G1 X123.411 Y108.771 E.23409
G1 X123.233 Y109.129 E.01236
G1 X117.7 Y103.597 E.24172
G1 X117.381 Y103.814 E.01193
G1 X123.014 Y109.446 E.2461
G1 X122.899 Y109.612 E.00623
G1 X122.775 Y109.744 E.00558
G1 X117.08 Y104.048 E.24886
G1 X116.809 Y104.313 E.01171
G1 X122.516 Y110.021 E.24938
G1 X122.221 Y110.262 E.01177
G1 X116.564 Y104.605 E.24716
G1 X116.338 Y104.915 E.01185
G1 X121.913 Y110.491 E.24361
G1 X121.596 Y110.71 E.01191
G1 X116.148 Y105.261 E.23806
G1 X116.073 Y105.398 E.00482
G1 X115.985 Y105.635 E.0078
G1 X121.374 Y111.023 E.23542
G1 X121.322 Y111.164 E.00464
G1 X121.297 Y111.483 E.00986
G1 X115.85 Y106.035 E.23799
G1 X115.757 Y106.479 E.01399
G1 X121.297 Y112.019 E.24205
G1 X121.297 Y112.555 E.01656
G1 X115.718 Y106.976 E.24373
G1 X115.709 Y107.135 E.0049
G1 X115.745 Y107.539 E.01254
G1 X121.297 Y113.091 E.24257
G1 X121.297 Y113.627 E.01656
G1 X115.877 Y108.207 E.23681
G1 X115.901 Y108.307 E.00318
G1 X116.124 Y108.86 E.01841
G1 X116.309 Y109.176 E.01133
G1 X121.297 Y114.163 E.2179
G1 X121.297 Y114.7 E.01656
G1 X118.206 Y111.609 E.13504
G1 X118.206 Y112.145 E.01656
G1 X121.297 Y115.236 E.13504
G1 X121.297 Y115.772 E.01656
G1 X118.206 Y112.681 E.13504
G1 X118.206 Y113.217 E.01656
G1 X121.297 Y116.308 E.13504
G1 X121.297 Y116.844 E.01656
G1 X118.206 Y113.753 E.13504
G1 X118.206 Y114.29 E.01656
G1 X121.297 Y117.38 E.13504
G1 X121.297 Y117.917 E.01656
G1 X118.206 Y114.826 E.13504
G1 X118.206 Y115.362 E.01656
G1 X120.965 Y118.121 E.12053
G1 X120.428 Y118.121 E.01657
G1 X118.206 Y115.898 E.0971
G1 X118.206 Y116.434 E.01656
G1 X119.892 Y118.12 E.07367
G1 X119.356 Y118.12 E.01657
G1 X118.206 Y116.97 E.05025
G1 X118.206 Y117.507 E.01656
G1 X118.989 Y118.29 E.03423
G1 E-.9523 F2400
;WIPE_START
G1 F9689.335
G1 X118.282 Y117.583 E-.2477
;WIPE_END
G17
G3 Z4.2 I.34 J-1.168 P1  F9000
G1 X98.478 Y111.814 Z4.2
G1 Z3.8
G1 E1.2 F1800
M204 P2000
;TYPE:Inner wall
;WIDTH:0.449999
G1 F5400
G1 X98.467 Y117.849 E.20019
G1 X98.425 Y118.14 E.00977
G1 X98.233 Y118.362 E.00972
G1 X97.907 Y118.451 E.0112
G1 X95.877 Y118.451 E.06736
G1 X95.94 Y108.817 E.31957
;WIDTH:0.486932
G1 X95.965 Y108.567 E.00911
;WIDTH:0.523864
G1 X95.991 Y108.316 E.00987
;WIDTH:0.560796
G1 X96.016 Y108.065 E.01063
;WIDTH:0.548627
G1 X96.14 Y108.464 E.01721
;WIDTH:0.499313
G1 X96.264 Y108.863 E.01553
;WIDTH:0.449999
G1 X96.579 Y109.634 E.02765
G1 X97.001 Y110.353 E.02764
G1 X97.523 Y111.003 E.02765
G1 X98.07 Y111.52 E.02499
G1 X98.446 Y111.791 E.01534
G1 E-.84 F2400
;WIPE_START
G1 F5400
G1 X98.449 Y112.791 E-.36
;WIPE_END
G17
G3 Z4.2 I1.138 J-.431 P1  F9000
G1 X95.994 Y106.301 Z4.2
G1 Z3.8
G1 E1.2 F1800
;WIDTH:0.524592
G1 F5400
G1 X95.978 Y105.926 E.01473
;WIDTH:0.487296
G1 X95.962 Y105.551 E.01359
;WIDTH:0.449999
G1 X95.988 Y101.548 E.13281
G1 X100.066 Y101.551 E.13526
G1 X99.289 Y101.854 E.02765
G1 X98.563 Y102.263 E.02764
G1 X97.904 Y102.772 E.02764
G1 X97.324 Y103.371 E.02765
G1 X96.837 Y104.047 E.02765
G1 X96.453 Y104.787 E.02765
G1 X96.178 Y105.574 E.02764
;WIDTH:0.487296
G1 X96.086 Y105.938 E.01359
;WIDTH:0.524592
G1 X96.004 Y106.263 E.01316
G1 E-.84 F2400
;WIPE_START
G1 F5400
G1 X95.978 Y105.926 E-.1214
G1 X95.962 Y105.551 E-.13512
G1 X95.964 Y105.264 E-.10348
;WIPE_END
G17
G3 Z4.2 I-.107 J1.212 P1  F9000
G1 X107.561 Y106.291 Z4.2
G1 Z3.8
G1 E1.2 F1800
;WIDTH:0.62804
G1 F5400
G1 X107.496 Y106.092 E.01
;WIDTH:0.58353
G1 X107.432 Y105.892 E.00924
;WIDTH:0.53902
G1 X107.368 Y105.692 E.00848
;WIDTH:0.49451
G1 X107.303 Y105.493 E.00772
;WIDTH:0.449999
G1 X107.018 Y104.71 E.02764
G1 X106.623 Y103.976 E.02764
G1 X106.003 Y103.182 E.03342
G1 X105.538 Y102.717 E.02182
G1 X104.871 Y102.217 E.02765
G1 X104.139 Y101.819 E.02764
G1 X103.438 Y101.551 E.02487
G1 X107.65 Y101.548 E.13969
G1 X107.65 Y105.542 E.13248
;WIDTH:0.49451
G1 X107.627 Y105.729 E.00695
;WIDTH:0.53902
G1 X107.605 Y105.916 E.00763
;WIDTH:0.58353
G1 X107.583 Y106.104 E.00832
;WIDTH:0.62804
G1 X107.565 Y106.252 E.00709
G1 E-.84 F2400
;WIPE_START
G1 F5400
G1 X107.496 Y106.092 E-.06269
G1 X107.432 Y105.892 E-.07549
G1 X107.368 Y105.692 E-.07549
G1 X107.303 Y105.493 E-.07549
G1 X107.236 Y105.308 E-.07085
;WIPE_END
G17
G3 Z4.2 I-1.152 J-.391 P1  F9000
G1 X105.026 Y111.814 Z4.2
G1 Z3.8
G1 E1.2 F1800
;WIDTH:0.449999
G1 F5400
G1 X105.438 Y111.516 E.01685
G1 X106.038 Y110.941 E.02758
G1 X106.55 Y110.283 E.02765
G1 X106.962 Y109.56 E.02762
G1 X107.256 Y108.811 E.02667
;WIDTH:0.490654
G1 X107.314 Y108.656 E.00605
;WIDTH:0.531309
G1 X107.373 Y108.501 E.00659
;WIDTH:0.571963
G1 X107.431 Y108.346 E.00714
;WIDTH:0.612618
G1 X107.489 Y108.191 E.00769
;WIDTH:0.653272
G1 X107.548 Y108.036 E.00824
G1 X107.559 Y108.081 E.00231
;WIDTH:0.630274
G1 X107.582 Y108.276 E.00937
;WIDTH:0.585206
G1 X107.605 Y108.47 E.00865
;WIDTH:0.540137
G1 X107.627 Y108.664 E.00793
;WIDTH:0.495068
G1 X107.65 Y108.859 E.00721
;WIDTH:0.449999
G1 X107.65 Y118.451 E.31818
G1 X106.343 Y118.451 E.04336
G1 X105.404 Y118.423 E.03114
G1 X105.159 Y118.264 E.0097
G1 X105.037 Y117.998 E.00972
G1 X105.026 Y111.854 E.20379
G1 X104.612 Y111.6 F9000
M204 P1000
;TYPE:Outer wall
;WIDTH:0.419999
G1 F3600
G1 X105.154 Y111.216 E.0204
G1 X105.713 Y110.684 E.02372
G1 X106.192 Y110.076 E.02378
G1 X106.578 Y109.406 E.02377
G1 X106.854 Y108.713 E.0229
G1 X107.042 Y107.934 E.02465
G1 X107.111 Y107.163 E.02378
G1 X107.068 Y106.39 E.02378
G1 X106.914 Y105.632 E.02378
G1 X106.652 Y104.903 E.02378
G1 X106.289 Y104.22 E.02378
G1 X105.708 Y103.472 E.02912
G1 X105.287 Y103.046 E.01839
G1 X104.67 Y102.579 E.02378
G1 X103.993 Y102.205 E.02378
G1 X103.268 Y101.934 E.02378
;WIDTH:0.455875
G1 X103.017 Y101.861 E.00879
;WIDTH:0.49175
G1 X102.767 Y101.788 E.00955
;WIDTH:0.527625
G1 X102.516 Y101.715 E.01031
G1 X101.737 Y101.675 E.0308
;WIDTH:0.524806
G1 X100.957 Y101.721 E.03068
G1 X100.709 Y101.794 E.01015
;WIDTH:0.489871
G1 X100.461 Y101.867 E.00942
;WIDTH:0.454935
G1 X100.213 Y101.94 E.00868
;WIDTH:0.419999
G1 X99.49 Y102.216 E.02378
G1 X98.814 Y102.592 E.02378
G1 X98.199 Y103.062 E.02377
G1 X97.658 Y103.615 E.02378
G1 X97.203 Y104.241 E.02378
G1 X96.842 Y104.926 E.02378
G1 X96.584 Y105.655 E.02378
G1 X96.433 Y106.414 E.02377
G1 X96.394 Y107.158 E.0229
G1 X96.466 Y107.957 E.02465
G1 X96.648 Y108.709 E.02378
G1 X96.937 Y109.427 E.02378
G1 X97.326 Y110.096 E.02377
G1 X97.807 Y110.702 E.02378
G1 X98.37 Y111.232 E.02377
G1 X98.892 Y111.6 E.0196
G1 X98.88 Y118.058 E.19843
G1 X98.805 Y118.314 E.00821
G1 X98.661 Y118.538 E.0082
G1 X98.459 Y118.713 E.0082
G1 X98.216 Y118.824 E.0082
G1 X97.937 Y118.864 E.00867
G1 X95.461 Y118.864 E.0761
G1 X95.578 Y101.134 E.5448
G1 X100.149 Y101.134 E.14047
;WIDTH:0.455875
G1 X100.423 Y101.152 E.00922
;WIDTH:0.491751
G1 X100.696 Y101.17 E.01002
;WIDTH:0.527627
G1 X100.969 Y101.188 E.01082
G1 X101.785 Y101.175 E.03223
;WIDTH:0.532725
G1 X102.605 Y101.191 E.03274
G1 X102.855 Y101.172 E.01
;WIDTH:0.49515
G1 X103.105 Y101.153 E.00924
;WIDTH:0.457575
G1 X103.355 Y101.134 E.00847
;WIDTH:0.419999
G1 X108.063 Y101.134 E.14467
G1 X108.063 Y118.864 E.54479
G1 X105.638 Y118.864 E.07452
G1 X105.286 Y118.823 E.0109
G1 X105.043 Y118.712 E.00819
G1 X104.842 Y118.537 E.00819
G1 X104.699 Y118.313 E.00819
G1 X104.624 Y118.057 E.00819
G1 X104.612 Y111.64 E.19719
G1 E-.84 F2400
;WIPE_START
G1 F3600
G1 X105.154 Y111.216 E-.24759
G1 X105.38 Y111.001 E-.11241
;WIPE_END
G17
G3 Z4.2 I1.104 J.511 P1  F9000
G1 X107.561 Y106.291 Z4.2
G1 Z3.8
G1 E1.2 F1800
M204 P2000
;TYPE:Inner wall
;WIDTH:0.62804
G1 F5400
G1 X107.567 Y106.388 E.0046
;WIDTH:0.615906
G1 X107.586 Y107.23 E.03936
;WIDTH:0.615405
G1 X107.567 Y107.633 E.01882
;WIDTH:0.653272
G1 X107.548 Y108.036 E.02006
G1 E-.84 F2400
;WIPE_START
G1 F5400
G1 X107.567 Y107.633 E-.14523
G1 X107.586 Y107.23 E-.14523
G1 X107.581 Y107.037 E-.06954
;WIPE_END
G17
G3 Z4.2 I.077 J-1.215 P1  F9000
G1 X95.994 Y106.301 Z4.2
G1 Z3.8
G1 E1.2 F1800
;WIDTH:0.524592
G1 F5400
G1 X95.988 Y106.389 E.00346
;WIDTH:0.51402
G1 X95.967 Y107.196 E.03096
;WIDTH:0.520938
G1 X95.984 Y107.61 E.01615
;WIDTH:0.560796
G1 X96.001 Y108.024 E.0175
G1 X98.086 Y112.015 F9000
M204 P2500
;TYPE:Internal solid infill
;WIDTH:0.419999
G1 F9741.91
G1 X97.801 Y111.805 E.01088
G1 X97.176 Y111.203 E.02666
G1 X96.629 Y110.501 E.02735
G1 X96.325 Y109.968 E.01886
G1 X96.271 Y118.059 E.24862
G1 X97.879 Y118.059 E.04941
G1 X98.041 Y118.002 E.00527
G1 X98.075 Y117.848 E.00483
G1 X98.085 Y112.055 E.17801
G1 X97.708 Y112.206 F9000
G1 F9741.91
G1 X96.914 Y111.474 E.03318
G1 X96.694 Y111.2 E.01082
G1 X96.651 Y117.682 E.19917
G1 X97.698 Y117.682 E.03218
G1 X97.708 Y112.246 E.16701
G1 X97.358 Y112.38 F9000
;WIDTH:0.37101
G1 F10800
G1 X97.037 Y112.079 E.01177
G1 X97.009 Y117.326 E.14029
G1 X97.343 Y117.326 E.00894
G1 X97.358 Y112.42 E.13115
G1 E-.97778 F2400
;WIPE_START
G1 F10800
G1 X97.355 Y113.42 E-.22222
;WIPE_END
G17
G3 Z4.2 I.413 J1.145 P1  F9000
G1 X107.258 Y109.843 Z4.2
G1 Z3.8
G1 E1.2 F1800
;WIDTH:0.419999
G1 F9741.91
G1 X106.825 Y110.575 E.02612
G1 X106.268 Y111.269 E.02734
G1 X105.707 Y111.801 E.02376
G1 X105.419 Y112.015 E.01103
G1 X105.429 Y117.941 E.18209
G1 X105.524 Y118.031 E.00401
G1 X106.343 Y118.059 E.02517
G1 X107.258 Y118.059 E.02811
G1 X107.258 Y109.883 E.25121
G1 X106.88 Y111.11 F9000
G1 F9741.91
G1 X106.561 Y111.506 E.01562
G1 X105.966 Y112.075 E.02532
G1 X105.796 Y112.206 E.00659
G1 X105.806 Y117.682 E.16825
G1 X106.88 Y117.682 E.03302
G1 X106.88 Y111.15 E.2007
G1 X106.515 Y112.059 F9000
;WIDTH:0.394329
G1 F10453.543
G1 X106.162 Y112.387 E.01381
G1 X106.168 Y117.318 E.14121
G1 X106.517 Y117.318 E.01
G1 X106.515 Y112.099 E.14946
G1 X107.258 Y104.355 F9000
;WIDTH:0.419999
G1 F9741.91
G1 X107.258 Y101.94 E.07419
G1 X105.162 Y101.94 E.06439
G1 X105.775 Y102.405 E.02364
G1 X106.497 Y103.141 E.0317
G1 X107 Y103.842 E.02651
G1 X107.24 Y104.319 E.01639
G1 X106.877 Y103.018 F9000
;WIDTH:0.426684
G1 F9572.209
G1 X106.877 Y102.32 E.02181
G1 X106.228 Y102.32 E.0203
G1 X106.75 Y102.852 E.02331
G1 X106.853 Y102.986 E.00527
G1 E-.94927 F2400
;WIPE_START
G1 F9572.209
G1 X106.75 Y102.852 E-.04223
G1 X106.228 Y102.32 E-.18692
G1 X106.314 Y102.32 E-.02158
;WIPE_END
G17
G3 Z4.2 I.058 J-1.216 P1  F9000
G1 X98.34 Y101.94 Z4.2
G1 Z3.8
G1 E1.2 F1800
;WIDTH:0.419999
G1 F9741.91
G1 X96.378 Y101.94 E.06029
G1 X96.364 Y104.104 E.06649
G1 X96.505 Y103.841 E.00918
G1 X97.081 Y103.053 E.02998
G1 X97.71 Y102.421 E.0274
G1 X98.308 Y101.964 E.02313
G1 X97.321 Y102.3 F9000
;WIDTH:0.386567
G1 F10689.659
G1 X96.736 Y102.3 E.0164
G1 X96.732 Y102.921 E.01737
G1 X97.294 Y102.329 E.02284
; stop printing object sandbox.stl id:15 copy 0
;LAYER_CHANGE
;Z:4
;HEIGHT:0.2
;BEFORE_LAYER_CHANGE
;4
G92 E0

G1 E-.97548 F2400
;WIPE_START
G1 F10689.659
G1 X96.732 Y102.921 E-.18316
G1 X96.733 Y102.736 E-.04136
;WIPE_END
;_SET_FAN_SPEED_CHANGING_LAYER
; printing object sandbox.stl id:15 copy 0
G17
G3 Z4.4 I-.444 J1.133 P1  F9000
G1 X117.638 Y110.924 Z4.4
G1 Z4
G1 E1.2 F1800
M204 P2000
;TYPE:Inner wall
;WIDTH:0.449999
G1 F5400
G1 X117.298 Y110.683 E.01384
G1 X116.793 Y110.282 E.0214
G1 X116.354 Y109.813 E.02129
G1 X115.989 Y109.284 E.02132
G1 X115.705 Y108.707 E.02132
G1 X115.509 Y108.095 E.02133
G1 X115.405 Y107.46 E.02133
G1 X115.396 Y106.817 E.02134
G1 X115.482 Y106.176 E.02144
G1 X115.657 Y105.566 E.02107
G1 X115.926 Y104.979 E.02142
G1 X116.276 Y104.437 E.02141
G1 X116.701 Y103.956 E.02129
G1 X117.195 Y103.539 E.02144
G1 X117.736 Y103.205 E.02107
G1 X118.329 Y102.951 E.02142
G1 X118.953 Y102.786 E.02141
G1 X119.591 Y102.715 E.02129
G1 X120.233 Y102.739 E.02132
G1 X120.865 Y102.857 E.02132
G1 X121.473 Y103.066 E.02133
G1 X122.044 Y103.363 E.02133
G1 X122.564 Y103.74 E.02133
G1 X123.024 Y104.19 E.02134
G1 X123.414 Y104.705 E.02144
G1 X123.72 Y105.262 E.02107
G1 X123.943 Y105.868 E.02142
G1 X124.076 Y106.499 E.02141
G1 X124.109 Y107.462 E.03194
G1 X124.005 Y108.098 E.02138
G1 X123.808 Y108.712 E.02139
G1 X123.524 Y109.29 E.02138
G1 X123.157 Y109.821 E.02138
G1 X122.717 Y110.291 E.02139
G1 X122.387 Y110.553 E.01398
G1 X121.882 Y110.901 E.02032
G1 X121.687 Y111.125 E.00987
G1 X121.628 Y111.381 E.00872
G1 X121.628 Y118.077 E.22212
G1 X121.68 Y118.452 E.01254
G1 X117.821 Y118.451 E.12802
G1 X117.875 Y118.076 E.01257
G1 X117.875 Y111.273 E.22567
G1 X117.708 Y110.974 E.01134
G1 X117.671 Y110.948 E.00153
G1 X117.388 Y111.243 F9000
M204 P1000
;TYPE:Outer wall
;WIDTH:0.419999
G1 F3600
G1 X116.773 Y110.826 E.02284
G1 X116.254 Y110.347 E.02168
G1 X115.811 Y109.798 E.02169
G1 X115.454 Y109.189 E.02169
G1 X115.19 Y108.535 E.02169
G1 X115.025 Y107.849 E.02169
G1 X114.962 Y107.146 E.02169
G1 X115.004 Y106.441 E.02169
G1 X115.149 Y105.75 E.02169
G1 X115.39 Y105.097 E.02141
G1 X115.733 Y104.469 E.02197
G1 X116.159 Y103.907 E.02168
G1 X116.664 Y103.414 E.02169
G1 X117.235 Y103 E.02169
G1 X117.853 Y102.678 E.02141
G1 X118.529 Y102.444 E.02197
G1 X119.223 Y102.315 E.02168
G1 X119.928 Y102.289 E.02169
G1 X120.629 Y102.367 E.02169
G1 X121.312 Y102.547 E.02169
G1 X121.96 Y102.825 E.02169
G1 X122.561 Y103.196 E.02169
G1 X123.1 Y103.651 E.02169
G1 X123.567 Y104.18 E.02169
G1 X123.951 Y104.773 E.02169
G1 X124.241 Y105.406 E.02141
G1 X124.439 Y106.093 E.02197
G1 X124.533 Y106.793 E.02168
G1 X124.522 Y107.498 E.02169
G1 X124.408 Y108.195 E.02169
G1 X124.193 Y108.867 E.02169
G1 X123.881 Y109.5 E.02169
G1 X123.48 Y110.081 E.02169
G1 X122.998 Y110.596 E.02169
G1 X122.644 Y110.877 E.01389
G1 X122.103 Y111.252 E.02022
G1 X122.041 Y111.381 E.00441
G1 X122.041 Y118.077 E.20575
G1 X122.094 Y118.424 E.01078
G1 X122.259 Y118.765 E.01162
G1 X122.348 Y118.865 E.00414
G1 X117.148 Y118.864 E.15979
G1 X117.208 Y118.811 E.00248
G1 X117.389 Y118.482 E.01153
G1 X117.461 Y118.076 E.01267
G1 X117.461 Y111.348 E.20672
G1 X117.411 Y111.276 E.00271
G1 E-.84 F2400
;WIPE_START
G1 F3600
G1 X116.773 Y110.826 E-.28108
G1 X116.612 Y110.677 E-.07892
;WIPE_END
G1 Z4.4 F9000
G1 X120.754 Y118.331 Z4.4
G1 Z4
G1 E1.2 F1800
M204 P2500
;TYPE:Top surface
;WIDTH:0.428973
G1 F3000
G1 X121.507 Y117.578 E.0335
G1 X121.507 Y117.032 F9000
G1 F3000
G1 X120.208 Y118.331 E.05779
G1 X119.663 Y118.331 F9000
G1 F3000
G1 X121.507 Y116.486 E.08207
G1 X121.507 Y115.94 F9000
G1 F3000
G1 X119.117 Y118.331 E.10635
G1 X118.571 Y118.331 F9000
G1 F3000
G1 X121.507 Y115.394 E.13064
G1 X121.507 Y114.848 F9000
G1 F3000
G1 X118.025 Y118.331 E.15492
G1 X117.996 Y117.814 F9000
G1 F3000
G1 X121.507 Y114.302 E.15623
G1 X121.507 Y113.756 F9000
G1 F3000
G1 X117.996 Y117.268 E.15623
G1 X117.996 Y116.722 F9000
G1 F3000
G1 X121.507 Y113.21 E.15623
G1 X121.507 Y112.664 F9000
G1 F3000
G1 X117.996 Y116.176 E.15623
G1 X117.996 Y115.63 F9000
G1 F3000
G1 X121.507 Y112.118 E.15623
G1 X121.507 Y111.572 F9000
G1 F3000
G1 X117.996 Y115.084 E.15623
G1 X117.996 Y114.538 F9000
G1 F3000
G1 X123.531 Y109.003 E.24626
G1 X123.873 Y108.115 F9000
G1 F3000
G1 X117.996 Y113.992 E.26148
G1 X117.996 Y113.446 F9000
G1 F3000
G1 X123.988 Y107.454 E.26661
G1 X123.997 Y106.899 F9000
G1 F3000
G1 X117.996 Y112.9 E.26699
G1 X117.996 Y112.354 F9000
G1 F3000
G1 X123.942 Y106.408 E.26456
G1 X123.844 Y105.959 F9000
G1 F3000
G1 X117.996 Y111.808 E.26021
G1 X117.982 Y111.276 F9000
G1 F3000
G1 X123.715 Y105.542 E.25507
G1 X123.544 Y105.168 F9000
G1 F3000
G1 X117.805 Y110.907 E.25533
G1 X117.496 Y110.67 F9000
G1 F3000
G1 X123.346 Y104.82 E.26026
G1 X123.129 Y104.491 F9000
G1 F3000
G1 X117.17 Y110.45 E.2651
G1 X116.878 Y110.196 F9000
G1 F3000
G1 X122.873 Y104.201 E.26672
G1 X122.6 Y103.928 F9000
G1 F3000
G1 X116.601 Y109.927 E.26689
G1 X116.358 Y109.625 F9000
G1 F3000
G1 X122.304 Y103.678 E.26455
G1 X121.974 Y103.462 F9000
G1 F3000
G1 X116.138 Y109.299 E.25968
G1 X115.936 Y108.955 F9000
G1 F3000
G1 X121.627 Y103.263 E.2532
G1 X121.245 Y103.099 F9000
G1 F3000
G1 X115.778 Y108.566 E.2432
G1 X115.647 Y108.151 F9000
G1 F3000
G1 X120.827 Y102.971 E.23046
G1 X120.376 Y102.876 F9000
G1 F3000
G1 X115.548 Y107.704 E.2148
G1 X115.504 Y107.203 F9000
G1 F3000
G1 X119.881 Y102.825 E.19476
G1 X119.315 Y102.846 F9000
G1 F3000
G1 X115.528 Y106.633 E.16847
G1 X115.649 Y105.965 F9000
G1 F3000
G1 X118.645 Y102.969 E.13329
G1 X117.718 Y103.351 F9000
G1 F3000
G1 X116.031 Y105.038 E.07506
G1 E-.84 F2400
;WIPE_START
G1 F3000
G1 X116.738 Y104.331 E-.36
;WIPE_END
G17
G3 Z4.4 I-.461 J-1.126 P1  F9000
G1 X98.478 Y111.814 Z4.4
G1 Z4
G1 E1.2 F1800
M204 P2000
;TYPE:Inner wall
;WIDTH:0.449999
G1 F5400
G1 X98.467 Y117.849 E.20018
G1 X98.425 Y118.14 E.00977
G1 X98.233 Y118.362 E.00972
G1 X97.907 Y118.451 E.0112
G1 X95.877 Y118.451 E.06736
G1 X95.94 Y108.817 E.31957
;WIDTH:0.486932
G1 X95.965 Y108.567 E.00911
;WIDTH:0.523865
G1 X95.991 Y108.316 E.00987
;WIDTH:0.560798
G1 X96.016 Y108.065 E.01063
;WIDTH:0.548629
G1 X96.14 Y108.464 E.01721
;WIDTH:0.499314
G1 X96.264 Y108.863 E.01553
;WIDTH:0.449999
G1 X96.579 Y109.634 E.02765
G1 X97.001 Y110.353 E.02765
G1 X97.523 Y111.003 E.02764
G1 X98.07 Y111.52 E.02499
G1 X98.446 Y111.791 E.01534
G1 E-.84 F2400
;WIPE_START
G1 F5400
G1 X98.449 Y112.791 E-.36
;WIPE_END
G17
G3 Z4.4 I1.138 J-.431 P1  F9000
G1 X95.994 Y106.301 Z4.4
G1 Z4
G1 E1.2 F1800
;WIDTH:0.524592
G1 F5400
G1 X95.978 Y105.926 E.01473
;WIDTH:0.487296
G1 X95.962 Y105.551 E.01359
;WIDTH:0.449999
G1 X95.988 Y101.548 E.13281
G1 X100.066 Y101.551 E.13526
G1 X99.289 Y101.854 E.02765
G1 X98.563 Y102.263 E.02764
G1 X97.904 Y102.772 E.02764
G1 X97.324 Y103.371 E.02765
G1 X96.837 Y104.047 E.02765
G1 X96.453 Y104.787 E.02765
G1 X96.178 Y105.574 E.02764
;WIDTH:0.487296
G1 X96.086 Y105.938 E.01359
;WIDTH:0.524592
G1 X96.004 Y106.263 E.01316
G1 E-.84 F2400
;WIPE_START
G1 F5400
G1 X95.978 Y105.926 E-.1214
G1 X95.962 Y105.551 E-.13512
G1 X95.964 Y105.264 E-.10348
;WIPE_END
G17
G3 Z4.4 I-.107 J1.212 P1  F9000
G1 X107.561 Y106.291 Z4.4
G1 Z4
G1 E1.2 F1800
;WIDTH:0.62804
G1 F5400
G1 X107.496 Y106.092 E.01
;WIDTH:0.58353
G1 X107.432 Y105.892 E.00924
;WIDTH:0.53902
G1 X107.368 Y105.692 E.00848
;WIDTH:0.49451
G1 X107.303 Y105.493 E.00772
;WIDTH:0.449999
G1 X107.018 Y104.71 E.02764
G1 X106.628 Y103.985 E.02732
G1 X106.003 Y103.182 E.03375
G1 X105.538 Y102.717 E.02182
G1 X104.871 Y102.217 E.02765
G1 X104.139 Y101.819 E.02764
G1 X103.438 Y101.551 E.02487
G1 X107.65 Y101.548 E.13969
G1 X107.65 Y105.542 E.13248
;WIDTH:0.49451
G1 X107.627 Y105.729 E.00695
;WIDTH:0.53902
G1 X107.605 Y105.916 E.00763
;WIDTH:0.58353
G1 X107.583 Y106.104 E.00831
;WIDTH:0.62804
G1 X107.565 Y106.252 E.00709
G1 E-.84 F2400
;WIPE_START
G1 F5400
G1 X107.496 Y106.092 E-.06269
G1 X107.432 Y105.892 E-.07549
G1 X107.368 Y105.692 E-.07549
G1 X107.303 Y105.493 E-.07549
G1 X107.236 Y105.308 E-.07085
;WIPE_END
G17
G3 Z4.4 I-1.152 J-.391 P1  F9000
G1 X105.026 Y111.814 Z4.4
G1 Z4
G1 E1.2 F1800
;WIDTH:0.449999
G1 F5400
G1 X105.439 Y111.514 E.01694
G1 X106.038 Y110.941 E.02749
G1 X106.55 Y110.283 E.02765
G1 X106.962 Y109.559 E.02765
G1 X107.266 Y108.783 E.02764
;WIDTH:0.490654
G1 X107.322 Y108.634 E.00582
;WIDTH:0.531309
G1 X107.379 Y108.484 E.00635
;WIDTH:0.571963
G1 X107.435 Y108.335 E.00688
;WIDTH:0.612618
G1 X107.491 Y108.186 E.00741
;WIDTH:0.653272
G1 X107.548 Y108.036 E.00794
G1 X107.559 Y108.079 E.00217
;WIDTH:0.631644
G1 X107.581 Y108.266 E.00906
;WIDTH:0.586233
G1 X107.604 Y108.453 E.00836
;WIDTH:0.540822
G1 X107.627 Y108.641 E.00766
;WIDTH:0.495411
G1 X107.65 Y108.828 E.00696
;WIDTH:0.449999
G1 X107.65 Y118.451 E.31919
G1 X106.343 Y118.451 E.04336
G1 X105.404 Y118.423 E.03114
G1 X105.159 Y118.264 E.0097
G1 X105.037 Y117.998 E.00972
G1 X105.026 Y111.854 E.20378
G1 X104.612 Y111.6 F9000
M204 P1000
;TYPE:Outer wall
;WIDTH:0.419999
G1 F3600
G1 X105.155 Y111.213 E.02049
G1 X105.713 Y110.684 E.02362
G1 X106.192 Y110.076 E.02378
G1 X106.578 Y109.406 E.02378
G1 X106.863 Y108.686 E.02378
G1 X107.042 Y107.934 E.02378
G1 X107.111 Y107.163 E.02378
G1 X107.068 Y106.39 E.02378
G1 X106.914 Y105.632 E.02378
G1 X106.652 Y104.904 E.02377
G1 X106.294 Y104.229 E.02349
G1 X105.708 Y103.472 E.02941
G1 X105.287 Y103.046 E.01839
G1 X104.67 Y102.579 E.02378
G1 X103.993 Y102.205 E.02378
G1 X103.268 Y101.934 E.02378
;WIDTH:0.455875
G1 X103.017 Y101.861 E.00879
;WIDTH:0.49175
G1 X102.767 Y101.788 E.00955
;WIDTH:0.527625
G1 X102.516 Y101.715 E.01031
G1 X101.737 Y101.675 E.0308
;WIDTH:0.524806
G1 X100.957 Y101.721 E.03068
G1 X100.709 Y101.794 E.01015
;WIDTH:0.489871
G1 X100.461 Y101.867 E.00942
;WIDTH:0.454935
G1 X100.213 Y101.94 E.00868
;WIDTH:0.419999
G1 X99.49 Y102.216 E.02378
G1 X98.814 Y102.592 E.02378
G1 X98.199 Y103.062 E.02378
G1 X97.658 Y103.615 E.02378
G1 X97.203 Y104.241 E.02378
G1 X96.842 Y104.926 E.02378
G1 X96.584 Y105.655 E.02378
G1 X96.433 Y106.414 E.02377
G1 X96.394 Y107.177 E.02349
G1 X96.466 Y107.957 E.02407
G1 X96.648 Y108.709 E.02378
G1 X96.937 Y109.427 E.02378
G1 X97.326 Y110.096 E.02378
G1 X97.807 Y110.702 E.02378
G1 X98.37 Y111.232 E.02377
G1 X98.892 Y111.6 E.01961
G1 X98.88 Y118.058 E.19842
G1 X98.805 Y118.314 E.00821
G1 X98.661 Y118.538 E.0082
G1 X98.459 Y118.713 E.0082
G1 X98.216 Y118.824 E.0082
G1 X97.937 Y118.864 E.00867
G1 X95.461 Y118.864 E.0761
G1 X95.578 Y101.134 E.5448
G1 X100.149 Y101.134 E.14047
;WIDTH:0.455875
G1 X100.423 Y101.152 E.00922
;WIDTH:0.491751
G1 X100.696 Y101.17 E.01002
;WIDTH:0.527627
G1 X100.969 Y101.188 E.01082
G1 X101.785 Y101.175 E.03223
;WIDTH:0.532724
G1 X102.605 Y101.191 E.03274
G1 X102.855 Y101.172 E.01
;WIDTH:0.495149
G1 X103.105 Y101.153 E.00924
;WIDTH:0.457574
G1 X103.355 Y101.134 E.00847
;WIDTH:0.419999
G1 X108.063 Y101.134 E.14467
G1 X108.063 Y118.864 E.54479
G1 X105.638 Y118.864 E.07452
G1 X105.286 Y118.823 E.0109
G1 X105.043 Y118.712 E.00819
G1 X104.842 Y118.537 E.00819
G1 X104.699 Y118.313 E.00819
G1 X104.624 Y118.057 E.00819
G1 X104.612 Y111.64 E.19719
G1 E-.84 F2400
;WIPE_START
G1 F3600
G1 X105.155 Y111.213 E-.24872
G1 X105.38 Y111 E-.11128
;WIPE_END
G17
G3 Z4.4 I1.104 J.511 P1  F9000
G1 X107.561 Y106.291 Z4.4
G1 Z4
G1 E1.2 F1800
M204 P2000
;TYPE:Inner wall
;WIDTH:0.62804
G1 F5400
G1 X107.567 Y106.387 E.0046
;WIDTH:0.615908
G1 X107.586 Y107.23 E.03936
;WIDTH:0.615405
G1 X107.567 Y107.633 E.01882
;WIDTH:0.653272
G1 X107.548 Y108.036 E.02006
G1 E-.84 F2400
;WIPE_START
G1 F5400
G1 X107.567 Y107.633 E-.14523
G1 X107.586 Y107.23 E-.14523
G1 X107.581 Y107.037 E-.06954
;WIPE_END
G17
G3 Z4.4 I-.103 J-1.213 P1  F9000
G1 X96.001 Y108.024 Z4.4
G1 Z4
G1 E1.2 F1800
;WIDTH:0.560798
G1 F5400
G1 X95.984 Y107.62 E.01707
;WIDTH:0.52091
G1 X95.966 Y107.216 E.01576
;WIDTH:0.513994
G1 X95.988 Y106.39 E.03171
;WIDTH:0.524592
G1 X95.994 Y106.301 E.00348
G1 E-.84 F2400
;WIPE_START
G1 F5400
G1 X95.988 Y106.39 E-.03193
G1 X95.966 Y107.216 E-.29738
G1 X95.97 Y107.301 E-.03068
;WIPE_END
G17
G3 Z4.4 I1.216 J.047 P1  F9000
G1 X96.092 Y104.136 Z4.4
G1 Z4
G1 E1.2 F1800
M204 P2500
;TYPE:Top surface
;WIDTH:0.434057
G1 F3000
G1 X98.56 Y101.669 E.11124
G1 X98.007 Y101.669 F9000
G1 F3000
G1 X96.096 Y103.58 E.08614
G1 X96.099 Y103.023 F9000
G1 F3000
G1 X97.453 Y101.669 E.06104
G1 X96.9 Y101.669 F9000
G1 F3000
G1 X96.103 Y102.466 E.03594
G1 E-.84 F2400
;WIPE_START
G1 F3000
G1 X96.81 Y101.759 E-.36
;WIPE_END
G17
G3 Z4.4 I-.316 J1.175 P1  F9000
G1 X107.049 Y104.512 Z4.4
G1 Z4
G1 E1.2 F1800
;WIDTH:0.429898
G1 F3000
G1 X107.529 Y104.032 E.02139
G1 X107.529 Y103.485 F9000
G1 F3000
G1 X106.86 Y104.154 E.02983
G1 X106.648 Y103.818 F9000
G1 F3000
G1 X107.529 Y102.937 E.03929
G1 X107.529 Y102.39 F9000
G1 F3000
G1 X106.42 Y103.499 E.04946
G1 X106.175 Y103.197 F9000
G1 F3000
G1 X107.529 Y101.843 E.06039
G1 X107.156 Y101.669 F9000
G1 F3000
G1 X105.904 Y102.921 E.05584
G1 X105.633 Y102.645 F9000
G1 F3000
G1 X106.609 Y101.669 E.04353
G1 X106.061 Y101.669 F9000
G1 F3000
G1 X105.326 Y102.404 E.0328
G1 X105.015 Y102.168 F9000
G1 F3000
G1 X105.514 Y101.669 E.02228
G1 E-.84 F2400
;WIPE_START
G1 F3000
G1 X105.015 Y102.168 E-.36
;WIPE_END
G17
G3 Z4.4 I-1.201 J.197 P1  F9000
G1 X107.529 Y117.532 Z4.4
G1 Z4
G1 E1.2 F1800
;WIDTH:0.43703
G1 F3000
G1 X106.731 Y118.33 E.03626
G1 X106.173 Y118.33 F9000
G1 F3000
G1 X107.529 Y116.974 E.06157
G1 X107.529 Y116.417 F9000
G1 F3000
G1 X105.616 Y118.33 E.08689
G1 X105.232 Y118.156 F9000
G1 F3000
G1 X107.529 Y115.86 E.1043
G1 X107.529 Y115.302 F9000
G1 F3000
G1 X105.157 Y117.674 E.10772
G1 X105.156 Y117.118 F9000
G1 F3000
G1 X107.529 Y114.745 E.10777
G1 X107.529 Y114.188 F9000
G1 F3000
G1 X105.155 Y116.561 E.10781
G1 X105.154 Y116.005 F9000
G1 F3000
G1 X107.529 Y113.63 E.10786
G1 X107.529 Y113.073 F9000
G1 F3000
G1 X105.153 Y115.449 E.1079
G1 X105.152 Y114.892 F9000
G1 F3000
G1 X107.529 Y112.516 E.10795
G1 X107.529 Y111.958 F9000
G1 F3000
G1 X105.151 Y114.336 E.10799
G1 X105.15 Y113.78 F9000
G1 F3000
G1 X107.529 Y111.401 E.10803
G1 X107.529 Y110.843 F9000
G1 F3000
G1 X105.149 Y113.223 E.10808
G1 X105.148 Y112.667 F9000
G1 F3000
G1 X107.529 Y110.286 E.10812
G1 X107.529 Y109.729 F9000
G1 F3000
G1 X105.147 Y112.11 E.10817
G1 E-.84 F2400
;WIPE_START
G1 F3000
G1 X105.854 Y111.403 E-.36
;WIPE_END
G17
G3 Z4.4 I-.797 J-.92 P1  F9000
G1 X97.862 Y118.33 Z4.4
G1 Z4
G1 E1.2 F1800
;WIDTH:0.428624
G1 F3000
G1 X98.347 Y117.845 E.02154
G1 X98.348 Y117.299 F9000
G1 F3000
G1 X97.317 Y118.33 E.04583
G1 X96.771 Y118.33 F9000
G1 F3000
G1 X98.349 Y116.753 E.07012
G1 X98.35 Y116.206 F9000
G1 F3000
G1 X96.226 Y118.33 E.09441
G1 X96 Y118.01 F9000
G1 F3000
G1 X98.351 Y115.66 E.10446
G1 X98.351 Y115.113 F9000
G1 F3000
G1 X96.004 Y117.461 E.10434
G1 X96.008 Y116.912 F9000
G1 F3000
G1 X98.352 Y114.567 E.10423
G1 X98.353 Y114.02 F9000
G1 F3000
G1 X96.011 Y116.363 E.10411
G1 X96.015 Y115.814 F9000
G1 F3000
G1 X98.354 Y113.474 E.10399
G1 X98.355 Y112.928 F9000
G1 F3000
G1 X96.018 Y115.264 E.10387
G1 X96.022 Y114.715 F9000
G1 F3000
G1 X98.356 Y112.381 E.10375
G1 X98.333 Y111.859 F9000
G1 F3000
G1 X96.026 Y114.166 E.10253
G1 X96.029 Y113.617 F9000
G1 F3000
G1 X98.017 Y111.629 E.08837
G1 X97.736 Y111.365 F9000
G1 F3000
G1 X96.033 Y113.068 E.07569
G1 X96.037 Y112.519 F9000
G1 F3000
G1 X97.458 Y111.098 E.06318
G1 X97.207 Y110.803 F9000
G1 F3000
G1 X96.04 Y111.97 E.05186
G1 X96.044 Y111.421 F9000
G1 F3000
G1 X96.969 Y110.496 E.04111
G1 X96.751 Y110.169 F9000
G1 F3000
G1 X96.047 Y110.872 E.03125
G1 X96.051 Y110.323 F9000
G1 F3000
G1 X96.553 Y109.82 E.02233
; stop printing object sandbox.stl id:15 copy 0
G1 E-.84 F2400
;WIPE_START
G1 F3000
G1 X96.051 Y110.323 E-.36
;WIPE_END
M106 S0
;TYPE:Custom
; filament end gcode
G91 ;Relative positionning 
G1 E-2 F2700 ;Retract a bit 
G1 E-2 Z0.2 F2400 ;Retract and raise Z 
G1 X5 Y5 F3000 ;Wipe out 
G1 Z10 ;Raise Z more 
G90 ;Absolute positionning 
 
G1 X0 Y220 ;Present print 
M106 S0 ;Turn-off fan 
M104 S0 ;Turn-off hotend 
M140 S0 ;Turn-off bed 
 
M84 X Y E ;Disable all steppers but Z
; EXECUTABLE_BLOCK_END

; filament used [mm] = 319.92
; filament used [cm3] = 0.77
; filament used [g] = 0.95
; filament cost = 0.02
; total filament used [g] = 0.95
; total filament cost = 0.02
; total layers count = 20
; estimated printing time (normal mode) = 5m 26s
; estimated first layer printing time (normal mode) = 13s

; CONFIG_BLOCK_START
; accel_to_decel_enable = 1
; accel_to_decel_factor = 50%
; activate_air_filtration = 0
; activate_chamber_temp_control = 0
; adaptive_bed_mesh_margin = 0
; adaptive_pressure_advance = 0
; adaptive_pressure_advance_bridges = 0
; adaptive_pressure_advance_model = "0,0,0\n0,0,0"
; adaptive_pressure_advance_overhangs = 0
; additional_cooling_fan_speed = 70
; align_infill_direction_to_model = 0
; alternate_extra_wall = 0
; auxiliary_fan = 0
; bbl_calib_mark_logo = 1
; bbl_use_printhost = 0
; bed_custom_model = 
; bed_custom_texture = 
; bed_exclude_area = 0x0
; bed_mesh_max = 99999,99999
; bed_mesh_min = -99999,-99999
; bed_mesh_probe_distance = 50,50
; before_layer_change_gcode = ;BEFORE_LAYER_CHANGE\n;[layer_z]\nG92 E0\n
; best_object_pos = 0.5,0.5
; bottom_shell_layers = 4
; bottom_shell_thickness = 0
; bottom_solid_infill_flow_ratio = 1
; bottom_surface_density = 100%
; bottom_surface_pattern = monotonic
; bridge_acceleration = 50%
; bridge_angle = 0
; bridge_density = 100%
; bridge_flow = 0.95
; bridge_no_support = 0
; bridge_speed = 100
; brim_ears_detection_length = 1
; brim_ears_max_angle = 125
; brim_object_gap = 0.1
; brim_type = no_brim
; brim_width = 5
; calib_flowrate_topinfill_special_order = 0
; chamber_temperature = 0
; change_extrusion_role_gcode = 
; change_filament_gcode = M600
; close_fan_the_first_x_layers = 1
; complete_print_exhaust_fan_speed = 70
; cool_plate_temp = 35
; cool_plate_temp_initial_layer = 35
; cooling_tube_length = 5
; cooling_tube_retraction = 91.5
; counterbore_hole_bridging = none
; curr_bed_type = High Temp Plate
; default_acceleration = 2500
; default_bed_type = 
; default_filament_colour = ""
; default_filament_profile = "Creality Generic PLA @Ender-3V3-all"
; default_jerk = 0
; default_junction_deviation = 0
; default_print_profile = 0.20mm Standard @Creality Ender3V3SE 0.4
; deretraction_speed = 30
; detect_narrow_internal_solid_infill = 1
; detect_overhang_wall = 1
; detect_thin_wall = 1
; disable_m73 = 1
; dont_filter_internal_bridges = disabled
; dont_slow_down_outer_wall = 0
; draft_shield = disabled
; during_print_exhaust_fan_speed = 70
; elefant_foot_compensation = 0
; elefant_foot_compensation_layers = 1
; emit_machine_limits_to_gcode = 1
; enable_arc_fitting = 0
; enable_extra_bridge_layer = disabled
; enable_filament_ramming = 1
; enable_long_retraction_when_cut = 0
; enable_overhang_bridge_fan = 1
; enable_overhang_speed = 1
; enable_pressure_advance = 0
; enable_prime_tower = 0
; enable_support = 0
; enforce_support_layers = 0
; eng_plate_temp = 0
; eng_plate_temp_initial_layer = 0
; ensure_vertical_shell_thickness = ensure_all
; exclude_object = 0
; extra_loading_move = -2
; extra_perimeters_on_overhangs = 0
; extra_solid_infills = 
; extruder_clearance_height_to_lid = 34
; extruder_clearance_height_to_rod = 47
; extruder_clearance_radius = 90
; extruder_colour = #26A69A
; extruder_offset = 0x0
; extrusion_rate_smoothing_external_perimeter_only = 0
; fan_cooling_layer_time = 100
; fan_kickstart = 0
; fan_max_speed = 100
; fan_min_speed = 100
; fan_speedup_overhangs = 1
; fan_speedup_time = 0
; filament_colour = #26A69A
; filament_cooling_final_speed = 3.4
; filament_cooling_initial_speed = 2.2
; filament_cooling_moves = 4
; filament_cost = 20
; filament_density = 1.24
; filament_diameter = 1.75
; filament_end_gcode = "; filament end gcode\n"
; filament_flow_ratio = 0.98
; filament_ids = OGFL99
; filament_is_support = 0
; filament_loading_speed = 28
; filament_loading_speed_start = 3
; filament_max_volumetric_speed = 12
; filament_minimal_purge_on_wipe_tower = 15
; filament_multitool_ramming = 0
; filament_multitool_ramming_flow = 10
; filament_multitool_ramming_volume = 10
; filament_notes = ""
; filament_ramming_parameters = "120 100 6.6 6.8 7.2 7.6 7.9 8.2 8.7 9.4 9.9 10.0| 0.05 6.6 0.45 6.8 0.95 7.8 1.45 8.3 1.95 9.7 2.45 10 2.95 7.6 3.45 7.6 3.95 7.6 4.45 7.6 4.95 7.6"
; filament_settings_id = "Generic PLA @System"
; filament_shrink = 100%
; filament_shrinkage_compensation_z = 100%
; filament_soluble = 0
; filament_stamping_distance = 0
; filament_stamping_loading_speed = 0
; filament_start_gcode = "; Filament gcode\n"
; filament_toolchange_delay = 0
; filament_type = PLA
; filament_unloading_speed = 90
; filament_unloading_speed_start = 100
; filament_vendor = Generic
; filename_format = {input_filename_base}_{filament_type[initial_tool]}_{print_time}.gcode
; fill_multiline = 1
; filter_out_gap_fill = 0
; first_layer_print_sequence = 0
; flush_into_infill = 0
; flush_into_objects = 0
; flush_into_support = 1
; flush_multiplier = 1
; flush_volumes_matrix = 0
; flush_volumes_vector = 140,140
; full_fan_speed_layer = 0
; fuzzy_skin = none
; fuzzy_skin_first_layer = 0
; fuzzy_skin_mode = displacement
; fuzzy_skin_noise_type = classic
; fuzzy_skin_octaves = 4
; fuzzy_skin_persistence = 0.5
; fuzzy_skin_point_distance = 0.3
; fuzzy_skin_scale = 1
; fuzzy_skin_thickness = 0.2
; gap_fill_target = nowhere
; gap_infill_speed = 50
; gcode_add_line_number = 0
; gcode_comments = 0
; gcode_flavor = marlin2
; gcode_label_objects = 1
; has_scarf_joint_seam = 0
; head_wrap_detect_zone = 
; high_current_on_filament_swap = 0
; hole_to_polyhole = 0
; hole_to_polyhole_threshold = 0.01
; hole_to_polyhole_twisted = 1
; host_type = octoprint
; hot_plate_temp = 55
; hot_plate_temp_initial_layer = 55
; idle_temperature = 0
; independent_support_layer_height = 1
; infill_anchor = 400%
; infill_anchor_max = 20
; infill_combination = 0
; infill_combination_max_layer_height = 100%
; infill_direction = 45
; infill_jerk = 9
; infill_lock_depth = 1
; infill_overhang_angle = 60
; infill_shift_step = 0.4
; infill_wall_overlap = 15%
; initial_layer_acceleration = 500
; initial_layer_infill_speed = 80
; initial_layer_jerk = 9
; initial_layer_line_width = 0.46
; initial_layer_min_bead_width = 85%
; initial_layer_print_height = 0.2
; initial_layer_speed = 30
; initial_layer_travel_speed = 100%
; inner_wall_acceleration = 2000
; inner_wall_jerk = 9
; inner_wall_line_width = 0.45
; inner_wall_speed = 90
; interface_shells = 0
; interlocking_beam = 0
; interlocking_beam_layer_count = 2
; interlocking_beam_width = 0.8
; interlocking_boundary_avoidance = 2
; interlocking_depth = 2
; interlocking_orientation = 22.5
; internal_bridge_angle = 0
; internal_bridge_density = 100%
; internal_bridge_fan_speed = -1
; internal_bridge_flow = 1
; internal_bridge_speed = 150%
; internal_solid_infill_acceleration = 100%
; internal_solid_infill_line_width = 0.42
; internal_solid_infill_pattern = monotonic
; internal_solid_infill_speed = 180
; ironing_angle = -1
; ironing_fan_speed = -1
; ironing_flow = 15%
; ironing_inset = 0
; ironing_pattern = rectilinear
; ironing_spacing = 0.1
; ironing_speed = 20
; ironing_type = no ironing
; is_infill_first = 0
; lateral_lattice_angle_1 = -45
; lateral_lattice_angle_2 = 45
; layer_change_gcode = 
; layer_height = 0.2
; line_width = 0.46
; long_retractions_when_cut = 0
; machine_end_gcode = G91 ;Relative positionning \nG1 E-2 F2700 ;Retract a bit \nG1 E-2 Z0.2 F2400 ;Retract and raise Z \nG1 X5 Y5 F3000 ;Wipe out \nG1 Z10 ;Raise Z more \nG90 ;Absolute positionning \n \nG1 X0 Y220 ;Present print \nM106 S0 ;Turn-off fan \nM104 S0 ;Turn-off hotend \nM140 S0 ;Turn-off bed \n \nM84 X Y E ;Disable all steppers but Z
; machine_load_filament_time = 11
; machine_max_acceleration_e = 5000,5000
; machine_max_acceleration_extruding = 2500,2500
; machine_max_acceleration_retracting = 500,500
; machine_max_acceleration_travel = 2500,2500
; machine_max_acceleration_x = 2500,2500
; machine_max_acceleration_y = 2500,2500
; machine_max_acceleration_z = 500,500
; machine_max_jerk_e = 5,5
; machine_max_jerk_x = 10,10
; machine_max_jerk_y = 10,10
; machine_max_jerk_z = 0.4,0.4
; machine_max_junction_deviation = 0,0
; machine_max_speed_e = 40,40
; machine_max_speed_x = 250,250
; machine_max_speed_y = 250,250
; machine_max_speed_z = 5,5
; machine_min_extruding_rate = 0,0
; machine_min_travel_rate = 0,0
; machine_pause_gcode = M25
; machine_start_gcode = M220 S100 ;Reset Feedrate \nM221 S100 ;Reset Flowrate \n \nM104 S[nozzle_temperature_initial_layer] ;Set final nozzle temp \nM190 S[bed_temperature_initial_layer_single] ;Set and wait for bed temp to stabilize \nG28 ;Home \nG92 E0 ;Reset Extruder \nG1 Z2.0 F3000 ;Move Z Axis up \nG1 X-2.1 Y20 Z0.28 F5000.0 ;Move to start position \nM109 S[nozzle_temperature_initial_layer] ;Wait for nozzle temp to stabilize \nG1 X-2.1 Y145.0 Z0.28 F1500.0 E15 ;Draw the first line \nG1 X-2.4 Y145.0 Z0.28 F5000.0 ;Move to side a little \nG1 X-2.4 Y20 Z0.28 F1500.0 E30 ;Draw the second line \nG92 E0  ;Reset Extruder \nG1 E-1.0000 F1800 ;Retract a bit \nG1 Z2.0 F3000 ;Move Z Axis up \nG1 E0.0000 F1800
; machine_tool_change_time = 0
; machine_unload_filament_time = 0
; make_overhang_printable = 0
; make_overhang_printable_angle = 55
; make_overhang_printable_hole_size = 0
; manual_filament_change = 1
; max_bridge_length = 10
; max_layer_height = 0.32
; max_resonance_avoidance_speed = 120
; max_travel_detour_distance = 0
; max_volumetric_extrusion_rate_slope = 0
; max_volumetric_extrusion_rate_slope_segment_length = 3
; min_bead_width = 85%
; min_feature_size = 25%
; min_layer_height = 0.08
; min_length_factor = 0.5
; min_resonance_avoidance_speed = 70
; min_skirt_length = 0
; min_width_top_surface = 300%
; minimum_sparse_infill_area = 10
; mmu_segmented_region_interlocking_depth = 0
; mmu_segmented_region_max_width = 0
; notes = 
; nozzle_diameter = 0.4
; nozzle_height = 2.5
; nozzle_hrc = 0
; nozzle_temperature = 220
; nozzle_temperature_initial_layer = 220
; nozzle_temperature_range_high = 240
; nozzle_temperature_range_low = 190
; nozzle_type = brass
; nozzle_volume = 0
; only_one_wall_first_layer = 0
; only_one_wall_top = 0
; ooze_prevention = 0
; other_layers_print_sequence = 0
; other_layers_print_sequence_nums = 0
; outer_wall_acceleration = 1000
; outer_wall_jerk = 9
; outer_wall_line_width = 0.42
; outer_wall_speed = 60
; overhang_1_4_speed = 0
; overhang_2_4_speed = 20
; overhang_3_4_speed = 15
; overhang_4_4_speed = 10
; overhang_fan_speed = 100
; overhang_fan_threshold = 50%
; overhang_reverse = 0
; overhang_reverse_internal_only = 0
; overhang_reverse_threshold = 50%
; parking_pos_retraction = 92
; pellet_flow_coefficient = 0.4157
; pellet_modded_printer = 0
; post_process = 
; precise_outer_wall = 1
; precise_z_height = 0
; preferred_orientation = 0
; preheat_steps = 1
; preheat_time = 30
; pressure_advance = 0.02
; prime_tower_brim_width = 3
; prime_tower_width = 60
; prime_volume = 45
; print_compatible_printers = "Creality Ender-3 V3 SE 0.4 nozzle"
; print_flow_ratio = 1
; print_order = default
; print_sequence = by layer
; print_settings_id = 0.20mm Standard @Creality Ender3V3SE 0.4
; printable_area = 0x0,220x0,220x220,0x220
; printable_height = 250
; printer_model = Creality Ender-3 V3 SE
; printer_notes = 
; printer_settings_id = Creality Ender-3 V3 SE 0.4 nozzle
; printer_structure = i3
; printer_technology = FFF
; printer_variant = 0.4
; printhost_authorization_type = key
; printhost_ssl_ignore_revoke = 0
; printing_by_object_gcode = 
; purge_in_prime_tower = 1
; raft_contact_distance = 0.1
; raft_expansion = 1.5
; raft_first_layer_density = 90%
; raft_first_layer_expansion = 2
; raft_layers = 0
; reduce_crossing_wall = 0
; reduce_fan_stop_start_freq = 1
; reduce_infill_retraction = 1
; required_nozzle_HRC = 3
; resolution = 0.012
; resonance_avoidance = 0
; retract_before_wipe = 70%
; retract_length_toolchange = 1
; retract_lift_above = 0
; retract_lift_below = 0
; retract_lift_enforce = All Surfaces
; retract_restart_extra = 0
; retract_restart_extra_toolchange = 0
; retract_when_changing_layer = 1
; retraction_distances_when_cut = 18
; retraction_length = 1.2
; retraction_minimum_travel = 2
; retraction_speed = 40
; role_based_wipe_speed = 1
; scan_first_layer = 0
; scarf_angle_threshold = 155
; scarf_joint_flow_ratio = 1
; scarf_joint_speed = 100%
; scarf_overhang_threshold = 40%
; seam_gap = 10%
; seam_position = aligned
; seam_slope_conditional = 0
; seam_slope_entire_loop = 0
; seam_slope_inner_walls = 0
; seam_slope_min_length = 20
; seam_slope_start_height = 0
; seam_slope_steps = 10
; seam_slope_type = none
; silent_mode = 0
; single_extruder_multi_material = 1
; single_extruder_multi_material_priming = 0
; single_loop_draft_shield = 0
; skeleton_infill_density = 25%
; skeleton_infill_line_width = 100%
; skin_infill_density = 25%
; skin_infill_depth = 2
; skin_infill_line_width = 100%
; skirt_distance = 2
; skirt_height = 2
; skirt_loops = 0
; skirt_speed = 50
; skirt_start_angle = -135
; skirt_type = combined
; slice_closing_radius = 0.049
; slicing_mode = regular
; slow_down_for_layer_cooling = 1
; slow_down_layer_time = 4
; slow_down_layers = 0
; slow_down_min_speed = 10
; slowdown_for_curled_perimeters = 1
; small_area_infill_flow_compensation = 0
; small_area_infill_flow_compensation_model = 0,0;"\n0.2,0.4444";"\n0.4,0.6145";"\n0.6,0.7059";"\n0.8,0.7619";"\n1.5,0.8571";"\n2,0.8889";"\n3,0.9231";"\n5,0.9520";"\n10,1"
; small_perimeter_speed = 50%
; small_perimeter_threshold = 0
; solid_infill_direction = 45
; solid_infill_filament = 1
; solid_infill_rotate_template = 
; sparse_infill_acceleration = 100%
; sparse_infill_density = 15%
; sparse_infill_filament = 1
; sparse_infill_line_width = 0.45
; sparse_infill_pattern = crosshatch
; sparse_infill_rotate_template = 
; sparse_infill_speed = 180
; spiral_finishing_flow_ratio = 0
; spiral_mode = 0
; spiral_mode_max_xy_smoothing = 200%
; spiral_mode_smooth = 0
; spiral_starting_flow_ratio = 0
; staggered_inner_seams = 0
; standby_temperature_delta = -5
; start_end_points = 30x-3,54x245
; supertack_plate_temp = 45
; supertack_plate_temp_initial_layer = 45
; support_air_filtration = 0
; support_angle = 0
; support_base_pattern = rectilinear
; support_base_pattern_spacing = 2.5
; support_bottom_interface_spacing = 0.5
; support_bottom_z_distance = 0.2
; support_chamber_temp_control = 0
; support_critical_regions_only = 0
; support_expansion = 0
; support_filament = 0
; support_interface_bottom_layers = -1
; support_interface_filament = 0
; support_interface_loop_pattern = 0
; support_interface_not_for_body = 1
; support_interface_pattern = auto
; support_interface_spacing = 0.5
; support_interface_speed = 80
; support_interface_top_layers = 2
; support_ironing = 0
; support_ironing_flow = 10%
; support_ironing_pattern = rectilinear
; support_ironing_spacing = 0.1
; support_line_width = 0.38
; support_material_interface_fan_speed = -1
; support_multi_bed_types = 0
; support_object_first_layer_gap = 0.2
; support_object_xy_distance = 0.35
; support_on_build_plate_only = 0
; support_remove_small_overhang = 1
; support_speed = 50
; support_style = grid
; support_threshold_angle = 30
; support_threshold_overlap = 50%
; support_top_z_distance = 0.15
; support_type = normal(auto)
; symmetric_infill_y_axis = 0
; temperature_vitrification = 45
; template_custom_gcode = 
; textured_cool_plate_temp = 40
; textured_cool_plate_temp_initial_layer = 40
; textured_plate_temp = 55
; textured_plate_temp_initial_layer = 55
; thick_bridges = 0
; thick_internal_bridges = 1
; thumbnails = 
; thumbnails_format = PNG
; time_cost = 0
; time_lapse_gcode = 
; timelapse_type = 0
; top_bottom_infill_wall_overlap = 25%
; top_shell_layers = 4
; top_shell_thickness = 0.8
; top_solid_infill_flow_ratio = 1
; top_surface_acceleration = 2500
; top_surface_density = 100%
; top_surface_jerk = 9
; top_surface_line_width = 0.42
; top_surface_pattern = monotonicline
; top_surface_speed = 50
; travel_acceleration = 2500
; travel_jerk = 12
; travel_slope = 3
; travel_speed = 150
; travel_speed_z = 0
; tree_support_adaptive_layer_height = 1
; tree_support_angle_slow = 25
; tree_support_auto_brim = 1
; tree_support_branch_angle = 40
; tree_support_branch_angle_organic = 40
; tree_support_branch_diameter = 5
; tree_support_branch_diameter_angle = 5
; tree_support_branch_diameter_organic = 2
; tree_support_branch_distance = 5
; tree_support_branch_distance_organic = 1
; tree_support_brim_width = 3
; tree_support_tip_diameter = 0.8
; tree_support_top_rate = 30%
; tree_support_wall_count = 2
; upward_compatible_machine = 
; use_firmware_retraction = 0
; use_relative_e_distances = 1
; wall_direction = auto
; wall_distribution_count = 1
; wall_filament = 1
; wall_generator = arachne
; wall_loops = 2
; wall_sequence = inner wall/outer wall
; wall_transition_angle = 10
; wall_transition_filter_deviation = 25%
; wall_transition_length = 100%
; wipe = 1
; wipe_before_external_loop = 0
; wipe_distance = 1
; wipe_on_loops = 0
; wipe_speed = 80%
; wipe_tower_bridging = 10
; wipe_tower_cone_angle = 30
; wipe_tower_extra_flow = 100%
; wipe_tower_extra_rib_length = 0
; wipe_tower_extra_spacing = 100%
; wipe_tower_filament = 0
; wipe_tower_fillet_wall = 1
; wipe_tower_max_purge_speed = 90
; wipe_tower_no_sparse_layers = 0
; wipe_tower_rib_width = 8
; wipe_tower_rotation_angle = 0
; wipe_tower_wall_type = rectangle
; wipe_tower_x = 0.000
; wipe_tower_x = 0
; wipe_tower_y = 250.000
; wipe_tower_y = 250
; wiping_volumes_extruders = 70,70,70,70,70,70,70,70,70,70
; xy_contour_compensation = 0
; xy_hole_compensation = 0
; z_hop = 0.4
; z_hop_types = Spiral Lift
; z_offset = 0
; first_layer_bed_temperature = 55
; bed_shape = 0x0,220x0,220x220,0x220
; first_layer_temperature = 220
; first_layer_height = 0.200
; CONFIG_BLOCK_END


